workload,total_util,num_tasks,cf,cp,seed,taskset_seed,scenario_seed,method,q_network_type,amc_rtb_schedulable,attempts,end_time,agent_period,dqn_runtime_semantics,c_amc_sem_xf,reward_mode,forbid_decreasing_hi_budgets,enable_deploy_cap_mask,deploy_cap_mask_ratio,deploy_cap_mask_criticality,mode_changes,lo_cancellations,deadline_misses,budget_overruns,hdm,jne,ldm,nid,tid,total_time,tid_ratio,nid_per_1e6_time,mean_degraded_interval,safety_feasible,jne_plus_ldm,lo_job_losses_total,lo_budget_cancellations,lo_release_dropped_in_degraded_mode,lo_active_dropped_on_mode_switch,jne_residual_not_in_cancellations,active_drop_share_of_jne,accepted_actions,rejected_actions,step_count,selected_action_count,noop_actions,explicit_noop_actions,noop_action_rate,explicit_noop_action_rate,accepted_action_rate,rejection_rate,total_reward,check_safety,safety_checked_actions,safety_accepted_actions,safety_rejected_actions,valid_action_count_mean,masked_action_count_mean,masked_decrease_hi_forbidden_count,masked_decrease_hi_forbidden_rate,masked_action_count_max,mask_rejection_rate_mean,selected_invalid_mask_actions,selected_explicit_noop_actions,selected_explicit_noop_rate,action_space_type,action_count,budget_increase_ratio,budget_decrease_ratio,budget_floor_ratio,no_safe_action_steps,masked_budget_floor_violation_count,masked_budget_floor_violation_rate,masked_deploy_cap_increase_count,masked_deploy_cap_increase_rate,observation_mode,state_dim,tree_runtime_policy_type,tree_state_encoding,tree_fixed_point_scale,tree_fixed_point_config_hash,tree_artifact_schema_version,integer_equivalence_verified,mean_over_increase_excess,over_increase_action_count,mean_budget_soft_cap_increase_excess,soft_cap_increase_action_count,mean_budget_soft_cap_penalty_value,mean_budget_soft_cap_dwell_excess_mean,mean_budget_soft_cap_dwell_excess_max,max_budget_soft_cap_dwell_excess_max,soft_cap_dwell_state_count,soft_cap_dwell_state_rate,mean_budget_soft_cap_dwell_penalty_value,mean_budget_soft_cap_dwell_max_penalty_value,mean_budget_soft_cap_dwell_total_penalty_value,safe_recovery_decrease_count,unsafe_decrease_full_count,mean_budget_over_drift_deadzone,mean_increase_concentration_excess,pingpong_action_count,mean_active_lo_under_hi_pressure,mean_active_lo_work_ratio,mean_active_lo_job_rate,mean_active_lo_under_hi_pressure_penalty_value,final_budget_ratio_by_task_json,max_budget_ratio_by_task_json,min_budget_ratio_by_task_json,increase_count_by_task_json,decrease_count_by_task_json,recovery_decrease_count_by_task_json,over_increase_count_by_task_json,consecutive_increase_max_by_task_json,over_budget_dwell_steps_by_task_json,soft_cap_dwell_steps_by_task_json,released_lo_jobs,cancelled_lo_jobs,completed_lo_jobs,lo_deadline_misses,hi_deadline_misses,lc_service_loss,lc_qos,min_lc_service,budget_adjust_count,mean_abs_budget_change,lo_equiv_jne,lo_equiv_jne_rate,lo_quality_qos,lo_quality_loss,lo_full_quality_completed,lo_full_quality_ratio,lo_degraded_released,lo_degraded_completed,lo_degraded_cancelled,lo_degraded_deadline_missed,lo_degraded_not_completed,lo_degraded_release_ratio,lo_degraded_completion_ratio,lo_degraded_among_completed_ratio,lo_degraded_quality_sum,lo_degraded_budget_sum,lo_degraded_original_budget_sum,lo_degraded_budget_ratio_mean,lo_degraded_exec_time_sum,lo_degraded_exec_time_ratio,lo_zero_service_jobs,lo_zero_service_ratio,lo_full_quality_service_sum,lo_total_service_sum,noop_q_mean,noop_q_std,noop_q_rank_mean,noop_q_rank_median,noop_q_rank_min,noop_q_rank_max,noop_q_margin_to_best_mean,noop_q_is_best_rate,noop_valid_rate,noop_q_sample_count,tree_id,tree_method,tree_depth,tree_node_count,tree_leaf_count,tree_max_depth_param,tree_min_samples_leaf,tree_raw_top1_invalid_count,tree_raw_top1_invalid_rate,tree_fallback_count,tree_fallback_rate,tree_no_valid_action_count,tree_no_valid_action_rate,tree_selected_action_count,tree_selected_action_match_teacher_count,tree_selected_action_match_teacher_rate,tree_raw_action_match_teacher_rate,tree_q_regret_mean,tree_q_regret_p95
mc_fairgen,0.65,12,2.0,0.5,1550,185,101550,c_amc_sem_baseline,,True,1,20000000,25000,C_AMC_SEM,0.5,interval_qos_v2_single_recovery_full_C5_overinc016_abs005,True,True,4.0,lo,476,807,0,1283,0,807,0,476,4737109,20000000,0.23685545,23.8,9951.909663865546,1,807,807,807,0,0,0,0.0,0,0,0,0,0,0,0.0,0.0,0.0,0.0,0.0,True,0,0,0,0.0,0.0,0,0.0,0,0.0,0,0,0.0,single,24,0.02,0.02,0.9,0,0,0.0,0,0.0,,,,,,,,,,,,,,,,,,,,,,,,,,,,,,,,,,,,,,,,,7200,807,6393,0,0,0.11208333333333333,0.8879166666666667,0.8575,0,,1192.5,0.165625,0.834375,0.16562500000000002,5622,0.7808333333333334,771,771,0,0,0,0.10708333333333334,0.10708333333333334,0.12060065696855936,385.5,254430.0,508089.0,0.5007587253414271,254430.0,0.06485144805078616,807,0.11208333333333333,5622.0,6007.5,,,,,,,,,,,,,,,,,,,,,,,,,,,,,
mc_fairgen,0.65,12,2.0,0.5,1550,185,101550,dqn_agent,mlp,True,1,20000000,25000,C_AMC_SEM,0.5,interval_qos_v2_single_recovery_full_C5_overinc016_abs005,True,True,4.0,lo,476,574,0,1050,0,574,0,476,4750566,20000000,0.2375283,23.8,9980.180672268907,1,574,574,574,0,0,0,0.0,800,0,800,800,0,0,0.0,0.0,1.0,0.0,-427.99964480556855,True,800,800,0,9.28125,14.71875,4800,0.25,15,0.61328125,0,0,0.0,single,24,0.02,0.02,0.9,0,0,0.0,1375,0.07161458333333333,v11_full_10d,128,,,,,,,0.3784665540129095,473,0.0,0,0.0,0.0,0.0,0.0,0,0.0,0.0,0.0,0.0,319,0,0.4837334600688102,4.685,299,0.08063185141078964,0.8320833333333333,0.8320833333333333,0.0,"{""mc_hi_0"": 1.0, ""mc_hi_1"": 1.0, ""mc_hi_2"": 1.0, ""mc_hi_3"": 1.0, ""mc_hi_4"": 1.0, ""mc_hi_5"": 1.0, ""mc_lo_0"": 1.0, ""mc_lo_1"": 1.0, ""mc_lo_2"": 1.0, ""mc_lo_3"": 4.029411764705882, ""mc_lo_4"": 1.661904761904762, ""mc_lo_5"": 4.043478260869565}","{""mc_hi_0"": 1.0, ""mc_hi_1"": 1.0, ""mc_hi_2"": 1.0, ""mc_hi_3"": 1.0, ""mc_hi_4"": 1.0, ""mc_hi_5"": 1.0, ""mc_lo_0"": 1.0, ""mc_lo_1"": 1.0, ""mc_lo_2"": 1.0, ""mc_lo_3"": 4.029411764705882, ""mc_lo_4"": 2.1323809523809523, ""mc_lo_5"": 4.043478260869565}","{""mc_hi_0"": 1.0, ""mc_hi_1"": 1.0, ""mc_hi_2"": 1.0, ""mc_hi_3"": 1.0, ""mc_hi_4"": 1.0, ""mc_hi_5"": 1.0, ""mc_lo_0"": 1.0, ""mc_lo_1"": 1.0, ""mc_lo_2"": 1.0, ""mc_lo_3"": 1.0, ""mc_lo_4"": 1.0, ""mc_lo_5"": 1.0}","{""mc_hi_0"": 0, ""mc_hi_1"": 0, ""mc_hi_2"": 0, ""mc_hi_3"": 0, ""mc_hi_4"": 0, ""mc_hi_5"": 0, ""mc_lo_0"": 0, ""mc_lo_1"": 0, ""mc_lo_2"": 0, ""mc_lo_3"": 62, ""mc_lo_4"": 351, ""mc_lo_5"": 68}","{""mc_hi_0"": 0, ""mc_hi_1"": 0, ""mc_hi_2"": 0, ""mc_hi_3"": 0, ""mc_hi_4"": 0, ""mc_hi_5"": 0, ""mc_lo_0"": 0, ""mc_lo_1"": 0, ""mc_lo_2"": 0, ""mc_lo_3"": 0, ""mc_lo_4"": 319, ""mc_lo_5"": 0}","{""mc_hi_0"": 0, ""mc_hi_1"": 0, ""mc_hi_2"": 0, ""mc_hi_3"": 0, ""mc_hi_4"": 0, ""mc_hi_5"": 0, ""mc_lo_0"": 0, ""mc_lo_1"": 0, ""mc_lo_2"": 0, ""mc_lo_3"": 0, ""mc_lo_4"": 319, ""mc_lo_5"": 0}","{""mc_hi_0"": 0, ""mc_hi_1"": 0, ""mc_hi_2"": 0, ""mc_hi_3"": 0, ""mc_hi_4"": 0, ""mc_hi_5"": 0, ""mc_lo_0"": 0, ""mc_lo_1"": 0, ""mc_lo_2"": 0, ""mc_lo_3"": 60, ""mc_lo_4"": 348, ""mc_lo_5"": 65}","{""mc_hi_0"": 0, ""mc_hi_1"": 0, ""mc_hi_2"": 0, ""mc_hi_3"": 0, ""mc_hi_4"": 0, ""mc_hi_5"": 0, ""mc_lo_0"": 0, ""mc_lo_1"": 0, ""mc_lo_2"": 0, ""mc_lo_3"": 62, ""mc_lo_4"": 18, ""mc_lo_5"": 60}","{""mc_hi_0"": 0, ""mc_hi_1"": 0, ""mc_hi_2"": 0, ""mc_hi_3"": 0, ""mc_hi_4"": 0, ""mc_hi_5"": 0, ""mc_lo_0"": 0, ""mc_lo_1"": 0, ""mc_lo_2"": 0, ""mc_lo_3"": 798, ""mc_lo_4"": 709, ""mc_lo_5"": 736}","{""mc_hi_0"": 0, ""mc_hi_1"": 0, ""mc_hi_2"": 0, ""mc_hi_3"": 0, ""mc_hi_4"": 0, ""mc_hi_5"": 0, ""mc_lo_0"": 0, ""mc_lo_1"": 0, ""mc_lo_2"": 0, ""mc_lo_3"": 0, ""mc_lo_4"": 0, ""mc_lo_5"": 0}",7200,574,6626,0,0,0.07972222222222222,0.9202777777777778,0.8575,800,55.39125,959.5,0.13326388888888888,0.8667361111111112,0.13326388888888885,5855,0.8131944444444444,771,771,0,0,0,0.10708333333333334,0.10708333333333334,0.11635979474796257,385.5,254430.0,508089.0,0.5007587253414271,254430.0,0.0643038463521474,574,0.07972222222222222,5855.0,6240.5,,,,,,,,,,0,,,,,,,,,,,,,,,,,,,
mc_fairgen,0.65,12,2.0,0.5,1550,185,101550,bc_tree_agent,,True,1,20000000,25000,C_AMC_SEM,0.5,interval_qos_v2_single_recovery_full_C5_overinc016_abs005,True,True,4.0,lo,476,574,0,1050,0,574,0,476,4749969,20000000,0.23749845,,,,574,,,,,,,800,0,800,800,0,0,0.0,0.0,1.0,0.0,-441.14910865932256,True,800,800,0,9.09375,14.90625,,,16,0.62109375,0,0,0.0,single,24,0.02,0.02,0.9,0,,,,,v11_full_10d,128,integer_tree_ranked_valid_or_none,fixed_point_int,1000000,bb255908bec90f8d54945322db333c5c2d2df5af1c5e76fc9016dc8c975a381e,viper_integer_ranked_artifact_v1,True,,,,,,,,,,,,,,,,,,,,,,,,,,,,,,,,,7200,574,6626,0,0,0.07972222222222222,0.9202777777777778,0.8575,800,122.69875,959.5,0.13326388888888888,0.8667361111111112,0.13326388888888885,5855,0.8131944444444444,771,771,0,0,0,0.10708333333333334,0.10708333333333334,0.11635979474796257,385.5,254430.0,508089.0,0.5007587253414271,254430.0,0.06431465571828648,574,0.07972222222222222,5855.0,6240.5,,,,,,,,,,,bc_iter_001,bc,3,11,6,3,10,77,0.09625,77,0.09625,0,0.0,800,455,0.56875,0.4725,0.008631515502929687,0.03444080352783202
mc_fairgen,0.65,12,2.0,0.5,1550,185,101550,viper_tree_agent,,True,1,20000000,25000,C_AMC_SEM,0.5,interval_qos_v2_single_recovery_full_C5_overinc016_abs005,True,True,4.0,lo,476,572,0,1048,0,572,0,476,4750143,20000000,0.23750715,,,,572,,,,,,,800,0,800,800,0,0,0.0,0.0,1.0,0.0,-429.59903970057263,True,800,800,0,9.24125,14.75875,,,15,0.6149479166666667,0,0,0.0,single,24,0.02,0.02,0.9,0,,,,,v11_full_10d,128,integer_tree_ranked_valid_or_none,fixed_point_int,1000000,bb255908bec90f8d54945322db333c5c2d2df5af1c5e76fc9016dc8c975a381e,viper_integer_ranked_artifact_v1,True,,,,,,,,,,,,,,,,,,,,,,,,,,,,,,,,,7200,572,6628,0,0,0.07944444444444444,0.9205555555555556,0.8575,800,57.24875,957.5,0.1329861111111111,0.8670138888888889,0.13298611111111114,5857,0.8134722222222223,771,771,0,0,0,0.10708333333333334,0.10708333333333334,0.11632468316234158,385.5,254430.0,508089.0,0.5007587253414271,254430.0,0.06430721068263508,572,0.07944444444444444,5857.0,6242.5,,,,,,,,,,,viper_iter_002,viper,3,11,6,3,10,0,0.0,0,0.0,0,0.0,800,445,0.55625,0.55625,0.004174447059631348,0.01963539123535156
mc_fairgen,0.65,12,2.0,0.5,1551,185,101551,c_amc_sem_baseline,,True,1,20000000,25000,C_AMC_SEM,0.5,interval_qos_v2_single_recovery_full_C5_overinc016_abs005,True,True,4.0,lo,464,747,0,1211,0,747,0,464,4506157,20000000,0.22530785,23.200000000000003,9711.54525862069,1,747,747,747,0,0,0,0.0,0,0,0,0,0,0,0.0,0.0,0.0,0.0,0.0,True,0,0,0,0.0,0.0,0,0.0,0,0.0,0,0,0.0,single,24,0.02,0.02,0.9,0,0,0.0,0,0.0,,,,,,,,,,,,,,,,,,,,,,,,,,,,,,,,,,,,,,,,,7200,747,6453,0,0,0.10375,0.89625,0.8575,0,,1110.5,0.1542361111111111,0.8457638888888889,0.15423611111111113,5726,0.7952777777777778,727,727,0,0,0,0.10097222222222223,0.10097222222222223,0.11266077793274445,363.5,239910.0,479093.0,0.5007587253414271,239910.0,0.06126532782351418,747,0.10375,5726.0,6089.5,,,,,,,,,,,,,,,,,,,,,,,,,,,,,
mc_fairgen,0.65,12,2.0,0.5,1551,185,101551,dqn_agent,mlp,True,1,20000000,25000,C_AMC_SEM,0.5,interval_qos_v2_single_recovery_full_C5_overinc016_abs005,True,True,4.0,lo,464,507,0,971,0,507,0,464,4519192,20000000,0.2259596,23.200000000000003,9739.637931034482,1,507,507,507,0,0,0,0.0,800,0,800,800,0,0,0.0,0.0,1.0,0.0,-402.46862593940824,True,800,800,0,9.27875,14.72125,4800,0.25,15,0.6133854166666667,0,0,0.0,single,24,0.02,0.02,0.9,0,0,0.0,1377,0.07171875,v11_full_10d,128,,,,,,,0.33991714925100475,471,0.0,0,0.0,0.0,0.0,0.0,0,0.0,0.0,0.0,0.0,321,0,0.47784338933036985,4.71125,305,0.08223639441195511,0.8320833333333333,0.8320833333333333,0.0,"{""mc_hi_0"": 1.0, ""mc_hi_1"": 1.0, ""mc_hi_2"": 1.0, ""mc_hi_3"": 1.0, ""mc_hi_4"": 1.0, ""mc_hi_5"": 1.0, ""mc_lo_0"": 1.0, ""mc_lo_1"": 1.0, ""mc_lo_2"": 1.0, ""mc_lo_3"": 4.029411764705882, ""mc_lo_4"": 1.5333333333333334, ""mc_lo_5"": 4.043478260869565}","{""mc_hi_0"": 1.0, ""mc_hi_1"": 1.0, ""mc_hi_2"": 1.0, ""mc_hi_3"": 1.0, ""mc_hi_4"": 1.0, ""mc_hi_5"": 1.0, ""mc_lo_0"": 1.0, ""mc_lo_1"": 1.0, ""mc_lo_2"": 1.0, ""mc_lo_3"": 4.029411764705882, ""mc_lo_4"": 1.7847619047619048, ""mc_lo_5"": 4.043478260869565}","{""mc_hi_0"": 1.0, ""mc_hi_1"": 1.0, ""mc_hi_2"": 1.0, ""mc_hi_3"": 1.0, ""mc_hi_4"": 1.0, ""mc_hi_5"": 1.0, ""mc_lo_0"": 1.0, ""mc_lo_1"": 1.0, ""mc_lo_2"": 1.0, ""mc_lo_3"": 1.0, ""mc_lo_4"": 1.0, ""mc_lo_5"": 1.0}","{""mc_hi_0"": 0, ""mc_hi_1"": 0, ""mc_hi_2"": 0, ""mc_hi_3"": 0, ""mc_hi_4"": 0, ""mc_hi_5"": 0, ""mc_lo_0"": 0, ""mc_lo_1"": 0, ""mc_lo_2"": 0, ""mc_lo_3"": 62, ""mc_lo_4"": 349, ""mc_lo_5"": 68}","{""mc_hi_0"": 0, ""mc_hi_1"": 0, ""mc_hi_2"": 0, ""mc_hi_3"": 0, ""mc_hi_4"": 0, ""mc_hi_5"": 0, ""mc_lo_0"": 0, ""mc_lo_1"": 0, ""mc_lo_2"": 0, ""mc_lo_3"": 0, ""mc_lo_4"": 321, ""mc_lo_5"": 0}","{""mc_hi_0"": 0, ""mc_hi_1"": 0, ""mc_hi_2"": 0, ""mc_hi_3"": 0, ""mc_hi_4"": 0, ""mc_hi_5"": 0, ""mc_lo_0"": 0, ""mc_lo_1"": 0, ""mc_lo_2"": 0, ""mc_lo_3"": 0, ""mc_lo_4"": 321, ""mc_lo_5"": 0}","{""mc_hi_0"": 0, ""mc_hi_1"": 0, ""mc_hi_2"": 0, ""mc_hi_3"": 0, ""mc_hi_4"": 0, ""mc_hi_5"": 0, ""mc_lo_0"": 0, ""mc_lo_1"": 0, ""mc_lo_2"": 0, ""mc_lo_3"": 60, ""mc_lo_4"": 346, ""mc_lo_5"": 65}","{""mc_hi_0"": 0, ""mc_hi_1"": 0, ""mc_hi_2"": 0, ""mc_hi_3"": 0, ""mc_hi_4"": 0, ""mc_hi_5"": 0, ""mc_lo_0"": 0, ""mc_lo_1"": 0, ""mc_lo_2"": 0, ""mc_lo_3"": 62, ""mc_lo_4"": 19, ""mc_lo_5"": 62}","{""mc_hi_0"": 0, ""mc_hi_1"": 0, ""mc_hi_2"": 0, ""mc_hi_3"": 0, ""mc_hi_4"": 0, ""mc_hi_5"": 0, ""mc_lo_0"": 0, ""mc_lo_1"": 0, ""mc_lo_2"": 0, ""mc_lo_3"": 798, ""mc_lo_4"": 711, ""mc_lo_5"": 736}","{""mc_hi_0"": 0, ""mc_hi_1"": 0, ""mc_hi_2"": 0, ""mc_hi_3"": 0, ""mc_hi_4"": 0, ""mc_hi_5"": 0, ""mc_lo_0"": 0, ""mc_lo_1"": 0, ""mc_lo_2"": 0, ""mc_lo_3"": 0, ""mc_lo_4"": 0, ""mc_lo_5"": 0}",7200,507,6693,0,0,0.07041666666666667,0.9295833333333333,0.8725,800,52.28125,870.5,0.12090277777777778,0.8790972222222222,0.1209027777777778,5966,0.8286111111111111,727,727,0,0,0,0.10097222222222223,0.10097222222222223,0.1086209472583296,363.5,239910.0,479093.0,0.5007587253414271,239910.0,0.0607515660791981,507,0.07041666666666667,5966.0,6329.5,,,,,,,,,,0,,,,,,,,,,,,,,,,,,,
mc_fairgen,0.65,12,2.0,0.5,1551,185,101551,bc_tree_agent,,True,1,20000000,25000,C_AMC_SEM,0.5,interval_qos_v2_single_recovery_full_C5_overinc016_abs005,True,True,4.0,lo,464,506,0,970,0,506,0,464,4519047,20000000,0.22595235,,,,506,,,,,,,800,0,800,800,0,0,0.0,0.0,1.0,0.0,-413.46797505280995,True,800,800,0,9.11625,14.88375,,,16,0.62015625,0,0,0.0,single,24,0.02,0.02,0.9,0,,,,,v11_full_10d,128,integer_tree_ranked_valid_or_none,fixed_point_int,1000000,bb255908bec90f8d54945322db333c5c2d2df5af1c5e76fc9016dc8c975a381e,viper_integer_ranked_artifact_v1,True,,,,,,,,,,,,,,,,,,,,,,,,,,,,,,,,,7200,506,6694,0,0,0.07027777777777777,0.9297222222222222,0.8725,800,114.095,869.5,0.12076388888888889,0.8792361111111111,0.12076388888888889,5967,0.82875,727,727,0,0,0,0.10097222222222223,0.10097222222222223,0.10860472064535405,363.5,239910.0,479093.0,0.5007587253414271,239910.0,0.06076093632271096,506,0.07027777777777777,5967.0,6330.5,,,,,,,,,,,bc_iter_001,bc,3,11,6,3,10,60,0.075,60,0.075,0,0.0,800,464,0.58,0.505,0.008045897483825684,0.033026313781738245
mc_fairgen,0.65,12,2.0,0.5,1551,185,101551,viper_tree_agent,,True,1,20000000,25000,C_AMC_SEM,0.5,interval_qos_v2_single_recovery_full_C5_overinc016_abs005,True,True,4.0,lo,464,504,0,968,0,504,0,464,4519120,20000000,0.225956,,,,504,,,,,,,800,0,800,800,0,0,0.0,0.0,1.0,0.0,-403.4571879272298,True,800,800,0,9.24125,14.75875,,,15,0.6149479166666667,0,0,0.0,single,24,0.02,0.02,0.9,0,,,,,v11_full_10d,128,integer_tree_ranked_valid_or_none,fixed_point_int,1000000,bb255908bec90f8d54945322db333c5c2d2df5af1c5e76fc9016dc8c975a381e,viper_integer_ranked_artifact_v1,True,,,,,,,,,,,,,,,,,,,,,,,,,,,,,,,,,7200,504,6696,0,0,0.07,0.9299999999999999,0.8725,800,57.24875,867.5,0.12048611111111111,0.8795138888888889,0.12048611111111107,5969,0.8290277777777778,727,727,0,0,0,0.10097222222222223,0.10097222222222223,0.10857228195937874,363.5,239910.0,479093.0,0.5007587253414271,239910.0,0.06074804336910457,504,0.07,5969.0,6332.5,,,,,,,,,,,viper_iter_002,viper,3,11,6,3,10,0,0.0,0,0.0,0,0.0,800,457,0.57125,0.57125,0.004317255020141602,0.019394493103027342
mc_fairgen,0.65,12,2.0,0.5,1552,185,101552,c_amc_sem_baseline,,True,1,20000000,25000,C_AMC_SEM,0.5,interval_qos_v2_single_recovery_full_C5_overinc016_abs005,True,True,4.0,lo,487,725,0,1212,0,725,0,487,4736062,20000000,0.2368031,24.349999999999998,9724.973305954825,1,725,725,725,0,0,0,0.0,0,0,0,0,0,0,0.0,0.0,0.0,0.0,0.0,True,0,0,0,0.0,0.0,0,0.0,0,0.0,0,0,0.0,single,24,0.02,0.02,0.9,0,0,0.0,0,0.0,,,,,,,,,,,,,,,,,,,,,,,,,,,,,,,,,,,,,,,,,7200,725,6475,0,0,0.10069444444444445,0.8993055555555556,0.86875,0,,1108.0,0.15388888888888888,0.8461111111111111,0.15388888888888885,5709,0.7929166666666667,766,766,0,0,0,0.1063888888888889,0.1063888888888889,0.1183011583011583,383.0,252780.0,504794.0,0.5007587253414271,252780.0,0.0645496881681632,725,0.10069444444444445,5709.0,6092.0,,,,,,,,,,,,,,,,,,,,,,,,,,,,,
mc_fairgen,0.65,12,2.0,0.5,1552,185,101552,dqn_agent,mlp,True,1,20000000,25000,C_AMC_SEM,0.5,interval_qos_v2_single_recovery_full_C5_overinc016_abs005,True,True,4.0,lo,487,516,0,1003,0,516,0,487,4753351,20000000,0.23766755,24.349999999999998,9760.474332648871,1,516,516,516,0,0,0,0.0,800,0,800,800,0,0,0.0,0.0,1.0,0.0,-412.3236726212437,True,800,800,0,9.30875,14.69125,4800,0.25,15,0.6121354166666667,0,0,0.0,single,24,0.02,0.02,0.9,0,0,0.0,1353,0.07046875,v11_full_10d,128,,,,,,,0.3428004825843381,468,0.0,0,0.0,0.0,0.0,0.0,0,0.0,0.0,0.0,0.0,324,0,0.4755877820149799,4.1525,281,0.08347726890171508,0.8320833333333333,0.8320833333333333,0.0,"{""mc_hi_0"": 1.0, ""mc_hi_1"": 1.0, ""mc_hi_2"": 1.0, ""mc_hi_3"": 1.0, ""mc_hi_4"": 1.0, ""mc_hi_5"": 1.0, ""mc_lo_0"": 1.0, ""mc_lo_1"": 1.0, ""mc_lo_2"": 1.0, ""mc_lo_3"": 4.029411764705882, ""mc_lo_4"": 1.3595238095238096, ""mc_lo_5"": 4.043478260869565}","{""mc_hi_0"": 1.0, ""mc_hi_1"": 1.0, ""mc_hi_2"": 1.0, ""mc_hi_3"": 1.0, ""mc_hi_4"": 1.0, ""mc_hi_5"": 1.0, ""mc_lo_0"": 1.0, ""mc_lo_1"": 1.0, ""mc_lo_2"": 1.0, ""mc_lo_3"": 4.029411764705882, ""mc_lo_4"": 1.8538095238095238, ""mc_lo_5"": 4.043478260869565}","{""mc_hi_0"": 1.0, ""mc_hi_1"": 1.0, ""mc_hi_2"": 1.0, ""mc_hi_3"": 1.0, ""mc_hi_4"": 1.0, ""mc_hi_5"": 1.0, ""mc_lo_0"": 1.0, ""mc_lo_1"": 1.0, ""mc_lo_2"": 1.0, ""mc_lo_3"": 1.0, ""mc_lo_4"": 1.0, ""mc_lo_5"": 1.0}","{""mc_hi_0"": 0, ""mc_hi_1"": 0, ""mc_hi_2"": 0, ""mc_hi_3"": 0, ""mc_hi_4"": 0, ""mc_hi_5"": 0, ""mc_lo_0"": 0, ""mc_lo_1"": 0, ""mc_lo_2"": 0, ""mc_lo_3"": 62, ""mc_lo_4"": 346, ""mc_lo_5"": 68}","{""mc_hi_0"": 0, ""mc_hi_1"": 0, ""mc_hi_2"": 0, ""mc_hi_3"": 0, ""mc_hi_4"": 0, ""mc_hi_5"": 0, ""mc_lo_0"": 0, ""mc_lo_1"": 0, ""mc_lo_2"": 0, ""mc_lo_3"": 0, ""mc_lo_4"": 324, ""mc_lo_5"": 0}","{""mc_hi_0"": 0, ""mc_hi_1"": 0, ""mc_hi_2"": 0, ""mc_hi_3"": 0, ""mc_hi_4"": 0, ""mc_hi_5"": 0, ""mc_lo_0"": 0, ""mc_lo_1"": 0, ""mc_lo_2"": 0, ""mc_lo_3"": 0, ""mc_lo_4"": 324, ""mc_lo_5"": 0}","{""mc_hi_0"": 0, ""mc_hi_1"": 0, ""mc_hi_2"": 0, ""mc_hi_3"": 0, ""mc_hi_4"": 0, ""mc_hi_5"": 0, ""mc_lo_0"": 0, ""mc_lo_1"": 0, ""mc_lo_2"": 0, ""mc_lo_3"": 60, ""mc_lo_4"": 343, ""mc_lo_5"": 65}","{""mc_hi_0"": 0, ""mc_hi_1"": 0, ""mc_hi_2"": 0, ""mc_hi_3"": 0, ""mc_hi_4"": 0, ""mc_hi_5"": 0, ""mc_lo_0"": 0, ""mc_lo_1"": 0, ""mc_lo_2"": 0, ""mc_lo_3"": 62, ""mc_lo_4"": 15, ""mc_lo_5"": 53}","{""mc_hi_0"": 0, ""mc_hi_1"": 0, ""mc_hi_2"": 0, ""mc_hi_3"": 0, ""mc_hi_4"": 0, ""mc_hi_5"": 0, ""mc_lo_0"": 0, ""mc_lo_1"": 0, ""mc_lo_2"": 0, ""mc_lo_3"": 798, ""mc_lo_4"": 725, ""mc_lo_5"": 736}","{""mc_hi_0"": 0, ""mc_hi_1"": 0, ""mc_hi_2"": 0, ""mc_hi_3"": 0, ""mc_hi_4"": 0, ""mc_hi_5"": 0, ""mc_lo_0"": 0, ""mc_lo_1"": 0, ""mc_lo_2"": 0, ""mc_lo_3"": 0, ""mc_lo_4"": 0, ""mc_lo_5"": 0}",7200,516,6684,0,0,0.07166666666666667,0.9283333333333333,0.86875,800,52.6375,899.0,0.12486111111111112,0.8751388888888889,0.12486111111111109,5918,0.8219444444444445,766,766,0,0,0,0.1063888888888889,0.1063888888888889,0.11460203470975464,383.0,252780.0,504794.0,0.5007587253414271,252780.0,0.06399712395233761,516,0.07166666666666667,5918.0,6301.0,,,,,,,,,,0,,,,,,,,,,,,,,,,,,,
mc_fairgen,0.65,12,2.0,0.5,1552,185,101552,bc_tree_agent,,True,1,20000000,25000,C_AMC_SEM,0.5,interval_qos_v2_single_recovery_full_C5_overinc016_abs005,True,True,4.0,lo,487,514,0,1001,0,514,0,487,4752984,20000000,0.2376492,,,,514,,,,,,,800,0,800,800,0,0,0.0,0.0,1.0,0.0,-426.3373374826213,True,800,800,0,9.12,14.88,,,16,0.62,0,0,0.0,single,24,0.02,0.02,0.9,0,,,,,v11_full_10d,128,integer_tree_ranked_valid_or_none,fixed_point_int,1000000,bb255908bec90f8d54945322db333c5c2d2df5af1c5e76fc9016dc8c975a381e,viper_integer_ranked_artifact_v1,True,,,,,,,,,,,,,,,,,,,,,,,,,,,,,,,,,7200,514,6686,0,0,0.07138888888888889,0.928611111111111,0.86875,800,119.53125,897.0,0.12458333333333334,0.8754166666666666,0.12458333333333338,5920,0.8222222222222222,766,766,0,0,0,0.1063888888888889,0.1063888888888889,0.11456775351480707,383.0,252780.0,504794.0,0.5007587253414271,252780.0,0.06401109343295004,514,0.07138888888888889,5920.0,6303.0,,,,,,,,,,,bc_iter_001,bc,3,11,6,3,10,48,0.06,48,0.06,0,0.0,800,425,0.53125,0.47125,0.009901666641235351,0.03622169494628906
mc_fairgen,0.65,12,2.0,0.5,1552,185,101552,viper_tree_agent,,True,1,20000000,25000,C_AMC_SEM,0.5,interval_qos_v2_single_recovery_full_C5_overinc016_abs005,True,True,4.0,lo,487,513,0,1000,0,513,0,487,4753059,20000000,0.23765295,,,,513,,,,,,,800,0,800,800,0,0,0.0,0.0,1.0,0.0,-416.24851202732947,True,800,800,0,9.24125,14.75875,,,15,0.6149479166666667,0,0,0.0,single,24,0.02,0.02,0.9,0,,,,,v11_full_10d,128,integer_tree_ranked_valid_or_none,fixed_point_int,1000000,bb255908bec90f8d54945322db333c5c2d2df5af1c5e76fc9016dc8c975a381e,viper_integer_ranked_artifact_v1,True,,,,,,,,,,,,,,,,,,,,,,,,,,,,,,,,,7200,513,6687,0,0,0.07125,0.92875,0.86875,800,57.24875,896.0,0.12444444444444444,0.8755555555555555,0.12444444444444447,5921,0.8223611111111111,766,766,0,0,0,0.1063888888888889,0.1063888888888889,0.1145506206071482,383.0,252780.0,504794.0,0.5007587253414271,252780.0,0.06400987774867957,513,0.07125,5921.0,6304.0,,,,,,,,,,,viper_iter_002,viper,3,11,6,3,10,0,0.0,0,0.0,0,0.0,800,466,0.5825,0.5825,0.004441957473754882,0.021548271179199215
mc_fairgen,0.65,12,2.0,0.5,1553,185,101553,c_amc_sem_baseline,,True,1,20000000,25000,C_AMC_SEM,0.5,interval_qos_v2_single_recovery_full_C5_overinc016_abs005,True,True,4.0,lo,493,765,0,1258,0,765,0,493,5167017,20000000,0.25835085,24.65,10480.764705882353,1,765,765,765,0,0,0,0.0,0,0,0,0,0,0,0.0,0.0,0.0,0.0,0.0,True,0,0,0,0.0,0.0,0,0.0,0,0.0,0,0,0.0,single,24,0.02,0.02,0.9,0,0,0.0,0,0.0,,,,,,,,,,,,,,,,,,,,,,,,,,,,,,,,,,,,,,,,,7200,765,6435,0,0,0.10625,0.89375,0.86,0,,1195.5,0.16604166666666667,0.8339583333333334,0.16604166666666664,5574,0.7741666666666667,861,861,0,0,0,0.11958333333333333,0.11958333333333333,0.1337995337995338,430.5,284130.0,567399.0,0.5007587253414271,284130.0,0.07280034723200848,765,0.10625,5574.0,6004.5,,,,,,,,,,,,,,,,,,,,,,,,,,,,,
mc_fairgen,0.65,12,2.0,0.5,1553,185,101553,dqn_agent,mlp,True,1,20000000,25000,C_AMC_SEM,0.5,interval_qos_v2_single_recovery_full_C5_overinc016_abs005,True,True,4.0,lo,493,556,0,1049,0,556,0,493,5187297,20000000,0.25936485,24.65,10521.90060851927,1,556,556,556,0,0,0,0.0,800,0,800,800,0,0,0.0,0.0,1.0,0.0,-427.69172449264323,True,800,800,0,9.265,14.735,4800,0.25,15,0.6139583333333334,0,0,0.0,single,24,0.02,0.02,0.9,0,0,0.0,1388,0.07229166666666667,v11_full_10d,128,,,,,,,0.34044810163195716,468,0.0,0,0.0,0.0,0.0,0.0,0,0.0,0.0,0.0,0.0,324,0,0.477115639589169,3.61625,292,0.08227234181758804,0.8320833333333333,0.8320833333333333,0.0,"{""mc_hi_0"": 1.0, ""mc_hi_1"": 1.0, ""mc_hi_2"": 1.0, ""mc_hi_3"": 1.0, ""mc_hi_4"": 1.0, ""mc_hi_5"": 1.0, ""mc_lo_0"": 1.0, ""mc_lo_1"": 1.0, ""mc_lo_2"": 1.0, ""mc_lo_3"": 4.029411764705882, ""mc_lo_4"": 1.369047619047619, ""mc_lo_5"": 4.043478260869565}","{""mc_hi_0"": 1.0, ""mc_hi_1"": 1.0, ""mc_hi_2"": 1.0, ""mc_hi_3"": 1.0, ""mc_hi_4"": 1.0, ""mc_hi_5"": 1.0, ""mc_lo_0"": 1.0, ""mc_lo_1"": 1.0, ""mc_lo_2"": 1.0, ""mc_lo_3"": 4.029411764705882, ""mc_lo_4"": 1.9166666666666667, ""mc_lo_5"": 4.043478260869565}","{""mc_hi_0"": 1.0, ""mc_hi_1"": 1.0, ""mc_hi_2"": 1.0, ""mc_hi_3"": 1.0, ""mc_hi_4"": 1.0, ""mc_hi_5"": 1.0, ""mc_lo_0"": 1.0, ""mc_lo_1"": 1.0, ""mc_lo_2"": 1.0, ""mc_lo_3"": 1.0, ""mc_lo_4"": 1.0, ""mc_lo_5"": 1.0}","{""mc_hi_0"": 0, ""mc_hi_1"": 0, ""mc_hi_2"": 0, ""mc_hi_3"": 0, ""mc_hi_4"": 0, ""mc_hi_5"": 0, ""mc_lo_0"": 0, ""mc_lo_1"": 0, ""mc_lo_2"": 0, ""mc_lo_3"": 62, ""mc_lo_4"": 346, ""mc_lo_5"": 68}","{""mc_hi_0"": 0, ""mc_hi_1"": 0, ""mc_hi_2"": 0, ""mc_hi_3"": 0, ""mc_hi_4"": 0, ""mc_hi_5"": 0, ""mc_lo_0"": 0, ""mc_lo_1"": 0, ""mc_lo_2"": 0, ""mc_lo_3"": 0, ""mc_lo_4"": 324, ""mc_lo_5"": 0}","{""mc_hi_0"": 0, ""mc_hi_1"": 0, ""mc_hi_2"": 0, ""mc_hi_3"": 0, ""mc_hi_4"": 0, ""mc_hi_5"": 0, ""mc_lo_0"": 0, ""mc_lo_1"": 0, ""mc_lo_2"": 0, ""mc_lo_3"": 0, ""mc_lo_4"": 324, ""mc_lo_5"": 0}","{""mc_hi_0"": 0, ""mc_hi_1"": 0, ""mc_hi_2"": 0, ""mc_hi_3"": 0, ""mc_hi_4"": 0, ""mc_hi_5"": 0, ""mc_lo_0"": 0, ""mc_lo_1"": 0, ""mc_lo_2"": 0, ""mc_lo_3"": 60, ""mc_lo_4"": 343, ""mc_lo_5"": 65}","{""mc_hi_0"": 0, ""mc_hi_1"": 0, ""mc_hi_2"": 0, ""mc_hi_3"": 0, ""mc_hi_4"": 0, ""mc_hi_5"": 0, ""mc_lo_0"": 0, ""mc_lo_1"": 0, ""mc_lo_2"": 0, ""mc_lo_3"": 62, ""mc_lo_4"": 16, ""mc_lo_5"": 41}","{""mc_hi_0"": 0, ""mc_hi_1"": 0, ""mc_hi_2"": 0, ""mc_hi_3"": 0, ""mc_hi_4"": 0, ""mc_hi_5"": 0, ""mc_lo_0"": 0, ""mc_lo_1"": 0, ""mc_lo_2"": 0, ""mc_lo_3"": 798, ""mc_lo_4"": 709, ""mc_lo_5"": 736}","{""mc_hi_0"": 0, ""mc_hi_1"": 0, ""mc_hi_2"": 0, ""mc_hi_3"": 0, ""mc_hi_4"": 0, ""mc_hi_5"": 0, ""mc_lo_0"": 0, ""mc_lo_1"": 0, ""mc_lo_2"": 0, ""mc_lo_3"": 0, ""mc_lo_4"": 0, ""mc_lo_5"": 0}",7200,556,6644,0,0,0.07722222222222222,0.9227777777777778,0.86,800,52.4475,986.5,0.13701388888888888,0.8629861111111111,0.13701388888888888,5783,0.8031944444444444,861,861,0,0,0,0.11958333333333333,0.11958333333333333,0.12959060806742925,430.5,284130.0,567399.0,0.5007587253414271,284130.0,0.07218100811055103,556,0.07722222222222222,5783.0,6213.5,,,,,,,,,,0,,,,,,,,,,,,,,,,,,,
mc_fairgen,0.65,12,2.0,0.5,1553,185,101553,bc_tree_agent,,True,1,20000000,25000,C_AMC_SEM,0.5,interval_qos_v2_single_recovery_full_C5_overinc016_abs005,True,True,4.0,lo,493,547,0,1040,0,547,0,493,5187473,20000000,0.25937365,,,,547,,,,,,,800,0,800,800,0,0,0.0,0.0,1.0,0.0,-438.7729955304216,True,800,800,0,9.1075,14.8925,,,16,0.6205208333333333,0,0,0.0,single,24,0.02,0.02,0.9,0,,,,,v11_full_10d,128,integer_tree_ranked_valid_or_none,fixed_point_int,1000000,bb255908bec90f8d54945322db333c5c2d2df5af1c5e76fc9016dc8c975a381e,viper_integer_ranked_artifact_v1,True,,,,,,,,,,,,,,,,,,,,,,,,,,,,,,,,,7200,547,6653,0,0,0.07597222222222222,0.9240277777777778,0.86,800,126.6725,977.5,0.13576388888888888,0.8642361111111111,0.1357638888888889,5792,0.8044444444444444,861,861,0,0,0,0.11958333333333333,0.11958333333333333,0.129415301367804,430.5,284130.0,567399.0,0.5007587253414271,284130.0,0.07216874272769044,547,0.07597222222222222,5792.0,6222.5,,,,,,,,,,,bc_iter_001,bc,3,11,6,3,10,73,0.09125,73,0.09125,0,0.0,800,434,0.5425,0.45125,0.009851279258728028,0.03647212982177734
mc_fairgen,0.65,12,2.0,0.5,1553,185,101553,viper_tree_agent,,True,1,20000000,25000,C_AMC_SEM,0.5,interval_qos_v2_single_recovery_full_C5_overinc016_abs005,True,True,4.0,lo,493,547,0,1040,0,547,0,493,5187473,20000000,0.25937365,,,,547,,,,,,,800,0,800,800,0,0,0.0,0.0,1.0,0.0,-428.7426344514111,True,800,800,0,9.24125,14.75875,,,15,0.6149479166666667,0,0,0.0,single,24,0.02,0.02,0.9,0,,,,,v11_full_10d,128,integer_tree_ranked_valid_or_none,fixed_point_int,1000000,bb255908bec90f8d54945322db333c5c2d2df5af1c5e76fc9016dc8c975a381e,viper_integer_ranked_artifact_v1,True,,,,,,,,,,,,,,,,,,,,,,,,,,,,,,,,,7200,547,6653,0,0,0.07597222222222222,0.9240277777777778,0.86,800,57.24875,977.5,0.13576388888888888,0.8642361111111111,0.1357638888888889,5792,0.8044444444444444,861,861,0,0,0,0.11958333333333333,0.11958333333333333,0.129415301367804,430.5,284130.0,567399.0,0.5007587253414271,284130.0,0.07216874272769044,547,0.07597222222222222,5792.0,6222.5,,,,,,,,,,,viper_iter_002,viper,3,11,6,3,10,0,0.0,0,0.0,0,0.0,800,441,0.55125,0.55125,0.004579591751098633,0.020046806335449207
mc_fairgen,0.65,12,2.0,0.5,1554,185,101554,c_amc_sem_baseline,,True,1,20000000,25000,C_AMC_SEM,0.5,interval_qos_v2_single_recovery_full_C5_overinc016_abs005,True,True,4.0,lo,457,753,0,1210,0,753,0,457,4700799,20000000,0.23503995,22.85,10286.212253829322,1,753,753,753,0,0,0,0.0,0,0,0,0,0,0,0.0,0.0,0.0,0.0,0.0,True,0,0,0,0.0,0.0,0,0.0,0,0.0,0,0,0.0,single,24,0.02,0.02,0.9,0,0,0.0,0,0.0,,,,,,,,,,,,,,,,,,,,,,,,,,,,,,,,,,,,,,,,,7200,753,6447,0,0,0.10458333333333333,0.8954166666666666,0.865,0,,1139.5,0.1582638888888889,0.8417361111111111,0.15826388888888887,5674,0.7880555555555555,773,773,0,0,0,0.10736111111111112,0.10736111111111112,0.1199007290212502,386.5,255090.0,509407.0,0.5007587253414271,255090.0,0.06520045516864857,753,0.10458333333333333,5674.0,6060.5,,,,,,,,,,,,,,,,,,,,,,,,,,,,,
mc_fairgen,0.65,12,2.0,0.5,1554,185,101554,dqn_agent,mlp,True,1,20000000,25000,C_AMC_SEM,0.5,interval_qos_v2_single_recovery_full_C5_overinc016_abs005,True,True,4.0,lo,457,529,0,986,0,529,0,457,4717579,20000000,0.23587895,22.85,10322.929978118162,1,529,529,529,0,0,0,0.0,800,0,800,800,0,0,0.0,0.0,1.0,0.0,-404.93453792263085,True,800,800,0,9.27875,14.72125,4800,0.25,15,0.6133854166666667,0,0,0.0,single,24,0.02,0.02,0.9,0,0,0.0,1377,0.07171875,v11_full_10d,128,,,,,,,0.3545951254414809,469,0.0,0,0.0,0.0,0.0,0.0,0,0.0,0.0,0.0,0.0,323,0,0.47913571377826497,4.13625,296,0.08280906249193261,0.8320833333333333,0.8320833333333333,0.0,"{""mc_hi_0"": 1.0, ""mc_hi_1"": 1.0, ""mc_hi_2"": 1.0, ""mc_hi_3"": 1.0, ""mc_hi_4"": 1.0, ""mc_hi_5"": 1.0, ""mc_lo_0"": 1.0, ""mc_lo_1"": 1.0, ""mc_lo_2"": 1.0, ""mc_lo_3"": 4.029411764705882, ""mc_lo_4"": 1.4123809523809523, ""mc_lo_5"": 4.043478260869565}","{""mc_hi_0"": 1.0, ""mc_hi_1"": 1.0, ""mc_hi_2"": 1.0, ""mc_hi_3"": 1.0, ""mc_hi_4"": 1.0, ""mc_hi_5"": 1.0, ""mc_lo_0"": 1.0, ""mc_lo_1"": 1.0, ""mc_lo_2"": 1.0, ""mc_lo_3"": 4.029411764705882, ""mc_lo_4"": 1.8361904761904762, ""mc_lo_5"": 4.043478260869565}","{""mc_hi_0"": 1.0, ""mc_hi_1"": 1.0, ""mc_hi_2"": 1.0, ""mc_hi_3"": 1.0, ""mc_hi_4"": 1.0, ""mc_hi_5"": 1.0, ""mc_lo_0"": 1.0, ""mc_lo_1"": 1.0, ""mc_lo_2"": 1.0, ""mc_lo_3"": 1.0, ""mc_lo_4"": 1.0, ""mc_lo_5"": 1.0}","{""mc_hi_0"": 0, ""mc_hi_1"": 0, ""mc_hi_2"": 0, ""mc_hi_3"": 0, ""mc_hi_4"": 0, ""mc_hi_5"": 0, ""mc_lo_0"": 0, ""mc_lo_1"": 0, ""mc_lo_2"": 0, ""mc_lo_3"": 62, ""mc_lo_4"": 347, ""mc_lo_5"": 68}","{""mc_hi_0"": 0, ""mc_hi_1"": 0, ""mc_hi_2"": 0, ""mc_hi_3"": 0, ""mc_hi_4"": 0, ""mc_hi_5"": 0, ""mc_lo_0"": 0, ""mc_lo_1"": 0, ""mc_lo_2"": 0, ""mc_lo_3"": 0, ""mc_lo_4"": 323, ""mc_lo_5"": 0}","{""mc_hi_0"": 0, ""mc_hi_1"": 0, ""mc_hi_2"": 0, ""mc_hi_3"": 0, ""mc_hi_4"": 0, ""mc_hi_5"": 0, ""mc_lo_0"": 0, ""mc_lo_1"": 0, ""mc_lo_2"": 0, ""mc_lo_3"": 0, ""mc_lo_4"": 323, ""mc_lo_5"": 0}","{""mc_hi_0"": 0, ""mc_hi_1"": 0, ""mc_hi_2"": 0, ""mc_hi_3"": 0, ""mc_hi_4"": 0, ""mc_hi_5"": 0, ""mc_lo_0"": 0, ""mc_lo_1"": 0, ""mc_lo_2"": 0, ""mc_lo_3"": 60, ""mc_lo_4"": 344, ""mc_lo_5"": 65}","{""mc_hi_0"": 0, ""mc_hi_1"": 0, ""mc_hi_2"": 0, ""mc_hi_3"": 0, ""mc_hi_4"": 0, ""mc_hi_5"": 0, ""mc_lo_0"": 0, ""mc_lo_1"": 0, ""mc_lo_2"": 0, ""mc_lo_3"": 62, ""mc_lo_4"": 18, ""mc_lo_5"": 53}","{""mc_hi_0"": 0, ""mc_hi_1"": 0, ""mc_hi_2"": 0, ""mc_hi_3"": 0, ""mc_hi_4"": 0, ""mc_hi_5"": 0, ""mc_lo_0"": 0, ""mc_lo_1"": 0, ""mc_lo_2"": 0, ""mc_lo_3"": 798, ""mc_lo_4"": 719, ""mc_lo_5"": 736}","{""mc_hi_0"": 0, ""mc_hi_1"": 0, ""mc_hi_2"": 0, ""mc_hi_3"": 0, ""mc_hi_4"": 0, ""mc_hi_5"": 0, ""mc_lo_0"": 0, ""mc_lo_1"": 0, ""mc_lo_2"": 0, ""mc_lo_3"": 0, ""mc_lo_4"": 0, ""mc_lo_5"": 0}",7200,529,6671,0,0,0.07347222222222222,0.9265277777777778,0.875,800,53.61375,915.5,0.12715277777777778,0.8728472222222222,0.12715277777777778,5898,0.8191666666666667,773,773,0,0,0,0.10736111111111112,0.10736111111111112,0.11587468145705292,386.5,255090.0,509407.0,0.5007587253414271,255090.0,0.06461247837195501,529,0.07347222222222222,5898.0,6284.5,,,,,,,,,,0,,,,,,,,,,,,,,,,,,,
mc_fairgen,0.65,12,2.0,0.5,1554,185,101554,bc_tree_agent,,True,1,20000000,25000,C_AMC_SEM,0.5,interval_qos_v2_single_recovery_full_C5_overinc016_abs005,True,True,4.0,lo,457,528,0,985,0,528,0,457,4716425,20000000,0.23582125,,,,528,,,,,,,800,0,800,800,0,0,0.0,0.0,1.0,0.0,-418.31083248639146,True,800,800,0,9.075,14.925,,,16,0.621875,0,0,0.0,single,24,0.02,0.02,0.9,0,,,,,v11_full_10d,128,integer_tree_ranked_valid_or_none,fixed_point_int,1000000,bb255908bec90f8d54945322db333c5c2d2df5af1c5e76fc9016dc8c975a381e,viper_integer_ranked_artifact_v1,True,,,,,,,,,,,,,,,,,,,,,,,,,,,,,,,,,7200,528,6672,0,0,0.07333333333333333,0.9266666666666666,0.875,800,127.21875,914.5,0.1270138888888889,0.8729861111111111,0.12701388888888887,5899,0.8193055555555555,773,773,0,0,0,0.10736111111111112,0.10736111111111112,0.11585731414868106,386.5,255090.0,509407.0,0.5007587253414271,255090.0,0.06463515307045482,528,0.07333333333333333,5899.0,6285.5,,,,,,,,,,,bc_iter_001,bc,3,11,6,3,10,92,0.115,92,0.115,0,0.0,800,453,0.56625,0.45125,0.009323611259460449,0.03676757812499999
mc_fairgen,0.65,12,2.0,0.5,1554,185,101554,viper_tree_agent,,True,1,20000000,25000,C_AMC_SEM,0.5,interval_qos_v2_single_recovery_full_C5_overinc016_abs005,True,True,4.0,lo,457,528,0,985,0,528,0,457,4716719,20000000,0.23583595,,,,528,,,,,,,800,0,800,800,0,0,0.0,0.0,1.0,0.0,-407.9458513891697,True,800,800,0,9.24125,14.75875,,,15,0.6149479166666667,0,0,0.0,single,24,0.02,0.02,0.9,0,,,,,v11_full_10d,128,integer_tree_ranked_valid_or_none,fixed_point_int,1000000,bb255908bec90f8d54945322db333c5c2d2df5af1c5e76fc9016dc8c975a381e,viper_integer_ranked_artifact_v1,True,,,,,,,,,,,,,,,,,,,,,,,,,,,,,,,,,7200,528,6672,0,0,0.07333333333333333,0.9266666666666666,0.875,800,57.24875,914.5,0.1270138888888889,0.8729861111111111,0.12701388888888887,5899,0.8193055555555555,773,773,0,0,0,0.10736111111111112,0.10736111111111112,0.11585731414868106,386.5,255090.0,509407.0,0.5007587253414271,255090.0,0.06462732563618988,528,0.07333333333333333,5899.0,6285.5,,,,,,,,,,,viper_iter_002,viper,3,11,6,3,10,0,0.0,0,0.0,0,0.0,800,459,0.57375,0.57375,0.0040237951278686524,0.018267440795898433
mc_fairgen,0.65,12,2.0,0.5,1555,185,101555,c_amc_sem_baseline,,True,1,20000000,25000,C_AMC_SEM,0.5,interval_qos_v2_single_recovery_full_C5_overinc016_abs005,True,True,4.0,lo,462,701,0,1163,0,701,0,462,4506672,20000000,0.2253336,23.099999999999998,9754.701298701299,1,701,701,701,0,0,0,0.0,0,0,0,0,0,0,0.0,0.0,0.0,0.0,0.0,True,0,0,0,0.0,0.0,0,0.0,0,0.0,0,0,0.0,single,24,0.02,0.02,0.9,0,0,0.0,0,0.0,,,,,,,,,,,,,,,,,,,,,,,,,,,,,,,,,,,,,,,,,7200,701,6499,0,0,0.0973611111111111,0.9026388888888889,0.86,0,,1068.0,0.14833333333333334,0.8516666666666667,0.14833333333333332,5765,0.8006944444444445,734,734,0,0,0,0.10194444444444445,0.10194444444444445,0.11294045237728881,367.0,242220.0,483706.0,0.5007587253414271,242220.0,0.06194029469075882,701,0.0973611111111111,5765.0,6132.0,,,,,,,,,,,,,,,,,,,,,,,,,,,,,
mc_fairgen,0.65,12,2.0,0.5,1555,185,101555,dqn_agent,mlp,True,1,20000000,25000,C_AMC_SEM,0.5,interval_qos_v2_single_recovery_full_C5_overinc016_abs005,True,True,4.0,lo,462,518,0,980,0,518,0,462,4516910,20000000,0.2258455,23.099999999999998,9776.861471861472,1,518,518,518,0,0,0,0.0,800,0,800,800,0,0,0.0,0.0,1.0,0.0,-402.2371147801463,True,800,800,0,9.26625,14.73375,4800,0.25,15,0.61390625,0,0,0.0,single,24,0.02,0.02,0.9,0,0,0.0,1387,0.07223958333333333,v11_full_10d,128,,,,,,,0.3845117921081476,469,0.0,0,0.0,0.0,0.0,0.0,0,0.0,0.0,0.0,0.0,323,0,0.486032064709942,4.3175,281,0.08189961779948915,0.8320833333333333,0.8320833333333333,0.0,"{""mc_hi_0"": 1.0, ""mc_hi_1"": 1.0, ""mc_hi_2"": 1.0, ""mc_hi_3"": 1.0, ""mc_hi_4"": 1.0, ""mc_hi_5"": 1.0, ""mc_lo_0"": 1.0, ""mc_lo_1"": 1.0, ""mc_lo_2"": 1.0, ""mc_lo_3"": 4.029411764705882, ""mc_lo_4"": 1.417142857142857, ""mc_lo_5"": 4.043478260869565}","{""mc_hi_0"": 1.0, ""mc_hi_1"": 1.0, ""mc_hi_2"": 1.0, ""mc_hi_3"": 1.0, ""mc_hi_4"": 1.0, ""mc_hi_5"": 1.0, ""mc_lo_0"": 1.0, ""mc_lo_1"": 1.0, ""mc_lo_2"": 1.0, ""mc_lo_3"": 4.029411764705882, ""mc_lo_4"": 2.337142857142857, ""mc_lo_5"": 4.043478260869565}","{""mc_hi_0"": 1.0, ""mc_hi_1"": 1.0, ""mc_hi_2"": 1.0, ""mc_hi_3"": 1.0, ""mc_hi_4"": 1.0, ""mc_hi_5"": 1.0, ""mc_lo_0"": 1.0, ""mc_lo_1"": 1.0, ""mc_lo_2"": 1.0, ""mc_lo_3"": 1.0, ""mc_lo_4"": 1.0, ""mc_lo_5"": 1.0}","{""mc_hi_0"": 0, ""mc_hi_1"": 0, ""mc_hi_2"": 0, ""mc_hi_3"": 0, ""mc_hi_4"": 0, ""mc_hi_5"": 0, ""mc_lo_0"": 0, ""mc_lo_1"": 0, ""mc_lo_2"": 0, ""mc_lo_3"": 62, ""mc_lo_4"": 347, ""mc_lo_5"": 68}","{""mc_hi_0"": 0, ""mc_hi_1"": 0, ""mc_hi_2"": 0, ""mc_hi_3"": 0, ""mc_hi_4"": 0, ""mc_hi_5"": 0, ""mc_lo_0"": 0, ""mc_lo_1"": 0, ""mc_lo_2"": 0, ""mc_lo_3"": 0, ""mc_lo_4"": 323, ""mc_lo_5"": 0}","{""mc_hi_0"": 0, ""mc_hi_1"": 0, ""mc_hi_2"": 0, ""mc_hi_3"": 0, ""mc_hi_4"": 0, ""mc_hi_5"": 0, ""mc_lo_0"": 0, ""mc_lo_1"": 0, ""mc_lo_2"": 0, ""mc_lo_3"": 0, ""mc_lo_4"": 323, ""mc_lo_5"": 0}","{""mc_hi_0"": 0, ""mc_hi_1"": 0, ""mc_hi_2"": 0, ""mc_hi_3"": 0, ""mc_hi_4"": 0, ""mc_hi_5"": 0, ""mc_lo_0"": 0, ""mc_lo_1"": 0, ""mc_lo_2"": 0, ""mc_lo_3"": 60, ""mc_lo_4"": 344, ""mc_lo_5"": 65}","{""mc_hi_0"": 0, ""mc_hi_1"": 0, ""mc_hi_2"": 0, ""mc_hi_3"": 0, ""mc_hi_4"": 0, ""mc_hi_5"": 0, ""mc_lo_0"": 0, ""mc_lo_1"": 0, ""mc_lo_2"": 0, ""mc_lo_3"": 62, ""mc_lo_4"": 21, ""mc_lo_5"": 51}","{""mc_hi_0"": 0, ""mc_hi_1"": 0, ""mc_hi_2"": 0, ""mc_hi_3"": 0, ""mc_hi_4"": 0, ""mc_hi_5"": 0, ""mc_lo_0"": 0, ""mc_lo_1"": 0, ""mc_lo_2"": 0, ""mc_lo_3"": 798, ""mc_lo_4"": 693, ""mc_lo_5"": 736}","{""mc_hi_0"": 0, ""mc_hi_1"": 0, ""mc_hi_2"": 0, ""mc_hi_3"": 0, ""mc_hi_4"": 0, ""mc_hi_5"": 0, ""mc_lo_0"": 0, ""mc_lo_1"": 0, ""mc_lo_2"": 0, ""mc_lo_3"": 0, ""mc_lo_4"": 0, ""mc_lo_5"": 0}",7200,518,6682,0,0,0.07194444444444445,0.9280555555555555,0.86,800,56.12125,885.0,0.12291666666666666,0.8770833333333333,0.12291666666666667,5948,0.8261111111111111,734,734,0,0,0,0.10194444444444445,0.10194444444444445,0.10984735109248728,367.0,242220.0,483706.0,0.5007587253414271,242220.0,0.061557134764685384,518,0.07194444444444445,5948.0,6315.0,,,,,,,,,,0,,,,,,,,,,,,,,,,,,,
mc_fairgen,0.65,12,2.0,0.5,1555,185,101555,bc_tree_agent,,True,1,20000000,25000,C_AMC_SEM,0.5,interval_qos_v2_single_recovery_full_C5_overinc016_abs005,True,True,4.0,lo,462,517,0,979,0,517,0,462,4516863,20000000,0.22584315,,,,517,,,,,,,800,0,800,800,0,0,0.0,0.0,1.0,0.0,-414.09269562771857,True,800,800,0,9.125,14.875,,,16,0.6197916666666666,0,0,0.0,single,24,0.02,0.02,0.9,0,,,,,v11_full_10d,128,integer_tree_ranked_valid_or_none,fixed_point_int,1000000,bb255908bec90f8d54945322db333c5c2d2df5af1c5e76fc9016dc8c975a381e,viper_integer_ranked_artifact_v1,True,,,,,,,,,,,,,,,,,,,,,,,,,,,,,,,,,7200,517,6683,0,0,0.07180555555555555,0.9281944444444444,0.86,800,114.85625,884.0,0.12277777777777778,0.8772222222222222,0.12277777777777776,5949,0.82625,734,734,0,0,0,0.10194444444444445,0.10194444444444445,0.10983091426006285,367.0,242220.0,483706.0,0.5007587253414271,242220.0,0.0615598882254197,517,0.07180555555555555,5949.0,6316.0,,,,,,,,,,,bc_iter_001,bc,3,11,6,3,10,58,0.0725,58,0.0725,0,0.0,800,462,0.5775,0.505,0.008145084381103515,0.03236808776855469
mc_fairgen,0.65,12,2.0,0.5,1555,185,101555,viper_tree_agent,,True,1,20000000,25000,C_AMC_SEM,0.5,interval_qos_v2_single_recovery_full_C5_overinc016_abs005,True,True,4.0,lo,462,517,0,979,0,517,0,462,4516863,20000000,0.22584315,,,,517,,,,,,,800,0,800,800,0,0,0.0,0.0,1.0,0.0,-404.43526113458506,True,800,800,0,9.24125,14.75875,,,15,0.6149479166666667,0,0,0.0,single,24,0.02,0.02,0.9,0,,,,,v11_full_10d,128,integer_tree_ranked_valid_or_none,fixed_point_int,1000000,bb255908bec90f8d54945322db333c5c2d2df5af1c5e76fc9016dc8c975a381e,viper_integer_ranked_artifact_v1,True,,,,,,,,,,,,,,,,,,,,,,,,,,,,,,,,,7200,517,6683,0,0,0.07180555555555555,0.9281944444444444,0.86,800,57.24875,884.0,0.12277777777777778,0.8772222222222222,0.12277777777777776,5949,0.82625,734,734,0,0,0,0.10194444444444445,0.10194444444444445,0.10983091426006285,367.0,242220.0,483706.0,0.5007587253414271,242220.0,0.0615598882254197,517,0.07180555555555555,5949.0,6316.0,,,,,,,,,,,viper_iter_002,viper,3,11,6,3,10,0,0.0,0,0.0,0,0.0,800,448,0.56,0.56,0.004443330764770508,0.019398689270019528
mc_fairgen,0.65,12,2.0,0.5,1556,185,101556,c_amc_sem_baseline,,True,1,20000000,25000,C_AMC_SEM,0.5,interval_qos_v2_single_recovery_full_C5_overinc016_abs005,True,True,4.0,lo,492,736,0,1228,0,736,0,492,4805517,20000000,0.24027585,24.6,9767.310975609756,1,736,736,736,0,0,0,0.0,0,0,0,0,0,0,0.0,0.0,0.0,0.0,0.0,True,0,0,0,0.0,0.0,0,0.0,0,0.0,0,0,0.0,single,24,0.02,0.02,0.9,0,0,0.0,0,0.0,,,,,,,,,,,,,,,,,,,,,,,,,,,,,,,,,,,,,,,,,7200,736,6464,0,0,0.10222222222222223,0.8977777777777778,0.8625,0,,1127.0,0.15652777777777777,0.8434722222222222,0.15652777777777782,5682,0.7891666666666667,782,782,0,0,0,0.10861111111111112,0.10861111111111112,0.12097772277227722,391.0,258060.0,515338.0,0.5007587253414271,258060.0,0.06609535649769911,736,0.10222222222222223,5682.0,6073.0,,,,,,,,,,,,,,,,,,,,,,,,,,,,,
mc_fairgen,0.65,12,2.0,0.5,1556,185,101556,dqn_agent,mlp,True,1,20000000,25000,C_AMC_SEM,0.5,interval_qos_v2_single_recovery_full_C5_overinc016_abs005,True,True,4.0,lo,492,538,0,1030,0,538,0,492,4822484,20000000,0.2411242,24.6,9801.796747967479,1,538,538,538,0,0,0,0.0,800,0,800,800,0,0,0.0,0.0,1.0,0.0,-424.2852914207588,True,800,800,0,9.265,14.735,4800,0.25,15,0.6139583333333334,0,0,0.0,single,24,0.02,0.02,0.9,0,0,0.0,1388,0.07229166666666667,v11_full_10d,128,,,,,,,0.32838083972719523,467,0.0,0,0.0,0.0,0.0,0.0,0,0.0,0.0,0.0,0.0,325,0,0.47561194307433124,3.96,296,0.08387582769949047,0.8320833333333333,0.8320833333333333,0.0,"{""mc_hi_0"": 1.0, ""mc_hi_1"": 1.0, ""mc_hi_2"": 1.0, ""mc_hi_3"": 1.0, ""mc_hi_4"": 1.0, ""mc_hi_5"": 1.0, ""mc_lo_0"": 1.0, ""mc_lo_1"": 1.0, ""mc_lo_2"": 1.0, ""mc_lo_3"": 4.029411764705882, ""mc_lo_4"": 1.3066666666666666, ""mc_lo_5"": 4.043478260869565}","{""mc_hi_0"": 1.0, ""mc_hi_1"": 1.0, ""mc_hi_2"": 1.0, ""mc_hi_3"": 1.0, ""mc_hi_4"": 1.0, ""mc_hi_5"": 1.0, ""mc_lo_0"": 1.0, ""mc_lo_1"": 1.0, ""mc_lo_2"": 1.0, ""mc_lo_3"": 4.029411764705882, ""mc_lo_4"": 1.8104761904761906, ""mc_lo_5"": 4.043478260869565}","{""mc_hi_0"": 1.0, ""mc_hi_1"": 1.0, ""mc_hi_2"": 1.0, ""mc_hi_3"": 1.0, ""mc_hi_4"": 1.0, ""mc_hi_5"": 1.0, ""mc_lo_0"": 1.0, ""mc_lo_1"": 1.0, ""mc_lo_2"": 1.0, ""mc_lo_3"": 1.0, ""mc_lo_4"": 1.0, ""mc_lo_5"": 1.0}","{""mc_hi_0"": 0, ""mc_hi_1"": 0, ""mc_hi_2"": 0, ""mc_hi_3"": 0, ""mc_hi_4"": 0, ""mc_hi_5"": 0, ""mc_lo_0"": 0, ""mc_lo_1"": 0, ""mc_lo_2"": 0, ""mc_lo_3"": 62, ""mc_lo_4"": 345, ""mc_lo_5"": 68}","{""mc_hi_0"": 0, ""mc_hi_1"": 0, ""mc_hi_2"": 0, ""mc_hi_3"": 0, ""mc_hi_4"": 0, ""mc_hi_5"": 0, ""mc_lo_0"": 0, ""mc_lo_1"": 0, ""mc_lo_2"": 0, ""mc_lo_3"": 0, ""mc_lo_4"": 325, ""mc_lo_5"": 0}","{""mc_hi_0"": 0, ""mc_hi_1"": 0, ""mc_hi_2"": 0, ""mc_hi_3"": 0, ""mc_hi_4"": 0, ""mc_hi_5"": 0, ""mc_lo_0"": 0, ""mc_lo_1"": 0, ""mc_lo_2"": 0, ""mc_lo_3"": 0, ""mc_lo_4"": 325, ""mc_lo_5"": 0}","{""mc_hi_0"": 0, ""mc_hi_1"": 0, ""mc_hi_2"": 0, ""mc_hi_3"": 0, ""mc_hi_4"": 0, ""mc_hi_5"": 0, ""mc_lo_0"": 0, ""mc_lo_1"": 0, ""mc_lo_2"": 0, ""mc_lo_3"": 60, ""mc_lo_4"": 342, ""mc_lo_5"": 65}","{""mc_hi_0"": 0, ""mc_hi_1"": 0, ""mc_hi_2"": 0, ""mc_hi_3"": 0, ""mc_hi_4"": 0, ""mc_hi_5"": 0, ""mc_lo_0"": 0, ""mc_lo_1"": 0, ""mc_lo_2"": 0, ""mc_lo_3"": 62, ""mc_lo_4"": 14, ""mc_lo_5"": 46}","{""mc_hi_0"": 0, ""mc_hi_1"": 0, ""mc_hi_2"": 0, ""mc_hi_3"": 0, ""mc_hi_4"": 0, ""mc_hi_5"": 0, ""mc_lo_0"": 0, ""mc_lo_1"": 0, ""mc_lo_2"": 0, ""mc_lo_3"": 798, ""mc_lo_4"": 718, ""mc_lo_5"": 736}","{""mc_hi_0"": 0, ""mc_hi_1"": 0, ""mc_hi_2"": 0, ""mc_hi_3"": 0, ""mc_hi_4"": 0, ""mc_hi_5"": 0, ""mc_lo_0"": 0, ""mc_lo_1"": 0, ""mc_lo_2"": 0, ""mc_lo_3"": 0, ""mc_lo_4"": 0, ""mc_lo_5"": 0}",7200,538,6662,0,0,0.07472222222222222,0.9252777777777778,0.8625,800,51.48625,929.5,0.12909722222222222,0.8709027777777778,0.1290972222222222,5879,0.8165277777777777,783,783,0,0,0,0.10875,0.10875,0.11753227259081357,391.5,258390.0,515997.0,0.5007587253414271,258390.0,0.06568292678586816,538,0.07472222222222222,5879.0,6270.5,,,,,,,,,,0,,,,,,,,,,,,,,,,,,,
mc_fairgen,0.65,12,2.0,0.5,1556,185,101556,bc_tree_agent,,True,1,20000000,25000,C_AMC_SEM,0.5,interval_qos_v2_single_recovery_full_C5_overinc016_abs005,True,True,4.0,lo,492,531,0,1023,0,531,0,492,4822839,20000000,0.24114195,,,,531,,,,,,,800,0,800,800,0,0,0.0,0.0,1.0,0.0,-434.4561580189882,True,800,800,0,9.14,14.86,,,16,0.6191666666666666,0,0,0.0,single,24,0.02,0.02,0.9,0,,,,,v11_full_10d,128,integer_tree_ranked_valid_or_none,fixed_point_int,1000000,bb255908bec90f8d54945322db333c5c2d2df5af1c5e76fc9016dc8c975a381e,viper_integer_ranked_artifact_v1,True,,,,,,,,,,,,,,,,,,,,,,,,,,,,,,,,,7200,531,6669,0,0,0.07375,0.92625,0.8625,800,120.66625,922.5,0.128125,0.871875,0.12812500000000004,5886,0.8175,783,783,0,0,0,0.10875,0.10875,0.11740890688259109,391.5,258390.0,515997.0,0.5007587253414271,258390.0,0.06567311062407882,531,0.07375,5886.0,6277.5,,,,,,,,,,,bc_iter_001,bc,3,11,6,3,10,50,0.0625,50,0.0625,0,0.0,800,453,0.56625,0.50375,0.008921442031860351,0.03525886535644531
mc_fairgen,0.65,12,2.0,0.5,1556,185,101556,viper_tree_agent,,True,1,20000000,25000,C_AMC_SEM,0.5,interval_qos_v2_single_recovery_full_C5_overinc016_abs005,True,True,4.0,lo,492,531,0,1023,0,531,0,492,4822839,20000000,0.24114195,,,,531,,,,,,,800,0,800,800,0,0,0.0,0.0,1.0,0.0,-424.9605036351831,True,800,800,0,9.24125,14.75875,,,15,0.6149479166666667,0,0,0.0,single,24,0.02,0.02,0.9,0,,,,,v11_full_10d,128,integer_tree_ranked_valid_or_none,fixed_point_int,1000000,bb255908bec90f8d54945322db333c5c2d2df5af1c5e76fc9016dc8c975a381e,viper_integer_ranked_artifact_v1,True,,,,,,,,,,,,,,,,,,,,,,,,,,,,,,,,,7200,531,6669,0,0,0.07375,0.92625,0.8625,800,57.24875,922.5,0.128125,0.871875,0.12812500000000004,5886,0.8175,783,783,0,0,0,0.10875,0.10875,0.11740890688259109,391.5,258390.0,515997.0,0.5007587253414271,258390.0,0.06567311062407882,531,0.07375,5886.0,6277.5,,,,,,,,,,,viper_iter_002,viper,3,11,6,3,10,0,0.0,0,0.0,0,0.0,800,439,0.54875,0.54875,0.004672179222106934,0.020517349243164056
mc_fairgen,0.65,12,2.0,0.5,1557,185,101557,c_amc_sem_baseline,,True,1,20000000,25000,C_AMC_SEM,0.5,interval_qos_v2_single_recovery_full_C5_overinc016_abs005,True,True,4.0,lo,474,809,0,1283,0,809,0,474,4842278,20000000,0.2421139,23.7,10215.776371308017,1,809,809,809,0,0,0,0.0,0,0,0,0,0,0,0.0,0.0,0.0,0.0,0.0,True,0,0,0,0.0,0.0,0,0.0,0,0.0,0,0,0.0,single,24,0.02,0.02,0.9,0,0,0.0,0,0.0,,,,,,,,,,,,,,,,,,,,,,,,,,,,,,,,,,,,,,,,,7200,809,6391,0,0,0.1123611111111111,0.8876388888888889,0.855,0,,1206.5,0.16756944444444444,0.8324305555555556,0.16756944444444444,5596,0.7772222222222223,795,795,0,0,0,0.11041666666666666,0.11041666666666666,0.12439367861054608,397.5,262350.0,523905.0,0.5007587253414271,262350.0,0.06695088788080471,809,0.1123611111111111,5596.0,5993.5,,,,,,,,,,,,,,,,,,,,,,,,,,,,,
mc_fairgen,0.65,12,2.0,0.5,1557,185,101557,dqn_agent,mlp,True,1,20000000,25000,C_AMC_SEM,0.5,interval_qos_v2_single_recovery_full_C5_overinc016_abs005,True,True,4.0,lo,474,598,0,1072,0,598,0,474,4860167,20000000,0.24300835,23.7,10253.51687763713,1,598,598,598,0,0,0,0.0,800,0,800,800,0,0,0.0,0.0,1.0,0.0,-435.0816560832738,True,800,800,0,9.26125,14.73875,4800,0.25,15,0.6141145833333334,0,0,0.0,single,24,0.02,0.02,0.9,0,0,0.0,1391,0.07244791666666667,v11_full_10d,128,,,,,,,0.3665344111557667,470,0.0,0,0.0,0.0,0.0,0.0,0,0.0,0.0,0.0,0.0,322,0,0.48252454443734016,4.4925,301,0.08178947935497584,0.8320833333333333,0.8320833333333333,0.0,"{""mc_hi_0"": 1.0, ""mc_hi_1"": 1.0, ""mc_hi_2"": 1.0, ""mc_hi_3"": 1.0, ""mc_hi_4"": 1.0, ""mc_hi_5"": 1.0, ""mc_lo_0"": 1.0, ""mc_lo_1"": 1.0, ""mc_lo_2"": 1.0, ""mc_lo_3"": 4.029411764705882, ""mc_lo_4"": 1.4780952380952381, ""mc_lo_5"": 4.043478260869565}","{""mc_hi_0"": 1.0, ""mc_hi_1"": 1.0, ""mc_hi_2"": 1.0, ""mc_hi_3"": 1.0, ""mc_hi_4"": 1.0, ""mc_hi_5"": 1.0, ""mc_lo_0"": 1.0, ""mc_lo_1"": 1.0, ""mc_lo_2"": 1.0, ""mc_lo_3"": 4.029411764705882, ""mc_lo_4"": 1.920952380952381, ""mc_lo_5"": 4.043478260869565}","{""mc_hi_0"": 1.0, ""mc_hi_1"": 1.0, ""mc_hi_2"": 1.0, ""mc_hi_3"": 1.0, ""mc_hi_4"": 1.0, ""mc_hi_5"": 1.0, ""mc_lo_0"": 1.0, ""mc_lo_1"": 1.0, ""mc_lo_2"": 1.0, ""mc_lo_3"": 1.0, ""mc_lo_4"": 1.0, ""mc_lo_5"": 1.0}","{""mc_hi_0"": 0, ""mc_hi_1"": 0, ""mc_hi_2"": 0, ""mc_hi_3"": 0, ""mc_hi_4"": 0, ""mc_hi_5"": 0, ""mc_lo_0"": 0, ""mc_lo_1"": 0, ""mc_lo_2"": 0, ""mc_lo_3"": 62, ""mc_lo_4"": 348, ""mc_lo_5"": 68}","{""mc_hi_0"": 0, ""mc_hi_1"": 0, ""mc_hi_2"": 0, ""mc_hi_3"": 0, ""mc_hi_4"": 0, ""mc_hi_5"": 0, ""mc_lo_0"": 0, ""mc_lo_1"": 0, ""mc_lo_2"": 0, ""mc_lo_3"": 0, ""mc_lo_4"": 322, ""mc_lo_5"": 0}","{""mc_hi_0"": 0, ""mc_hi_1"": 0, ""mc_hi_2"": 0, ""mc_hi_3"": 0, ""mc_hi_4"": 0, ""mc_hi_5"": 0, ""mc_lo_0"": 0, ""mc_lo_1"": 0, ""mc_lo_2"": 0, ""mc_lo_3"": 0, ""mc_lo_4"": 322, ""mc_lo_5"": 0}","{""mc_hi_0"": 0, ""mc_hi_1"": 0, ""mc_hi_2"": 0, ""mc_hi_3"": 0, ""mc_hi_4"": 0, ""mc_hi_5"": 0, ""mc_lo_0"": 0, ""mc_lo_1"": 0, ""mc_lo_2"": 0, ""mc_lo_3"": 60, ""mc_lo_4"": 345, ""mc_lo_5"": 65}","{""mc_hi_0"": 0, ""mc_hi_1"": 0, ""mc_hi_2"": 0, ""mc_hi_3"": 0, ""mc_hi_4"": 0, ""mc_hi_5"": 0, ""mc_lo_0"": 0, ""mc_lo_1"": 0, ""mc_lo_2"": 0, ""mc_lo_3"": 62, ""mc_lo_4"": 13, ""mc_lo_5"": 59}","{""mc_hi_0"": 0, ""mc_hi_1"": 0, ""mc_hi_2"": 0, ""mc_hi_3"": 0, ""mc_hi_4"": 0, ""mc_hi_5"": 0, ""mc_lo_0"": 0, ""mc_lo_1"": 0, ""mc_lo_2"": 0, ""mc_lo_3"": 798, ""mc_lo_4"": 708, ""mc_lo_5"": 735}","{""mc_hi_0"": 0, ""mc_hi_1"": 0, ""mc_hi_2"": 0, ""mc_hi_3"": 0, ""mc_hi_4"": 0, ""mc_hi_5"": 0, ""mc_lo_0"": 0, ""mc_lo_1"": 0, ""mc_lo_2"": 0, ""mc_lo_3"": 0, ""mc_lo_4"": 0, ""mc_lo_5"": 0}",7200,598,6602,0,0,0.08305555555555555,0.9169444444444445,0.855,800,54.57375,995.5,0.13826388888888888,0.8617361111111111,0.13826388888888885,5807,0.8065277777777777,795,795,0,0,0,0.11041666666666666,0.11041666666666666,0.12041805513480763,397.5,262350.0,523905.0,0.5007587253414271,262350.0,0.06645845466297191,598,0.08305555555555555,5807.0,6204.5,,,,,,,,,,0,,,,,,,,,,,,,,,,,,,
mc_fairgen,0.65,12,2.0,0.5,1557,185,101557,bc_tree_agent,,True,1,20000000,25000,C_AMC_SEM,0.5,interval_qos_v2_single_recovery_full_C5_overinc016_abs005,True,True,4.0,lo,474,595,0,1069,0,595,0,474,4860239,20000000,0.24301195,,,,595,,,,,,,800,0,800,800,0,0,0.0,0.0,1.0,0.0,-444.4740198546013,True,800,800,0,9.16125,14.83875,,,16,0.61828125,0,0,0.0,single,24,0.02,0.02,0.9,0,,,,,v11_full_10d,128,integer_tree_ranked_valid_or_none,fixed_point_int,1000000,bb255908bec90f8d54945322db333c5c2d2df5af1c5e76fc9016dc8c975a381e,viper_integer_ranked_artifact_v1,True,,,,,,,,,,,,,,,,,,,,,,,,,,,,,,,,,7200,595,6605,0,0,0.08263888888888889,0.9173611111111111,0.855,800,106.4725,992.5,0.13784722222222223,0.8621527777777778,0.13784722222222223,5810,0.8069444444444445,795,795,0,0,0,0.11041666666666666,0.11041666666666666,0.12036336109008328,397.5,262350.0,523905.0,0.5007587253414271,262350.0,0.06645549179217049,595,0.08263888888888889,5810.0,6207.5,,,,,,,,,,,bc_iter_001,bc,3,11,6,3,10,43,0.05375,43,0.05375,0,0.0,800,454,0.5675,0.51375,0.007709436416625977,0.031716346740722656
mc_fairgen,0.65,12,2.0,0.5,1557,185,101557,viper_tree_agent,,True,1,20000000,25000,C_AMC_SEM,0.5,interval_qos_v2_single_recovery_full_C5_overinc016_abs005,True,True,4.0,lo,474,595,0,1069,0,595,0,474,4860239,20000000,0.24301195,,,,595,,,,,,,800,0,800,800,0,0,0.0,0.0,1.0,0.0,-436.9116138608696,True,800,800,0,9.24125,14.75875,,,15,0.6149479166666667,0,0,0.0,single,24,0.02,0.02,0.9,0,,,,,v11_full_10d,128,integer_tree_ranked_valid_or_none,fixed_point_int,1000000,bb255908bec90f8d54945322db333c5c2d2df5af1c5e76fc9016dc8c975a381e,viper_integer_ranked_artifact_v1,True,,,,,,,,,,,,,,,,,,,,,,,,,,,,,,,,,7200,595,6605,0,0,0.08263888888888889,0.9173611111111111,0.855,800,57.24875,992.5,0.13784722222222223,0.8621527777777778,0.13784722222222223,5810,0.8069444444444445,795,795,0,0,0,0.11041666666666666,0.11041666666666666,0.12036336109008328,397.5,262350.0,523905.0,0.5007587253414271,262350.0,0.06645549179217049,595,0.08263888888888889,5810.0,6207.5,,,,,,,,,,,viper_iter_002,viper,3,11,6,3,10,0,0.0,0,0.0,0,0.0,800,453,0.56625,0.56625,0.004240403175354004,0.021134376525878903
mc_fairgen,0.65,12,2.0,0.5,1558,185,101558,c_amc_sem_baseline,,True,1,20000000,25000,C_AMC_SEM,0.5,interval_qos_v2_single_recovery_full_C5_overinc016_abs005,True,True,4.0,lo,509,774,0,1283,0,774,0,509,4975491,20000000,0.24877455,25.45,9775.031434184675,1,774,774,774,0,0,0,0.0,0,0,0,0,0,0,0.0,0.0,0.0,0.0,0.0,True,0,0,0,0.0,0.0,0,0.0,0,0.0,0,0,0.0,single,24,0.02,0.02,0.9,0,0,0.0,0,0.0,,,,,,,,,,,,,,,,,,,,,,,,,,,,,,,,,,,,,,,,,7200,774,6426,0,0,0.1075,0.8925,0.86875,0,,1178.0,0.16361111111111112,0.8363888888888888,0.16361111111111115,5618,0.7802777777777777,808,808,0,0,0,0.11222222222222222,0.11222222222222222,0.12573918456271396,404.0,266640.0,532472.0,0.5007587253414271,266640.0,0.06825281596620329,774,0.1075,5618.0,6022.0,,,,,,,,,,,,,,,,,,,,,,,,,,,,,
mc_fairgen,0.65,12,2.0,0.5,1558,185,101558,dqn_agent,mlp,True,1,20000000,25000,C_AMC_SEM,0.5,interval_qos_v2_single_recovery_full_C5_overinc016_abs005,True,True,4.0,lo,509,562,0,1071,0,562,0,509,4993461,20000000,0.24967305,25.45,9810.335952848724,1,562,562,562,0,0,0,0.0,800,0,800,800,0,0,0.0,0.0,1.0,0.0,-430.892337931447,True,800,800,0,9.2575,14.7425,4800,0.25,15,0.6142708333333333,0,0,0.0,single,24,0.02,0.02,0.9,0,0,0.0,1394,0.07260416666666666,v11_full_10d,128,,,,,,,0.3370320302033857,469,0.0,0,0.0,0.0,0.0,0.0,0,0.0,0.0,0.0,0.0,323,0,0.4778325003552146,5.23375,285,0.08510414316965283,0.8320833333333333,0.8320833333333333,0.0,"{""mc_hi_0"": 1.0, ""mc_hi_1"": 1.0, ""mc_hi_2"": 1.0, ""mc_hi_3"": 1.0, ""mc_hi_4"": 1.0, ""mc_hi_5"": 1.0, ""mc_lo_0"": 1.0, ""mc_lo_1"": 1.0, ""mc_lo_2"": 1.0, ""mc_lo_3"": 4.029411764705882, ""mc_lo_4"": 1.418095238095238, ""mc_lo_5"": 4.043478260869565}","{""mc_hi_0"": 1.0, ""mc_hi_1"": 1.0, ""mc_hi_2"": 1.0, ""mc_hi_3"": 1.0, ""mc_hi_4"": 1.0, ""mc_hi_5"": 1.0, ""mc_lo_0"": 1.0, ""mc_lo_1"": 1.0, ""mc_lo_2"": 1.0, ""mc_lo_3"": 4.029411764705882, ""mc_lo_4"": 1.8233333333333333, ""mc_lo_5"": 4.043478260869565}","{""mc_hi_0"": 1.0, ""mc_hi_1"": 1.0, ""mc_hi_2"": 1.0, ""mc_hi_3"": 1.0, ""mc_hi_4"": 1.0, ""mc_hi_5"": 1.0, ""mc_lo_0"": 1.0, ""mc_lo_1"": 1.0, ""mc_lo_2"": 1.0, ""mc_lo_3"": 1.0, ""mc_lo_4"": 1.0, ""mc_lo_5"": 1.0}","{""mc_hi_0"": 0, ""mc_hi_1"": 0, ""mc_hi_2"": 0, ""mc_hi_3"": 0, ""mc_hi_4"": 0, ""mc_hi_5"": 0, ""mc_lo_0"": 0, ""mc_lo_1"": 0, ""mc_lo_2"": 0, ""mc_lo_3"": 62, ""mc_lo_4"": 347, ""mc_lo_5"": 68}","{""mc_hi_0"": 0, ""mc_hi_1"": 0, ""mc_hi_2"": 0, ""mc_hi_3"": 0, ""mc_hi_4"": 0, ""mc_hi_5"": 0, ""mc_lo_0"": 0, ""mc_lo_1"": 0, ""mc_lo_2"": 0, ""mc_lo_3"": 0, ""mc_lo_4"": 323, ""mc_lo_5"": 0}","{""mc_hi_0"": 0, ""mc_hi_1"": 0, ""mc_hi_2"": 0, ""mc_hi_3"": 0, ""mc_hi_4"": 0, ""mc_hi_5"": 0, ""mc_lo_0"": 0, ""mc_lo_1"": 0, ""mc_lo_2"": 0, ""mc_lo_3"": 0, ""mc_lo_4"": 323, ""mc_lo_5"": 0}","{""mc_hi_0"": 0, ""mc_hi_1"": 0, ""mc_hi_2"": 0, ""mc_hi_3"": 0, ""mc_hi_4"": 0, ""mc_hi_5"": 0, ""mc_lo_0"": 0, ""mc_lo_1"": 0, ""mc_lo_2"": 0, ""mc_lo_3"": 60, ""mc_lo_4"": 344, ""mc_lo_5"": 65}","{""mc_hi_0"": 0, ""mc_hi_1"": 0, ""mc_hi_2"": 0, ""mc_hi_3"": 0, ""mc_hi_4"": 0, ""mc_hi_5"": 0, ""mc_lo_0"": 0, ""mc_lo_1"": 0, ""mc_lo_2"": 0, ""mc_lo_3"": 62, ""mc_lo_4"": 18, ""mc_lo_5"": 68}","{""mc_hi_0"": 0, ""mc_hi_1"": 0, ""mc_hi_2"": 0, ""mc_hi_3"": 0, ""mc_hi_4"": 0, ""mc_hi_5"": 0, ""mc_lo_0"": 0, ""mc_lo_1"": 0, ""mc_lo_2"": 0, ""mc_lo_3"": 798, ""mc_lo_4"": 713, ""mc_lo_5"": 736}","{""mc_hi_0"": 0, ""mc_hi_1"": 0, ""mc_hi_2"": 0, ""mc_hi_3"": 0, ""mc_hi_4"": 0, ""mc_hi_5"": 0, ""mc_lo_0"": 0, ""mc_lo_1"": 0, ""mc_lo_2"": 0, ""mc_lo_3"": 0, ""mc_lo_4"": 0, ""mc_lo_5"": 0}",7200,562,6638,0,0,0.07805555555555556,0.9219444444444445,0.86875,800,52.11125,966.5,0.1342361111111111,0.8657638888888889,0.1342361111111111,5829,0.8095833333333333,809,809,0,0,0,0.1123611111111111,0.1123611111111111,0.12187405845134076,404.5,266970.0,533131.0,0.5007587253414271,266970.0,0.06770854864492869,562,0.07805555555555556,5829.0,6233.5,,,,,,,,,,0,,,,,,,,,,,,,,,,,,,
mc_fairgen,0.65,12,2.0,0.5,1558,185,101558,bc_tree_agent,,True,1,20000000,25000,C_AMC_SEM,0.5,interval_qos_v2_single_recovery_full_C5_overinc016_abs005,True,True,4.0,lo,509,553,0,1062,0,553,0,509,4995184,20000000,0.2497592,,,,553,,,,,,,800,0,800,800,0,0,0.0,0.0,1.0,0.0,-435.82755810057324,True,800,800,0,9.17125,14.82875,,,16,0.6178645833333334,0,0,0.0,single,24,0.02,0.02,0.9,0,,,,,v11_full_10d,128,integer_tree_ranked_valid_or_none,fixed_point_int,1000000,bb255908bec90f8d54945322db333c5c2d2df5af1c5e76fc9016dc8c975a381e,viper_integer_ranked_artifact_v1,True,,,,,,,,,,,,,,,,,,,,,,,,,,,,,,,,,7200,553,6647,0,0,0.07680555555555556,0.9231944444444444,0.86875,800,108.065,957.5,0.1329861111111111,0.8670138888888889,0.13298611111111114,5838,0.8108333333333333,809,809,0,0,0,0.1123611111111111,0.1123611111111111,0.12170904167293516,404.5,266970.0,533131.0,0.5007587253414271,266970.0,0.06767724113524978,553,0.07680555555555556,5838.0,6242.5,,,,,,,,,,,bc_iter_001,bc,3,11,6,3,10,34,0.0425,34,0.0425,0,0.0,800,472,0.59,0.5475,0.008628578186035156,0.03603763580322265
mc_fairgen,0.65,12,2.0,0.5,1558,185,101558,viper_tree_agent,,True,1,20000000,25000,C_AMC_SEM,0.5,interval_qos_v2_single_recovery_full_C5_overinc016_abs005,True,True,4.0,lo,509,549,0,1058,0,549,0,509,4995256,20000000,0.2497628,,,,549,,,,,,,800,0,800,800,0,0,0.0,0.0,1.0,0.0,-427.16318501830335,True,800,800,0,9.24125,14.75875,,,15,0.6149479166666667,0,0,0.0,single,24,0.02,0.02,0.9,0,,,,,v11_full_10d,128,integer_tree_ranked_valid_or_none,fixed_point_int,1000000,bb255908bec90f8d54945322db333c5c2d2df5af1c5e76fc9016dc8c975a381e,viper_integer_ranked_artifact_v1,True,,,,,,,,,,,,,,,,,,,,,,,,,,,,,,,,,7200,549,6651,0,0,0.07625,0.92375,0.86875,800,57.24875,953.5,0.13243055555555555,0.8675694444444444,0.1324305555555556,5842,0.8113888888888889,809,809,0,0,0,0.1123611111111111,0.1123611111111111,0.12163584423394978,404.5,266970.0,533131.0,0.5007587253414271,266970.0,0.06765616264848649,549,0.07625,5842.0,6246.5,,,,,,,,,,,viper_iter_002,viper,3,11,6,3,10,0,0.0,0,0.0,0,0.0,800,471,0.58875,0.58875,0.004858226776123047,0.0221343994140625
mc_fairgen,0.65,12,2.0,0.5,1559,185,101559,c_amc_sem_baseline,,True,1,20000000,25000,C_AMC_SEM,0.5,interval_qos_v2_single_recovery_full_C5_overinc016_abs005,True,True,4.0,lo,478,731,0,1209,0,731,0,478,4767832,20000000,0.2383916,23.900000000000002,9974.543933054394,1,731,731,731,0,0,0,0.0,0,0,0,0,0,0,0.0,0.0,0.0,0.0,0.0,True,0,0,0,0.0,0.0,0,0.0,0,0.0,0,0,0.0,single,24,0.02,0.02,0.9,0,0,0.0,0,0.0,,,,,,,,,,,,,,,,,,,,,,,,,,,,,,,,,,,,,,,,,7200,731,6469,0,0,0.10152777777777777,0.8984722222222222,0.865,0,,1123.5,0.15604166666666666,0.8439583333333334,0.15604166666666663,5684,0.7894444444444444,785,785,0,0,0,0.10902777777777778,0.10902777777777778,0.12134796722831968,392.5,259050.0,517315.0,0.5007587253414271,259050.0,0.06614308814303758,731,0.10152777777777777,5684.0,6076.5,,,,,,,,,,,,,,,,,,,,,,,,,,,,,
mc_fairgen,0.65,12,2.0,0.5,1559,185,101559,dqn_agent,mlp,True,1,20000000,25000,C_AMC_SEM,0.5,interval_qos_v2_single_recovery_full_C5_overinc016_abs005,True,True,4.0,lo,478,525,0,1003,0,525,0,478,4783788,20000000,0.2391894,23.900000000000002,10007.92468619247,1,525,525,525,0,0,0,0.0,800,0,800,800,0,0,0.0,0.0,1.0,0.0,-413.46391404320383,True,800,800,0,9.26625,14.73375,4800,0.25,15,0.61390625,0,0,0.0,single,24,0.02,0.02,0.9,0,0,0.0,1387,0.07223958333333333,v11_full_10d,128,,,,,,,0.3419296492510048,468,0.0,0,0.0,0.0,0.0,0.0,0,0.0,0.0,0.0,0.0,324,0,0.4787782107589413,4.50625,317,0.08226684446627426,0.8320833333333333,0.8320833333333333,0.0,"{""mc_hi_0"": 1.0, ""mc_hi_1"": 1.0, ""mc_hi_2"": 1.0, ""mc_hi_3"": 1.0, ""mc_hi_4"": 1.0, ""mc_hi_5"": 1.0, ""mc_lo_0"": 1.0, ""mc_lo_1"": 1.0, ""mc_lo_2"": 1.0, ""mc_lo_3"": 4.029411764705882, ""mc_lo_4"": 1.360952380952381, ""mc_lo_5"": 4.043478260869565}","{""mc_hi_0"": 1.0, ""mc_hi_1"": 1.0, ""mc_hi_2"": 1.0, ""mc_hi_3"": 1.0, ""mc_hi_4"": 1.0, ""mc_hi_5"": 1.0, ""mc_lo_0"": 1.0, ""mc_lo_1"": 1.0, ""mc_lo_2"": 1.0, ""mc_lo_3"": 4.029411764705882, ""mc_lo_4"": 1.8957142857142857, ""mc_lo_5"": 4.043478260869565}","{""mc_hi_0"": 1.0, ""mc_hi_1"": 1.0, ""mc_hi_2"": 1.0, ""mc_hi_3"": 1.0, ""mc_hi_4"": 1.0, ""mc_hi_5"": 1.0, ""mc_lo_0"": 1.0, ""mc_lo_1"": 1.0, ""mc_lo_2"": 1.0, ""mc_lo_3"": 1.0, ""mc_lo_4"": 1.0, ""mc_lo_5"": 1.0}","{""mc_hi_0"": 0, ""mc_hi_1"": 0, ""mc_hi_2"": 0, ""mc_hi_3"": 0, ""mc_hi_4"": 0, ""mc_hi_5"": 0, ""mc_lo_0"": 0, ""mc_lo_1"": 0, ""mc_lo_2"": 0, ""mc_lo_3"": 62, ""mc_lo_4"": 346, ""mc_lo_5"": 68}","{""mc_hi_0"": 0, ""mc_hi_1"": 0, ""mc_hi_2"": 0, ""mc_hi_3"": 0, ""mc_hi_4"": 0, ""mc_hi_5"": 0, ""mc_lo_0"": 0, ""mc_lo_1"": 0, ""mc_lo_2"": 0, ""mc_lo_3"": 0, ""mc_lo_4"": 324, ""mc_lo_5"": 0}","{""mc_hi_0"": 0, ""mc_hi_1"": 0, ""mc_hi_2"": 0, ""mc_hi_3"": 0, ""mc_hi_4"": 0, ""mc_hi_5"": 0, ""mc_lo_0"": 0, ""mc_lo_1"": 0, ""mc_lo_2"": 0, ""mc_lo_3"": 0, ""mc_lo_4"": 324, ""mc_lo_5"": 0}","{""mc_hi_0"": 0, ""mc_hi_1"": 0, ""mc_hi_2"": 0, ""mc_hi_3"": 0, ""mc_hi_4"": 0, ""mc_hi_5"": 0, ""mc_lo_0"": 0, ""mc_lo_1"": 0, ""mc_lo_2"": 0, ""mc_lo_3"": 60, ""mc_lo_4"": 343, ""mc_lo_5"": 65}","{""mc_hi_0"": 0, ""mc_hi_1"": 0, ""mc_hi_2"": 0, ""mc_hi_3"": 0, ""mc_hi_4"": 0, ""mc_hi_5"": 0, ""mc_lo_0"": 0, ""mc_lo_1"": 0, ""mc_lo_2"": 0, ""mc_lo_3"": 62, ""mc_lo_4"": 10, ""mc_lo_5"": 60}","{""mc_hi_0"": 0, ""mc_hi_1"": 0, ""mc_hi_2"": 0, ""mc_hi_3"": 0, ""mc_hi_4"": 0, ""mc_hi_5"": 0, ""mc_lo_0"": 0, ""mc_lo_1"": 0, ""mc_lo_2"": 0, ""mc_lo_3"": 798, ""mc_lo_4"": 712, ""mc_lo_5"": 736}","{""mc_hi_0"": 0, ""mc_hi_1"": 0, ""mc_hi_2"": 0, ""mc_hi_3"": 0, ""mc_hi_4"": 0, ""mc_hi_5"": 0, ""mc_lo_0"": 0, ""mc_lo_1"": 0, ""mc_lo_2"": 0, ""mc_lo_3"": 0, ""mc_lo_4"": 0, ""mc_lo_5"": 0}",7200,525,6675,0,0,0.07291666666666667,0.9270833333333334,0.865,800,52.57375,917.5,0.12743055555555555,0.8725694444444444,0.1274305555555556,5890,0.8180555555555555,785,785,0,0,0,0.10902777777777778,0.10902777777777778,0.11760299625468165,392.5,259050.0,517315.0,0.5007587253414271,259050.0,0.06557738092977866,525,0.07291666666666667,5890.0,6282.5,,,,,,,,,,0,,,,,,,,,,,,,,,,,,,
mc_fairgen,0.65,12,2.0,0.5,1559,185,101559,bc_tree_agent,,True,1,20000000,25000,C_AMC_SEM,0.5,interval_qos_v2_single_recovery_full_C5_overinc016_abs005,True,True,4.0,lo,478,522,0,1000,0,522,0,478,4782955,20000000,0.23914775,,,,522,,,,,,,800,0,800,800,0,0,0.0,0.0,1.0,0.0,-423.3672260381873,True,800,800,0,9.125,14.875,,,16,0.6197916666666666,0,0,0.0,single,24,0.02,0.02,0.9,0,,,,,v11_full_10d,128,integer_tree_ranked_valid_or_none,fixed_point_int,1000000,bb255908bec90f8d54945322db333c5c2d2df5af1c5e76fc9016dc8c975a381e,viper_integer_ranked_artifact_v1,True,,,,,,,,,,,,,,,,,,,,,,,,,,,,,,,,,7200,522,6678,0,0,0.0725,0.9275,0.865,800,113.835,914.5,0.1270138888888889,0.8729861111111111,0.12701388888888887,5893,0.8184722222222223,785,785,0,0,0,0.10902777777777778,0.10902777777777778,0.11755016471997604,392.5,259050.0,517315.0,0.5007587253414271,259050.0,0.06559582941691246,522,0.0725,5893.0,6285.5,,,,,,,,,,,bc_iter_001,bc,3,11,6,3,10,57,0.07125,57,0.07125,0,0.0,800,461,0.57625,0.505,0.008346405029296875,0.03380317687988281
mc_fairgen,0.65,12,2.0,0.5,1559,185,101559,viper_tree_agent,,True,1,20000000,25000,C_AMC_SEM,0.5,interval_qos_v2_single_recovery_full_C5_overinc016_abs005,True,True,4.0,lo,478,520,0,998,0,520,0,478,4783691,20000000,0.23918455,,,,520,,,,,,,800,0,800,800,0,0,0.0,0.0,1.0,0.0,-413.50611896451426,True,800,800,0,9.24125,14.75875,,,15,0.6149479166666667,0,0,0.0,single,24,0.02,0.02,0.9,0,,,,,v11_full_10d,128,integer_tree_ranked_valid_or_none,fixed_point_int,1000000,bb255908bec90f8d54945322db333c5c2d2df5af1c5e76fc9016dc8c975a381e,viper_integer_ranked_artifact_v1,True,,,,,,,,,,,,,,,,,,,,,,,,,,,,,,,,,7200,520,6680,0,0,0.07222222222222222,0.9277777777777778,0.865,800,57.24875,912.5,0.1267361111111111,0.8732638888888888,0.12673611111111116,5895,0.81875,785,785,0,0,0,0.10902777777777778,0.10902777777777778,0.11751497005988024,392.5,259050.0,517315.0,0.5007587253414271,259050.0,0.06558100006658098,520,0.07222222222222222,5895.0,6287.5,,,,,,,,,,,viper_iter_002,viper,3,11,6,3,10,0,0.0,0,0.0,0,0.0,800,459,0.57375,0.57375,0.004179983139038086,0.018704223632812492
mc_fairgen,0.65,12,2.0,0.5,1560,185,101560,c_amc_sem_baseline,,True,1,20000000,25000,C_AMC_SEM,0.5,interval_qos_v2_single_recovery_full_C5_overinc016_abs005,True,True,4.0,lo,482,792,0,1274,0,792,0,482,4889628,20000000,0.2444814,24.1,10144.456431535269,1,792,792,792,0,0,0,0.0,0,0,0,0,0,0,0.0,0.0,0.0,0.0,0.0,True,0,0,0,0.0,0.0,0,0.0,0,0.0,0,0,0.0,single,24,0.02,0.02,0.9,0,0,0.0,0,0.0,,,,,,,,,,,,,,,,,,,,,,,,,,,,,,,,,,,,,,,,,7200,792,6408,0,0,0.11,0.89,0.85875,0,,1192.5,0.165625,0.834375,0.16562500000000002,5607,0.77875,801,801,0,0,0,0.11125,0.11125,0.125,400.5,264330.0,527859.0,0.5007587253414271,264330.0,0.06744311424760985,792,0.11,5607.0,6007.5,,,,,,,,,,,,,,,,,,,,,,,,,,,,,
mc_fairgen,0.65,12,2.0,0.5,1560,185,101560,dqn_agent,mlp,True,1,20000000,25000,C_AMC_SEM,0.5,interval_qos_v2_single_recovery_full_C5_overinc016_abs005,True,True,4.0,lo,482,555,0,1037,0,555,0,482,4906882,20000000,0.2453441,24.1,10180.253112033195,1,555,555,555,0,0,0,0.0,800,0,800,800,0,0,0.0,0.0,1.0,0.0,-426.62546694897287,True,800,800,0,9.2775,14.7225,4800,0.25,15,0.6134375,0,0,0.0,single,24,0.02,0.02,0.9,0,0,0.0,1378,0.07177083333333334,v11_full_10d,128,,,,,,,0.3291034587748143,471,0.0,0,0.0,0.0,0.0,0.0,0,0.0,0.0,0.0,0.0,321,0,0.47490714881967283,3.95375,295,0.0825911857645358,0.8320833333333333,0.8320833333333333,0.0,"{""mc_hi_0"": 1.0, ""mc_hi_1"": 1.0, ""mc_hi_2"": 1.0, ""mc_hi_3"": 1.0, ""mc_hi_4"": 1.0, ""mc_hi_5"": 1.0, ""mc_lo_0"": 1.0, ""mc_lo_1"": 1.0, ""mc_lo_2"": 1.0, ""mc_lo_3"": 4.029411764705882, ""mc_lo_4"": 1.5314285714285714, ""mc_lo_5"": 4.043478260869565}","{""mc_hi_0"": 1.0, ""mc_hi_1"": 1.0, ""mc_hi_2"": 1.0, ""mc_hi_3"": 1.0, ""mc_hi_4"": 1.0, ""mc_hi_5"": 1.0, ""mc_lo_0"": 1.0, ""mc_lo_1"": 1.0, ""mc_lo_2"": 1.0, ""mc_lo_3"": 4.029411764705882, ""mc_lo_4"": 1.8161904761904761, ""mc_lo_5"": 4.043478260869565}","{""mc_hi_0"": 1.0, ""mc_hi_1"": 1.0, ""mc_hi_2"": 1.0, ""mc_hi_3"": 1.0, ""mc_hi_4"": 1.0, ""mc_hi_5"": 1.0, ""mc_lo_0"": 1.0, ""mc_lo_1"": 1.0, ""mc_lo_2"": 1.0, ""mc_lo_3"": 1.0, ""mc_lo_4"": 1.0, ""mc_lo_5"": 1.0}","{""mc_hi_0"": 0, ""mc_hi_1"": 0, ""mc_hi_2"": 0, ""mc_hi_3"": 0, ""mc_hi_4"": 0, ""mc_hi_5"": 0, ""mc_lo_0"": 0, ""mc_lo_1"": 0, ""mc_lo_2"": 0, ""mc_lo_3"": 62, ""mc_lo_4"": 349, ""mc_lo_5"": 68}","{""mc_hi_0"": 0, ""mc_hi_1"": 0, ""mc_hi_2"": 0, ""mc_hi_3"": 0, ""mc_hi_4"": 0, ""mc_hi_5"": 0, ""mc_lo_0"": 0, ""mc_lo_1"": 0, ""mc_lo_2"": 0, ""mc_lo_3"": 0, ""mc_lo_4"": 321, ""mc_lo_5"": 0}","{""mc_hi_0"": 0, ""mc_hi_1"": 0, ""mc_hi_2"": 0, ""mc_hi_3"": 0, ""mc_hi_4"": 0, ""mc_hi_5"": 0, ""mc_lo_0"": 0, ""mc_lo_1"": 0, ""mc_lo_2"": 0, ""mc_lo_3"": 0, ""mc_lo_4"": 321, ""mc_lo_5"": 0}","{""mc_hi_0"": 0, ""mc_hi_1"": 0, ""mc_hi_2"": 0, ""mc_hi_3"": 0, ""mc_hi_4"": 0, ""mc_hi_5"": 0, ""mc_lo_0"": 0, ""mc_lo_1"": 0, ""mc_lo_2"": 0, ""mc_lo_3"": 60, ""mc_lo_4"": 346, ""mc_lo_5"": 65}","{""mc_hi_0"": 0, ""mc_hi_1"": 0, ""mc_hi_2"": 0, ""mc_hi_3"": 0, ""mc_hi_4"": 0, ""mc_hi_5"": 0, ""mc_lo_0"": 0, ""mc_lo_1"": 0, ""mc_lo_2"": 0, ""mc_lo_3"": 62, ""mc_lo_4"": 17, ""mc_lo_5"": 48}","{""mc_hi_0"": 0, ""mc_hi_1"": 0, ""mc_hi_2"": 0, ""mc_hi_3"": 0, ""mc_hi_4"": 0, ""mc_hi_5"": 0, ""mc_lo_0"": 0, ""mc_lo_1"": 0, ""mc_lo_2"": 0, ""mc_lo_3"": 798, ""mc_lo_4"": 706, ""mc_lo_5"": 736}","{""mc_hi_0"": 0, ""mc_hi_1"": 0, ""mc_hi_2"": 0, ""mc_hi_3"": 0, ""mc_hi_4"": 0, ""mc_hi_5"": 0, ""mc_lo_0"": 0, ""mc_lo_1"": 0, ""mc_lo_2"": 0, ""mc_lo_3"": 0, ""mc_lo_4"": 0, ""mc_lo_5"": 0}",7200,555,6645,0,0,0.07708333333333334,0.9229166666666666,0.87,800,51.34125,955.5,0.13270833333333334,0.8672916666666667,0.13270833333333332,5844,0.8116666666666666,801,801,0,0,0,0.11125,0.11125,0.12054176072234762,400.5,264330.0,527859.0,0.5007587253414271,264330.0,0.06688855728166199,555,0.07708333333333334,5844.0,6244.5,,,,,,,,,,0,,,,,,,,,,,,,,,,,,,
mc_fairgen,0.65,12,2.0,0.5,1560,185,101560,bc_tree_agent,,True,1,20000000,25000,C_AMC_SEM,0.5,interval_qos_v2_single_recovery_full_C5_overinc016_abs005,True,True,4.0,lo,482,554,0,1036,0,554,0,482,4906715,20000000,0.24533575,,,,554,,,,,,,800,0,800,800,0,0,0.0,0.0,1.0,0.0,-439.9072031919148,True,800,800,0,9.1525,14.8475,,,16,0.6186458333333333,0,0,0.0,single,24,0.02,0.02,0.9,0,,,,,v11_full_10d,128,integer_tree_ranked_valid_or_none,fixed_point_int,1000000,bb255908bec90f8d54945322db333c5c2d2df5af1c5e76fc9016dc8c975a381e,viper_integer_ranked_artifact_v1,True,,,,,,,,,,,,,,,,,,,,,,,,,,,,,,,,,7200,554,6646,0,0,0.07694444444444444,0.9230555555555555,0.87,800,116.8175,954.5,0.13256944444444443,0.8674305555555556,0.1325694444444444,5845,0.8118055555555556,801,801,0,0,0,0.11125,0.11125,0.12052362323201926,400.5,264330.0,527859.0,0.5007587253414271,264330.0,0.06689497289327527,554,0.07694444444444444,5845.0,6245.5,,,,,,,,,,,bc_iter_001,bc,3,11,6,3,10,44,0.055,44,0.055,0,0.0,800,444,0.555,0.5,0.009193358421325683,0.03590259552001952
mc_fairgen,0.65,12,2.0,0.5,1560,185,101560,viper_tree_agent,,True,1,20000000,25000,C_AMC_SEM,0.5,interval_qos_v2_single_recovery_full_C5_overinc016_abs005,True,True,4.0,lo,482,551,0,1033,0,551,0,482,4906980,20000000,0.245349,,,,551,,,,,,,800,0,800,800,0,0,0.0,0.0,1.0,0.0,-429.6815979740697,True,800,800,0,9.24125,14.75875,,,15,0.6149479166666667,0,0,0.0,single,24,0.02,0.02,0.9,0,,,,,v11_full_10d,128,integer_tree_ranked_valid_or_none,fixed_point_int,1000000,bb255908bec90f8d54945322db333c5c2d2df5af1c5e76fc9016dc8c975a381e,viper_integer_ranked_artifact_v1,True,,,,,,,,,,,,,,,,,,,,,,,,,,,,,,,,,7200,551,6649,0,0,0.07652777777777778,0.9234722222222222,0.87,800,57.24875,951.5,0.13215277777777779,0.8678472222222222,0.13215277777777779,5848,0.8122222222222222,801,801,0,0,0,0.11125,0.11125,0.12046924349526245,400.5,264330.0,527859.0,0.5007587253414271,264330.0,0.06688168598627145,551,0.07652777777777778,5848.0,6248.5,,,,,,,,,,,viper_iter_002,viper,3,11,6,3,10,0,0.0,0,0.0,0,0.0,800,437,0.54625,0.54625,0.004859676361083984,0.0216714859008789
mc_fairgen,0.65,12,2.0,0.5,1561,185,101561,c_amc_sem_baseline,,True,1,20000000,25000,C_AMC_SEM,0.5,interval_qos_v2_single_recovery_full_C5_overinc016_abs005,True,True,4.0,lo,479,780,0,1259,0,780,0,479,4623186,20000000,0.2311593,23.95,9651.745302713987,1,780,780,780,0,0,0,0.0,0,0,0,0,0,0,0.0,0.0,0.0,0.0,0.0,True,0,0,0,0.0,0.0,0,0.0,0,0.0,0,0,0.0,single,24,0.02,0.02,0.9,0,0,0.0,0,0.0,,,,,,,,,,,,,,,,,,,,,,,,,,,,,,,,,,,,,,,,,7200,780,6420,0,0,0.10833333333333334,0.8916666666666666,0.865,0,,1155.0,0.16041666666666668,0.8395833333333333,0.16041666666666665,5670,0.7875,750,750,0,0,0,0.10416666666666667,0.10416666666666667,0.11682242990654206,375.0,247500.0,494250.0,0.5007587253414271,247500.0,0.0630250656415608,780,0.10833333333333334,5670.0,6045.0,,,,,,,,,,,,,,,,,,,,,,,,,,,,,
mc_fairgen,0.65,12,2.0,0.5,1561,185,101561,dqn_agent,mlp,True,1,20000000,25000,C_AMC_SEM,0.5,interval_qos_v2_single_recovery_full_C5_overinc016_abs005,True,True,4.0,lo,479,561,0,1040,0,561,0,479,4635805,20000000,0.23179025,23.95,9678.089770354905,1,561,561,561,0,0,0,0.0,800,0,800,800,0,0,0.0,0.0,1.0,0.0,-422.19140389834024,True,800,800,0,9.27625,14.72375,4800,0.25,15,0.6134895833333334,0,0,0.0,single,24,0.02,0.02,0.9,0,0,0.0,1379,0.07182291666666667,v11_full_10d,128,,,,,,,0.32650941115576665,471,0.0,0,0.0,0.0,0.0,0.0,0,0.0,0.0,0.0,0.0,321,0,0.47601118393009384,4.675,316,0.08237689906410058,0.8320833333333333,0.8320833333333333,0.0,"{""mc_hi_0"": 1.0, ""mc_hi_1"": 1.0, ""mc_hi_2"": 1.0, ""mc_hi_3"": 1.0, ""mc_hi_4"": 1.0, ""mc_hi_5"": 1.0, ""mc_lo_0"": 1.0, ""mc_lo_1"": 1.0, ""mc_lo_2"": 1.0, ""mc_lo_3"": 4.029411764705882, ""mc_lo_4"": 1.5295238095238095, ""mc_lo_5"": 4.043478260869565}","{""mc_hi_0"": 1.0, ""mc_hi_1"": 1.0, ""mc_hi_2"": 1.0, ""mc_hi_3"": 1.0, ""mc_hi_4"": 1.0, ""mc_hi_5"": 1.0, ""mc_lo_0"": 1.0, ""mc_lo_1"": 1.0, ""mc_lo_2"": 1.0, ""mc_lo_3"": 4.029411764705882, ""mc_lo_4"": 1.7942857142857143, ""mc_lo_5"": 4.043478260869565}","{""mc_hi_0"": 1.0, ""mc_hi_1"": 1.0, ""mc_hi_2"": 1.0, ""mc_hi_3"": 1.0, ""mc_hi_4"": 1.0, ""mc_hi_5"": 1.0, ""mc_lo_0"": 1.0, ""mc_lo_1"": 1.0, ""mc_lo_2"": 1.0, ""mc_lo_3"": 1.0, ""mc_lo_4"": 1.0, ""mc_lo_5"": 1.0}","{""mc_hi_0"": 0, ""mc_hi_1"": 0, ""mc_hi_2"": 0, ""mc_hi_3"": 0, ""mc_hi_4"": 0, ""mc_hi_5"": 0, ""mc_lo_0"": 0, ""mc_lo_1"": 0, ""mc_lo_2"": 0, ""mc_lo_3"": 62, ""mc_lo_4"": 349, ""mc_lo_5"": 68}","{""mc_hi_0"": 0, ""mc_hi_1"": 0, ""mc_hi_2"": 0, ""mc_hi_3"": 0, ""mc_hi_4"": 0, ""mc_hi_5"": 0, ""mc_lo_0"": 0, ""mc_lo_1"": 0, ""mc_lo_2"": 0, ""mc_lo_3"": 0, ""mc_lo_4"": 321, ""mc_lo_5"": 0}","{""mc_hi_0"": 0, ""mc_hi_1"": 0, ""mc_hi_2"": 0, ""mc_hi_3"": 0, ""mc_hi_4"": 0, ""mc_hi_5"": 0, ""mc_lo_0"": 0, ""mc_lo_1"": 0, ""mc_lo_2"": 0, ""mc_lo_3"": 0, ""mc_lo_4"": 321, ""mc_lo_5"": 0}","{""mc_hi_0"": 0, ""mc_hi_1"": 0, ""mc_hi_2"": 0, ""mc_hi_3"": 0, ""mc_hi_4"": 0, ""mc_hi_5"": 0, ""mc_lo_0"": 0, ""mc_lo_1"": 0, ""mc_lo_2"": 0, ""mc_lo_3"": 60, ""mc_lo_4"": 346, ""mc_lo_5"": 65}","{""mc_hi_0"": 0, ""mc_hi_1"": 0, ""mc_hi_2"": 0, ""mc_hi_3"": 0, ""mc_hi_4"": 0, ""mc_hi_5"": 0, ""mc_lo_0"": 0, ""mc_lo_1"": 0, ""mc_lo_2"": 0, ""mc_lo_3"": 62, ""mc_lo_4"": 17, ""mc_lo_5"": 62}","{""mc_hi_0"": 0, ""mc_hi_1"": 0, ""mc_hi_2"": 0, ""mc_hi_3"": 0, ""mc_hi_4"": 0, ""mc_hi_5"": 0, ""mc_lo_0"": 0, ""mc_lo_1"": 0, ""mc_lo_2"": 0, ""mc_lo_3"": 798, ""mc_lo_4"": 688, ""mc_lo_5"": 736}","{""mc_hi_0"": 0, ""mc_hi_1"": 0, ""mc_hi_2"": 0, ""mc_hi_3"": 0, ""mc_hi_4"": 0, ""mc_hi_5"": 0, ""mc_lo_0"": 0, ""mc_lo_1"": 0, ""mc_lo_2"": 0, ""mc_lo_3"": 0, ""mc_lo_4"": 0, ""mc_lo_5"": 0}",7200,561,6639,0,0,0.07791666666666666,0.9220833333333334,0.865,800,51.14375,936.0,0.13,0.87,0.13,5889,0.8179166666666666,750,750,0,0,0,0.10416666666666667,0.10416666666666667,0.11296882060551287,375.0,247500.0,494250.0,0.5007587253414271,247500.0,0.06247398494919666,561,0.07791666666666666,5889.0,6264.0,,,,,,,,,,0,,,,,,,,,,,,,,,,,,,
mc_fairgen,0.65,12,2.0,0.5,1561,185,101561,bc_tree_agent,,True,1,20000000,25000,C_AMC_SEM,0.5,interval_qos_v2_single_recovery_full_C5_overinc016_abs005,True,True,4.0,lo,479,551,0,1030,0,551,0,479,4636018,20000000,0.2318009,,,,551,,,,,,,800,0,800,800,0,0,0.0,0.0,1.0,0.0,-429.72230013835633,True,800,800,0,9.13125,14.86875,,,16,0.61953125,0,0,0.0,single,24,0.02,0.02,0.9,0,,,,,v11_full_10d,128,integer_tree_ranked_valid_or_none,fixed_point_int,1000000,bb255908bec90f8d54945322db333c5c2d2df5af1c5e76fc9016dc8c975a381e,viper_integer_ranked_artifact_v1,True,,,,,,,,,,,,,,,,,,,,,,,,,,,,,,,,,7200,551,6649,0,0,0.07652777777777778,0.9234722222222222,0.865,800,116.79875,926.0,0.12861111111111112,0.8713888888888889,0.12861111111111112,5899,0.8193055555555555,750,750,0,0,0,0.10416666666666667,0.10416666666666667,0.11279891713039555,375.0,247500.0,494250.0,0.5007587253414271,247500.0,0.06245656429846516,551,0.07652777777777778,5899.0,6274.0,,,,,,,,,,,bc_iter_001,bc,3,11,6,3,10,63,0.07875,63,0.07875,0,0.0,800,459,0.57375,0.495,0.009575200080871583,0.03743896484374999
mc_fairgen,0.65,12,2.0,0.5,1561,185,101561,viper_tree_agent,,True,1,20000000,25000,C_AMC_SEM,0.5,interval_qos_v2_single_recovery_full_C5_overinc016_abs005,True,True,4.0,lo,479,549,0,1028,0,549,0,479,4636129,20000000,0.23180645,,,,549,,,,,,,800,0,800,800,0,0,0.0,0.0,1.0,0.0,-419.5098821040817,True,800,800,0,9.24125,14.75875,,,15,0.6149479166666667,0,0,0.0,single,24,0.02,0.02,0.9,0,,,,,v11_full_10d,128,integer_tree_ranked_valid_or_none,fixed_point_int,1000000,bb255908bec90f8d54945322db333c5c2d2df5af1c5e76fc9016dc8c975a381e,viper_integer_ranked_artifact_v1,True,,,,,,,,,,,,,,,,,,,,,,,,,,,,,,,,,7200,549,6651,0,0,0.07625,0.92375,0.865,800,57.24875,924.0,0.12833333333333333,0.8716666666666667,0.1283333333333333,5901,0.8195833333333333,750,750,0,0,0,0.10416666666666667,0.10416666666666667,0.11276499774470004,375.0,247500.0,494250.0,0.5007587253414271,247500.0,0.06245133211845516,549,0.07625,5901.0,6276.0,,,,,,,,,,,viper_iter_002,viper,3,11,6,3,10,0,0.0,0,0.0,0,0.0,800,474,0.5925,0.5925,0.004026670455932618,0.019761466979980467
mc_fairgen,0.65,12,2.0,0.5,1562,185,101562,c_amc_sem_baseline,,True,1,20000000,25000,C_AMC_SEM,0.5,interval_qos_v2_single_recovery_full_C5_overinc016_abs005,True,True,4.0,lo,476,790,0,1266,0,790,0,476,4603860,20000000,0.230193,23.8,9671.974789915967,1,790,790,790,0,0,0,0.0,0,0,0,0,0,0,0.0,0.0,0.0,0.0,0.0,True,0,0,0,0.0,0.0,0,0.0,0,0.0,0,0,0.0,single,24,0.02,0.02,0.9,0,0,0.0,0,0.0,,,,,,,,,,,,,,,,,,,,,,,,,,,,,,,,,,,,,,,,,7200,790,6410,0,0,0.10972222222222222,0.8902777777777777,0.8575,0,,1163.0,0.16152777777777777,0.8384722222222222,0.16152777777777783,5664,0.7866666666666666,746,746,0,0,0,0.10361111111111111,0.10361111111111111,0.11638065522620905,373.0,246180.0,491614.0,0.5007587253414271,246180.0,0.06259312182495894,790,0.10972222222222222,5664.0,6037.0,,,,,,,,,,,,,,,,,,,,,,,,,,,,,
mc_fairgen,0.65,12,2.0,0.5,1562,185,101562,dqn_agent,mlp,True,1,20000000,25000,C_AMC_SEM,0.5,interval_qos_v2_single_recovery_full_C5_overinc016_abs005,True,True,4.0,lo,476,576,0,1052,0,576,0,476,4619203,20000000,0.23096015,23.8,9704.207983193277,1,576,576,576,0,0,0,0.0,800,0,800,800,0,0,0.0,0.0,1.0,0.0,-425.6759422518378,True,800,800,0,9.285,14.715,4800,0.25,15,0.613125,0,0,0.0,single,24,0.02,0.02,0.9,0,0,0.0,1372,0.07145833333333333,v11_full_10d,128,,,,,,,0.35509631591767143,470,0.0,0,0.0,0.0,0.0,0.0,0,0.0,0.0,0.0,0.0,322,0,0.47926722473409655,4.5925,306,0.08134298227346731,0.8320833333333333,0.8320833333333333,0.0,"{""mc_hi_0"": 1.0, ""mc_hi_1"": 1.0, ""mc_hi_2"": 1.0, ""mc_hi_3"": 1.0, ""mc_hi_4"": 1.0, ""mc_hi_5"": 1.0, ""mc_lo_0"": 1.0, ""mc_lo_1"": 1.0, ""mc_lo_2"": 1.0, ""mc_lo_3"": 4.029411764705882, ""mc_lo_4"": 1.4690476190476192, ""mc_lo_5"": 4.043478260869565}","{""mc_hi_0"": 1.0, ""mc_hi_1"": 1.0, ""mc_hi_2"": 1.0, ""mc_hi_3"": 1.0, ""mc_hi_4"": 1.0, ""mc_hi_5"": 1.0, ""mc_lo_0"": 1.0, ""mc_lo_1"": 1.0, ""mc_lo_2"": 1.0, ""mc_lo_3"": 4.029411764705882, ""mc_lo_4"": 2.317142857142857, ""mc_lo_5"": 4.043478260869565}","{""mc_hi_0"": 1.0, ""mc_hi_1"": 1.0, ""mc_hi_2"": 1.0, ""mc_hi_3"": 1.0, ""mc_hi_4"": 1.0, ""mc_hi_5"": 1.0, ""mc_lo_0"": 1.0, ""mc_lo_1"": 1.0, ""mc_lo_2"": 1.0, ""mc_lo_3"": 1.0, ""mc_lo_4"": 1.0, ""mc_lo_5"": 1.0}","{""mc_hi_0"": 0, ""mc_hi_1"": 0, ""mc_hi_2"": 0, ""mc_hi_3"": 0, ""mc_hi_4"": 0, ""mc_hi_5"": 0, ""mc_lo_0"": 0, ""mc_lo_1"": 0, ""mc_lo_2"": 0, ""mc_lo_3"": 62, ""mc_lo_4"": 348, ""mc_lo_5"": 68}","{""mc_hi_0"": 0, ""mc_hi_1"": 0, ""mc_hi_2"": 0, ""mc_hi_3"": 0, ""mc_hi_4"": 0, ""mc_hi_5"": 0, ""mc_lo_0"": 0, ""mc_lo_1"": 0, ""mc_lo_2"": 0, ""mc_lo_3"": 0, ""mc_lo_4"": 322, ""mc_lo_5"": 0}","{""mc_hi_0"": 0, ""mc_hi_1"": 0, ""mc_hi_2"": 0, ""mc_hi_3"": 0, ""mc_hi_4"": 0, ""mc_hi_5"": 0, ""mc_lo_0"": 0, ""mc_lo_1"": 0, ""mc_lo_2"": 0, ""mc_lo_3"": 0, ""mc_lo_4"": 322, ""mc_lo_5"": 0}","{""mc_hi_0"": 0, ""mc_hi_1"": 0, ""mc_hi_2"": 0, ""mc_hi_3"": 0, ""mc_hi_4"": 0, ""mc_hi_5"": 0, ""mc_lo_0"": 0, ""mc_lo_1"": 0, ""mc_lo_2"": 0, ""mc_lo_3"": 60, ""mc_lo_4"": 345, ""mc_lo_5"": 65}","{""mc_hi_0"": 0, ""mc_hi_1"": 0, ""mc_hi_2"": 0, ""mc_hi_3"": 0, ""mc_hi_4"": 0, ""mc_hi_5"": 0, ""mc_lo_0"": 0, ""mc_lo_1"": 0, ""mc_lo_2"": 0, ""mc_lo_3"": 62, ""mc_lo_4"": 19, ""mc_lo_5"": 60}","{""mc_hi_0"": 0, ""mc_hi_1"": 0, ""mc_hi_2"": 0, ""mc_hi_3"": 0, ""mc_hi_4"": 0, ""mc_hi_5"": 0, ""mc_lo_0"": 0, ""mc_lo_1"": 0, ""mc_lo_2"": 0, ""mc_lo_3"": 798, ""mc_lo_4"": 711, ""mc_lo_5"": 736}","{""mc_hi_0"": 0, ""mc_hi_1"": 0, ""mc_hi_2"": 0, ""mc_hi_3"": 0, ""mc_hi_4"": 0, ""mc_hi_5"": 0, ""mc_lo_0"": 0, ""mc_lo_1"": 0, ""mc_lo_2"": 0, ""mc_lo_3"": 0, ""mc_lo_4"": 0, ""mc_lo_5"": 0}",7200,576,6624,0,0,0.08,0.92,0.8575,800,53.595,949.0,0.13180555555555556,0.8681944444444445,0.1318055555555555,5878,0.8163888888888889,746,746,0,0,0,0.10361111111111111,0.10361111111111111,0.1126207729468599,373.0,246180.0,491614.0,0.5007587253414271,246180.0,0.06209333067990154,576,0.08,5878.0,6251.0,,,,,,,,,,0,,,,,,,,,,,,,,,,,,,
mc_fairgen,0.65,12,2.0,0.5,1562,185,101562,bc_tree_agent,,True,1,20000000,25000,C_AMC_SEM,0.5,interval_qos_v2_single_recovery_full_C5_overinc016_abs005,True,True,4.0,lo,476,577,0,1053,0,577,0,476,4617958,20000000,0.2308979,,,,577,,,,,,,800,0,800,800,0,0,0.0,0.0,1.0,0.0,-436.2274816437666,True,800,800,0,9.16625,14.83375,,,16,0.6180729166666666,0,0,0.0,single,24,0.02,0.02,0.9,0,,,,,v11_full_10d,128,integer_tree_ranked_valid_or_none,fixed_point_int,1000000,bb255908bec90f8d54945322db333c5c2d2df5af1c5e76fc9016dc8c975a381e,viper_integer_ranked_artifact_v1,True,,,,,,,,,,,,,,,,,,,,,,,,,,,,,,,,,7200,577,6623,0,0,0.08013888888888888,0.9198611111111111,0.8575,800,110.08875,950.0,0.13194444444444445,0.8680555555555556,0.13194444444444442,5877,0.81625,746,746,0,0,0,0.10361111111111111,0.10361111111111111,0.11263777744224672,373.0,246180.0,491614.0,0.5007587253414271,246180.0,0.06210059852989736,577,0.08013888888888888,5877.0,6250.0,,,,,,,,,,,bc_iter_001,bc,3,11,6,3,10,39,0.04875,39,0.04875,0,0.0,800,457,0.57125,0.5225,0.00860879898071289,0.03326187133789062
mc_fairgen,0.65,12,2.0,0.5,1562,185,101562,viper_tree_agent,,True,1,20000000,25000,C_AMC_SEM,0.5,interval_qos_v2_single_recovery_full_C5_overinc016_abs005,True,True,4.0,lo,476,572,0,1048,0,572,0,476,4618755,20000000,0.23093775,,,,572,,,,,,,800,0,800,800,0,0,0.0,0.0,1.0,0.0,-425.80596816929125,True,800,800,0,9.24125,14.75875,,,15,0.6149479166666667,0,0,0.0,single,24,0.02,0.02,0.9,0,,,,,v11_full_10d,128,integer_tree_ranked_valid_or_none,fixed_point_int,1000000,bb255908bec90f8d54945322db333c5c2d2df5af1c5e76fc9016dc8c975a381e,viper_integer_ranked_artifact_v1,True,,,,,,,,,,,,,,,,,,,,,,,,,,,,,,,,,7200,572,6628,0,0,0.07944444444444444,0.9205555555555556,0.8575,800,57.24875,945.0,0.13125,0.86875,0.13124999999999998,5882,0.8169444444444445,746,746,0,0,0,0.10361111111111111,0.10361111111111111,0.11255280627640314,373.0,246180.0,491614.0,0.5007587253414271,246180.0,0.062082338157336284,572,0.07944444444444444,5882.0,6255.0,,,,,,,,,,,viper_iter_002,viper,3,11,6,3,10,0,0.0,0,0.0,0,0.0,800,446,0.5575,0.5575,0.004794921875,0.022669982910156247
mc_fairgen,0.65,12,2.0,0.5,1563,185,101563,c_amc_sem_baseline,,True,1,20000000,25000,C_AMC_SEM,0.5,interval_qos_v2_single_recovery_full_C5_overinc016_abs005,True,True,4.0,lo,480,773,0,1253,0,773,0,480,4833391,20000000,0.24166955,24.0,10069.564583333333,1,773,773,773,0,0,0,0.0,0,0,0,0,0,0,0.0,0.0,0.0,0.0,0.0,True,0,0,0,0.0,0.0,0,0.0,0,0.0,0,0,0.0,single,24,0.02,0.02,0.9,0,0,0.0,0,0.0,,,,,,,,,,,,,,,,,,,,,,,,,,,,,,,,,,,,,,,,,7200,773,6427,0,0,0.10736111111111112,0.8926388888888889,0.8575,0,,1169.0,0.16236111111111112,0.8376388888888889,0.16236111111111107,5635,0.7826388888888889,792,792,0,0,0,0.11,0.11,0.12323012291893574,396.0,261360.0,521928.0,0.5007587253414271,261360.0,0.06696514358714462,773,0.10736111111111112,5635.0,6031.0,,,,,,,,,,,,,,,,,,,,,,,,,,,,,
mc_fairgen,0.65,12,2.0,0.5,1563,185,101563,dqn_agent,mlp,True,1,20000000,25000,C_AMC_SEM,0.5,interval_qos_v2_single_recovery_full_C5_overinc016_abs005,True,True,4.0,lo,480,548,0,1028,0,548,0,480,4845952,20000000,0.2422976,24.0,10095.733333333334,1,548,548,548,0,0,0,0.0,800,0,800,800,0,0,0.0,0.0,1.0,0.0,-420.47701372565035,True,800,800,0,9.30125,14.69875,4800,0.25,15,0.6124479166666666,0,0,0.0,single,24,0.02,0.02,0.9,0,0,0.0,1359,0.07078125,v11_full_10d,128,,,,,,,0.35149631591767144,472,0.0,0,0.0,0.0,0.0,0.0,0,0.0,0.0,0.0,0.0,320,0,0.4743468378293347,3.30125,302,0.08230885161373032,0.8320833333333333,0.8320833333333333,0.0,"{""mc_hi_0"": 1.0, ""mc_hi_1"": 1.0, ""mc_hi_2"": 1.0, ""mc_hi_3"": 1.0, ""mc_hi_4"": 1.0, ""mc_hi_5"": 1.0, ""mc_lo_0"": 1.0, ""mc_lo_1"": 1.0, ""mc_lo_2"": 1.0, ""mc_lo_3"": 4.029411764705882, ""mc_lo_4"": 1.5966666666666667, ""mc_lo_5"": 4.043478260869565}","{""mc_hi_0"": 1.0, ""mc_hi_1"": 1.0, ""mc_hi_2"": 1.0, ""mc_hi_3"": 1.0, ""mc_hi_4"": 1.0, ""mc_hi_5"": 1.0, ""mc_lo_0"": 1.0, ""mc_lo_1"": 1.0, ""mc_lo_2"": 1.0, ""mc_lo_3"": 4.029411764705882, ""mc_lo_4"": 1.8466666666666667, ""mc_lo_5"": 4.043478260869565}","{""mc_hi_0"": 1.0, ""mc_hi_1"": 1.0, ""mc_hi_2"": 1.0, ""mc_hi_3"": 1.0, ""mc_hi_4"": 1.0, ""mc_hi_5"": 1.0, ""mc_lo_0"": 1.0, ""mc_lo_1"": 1.0, ""mc_lo_2"": 1.0, ""mc_lo_3"": 1.0, ""mc_lo_4"": 1.0, ""mc_lo_5"": 1.0}","{""mc_hi_0"": 0, ""mc_hi_1"": 0, ""mc_hi_2"": 0, ""mc_hi_3"": 0, ""mc_hi_4"": 0, ""mc_hi_5"": 0, ""mc_lo_0"": 0, ""mc_lo_1"": 0, ""mc_lo_2"": 0, ""mc_lo_3"": 62, ""mc_lo_4"": 350, ""mc_lo_5"": 68}","{""mc_hi_0"": 0, ""mc_hi_1"": 0, ""mc_hi_2"": 0, ""mc_hi_3"": 0, ""mc_hi_4"": 0, ""mc_hi_5"": 0, ""mc_lo_0"": 0, ""mc_lo_1"": 0, ""mc_lo_2"": 0, ""mc_lo_3"": 0, ""mc_lo_4"": 320, ""mc_lo_5"": 0}","{""mc_hi_0"": 0, ""mc_hi_1"": 0, ""mc_hi_2"": 0, ""mc_hi_3"": 0, ""mc_hi_4"": 0, ""mc_hi_5"": 0, ""mc_lo_0"": 0, ""mc_lo_1"": 0, ""mc_lo_2"": 0, ""mc_lo_3"": 0, ""mc_lo_4"": 320, ""mc_lo_5"": 0}","{""mc_hi_0"": 0, ""mc_hi_1"": 0, ""mc_hi_2"": 0, ""mc_hi_3"": 0, ""mc_hi_4"": 0, ""mc_hi_5"": 0, ""mc_lo_0"": 0, ""mc_lo_1"": 0, ""mc_lo_2"": 0, ""mc_lo_3"": 60, ""mc_lo_4"": 347, ""mc_lo_5"": 65}","{""mc_hi_0"": 0, ""mc_hi_1"": 0, ""mc_hi_2"": 0, ""mc_hi_3"": 0, ""mc_hi_4"": 0, ""mc_hi_5"": 0, ""mc_lo_0"": 0, ""mc_lo_1"": 0, ""mc_lo_2"": 0, ""mc_lo_3"": 62, ""mc_lo_4"": 20, ""mc_lo_5"": 33}","{""mc_hi_0"": 0, ""mc_hi_1"": 0, ""mc_hi_2"": 0, ""mc_hi_3"": 0, ""mc_hi_4"": 0, ""mc_hi_5"": 0, ""mc_lo_0"": 0, ""mc_lo_1"": 0, ""mc_lo_2"": 0, ""mc_lo_3"": 798, ""mc_lo_4"": 708, ""mc_lo_5"": 736}","{""mc_hi_0"": 0, ""mc_hi_1"": 0, ""mc_hi_2"": 0, ""mc_hi_3"": 0, ""mc_hi_4"": 0, ""mc_hi_5"": 0, ""mc_lo_0"": 0, ""mc_lo_1"": 0, ""mc_lo_2"": 0, ""mc_lo_3"": 0, ""mc_lo_4"": 0, ""mc_lo_5"": 0}",7200,548,6652,0,0,0.07611111111111112,0.9238888888888889,0.875,800,53.19,944.0,0.13111111111111112,0.8688888888888889,0.13111111111111107,5860,0.8138888888888889,792,792,0,0,0,0.11,0.11,0.1190619362597715,396.0,261360.0,521928.0,0.5007587253414271,261360.0,0.06640329943299571,548,0.07611111111111112,5860.0,6256.0,,,,,,,,,,0,,,,,,,,,,,,,,,,,,,
mc_fairgen,0.65,12,2.0,0.5,1563,185,101563,bc_tree_agent,,True,1,20000000,25000,C_AMC_SEM,0.5,interval_qos_v2_single_recovery_full_C5_overinc016_abs005,True,True,4.0,lo,480,549,0,1029,0,549,0,480,4844463,20000000,0.24222315,,,,549,,,,,,,800,0,800,800,0,0,0.0,0.0,1.0,0.0,-433.34560788651333,True,800,800,0,9.16875,14.83125,,,16,0.61796875,0,0,0.0,single,24,0.02,0.02,0.9,0,,,,,v11_full_10d,128,integer_tree_ranked_valid_or_none,fixed_point_int,1000000,bb255908bec90f8d54945322db333c5c2d2df5af1c5e76fc9016dc8c975a381e,viper_integer_ranked_artifact_v1,True,,,,,,,,,,,,,,,,,,,,,,,,,,,,,,,,,7200,549,6651,0,0,0.07625,0.92375,0.875,800,116.7625,945.0,0.13125,0.86875,0.13124999999999998,5859,0.81375,792,792,0,0,0,0.11,0.11,0.11907983761840325,396.0,261360.0,521928.0,0.5007587253414271,261360.0,0.0664553027319242,549,0.07625,5859.0,6255.0,,,,,,,,,,,bc_iter_001,bc,3,11,6,3,10,43,0.05375,43,0.05375,0,0.0,800,438,0.5475,0.49375,0.00927527904510498,0.03360767364501952
mc_fairgen,0.65,12,2.0,0.5,1563,185,101563,viper_tree_agent,,True,1,20000000,25000,C_AMC_SEM,0.5,interval_qos_v2_single_recovery_full_C5_overinc016_abs005,True,True,4.0,lo,480,548,0,1028,0,548,0,480,4844654,20000000,0.2422327,,,,548,,,,,,,800,0,800,800,0,0,0.0,0.0,1.0,0.0,-423.8963430901934,True,800,800,0,9.24125,14.75875,,,15,0.6149479166666667,0,0,0.0,single,24,0.02,0.02,0.9,0,,,,,v11_full_10d,128,integer_tree_ranked_valid_or_none,fixed_point_int,1000000,bb255908bec90f8d54945322db333c5c2d2df5af1c5e76fc9016dc8c975a381e,viper_integer_ranked_artifact_v1,True,,,,,,,,,,,,,,,,,,,,,,,,,,,,,,,,,7200,548,6652,0,0,0.07611111111111112,0.9238888888888889,0.875,800,57.24875,944.0,0.13111111111111112,0.8688888888888889,0.13111111111111107,5860,0.8138888888888889,792,792,0,0,0,0.11,0.11,0.1190619362597715,396.0,261360.0,521928.0,0.5007587253414271,261360.0,0.06644582463651318,548,0.07611111111111112,5860.0,6256.0,,,,,,,,,,,viper_iter_002,viper,3,11,6,3,10,0,0.0,0,0.0,0,0.0,800,441,0.55125,0.55125,0.00433591365814209,0.01965751647949219
mc_fairgen,0.65,12,2.0,0.5,1564,185,101564,c_amc_sem_baseline,,True,1,20000000,25000,C_AMC_SEM,0.5,interval_qos_v2_single_recovery_full_C5_overinc016_abs005,True,True,4.0,lo,458,807,0,1265,0,807,0,458,4621974,20000000,0.2310987,22.900000000000002,10091.646288209608,1,807,807,807,0,0,0,0.0,0,0,0,0,0,0,0.0,0.0,0.0,0.0,0.0,True,0,0,0,0.0,0.0,0,0.0,0,0.0,0,0,0.0,single,24,0.02,0.02,0.9,0,0,0.0,0,0.0,,,,,,,,,,,,,,,,,,,,,,,,,,,,,,,,,,,,,,,,,7200,807,6393,0,0,0.11208333333333333,0.8879166666666667,0.85875,0,,1186.0,0.16472222222222221,0.8352777777777778,0.16472222222222221,5635,0.7826388888888889,758,758,0,0,0,0.10527777777777778,0.10527777777777778,0.11856718285624902,379.0,250140.0,499522.0,0.5007587253414271,250140.0,0.06371815047713468,807,0.11208333333333333,5635.0,6014.0,,,,,,,,,,,,,,,,,,,,,,,,,,,,,
mc_fairgen,0.65,12,2.0,0.5,1564,185,101564,dqn_agent,mlp,True,1,20000000,25000,C_AMC_SEM,0.5,interval_qos_v2_single_recovery_full_C5_overinc016_abs005,True,True,4.0,lo,458,567,0,1025,0,567,0,458,4635523,20000000,0.23177615,22.900000000000002,10121.229257641922,1,567,567,567,0,0,0,0.0,800,0,800,800,0,0,0.0,0.0,1.0,0.0,-426.81138959075975,True,800,800,0,9.27375,14.72625,4800,0.25,15,0.61359375,0,0,0.0,single,24,0.02,0.02,0.9,0,0,0.0,1381,0.07192708333333334,v11_full_10d,128,,,,,,,0.3517820302033857,474,0.0,0,0.0,0.0,0.0,0.0,0,0.0,0.0,0.0,0.0,318,0,0.4785728622427232,4.49375,311,0.08342175594829171,0.8320833333333333,0.8320833333333333,0.0,"{""mc_hi_0"": 1.0, ""mc_hi_1"": 1.0, ""mc_hi_2"": 1.0, ""mc_hi_3"": 1.0, ""mc_hi_4"": 1.0, ""mc_hi_5"": 1.0, ""mc_lo_0"": 1.0, ""mc_lo_1"": 1.0, ""mc_lo_2"": 1.0, ""mc_lo_3"": 4.029411764705882, ""mc_lo_4"": 1.7323809523809524, ""mc_lo_5"": 4.043478260869565}","{""mc_hi_0"": 1.0, ""mc_hi_1"": 1.0, ""mc_hi_2"": 1.0, ""mc_hi_3"": 1.0, ""mc_hi_4"": 1.0, ""mc_hi_5"": 1.0, ""mc_lo_0"": 1.0, ""mc_lo_1"": 1.0, ""mc_lo_2"": 1.0, ""mc_lo_3"": 4.029411764705882, ""mc_lo_4"": 1.8804761904761904, ""mc_lo_5"": 4.043478260869565}","{""mc_hi_0"": 1.0, ""mc_hi_1"": 1.0, ""mc_hi_2"": 1.0, ""mc_hi_3"": 1.0, ""mc_hi_4"": 1.0, ""mc_hi_5"": 1.0, ""mc_lo_0"": 1.0, ""mc_lo_1"": 1.0, ""mc_lo_2"": 1.0, ""mc_lo_3"": 1.0, ""mc_lo_4"": 1.0, ""mc_lo_5"": 1.0}","{""mc_hi_0"": 0, ""mc_hi_1"": 0, ""mc_hi_2"": 0, ""mc_hi_3"": 0, ""mc_hi_4"": 0, ""mc_hi_5"": 0, ""mc_lo_0"": 0, ""mc_lo_1"": 0, ""mc_lo_2"": 0, ""mc_lo_3"": 62, ""mc_lo_4"": 352, ""mc_lo_5"": 68}","{""mc_hi_0"": 0, ""mc_hi_1"": 0, ""mc_hi_2"": 0, ""mc_hi_3"": 0, ""mc_hi_4"": 0, ""mc_hi_5"": 0, ""mc_lo_0"": 0, ""mc_lo_1"": 0, ""mc_lo_2"": 0, ""mc_lo_3"": 0, ""mc_lo_4"": 318, ""mc_lo_5"": 0}","{""mc_hi_0"": 0, ""mc_hi_1"": 0, ""mc_hi_2"": 0, ""mc_hi_3"": 0, ""mc_hi_4"": 0, ""mc_hi_5"": 0, ""mc_lo_0"": 0, ""mc_lo_1"": 0, ""mc_lo_2"": 0, ""mc_lo_3"": 0, ""mc_lo_4"": 318, ""mc_lo_5"": 0}","{""mc_hi_0"": 0, ""mc_hi_1"": 0, ""mc_hi_2"": 0, ""mc_hi_3"": 0, ""mc_hi_4"": 0, ""mc_hi_5"": 0, ""mc_lo_0"": 0, ""mc_lo_1"": 0, ""mc_lo_2"": 0, ""mc_lo_3"": 60, ""mc_lo_4"": 349, ""mc_lo_5"": 65}","{""mc_hi_0"": 0, ""mc_hi_1"": 0, ""mc_hi_2"": 0, ""mc_hi_3"": 0, ""mc_hi_4"": 0, ""mc_hi_5"": 0, ""mc_lo_0"": 0, ""mc_lo_1"": 0, ""mc_lo_2"": 0, ""mc_lo_3"": 62, ""mc_lo_4"": 16, ""mc_lo_5"": 59}","{""mc_hi_0"": 0, ""mc_hi_1"": 0, ""mc_hi_2"": 0, ""mc_hi_3"": 0, ""mc_hi_4"": 0, ""mc_hi_5"": 0, ""mc_lo_0"": 0, ""mc_lo_1"": 0, ""mc_lo_2"": 0, ""mc_lo_3"": 798, ""mc_lo_4"": 728, ""mc_lo_5"": 736}","{""mc_hi_0"": 0, ""mc_hi_1"": 0, ""mc_hi_2"": 0, ""mc_hi_3"": 0, ""mc_hi_4"": 0, ""mc_hi_5"": 0, ""mc_lo_0"": 0, ""mc_lo_1"": 0, ""mc_lo_2"": 0, ""mc_lo_3"": 0, ""mc_lo_4"": 0, ""mc_lo_5"": 0}",7200,567,6633,0,0,0.07875,0.92125,0.89125,800,53.08375,946.5,0.13145833333333334,0.8685416666666667,0.13145833333333334,5874,0.8158333333333333,759,759,0,0,0,0.10541666666666667,0.10541666666666667,0.11442786069651742,379.5,250470.0,500181.0,0.5007587253414271,250470.0,0.06320853137259949,567,0.07875,5874.0,6253.5,,,,,,,,,,0,,,,,,,,,,,,,,,,,,,
mc_fairgen,0.65,12,2.0,0.5,1564,185,101564,bc_tree_agent,,True,1,20000000,25000,C_AMC_SEM,0.5,interval_qos_v2_single_recovery_full_C5_overinc016_abs005,True,True,4.0,lo,458,561,0,1019,0,561,0,458,4635349,20000000,0.23176745,,,,561,,,,,,,800,0,800,800,0,0,0.0,0.0,1.0,0.0,-437.56798015410953,True,800,800,0,9.11625,14.88375,,,16,0.62015625,0,0,0.0,single,24,0.02,0.02,0.9,0,,,,,v11_full_10d,128,integer_tree_ranked_valid_or_none,fixed_point_int,1000000,bb255908bec90f8d54945322db333c5c2d2df5af1c5e76fc9016dc8c975a381e,viper_integer_ranked_artifact_v1,True,,,,,,,,,,,,,,,,,,,,,,,,,,,,,,,,,7200,561,6639,0,0,0.07791666666666666,0.9220833333333334,0.89125,800,121.94,940.5,0.130625,0.869375,0.130625,5880,0.8166666666666667,759,759,0,0,0,0.10541666666666667,0.10541666666666667,0.11432444645277903,379.5,250470.0,500181.0,0.5007587253414271,250470.0,0.06322799793405225,561,0.07791666666666666,5880.0,6259.5,,,,,,,,,,,bc_iter_001,bc,3,11,6,3,10,61,0.07625,61,0.07625,0,0.0,800,432,0.54,0.46375,0.008290162086486816,0.0309274673461914
mc_fairgen,0.65,12,2.0,0.5,1564,185,101564,viper_tree_agent,,True,1,20000000,25000,C_AMC_SEM,0.5,interval_qos_v2_single_recovery_full_C5_overinc016_abs005,True,True,4.0,lo,458,561,0,1019,0,561,0,458,4635349,20000000,0.23176745,,,,561,,,,,,,800,0,800,800,0,0,0.0,0.0,1.0,0.0,-427.78665913771437,True,800,800,0,9.24125,14.75875,,,15,0.6149479166666667,0,0,0.0,single,24,0.02,0.02,0.9,0,,,,,v11_full_10d,128,integer_tree_ranked_valid_or_none,fixed_point_int,1000000,bb255908bec90f8d54945322db333c5c2d2df5af1c5e76fc9016dc8c975a381e,viper_integer_ranked_artifact_v1,True,,,,,,,,,,,,,,,,,,,,,,,,,,,,,,,,,7200,561,6639,0,0,0.07791666666666666,0.9220833333333334,0.89125,800,57.24875,940.5,0.130625,0.869375,0.130625,5880,0.8166666666666667,759,759,0,0,0,0.10541666666666667,0.10541666666666667,0.11432444645277903,379.5,250470.0,500181.0,0.5007587253414271,250470.0,0.06322799793405225,561,0.07791666666666666,5880.0,6259.5,,,,,,,,,,,viper_iter_002,viper,3,11,6,3,10,0,0.0,0,0.0,0,0.0,800,440,0.55,0.55,0.004308590888977051,0.019286537170410133
mc_fairgen,0.65,12,2.0,0.5,1565,185,101565,c_amc_sem_baseline,,True,1,20000000,25000,C_AMC_SEM,0.5,interval_qos_v2_single_recovery_full_C5_overinc016_abs005,True,True,4.0,lo,465,807,0,1272,0,807,0,465,4491150,20000000,0.2245575,23.25,9658.387096774193,1,807,807,807,0,0,0,0.0,0,0,0,0,0,0,0.0,0.0,0.0,0.0,0.0,True,0,0,0,0.0,0.0,0,0.0,0,0.0,0,0,0.0,single,24,0.02,0.02,0.9,0,0,0.0,0,0.0,,,,,,,,,,,,,,,,,,,,,,,,,,,,,,,,,,,,,,,,,7200,807,6393,0,0,0.11208333333333333,0.8879166666666667,0.8725,0,,1169.5,0.16243055555555555,0.8375694444444445,0.16243055555555552,5668,0.7872222222222223,725,725,0,0,0,0.10069444444444445,0.10069444444444445,0.11340528703269201,362.5,239250.0,477775.0,0.5007587253414271,239250.0,0.060840027219713745,807,0.11208333333333333,5668.0,6030.5,,,,,,,,,,,,,,,,,,,,,,,,,,,,,
mc_fairgen,0.65,12,2.0,0.5,1565,185,101565,dqn_agent,mlp,True,1,20000000,25000,C_AMC_SEM,0.5,interval_qos_v2_single_recovery_full_C5_overinc016_abs005,True,True,4.0,lo,465,586,0,1051,0,586,0,465,4503775,20000000,0.22518875,23.25,9685.537634408602,1,586,586,586,0,0,0,0.0,800,0,800,800,0,0,0.0,0.0,1.0,0.0,-425.00757548636943,True,800,800,0,9.29,14.71,4800,0.25,15,0.6129166666666667,0,0,0.0,single,24,0.02,0.02,0.9,0,0,0.0,1368,0.07125,v11_full_10d,128,,,,,,,0.35028857782243333,469,0.0,0,0.0,0.0,0.0,0.0,0,0.0,0.0,0.0,0.0,323,0,0.47740103253257826,3.7725,312,0.08290853084238956,0.8320833333333333,0.8320833333333333,0.0,"{""mc_hi_0"": 1.0, ""mc_hi_1"": 1.0, ""mc_hi_2"": 1.0, ""mc_hi_3"": 1.0, ""mc_hi_4"": 1.0, ""mc_hi_5"": 1.0, ""mc_lo_0"": 1.0, ""mc_lo_1"": 1.0, ""mc_lo_2"": 1.0, ""mc_lo_3"": 4.029411764705882, ""mc_lo_4"": 1.417142857142857, ""mc_lo_5"": 4.043478260869565}","{""mc_hi_0"": 1.0, ""mc_hi_1"": 1.0, ""mc_hi_2"": 1.0, ""mc_hi_3"": 1.0, ""mc_hi_4"": 1.0, ""mc_hi_5"": 1.0, ""mc_lo_0"": 1.0, ""mc_lo_1"": 1.0, ""mc_lo_2"": 1.0, ""mc_lo_3"": 4.029411764705882, ""mc_lo_4"": 1.8847619047619049, ""mc_lo_5"": 4.043478260869565}","{""mc_hi_0"": 1.0, ""mc_hi_1"": 1.0, ""mc_hi_2"": 1.0, ""mc_hi_3"": 1.0, ""mc_hi_4"": 1.0, ""mc_hi_5"": 1.0, ""mc_lo_0"": 1.0, ""mc_lo_1"": 1.0, ""mc_lo_2"": 1.0, ""mc_lo_3"": 1.0, ""mc_lo_4"": 1.0, ""mc_lo_5"": 1.0}","{""mc_hi_0"": 0, ""mc_hi_1"": 0, ""mc_hi_2"": 0, ""mc_hi_3"": 0, ""mc_hi_4"": 0, ""mc_hi_5"": 0, ""mc_lo_0"": 0, ""mc_lo_1"": 0, ""mc_lo_2"": 0, ""mc_lo_3"": 62, ""mc_lo_4"": 347, ""mc_lo_5"": 68}","{""mc_hi_0"": 0, ""mc_hi_1"": 0, ""mc_hi_2"": 0, ""mc_hi_3"": 0, ""mc_hi_4"": 0, ""mc_hi_5"": 0, ""mc_lo_0"": 0, ""mc_lo_1"": 0, ""mc_lo_2"": 0, ""mc_lo_3"": 0, ""mc_lo_4"": 323, ""mc_lo_5"": 0}","{""mc_hi_0"": 0, ""mc_hi_1"": 0, ""mc_hi_2"": 0, ""mc_hi_3"": 0, ""mc_hi_4"": 0, ""mc_hi_5"": 0, ""mc_lo_0"": 0, ""mc_lo_1"": 0, ""mc_lo_2"": 0, ""mc_lo_3"": 0, ""mc_lo_4"": 323, ""mc_lo_5"": 0}","{""mc_hi_0"": 0, ""mc_hi_1"": 0, ""mc_hi_2"": 0, ""mc_hi_3"": 0, ""mc_hi_4"": 0, ""mc_hi_5"": 0, ""mc_lo_0"": 0, ""mc_lo_1"": 0, ""mc_lo_2"": 0, ""mc_lo_3"": 60, ""mc_lo_4"": 344, ""mc_lo_5"": 65}","{""mc_hi_0"": 0, ""mc_hi_1"": 0, ""mc_hi_2"": 0, ""mc_hi_3"": 0, ""mc_hi_4"": 0, ""mc_hi_5"": 0, ""mc_lo_0"": 0, ""mc_lo_1"": 0, ""mc_lo_2"": 0, ""mc_lo_3"": 62, ""mc_lo_4"": 15, ""mc_lo_5"": 47}","{""mc_hi_0"": 0, ""mc_hi_1"": 0, ""mc_hi_2"": 0, ""mc_hi_3"": 0, ""mc_hi_4"": 0, ""mc_hi_5"": 0, ""mc_lo_0"": 0, ""mc_lo_1"": 0, ""mc_lo_2"": 0, ""mc_lo_3"": 798, ""mc_lo_4"": 726, ""mc_lo_5"": 736}","{""mc_hi_0"": 0, ""mc_hi_1"": 0, ""mc_hi_2"": 0, ""mc_hi_3"": 0, ""mc_hi_4"": 0, ""mc_hi_5"": 0, ""mc_lo_0"": 0, ""mc_lo_1"": 0, ""mc_lo_2"": 0, ""mc_lo_3"": 0, ""mc_lo_4"": 0, ""mc_lo_5"": 0}",7200,586,6614,0,0,0.08138888888888889,0.9186111111111112,0.875,800,53.23125,948.5,0.1317361111111111,0.8682638888888888,0.13173611111111116,5889,0.8179166666666666,725,725,0,0,0,0.10069444444444445,0.10069444444444445,0.10961596613244633,362.5,239250.0,477775.0,0.5007587253414271,239250.0,0.06037167757057809,586,0.08138888888888889,5889.0,6251.5,,,,,,,,,,0,,,,,,,,,,,,,,,,,,,
mc_fairgen,0.65,12,2.0,0.5,1565,185,101565,bc_tree_agent,,True,1,20000000,25000,C_AMC_SEM,0.5,interval_qos_v2_single_recovery_full_C5_overinc016_abs005,True,True,4.0,lo,465,589,0,1054,0,589,0,465,4503764,20000000,0.2251882,,,,589,,,,,,,800,0,800,800,0,0,0.0,0.0,1.0,0.0,-439.8520174647745,True,800,800,0,9.12,14.88,,,16,0.62,0,0,0.0,single,24,0.02,0.02,0.9,0,,,,,v11_full_10d,128,integer_tree_ranked_valid_or_none,fixed_point_int,1000000,bb255908bec90f8d54945322db333c5c2d2df5af1c5e76fc9016dc8c975a381e,viper_integer_ranked_artifact_v1,True,,,,,,,,,,,,,,,,,,,,,,,,,,,,,,,,,7200,589,6611,0,0,0.08180555555555556,0.9181944444444444,0.875,800,118.055,951.5,0.13215277777777779,0.8678472222222222,0.13215277777777779,5886,0.8175,725,725,0,0,0,0.10069444444444445,0.10069444444444445,0.10966570866737256,362.5,239250.0,477775.0,0.5007587253414271,239250.0,0.060392997491892066,589,0.08180555555555556,5886.0,6248.5,,,,,,,,,,,bc_iter_001,bc,3,11,6,3,10,53,0.06625,53,0.06625,0,0.0,800,447,0.55875,0.4925,0.00835275173187256,0.032048606872558595
mc_fairgen,0.65,12,2.0,0.5,1565,185,101565,viper_tree_agent,,True,1,20000000,25000,C_AMC_SEM,0.5,interval_qos_v2_single_recovery_full_C5_overinc016_abs005,True,True,4.0,lo,465,586,0,1051,0,586,0,465,4504217,20000000,0.22521085,,,,586,,,,,,,800,0,800,800,0,0,0.0,0.0,1.0,0.0,-428.9113431961879,True,800,800,0,9.24125,14.75875,,,15,0.6149479166666667,0,0,0.0,single,24,0.02,0.02,0.9,0,,,,,v11_full_10d,128,integer_tree_ranked_valid_or_none,fixed_point_int,1000000,bb255908bec90f8d54945322db333c5c2d2df5af1c5e76fc9016dc8c975a381e,viper_integer_ranked_artifact_v1,True,,,,,,,,,,,,,,,,,,,,,,,,,,,,,,,,,7200,586,6614,0,0,0.08138888888888889,0.9186111111111112,0.875,800,57.24875,948.5,0.1317361111111111,0.8682638888888888,0.13173611111111116,5889,0.8179166666666666,725,725,0,0,0,0.10069444444444445,0.10069444444444445,0.10961596613244633,362.5,239250.0,477775.0,0.5007587253414271,239250.0,0.06037885364721084,586,0.08138888888888889,5889.0,6251.5,,,,,,,,,,,viper_iter_002,viper,3,11,6,3,10,0,0.0,0,0.0,0,0.0,800,428,0.535,0.535,0.004569954872131347,0.020356941223144524
mc_fairgen,0.65,12,2.0,0.5,1566,185,101566,c_amc_sem_baseline,,True,1,20000000,25000,C_AMC_SEM,0.5,interval_qos_v2_single_recovery_full_C5_overinc016_abs005,True,True,4.0,lo,457,781,0,1238,0,781,0,457,4598420,20000000,0.229921,22.85,10062.18818380744,1,781,781,781,0,0,0,0.0,0,0,0,0,0,0,0.0,0.0,0.0,0.0,0.0,True,0,0,0,0.0,0.0,0,0.0,0,0.0,0,0,0.0,single,24,0.02,0.02,0.9,0,0,0.0,0,0.0,,,,,,,,,,,,,,,,,,,,,,,,,,,,,,,,,,,,,,,,,7200,781,6419,0,0,0.10847222222222222,0.8915277777777778,0.845,0,,1157.0,0.16069444444444445,0.8393055555555555,0.16069444444444447,5667,0.7870833333333334,752,752,0,0,0,0.10444444444444445,0.10444444444444445,0.11715220439320767,376.0,248160.0,495568.0,0.5007587253414271,248160.0,0.06329488437767172,781,0.10847222222222222,5667.0,6043.0,,,,,,,,,,,,,,,,,,,,,,,,,,,,,
mc_fairgen,0.65,12,2.0,0.5,1566,185,101566,dqn_agent,mlp,True,1,20000000,25000,C_AMC_SEM,0.5,interval_qos_v2_single_recovery_full_C5_overinc016_abs005,True,True,4.0,lo,457,547,0,1004,0,547,0,457,4616067,20000000,0.23080335,22.85,10100.80306345733,1,547,547,547,0,0,0,0.0,800,0,800,800,0,0,0.0,0.0,1.0,0.0,-417.5685148147778,True,800,800,0,9.26125,14.73875,4800,0.25,15,0.6141145833333334,0,0,0.0,single,24,0.02,0.02,0.9,0,0,0.0,1391,0.07244791666666667,v11_full_10d,128,,,,,,,0.342515363536719,472,0.0,0,0.0,0.0,0.0,0.0,0,0.0,0.0,0.0,0.0,320,0,0.47817429857812693,4.90125,308,0.0814981339916005,0.8320833333333333,0.8320833333333333,0.0,"{""mc_hi_0"": 1.0, ""mc_hi_1"": 1.0, ""mc_hi_2"": 1.0, ""mc_hi_3"": 1.0, ""mc_hi_4"": 1.0, ""mc_hi_5"": 1.0, ""mc_lo_0"": 1.0, ""mc_lo_1"": 1.0, ""mc_lo_2"": 1.0, ""mc_lo_3"": 4.029411764705882, ""mc_lo_4"": 1.6057142857142856, ""mc_lo_5"": 4.043478260869565}","{""mc_hi_0"": 1.0, ""mc_hi_1"": 1.0, ""mc_hi_2"": 1.0, ""mc_hi_3"": 1.0, ""mc_hi_4"": 1.0, ""mc_hi_5"": 1.0, ""mc_lo_0"": 1.0, ""mc_lo_1"": 1.0, ""mc_lo_2"": 1.0, ""mc_lo_3"": 4.029411764705882, ""mc_lo_4"": 1.9366666666666668, ""mc_lo_5"": 4.043478260869565}","{""mc_hi_0"": 1.0, ""mc_hi_1"": 1.0, ""mc_hi_2"": 1.0, ""mc_hi_3"": 1.0, ""mc_hi_4"": 1.0, ""mc_hi_5"": 1.0, ""mc_lo_0"": 1.0, ""mc_lo_1"": 1.0, ""mc_lo_2"": 1.0, ""mc_lo_3"": 1.0, ""mc_lo_4"": 1.0, ""mc_lo_5"": 1.0}","{""mc_hi_0"": 0, ""mc_hi_1"": 0, ""mc_hi_2"": 0, ""mc_hi_3"": 0, ""mc_hi_4"": 0, ""mc_hi_5"": 0, ""mc_lo_0"": 0, ""mc_lo_1"": 0, ""mc_lo_2"": 0, ""mc_lo_3"": 62, ""mc_lo_4"": 350, ""mc_lo_5"": 68}","{""mc_hi_0"": 0, ""mc_hi_1"": 0, ""mc_hi_2"": 0, ""mc_hi_3"": 0, ""mc_hi_4"": 0, ""mc_hi_5"": 0, ""mc_lo_0"": 0, ""mc_lo_1"": 0, ""mc_lo_2"": 0, ""mc_lo_3"": 0, ""mc_lo_4"": 320, ""mc_lo_5"": 0}","{""mc_hi_0"": 0, ""mc_hi_1"": 0, ""mc_hi_2"": 0, ""mc_hi_3"": 0, ""mc_hi_4"": 0, ""mc_hi_5"": 0, ""mc_lo_0"": 0, ""mc_lo_1"": 0, ""mc_lo_2"": 0, ""mc_lo_3"": 0, ""mc_lo_4"": 320, ""mc_lo_5"": 0}","{""mc_hi_0"": 0, ""mc_hi_1"": 0, ""mc_hi_2"": 0, ""mc_hi_3"": 0, ""mc_hi_4"": 0, ""mc_hi_5"": 0, ""mc_lo_0"": 0, ""mc_lo_1"": 0, ""mc_lo_2"": 0, ""mc_lo_3"": 60, ""mc_lo_4"": 347, ""mc_lo_5"": 65}","{""mc_hi_0"": 0, ""mc_hi_1"": 0, ""mc_hi_2"": 0, ""mc_hi_3"": 0, ""mc_hi_4"": 0, ""mc_hi_5"": 0, ""mc_lo_0"": 0, ""mc_lo_1"": 0, ""mc_lo_2"": 0, ""mc_lo_3"": 62, ""mc_lo_4"": 14, ""mc_lo_5"": 65}","{""mc_hi_0"": 0, ""mc_hi_1"": 0, ""mc_hi_2"": 0, ""mc_hi_3"": 0, ""mc_hi_4"": 0, ""mc_hi_5"": 0, ""mc_lo_0"": 0, ""mc_lo_1"": 0, ""mc_lo_2"": 0, ""mc_lo_3"": 798, ""mc_lo_4"": 717, ""mc_lo_5"": 736}","{""mc_hi_0"": 0, ""mc_hi_1"": 0, ""mc_hi_2"": 0, ""mc_hi_3"": 0, ""mc_hi_4"": 0, ""mc_hi_5"": 0, ""mc_lo_0"": 0, ""mc_lo_1"": 0, ""mc_lo_2"": 0, ""mc_lo_3"": 0, ""mc_lo_4"": 0, ""mc_lo_5"": 0}",7200,547,6653,0,0,0.07597222222222222,0.9240277777777778,0.88125,800,52.44875,923.5,0.1282638888888889,0.8717361111111112,0.12826388888888884,5900,0.8194444444444444,753,753,0,0,0,0.10458333333333333,0.10458333333333333,0.11318202314745228,376.5,248490.0,496227.0,0.5007587253414271,248490.0,0.06278983031660487,547,0.07597222222222222,5900.0,6276.5,,,,,,,,,,0,,,,,,,,,,,,,,,,,,,
mc_fairgen,0.65,12,2.0,0.5,1566,185,101566,bc_tree_agent,,True,1,20000000,25000,C_AMC_SEM,0.5,interval_qos_v2_single_recovery_full_C5_overinc016_abs005,True,True,4.0,lo,457,545,0,1002,0,545,0,457,4616313,20000000,0.23081565,,,,545,,,,,,,800,0,800,800,0,0,0.0,0.0,1.0,0.0,-427.7951436274415,True,800,800,0,9.11,14.89,,,16,0.6204166666666666,0,0,0.0,single,24,0.02,0.02,0.9,0,,,,,v11_full_10d,128,integer_tree_ranked_valid_or_none,fixed_point_int,1000000,bb255908bec90f8d54945322db333c5c2d2df5af1c5e76fc9016dc8c975a381e,viper_integer_ranked_artifact_v1,True,,,,,,,,,,,,,,,,,,,,,,,,,,,,,,,,,7200,545,6655,0,0,0.07569444444444444,0.9243055555555556,0.88125,800,124.73,921.5,0.1279861111111111,0.8720138888888889,0.12798611111111113,5902,0.8197222222222222,753,753,0,0,0,0.10458333333333333,0.10458333333333333,0.11314800901577761,376.5,248490.0,496227.0,0.5007587253414271,248490.0,0.06278751395404426,545,0.07569444444444444,5902.0,6278.5,,,,,,,,,,,bc_iter_001,bc,3,11,6,3,10,69,0.08625,69,0.08625,0,0.0,800,431,0.53875,0.4525,0.009408082962036133,0.03500709533691404
mc_fairgen,0.65,12,2.0,0.5,1566,185,101566,viper_tree_agent,,True,1,20000000,25000,C_AMC_SEM,0.5,interval_qos_v2_single_recovery_full_C5_overinc016_abs005,True,True,4.0,lo,457,544,0,1001,0,544,0,457,4616313,20000000,0.23081565,,,,544,,,,,,,800,0,800,800,0,0,0.0,0.0,1.0,0.0,-417.1017749444183,True,800,800,0,9.24125,14.75875,,,15,0.6149479166666667,0,0,0.0,single,24,0.02,0.02,0.9,0,,,,,v11_full_10d,128,integer_tree_ranked_valid_or_none,fixed_point_int,1000000,bb255908bec90f8d54945322db333c5c2d2df5af1c5e76fc9016dc8c975a381e,viper_integer_ranked_artifact_v1,True,,,,,,,,,,,,,,,,,,,,,,,,,,,,,,,,,7200,544,6656,0,0,0.07555555555555556,0.9244444444444444,0.88125,800,57.24875,920.5,0.12784722222222222,0.8721527777777778,0.12784722222222222,5903,0.8198611111111112,753,753,0,0,0,0.10458333333333333,0.10458333333333333,0.11313100961538461,376.5,248490.0,496227.0,0.5007587253414271,248490.0,0.06278489635274555,544,0.07555555555555556,5903.0,6279.5,,,,,,,,,,,viper_iter_002,viper,3,11,6,3,10,0,0.0,0,0.0,0,0.0,800,443,0.55375,0.55375,0.00411867618560791,0.018200874328613274
mc_fairgen,0.65,12,2.0,0.5,1567,185,101567,c_amc_sem_baseline,,True,1,20000000,25000,C_AMC_SEM,0.5,interval_qos_v2_single_recovery_full_C5_overinc016_abs005,True,True,4.0,lo,503,790,0,1293,0,790,0,503,5071663,20000000,0.25358315,25.150000000000002,10082.82902584493,1,790,790,790,0,0,0,0.0,0,0,0,0,0,0,0.0,0.0,0.0,0.0,0.0,True,0,0,0,0.0,0.0,0,0.0,0,0.0,0,0,0.0,single,24,0.02,0.02,0.9,0,0,0.0,0,0.0,,,,,,,,,,,,,,,,,,,,,,,,,,,,,,,,,,,,,,,,,7200,790,6410,0,0,0.10972222222222222,0.8902777777777777,0.86625,0,,1207.0,0.1676388888888889,0.8323611111111111,0.1676388888888889,5576,0.7744444444444445,834,834,0,0,0,0.11583333333333333,0.11583333333333333,0.13010920436817472,417.0,275220.0,549606.0,0.5007587253414271,275220.0,0.07049820834344067,790,0.10972222222222222,5576.0,5993.0,,,,,,,,,,,,,,,,,,,,,,,,,,,,,
mc_fairgen,0.65,12,2.0,0.5,1567,185,101567,dqn_agent,mlp,True,1,20000000,25000,C_AMC_SEM,0.5,interval_qos_v2_single_recovery_full_C5_overinc016_abs005,True,True,4.0,lo,503,573,0,1076,0,573,0,503,5088871,20000000,0.25444355,25.150000000000002,10117.039761431412,1,573,573,573,0,0,0,0.0,800,0,800,800,0,0,0.0,0.0,1.0,0.0,-438.07762004219853,True,800,800,0,9.2775,14.7225,4800,0.25,15,0.6134375,0,0,0.0,single,24,0.02,0.02,0.9,0,0,0.0,1378,0.07177083333333334,v11_full_10d,128,,,,,,,0.3339356016319571,467,0.0,0,0.0,0.0,0.0,0.0,0,0.0,0.0,0.0,0.0,325,0,0.4753701599480372,3.48125,273,0.0825754962159923,0.8320833333333333,0.8320833333333333,0.0,"{""mc_hi_0"": 1.0, ""mc_hi_1"": 1.0, ""mc_hi_2"": 1.0, ""mc_hi_3"": 1.0, ""mc_hi_4"": 1.0, ""mc_hi_5"": 1.0, ""mc_lo_0"": 1.0, ""mc_lo_1"": 1.0, ""mc_lo_2"": 1.0, ""mc_lo_3"": 4.029411764705882, ""mc_lo_4"": 1.3104761904761906, ""mc_lo_5"": 4.043478260869565}","{""mc_hi_0"": 1.0, ""mc_hi_1"": 1.0, ""mc_hi_2"": 1.0, ""mc_hi_3"": 1.0, ""mc_hi_4"": 1.0, ""mc_hi_5"": 1.0, ""mc_lo_0"": 1.0, ""mc_lo_1"": 1.0, ""mc_lo_2"": 1.0, ""mc_lo_3"": 4.029411764705882, ""mc_lo_4"": 1.8209523809523809, ""mc_lo_5"": 4.043478260869565}","{""mc_hi_0"": 1.0, ""mc_hi_1"": 1.0, ""mc_hi_2"": 1.0, ""mc_hi_3"": 1.0, ""mc_hi_4"": 1.0, ""mc_hi_5"": 1.0, ""mc_lo_0"": 1.0, ""mc_lo_1"": 1.0, ""mc_lo_2"": 1.0, ""mc_lo_3"": 1.0, ""mc_lo_4"": 1.0, ""mc_lo_5"": 1.0}","{""mc_hi_0"": 0, ""mc_hi_1"": 0, ""mc_hi_2"": 0, ""mc_hi_3"": 0, ""mc_hi_4"": 0, ""mc_hi_5"": 0, ""mc_lo_0"": 0, ""mc_lo_1"": 0, ""mc_lo_2"": 0, ""mc_lo_3"": 62, ""mc_lo_4"": 345, ""mc_lo_5"": 68}","{""mc_hi_0"": 0, ""mc_hi_1"": 0, ""mc_hi_2"": 0, ""mc_hi_3"": 0, ""mc_hi_4"": 0, ""mc_hi_5"": 0, ""mc_lo_0"": 0, ""mc_lo_1"": 0, ""mc_lo_2"": 0, ""mc_lo_3"": 0, ""mc_lo_4"": 325, ""mc_lo_5"": 0}","{""mc_hi_0"": 0, ""mc_hi_1"": 0, ""mc_hi_2"": 0, ""mc_hi_3"": 0, ""mc_hi_4"": 0, ""mc_hi_5"": 0, ""mc_lo_0"": 0, ""mc_lo_1"": 0, ""mc_lo_2"": 0, ""mc_lo_3"": 0, ""mc_lo_4"": 325, ""mc_lo_5"": 0}","{""mc_hi_0"": 0, ""mc_hi_1"": 0, ""mc_hi_2"": 0, ""mc_hi_3"": 0, ""mc_hi_4"": 0, ""mc_hi_5"": 0, ""mc_lo_0"": 0, ""mc_lo_1"": 0, ""mc_lo_2"": 0, ""mc_lo_3"": 60, ""mc_lo_4"": 342, ""mc_lo_5"": 65}","{""mc_hi_0"": 0, ""mc_hi_1"": 0, ""mc_hi_2"": 0, ""mc_hi_3"": 0, ""mc_hi_4"": 0, ""mc_hi_5"": 0, ""mc_lo_0"": 0, ""mc_lo_1"": 0, ""mc_lo_2"": 0, ""mc_lo_3"": 62, ""mc_lo_4"": 12, ""mc_lo_5"": 41}","{""mc_hi_0"": 0, ""mc_hi_1"": 0, ""mc_hi_2"": 0, ""mc_hi_3"": 0, ""mc_hi_4"": 0, ""mc_hi_5"": 0, ""mc_lo_0"": 0, ""mc_lo_1"": 0, ""mc_lo_2"": 0, ""mc_lo_3"": 798, ""mc_lo_4"": 710, ""mc_lo_5"": 736}","{""mc_hi_0"": 0, ""mc_hi_1"": 0, ""mc_hi_2"": 0, ""mc_hi_3"": 0, ""mc_hi_4"": 0, ""mc_hi_5"": 0, ""mc_lo_0"": 0, ""mc_lo_1"": 0, ""mc_lo_2"": 0, ""mc_lo_3"": 0, ""mc_lo_4"": 0, ""mc_lo_5"": 0}",7200,573,6627,0,0,0.07958333333333334,0.9204166666666667,0.86625,800,51.90375,990.0,0.1375,0.8625,0.13749999999999996,5793,0.8045833333333333,834,834,0,0,0,0.11583333333333333,0.11583333333333333,0.12584880036215482,417.0,275220.0,549606.0,0.5007587253414271,275220.0,0.06985814648737035,573,0.07958333333333334,5793.0,6210.0,,,,,,,,,,0,,,,,,,,,,,,,,,,,,,
mc_fairgen,0.65,12,2.0,0.5,1567,185,101567,bc_tree_agent,,True,1,20000000,25000,C_AMC_SEM,0.5,interval_qos_v2_single_recovery_full_C5_overinc016_abs005,True,True,4.0,lo,503,570,0,1073,0,570,0,503,5087668,20000000,0.2543834,,,,570,,,,,,,800,0,800,800,0,0,0.0,0.0,1.0,0.0,-450.3471293745512,True,800,800,0,9.15625,14.84375,,,16,0.6184895833333334,0,0,0.0,single,24,0.02,0.02,0.9,0,,,,,v11_full_10d,128,integer_tree_ranked_valid_or_none,fixed_point_int,1000000,bb255908bec90f8d54945322db333c5c2d2df5af1c5e76fc9016dc8c975a381e,viper_integer_ranked_artifact_v1,True,,,,,,,,,,,,,,,,,,,,,,,,,,,,,,,,,7200,570,6630,0,0,0.07916666666666666,0.9208333333333334,0.86625,800,103.56375,987.0,0.13708333333333333,0.8629166666666667,0.13708333333333333,5796,0.805,834,834,0,0,0,0.11583333333333333,0.11583333333333333,0.1257918552036199,417.0,275220.0,549606.0,0.5007587253414271,275220.0,0.06988826815642459,570,0.07916666666666666,5796.0,6213.0,,,,,,,,,,,bc_iter_001,bc,3,11,6,3,10,43,0.05375,43,0.05375,0,0.0,800,456,0.57,0.51625,0.0083876371383667,0.03409690856933593
mc_fairgen,0.65,12,2.0,0.5,1567,185,101567,viper_tree_agent,,True,1,20000000,25000,C_AMC_SEM,0.5,interval_qos_v2_single_recovery_full_C5_overinc016_abs005,True,True,4.0,lo,503,567,0,1070,0,567,0,503,5088474,20000000,0.2544237,,,,567,,,,,,,800,0,800,800,0,0,0.0,0.0,1.0,0.0,-440.1563446440072,True,800,800,0,9.24125,14.75875,,,15,0.6149479166666667,0,0,0.0,single,24,0.02,0.02,0.9,0,,,,,v11_full_10d,128,integer_tree_ranked_valid_or_none,fixed_point_int,1000000,bb255908bec90f8d54945322db333c5c2d2df5af1c5e76fc9016dc8c975a381e,viper_integer_ranked_artifact_v1,True,,,,,,,,,,,,,,,,,,,,,,,,,,,,,,,,,7200,567,6633,0,0,0.07875,0.92125,0.86625,800,57.24875,984.0,0.13666666666666666,0.8633333333333333,0.13666666666666671,5799,0.8054166666666667,834,834,0,0,0,0.11583333333333333,0.11583333333333333,0.1257349615558571,417.0,275220.0,549606.0,0.5007587253414271,275220.0,0.06986351965212932,567,0.07875,5799.0,6216.0,,,,,,,,,,,viper_iter_002,viper,3,11,6,3,10,0,0.0,0,0.0,0,0.0,800,436,0.545,0.545,0.004873533248901368,0.021757316589355456
mc_fairgen,0.65,12,2.0,0.5,1568,185,101568,c_amc_sem_baseline,,True,1,20000000,25000,C_AMC_SEM,0.5,interval_qos_v2_single_recovery_full_C5_overinc016_abs005,True,True,4.0,lo,497,747,0,1244,0,747,0,497,5049851,20000000,0.25249255,24.85,10160.665995975854,1,747,747,747,0,0,0,0.0,0,0,0,0,0,0,0.0,0.0,0.0,0.0,0.0,True,0,0,0,0.0,0.0,0,0.0,0,0.0,0,0,0.0,single,24,0.02,0.02,0.9,0,0,0.0,0,0.0,,,,,,,,,,,,,,,,,,,,,,,,,,,,,,,,,,,,,,,,,7200,747,6453,0,0,0.10375,0.89625,0.86625,0,,1165.5,0.161875,0.838125,0.161875,5616,0.78,837,837,0,0,0,0.11625,0.11625,0.1297071129707113,418.5,276210.0,551583.0,0.5007587253414271,276210.0,0.070863814531328,747,0.10375,5616.0,6034.5,,,,,,,,,,,,,,,,,,,,,,,,,,,,,
mc_fairgen,0.65,12,2.0,0.5,1568,185,101568,dqn_agent,mlp,True,1,20000000,25000,C_AMC_SEM,0.5,interval_qos_v2_single_recovery_full_C5_overinc016_abs005,True,True,4.0,lo,497,543,0,1040,0,543,0,497,5062630,20000000,0.2531315,24.85,10186.378269617706,1,543,543,543,0,0,0,0.0,800,0,800,800,0,0,0.0,0.0,1.0,0.0,-418.23524578841347,True,800,800,0,9.26625,14.73375,4800,0.25,15,0.61390625,0,0,0.0,single,24,0.02,0.02,0.9,0,0,0.0,1387,0.07223958333333333,v11_full_10d,128,,,,,,,0.3361850063938619,468,0.0,0,0.0,0.0,0.0,0.0,0,0.0,0.0,0.0,0.0,324,0,0.4771401500274023,3.7725,310,0.08300140505324288,0.8320833333333333,0.8320833333333333,0.0,"{""mc_hi_0"": 1.0, ""mc_hi_1"": 1.0, ""mc_hi_2"": 1.0, ""mc_hi_3"": 1.0, ""mc_hi_4"": 1.0, ""mc_hi_5"": 1.0, ""mc_lo_0"": 1.0, ""mc_lo_1"": 1.0, ""mc_lo_2"": 1.0, ""mc_lo_3"": 4.029411764705882, ""mc_lo_4"": 1.3585714285714285, ""mc_lo_5"": 4.043478260869565}","{""mc_hi_0"": 1.0, ""mc_hi_1"": 1.0, ""mc_hi_2"": 1.0, ""mc_hi_3"": 1.0, ""mc_hi_4"": 1.0, ""mc_hi_5"": 1.0, ""mc_lo_0"": 1.0, ""mc_lo_1"": 1.0, ""mc_lo_2"": 1.0, ""mc_lo_3"": 4.029411764705882, ""mc_lo_4"": 1.828095238095238, ""mc_lo_5"": 4.043478260869565}","{""mc_hi_0"": 1.0, ""mc_hi_1"": 1.0, ""mc_hi_2"": 1.0, ""mc_hi_3"": 1.0, ""mc_hi_4"": 1.0, ""mc_hi_5"": 1.0, ""mc_lo_0"": 1.0, ""mc_lo_1"": 1.0, ""mc_lo_2"": 1.0, ""mc_lo_3"": 1.0, ""mc_lo_4"": 1.0, ""mc_lo_5"": 1.0}","{""mc_hi_0"": 0, ""mc_hi_1"": 0, ""mc_hi_2"": 0, ""mc_hi_3"": 0, ""mc_hi_4"": 0, ""mc_hi_5"": 0, ""mc_lo_0"": 0, ""mc_lo_1"": 0, ""mc_lo_2"": 0, ""mc_lo_3"": 62, ""mc_lo_4"": 346, ""mc_lo_5"": 68}","{""mc_hi_0"": 0, ""mc_hi_1"": 0, ""mc_hi_2"": 0, ""mc_hi_3"": 0, ""mc_hi_4"": 0, ""mc_hi_5"": 0, ""mc_lo_0"": 0, ""mc_lo_1"": 0, ""mc_lo_2"": 0, ""mc_lo_3"": 0, ""mc_lo_4"": 324, ""mc_lo_5"": 0}","{""mc_hi_0"": 0, ""mc_hi_1"": 0, ""mc_hi_2"": 0, ""mc_hi_3"": 0, ""mc_hi_4"": 0, ""mc_hi_5"": 0, ""mc_lo_0"": 0, ""mc_lo_1"": 0, ""mc_lo_2"": 0, ""mc_lo_3"": 0, ""mc_lo_4"": 324, ""mc_lo_5"": 0}","{""mc_hi_0"": 0, ""mc_hi_1"": 0, ""mc_hi_2"": 0, ""mc_hi_3"": 0, ""mc_hi_4"": 0, ""mc_hi_5"": 0, ""mc_lo_0"": 0, ""mc_lo_1"": 0, ""mc_lo_2"": 0, ""mc_lo_3"": 60, ""mc_lo_4"": 343, ""mc_lo_5"": 65}","{""mc_hi_0"": 0, ""mc_hi_1"": 0, ""mc_hi_2"": 0, ""mc_hi_3"": 0, ""mc_hi_4"": 0, ""mc_hi_5"": 0, ""mc_lo_0"": 0, ""mc_lo_1"": 0, ""mc_lo_2"": 0, ""mc_lo_3"": 62, ""mc_lo_4"": 14, ""mc_lo_5"": 48}","{""mc_hi_0"": 0, ""mc_hi_1"": 0, ""mc_hi_2"": 0, ""mc_hi_3"": 0, ""mc_hi_4"": 0, ""mc_hi_5"": 0, ""mc_lo_0"": 0, ""mc_lo_1"": 0, ""mc_lo_2"": 0, ""mc_lo_3"": 798, ""mc_lo_4"": 704, ""mc_lo_5"": 736}","{""mc_hi_0"": 0, ""mc_hi_1"": 0, ""mc_hi_2"": 0, ""mc_hi_3"": 0, ""mc_hi_4"": 0, ""mc_hi_5"": 0, ""mc_lo_0"": 0, ""mc_lo_1"": 0, ""mc_lo_2"": 0, ""mc_lo_3"": 0, ""mc_lo_4"": 0, ""mc_lo_5"": 0}",7200,543,6657,0,0,0.07541666666666667,0.9245833333333333,0.86625,800,52.0825,961.5,0.13354166666666667,0.8664583333333333,0.13354166666666667,5820,0.8083333333333333,837,837,0,0,0,0.11625,0.11625,0.12573231185218567,418.5,276210.0,551583.0,0.5007587253414271,276210.0,0.0703893701118493,543,0.07541666666666667,5820.0,6238.5,,,,,,,,,,0,,,,,,,,,,,,,,,,,,,
mc_fairgen,0.65,12,2.0,0.5,1568,185,101568,bc_tree_agent,,True,1,20000000,25000,C_AMC_SEM,0.5,interval_qos_v2_single_recovery_full_C5_overinc016_abs005,True,True,4.0,lo,497,546,0,1043,0,546,0,497,5061732,20000000,0.2530866,,,,546,,,,,,,800,0,800,800,0,0,0.0,0.0,1.0,0.0,-433.8193664175902,True,800,800,0,9.14375,14.85625,,,16,0.6190104166666667,0,0,0.0,single,24,0.02,0.02,0.9,0,,,,,v11_full_10d,128,integer_tree_ranked_valid_or_none,fixed_point_int,1000000,bb255908bec90f8d54945322db333c5c2d2df5af1c5e76fc9016dc8c975a381e,viper_integer_ranked_artifact_v1,True,,,,,,,,,,,,,,,,,,,,,,,,,,,,,,,,,7200,546,6654,0,0,0.07583333333333334,0.9241666666666667,0.86625,800,112.145,964.5,0.13395833333333335,0.8660416666666667,0.1339583333333333,5817,0.8079166666666666,837,837,0,0,0,0.11625,0.11625,0.12578899909828675,418.5,276210.0,551583.0,0.5007587253414271,276210.0,0.0704208474875302,546,0.07583333333333334,5817.0,6235.5,,,,,,,,,,,bc_iter_001,bc,3,11,6,3,10,53,0.06625,53,0.06625,0,0.0,800,458,0.5725,0.50625,0.008547744750976562,0.03454647064208984
mc_fairgen,0.65,12,2.0,0.5,1568,185,101568,viper_tree_agent,,True,1,20000000,25000,C_AMC_SEM,0.5,interval_qos_v2_single_recovery_full_C5_overinc016_abs005,True,True,4.0,lo,497,541,0,1038,0,541,0,497,5062916,20000000,0.2531458,,,,541,,,,,,,800,0,800,800,0,0,0.0,0.0,1.0,0.0,-422.38232168688353,True,800,800,0,9.24125,14.75875,,,15,0.6149479166666667,0,0,0.0,single,24,0.02,0.02,0.9,0,,,,,v11_full_10d,128,integer_tree_ranked_valid_or_none,fixed_point_int,1000000,bb255908bec90f8d54945322db333c5c2d2df5af1c5e76fc9016dc8c975a381e,viper_integer_ranked_artifact_v1,True,,,,,,,,,,,,,,,,,,,,,,,,,,,,,,,,,7200,541,6659,0,0,0.0751388888888889,0.9248611111111111,0.86625,800,57.24875,959.5,0.13326388888888888,0.8667361111111112,0.13326388888888885,5822,0.8086111111111111,837,837,0,0,0,0.11625,0.11625,0.1256945487310407,418.5,276210.0,551583.0,0.5007587253414271,276210.0,0.07038454511238823,541,0.0751388888888889,5822.0,6240.5,,,,,,,,,,,viper_iter_002,viper,3,11,6,3,10,0,0.0,0,0.0,0,0.0,800,445,0.55625,0.55625,0.004515995979309082,0.020647048950195312
mc_fairgen,0.65,12,2.0,0.5,1569,185,101569,c_amc_sem_baseline,,True,1,20000000,25000,C_AMC_SEM,0.5,interval_qos_v2_single_recovery_full_C5_overinc016_abs005,True,True,4.0,lo,486,778,0,1264,0,778,0,486,4914123,20000000,0.24570615,24.3,10111.364197530864,1,778,778,778,0,0,0,0.0,0,0,0,0,0,0,0.0,0.0,0.0,0.0,0.0,True,0,0,0,0.0,0.0,0,0.0,0,0.0,0,0,0.0,single,24,0.02,0.02,0.9,0,0,0.0,0,0.0,,,,,,,,,,,,,,,,,,,,,,,,,,,,,,,,,,,,,,,,,7200,778,6422,0,0,0.10805555555555556,0.8919444444444444,0.86875,0,,1182.0,0.16416666666666666,0.8358333333333333,0.16416666666666668,5614,0.7797222222222222,808,808,0,0,0,0.11222222222222222,0.11222222222222222,0.12581750233572095,404.0,266640.0,532472.0,0.5007587253414271,266640.0,0.06811235984906154,778,0.10805555555555556,5614.0,6018.0,,,,,,,,,,,,,,,,,,,,,,,,,,,,,
mc_fairgen,0.65,12,2.0,0.5,1569,185,101569,dqn_agent,mlp,True,1,20000000,25000,C_AMC_SEM,0.5,interval_qos_v2_single_recovery_full_C5_overinc016_abs005,True,True,4.0,lo,486,556,0,1042,0,556,0,486,4931997,20000000,0.24659985,24.3,10148.141975308641,1,556,556,556,0,0,0,0.0,800,0,800,800,0,0,0.0,0.0,1.0,0.0,-426.2313097926227,True,800,800,0,9.29875,14.70125,4800,0.25,15,0.6125520833333333,0,0,0.0,single,24,0.02,0.02,0.9,0,0,0.0,1361,0.07088541666666667,v11_full_10d,128,,,,,,,0.35233083972719526,468,0.0,0,0.0,0.0,0.0,0.0,0,0.0,0.0,0.0,0.0,324,0,0.47756743824341336,3.715,305,0.08454894852286883,0.8320833333333333,0.8320833333333333,0.0,"{""mc_hi_0"": 1.0, ""mc_hi_1"": 1.0, ""mc_hi_2"": 1.0, ""mc_hi_3"": 1.0, ""mc_hi_4"": 1.0, ""mc_hi_5"": 1.0, ""mc_lo_0"": 1.0, ""mc_lo_1"": 1.0, ""mc_lo_2"": 1.0, ""mc_lo_3"": 4.029411764705882, ""mc_lo_4"": 1.358095238095238, ""mc_lo_5"": 4.043478260869565}","{""mc_hi_0"": 1.0, ""mc_hi_1"": 1.0, ""mc_hi_2"": 1.0, ""mc_hi_3"": 1.0, ""mc_hi_4"": 1.0, ""mc_hi_5"": 1.0, ""mc_lo_0"": 1.0, ""mc_lo_1"": 1.0, ""mc_lo_2"": 1.0, ""mc_lo_3"": 4.029411764705882, ""mc_lo_4"": 2.001904761904762, ""mc_lo_5"": 4.043478260869565}","{""mc_hi_0"": 1.0, ""mc_hi_1"": 1.0, ""mc_hi_2"": 1.0, ""mc_hi_3"": 1.0, ""mc_hi_4"": 1.0, ""mc_hi_5"": 1.0, ""mc_lo_0"": 1.0, ""mc_lo_1"": 1.0, ""mc_lo_2"": 1.0, ""mc_lo_3"": 1.0, ""mc_lo_4"": 1.0, ""mc_lo_5"": 1.0}","{""mc_hi_0"": 0, ""mc_hi_1"": 0, ""mc_hi_2"": 0, ""mc_hi_3"": 0, ""mc_hi_4"": 0, ""mc_hi_5"": 0, ""mc_lo_0"": 0, ""mc_lo_1"": 0, ""mc_lo_2"": 0, ""mc_lo_3"": 62, ""mc_lo_4"": 346, ""mc_lo_5"": 68}","{""mc_hi_0"": 0, ""mc_hi_1"": 0, ""mc_hi_2"": 0, ""mc_hi_3"": 0, ""mc_hi_4"": 0, ""mc_hi_5"": 0, ""mc_lo_0"": 0, ""mc_lo_1"": 0, ""mc_lo_2"": 0, ""mc_lo_3"": 0, ""mc_lo_4"": 324, ""mc_lo_5"": 0}","{""mc_hi_0"": 0, ""mc_hi_1"": 0, ""mc_hi_2"": 0, ""mc_hi_3"": 0, ""mc_hi_4"": 0, ""mc_hi_5"": 0, ""mc_lo_0"": 0, ""mc_lo_1"": 0, ""mc_lo_2"": 0, ""mc_lo_3"": 0, ""mc_lo_4"": 324, ""mc_lo_5"": 0}","{""mc_hi_0"": 0, ""mc_hi_1"": 0, ""mc_hi_2"": 0, ""mc_hi_3"": 0, ""mc_hi_4"": 0, ""mc_hi_5"": 0, ""mc_lo_0"": 0, ""mc_lo_1"": 0, ""mc_lo_2"": 0, ""mc_lo_3"": 60, ""mc_lo_4"": 343, ""mc_lo_5"": 65}","{""mc_hi_0"": 0, ""mc_hi_1"": 0, ""mc_hi_2"": 0, ""mc_hi_3"": 0, ""mc_hi_4"": 0, ""mc_hi_5"": 0, ""mc_lo_0"": 0, ""mc_lo_1"": 0, ""mc_lo_2"": 0, ""mc_lo_3"": 62, ""mc_lo_4"": 21, ""mc_lo_5"": 46}","{""mc_hi_0"": 0, ""mc_hi_1"": 0, ""mc_hi_2"": 0, ""mc_hi_3"": 0, ""mc_hi_4"": 0, ""mc_hi_5"": 0, ""mc_lo_0"": 0, ""mc_lo_1"": 0, ""mc_lo_2"": 0, ""mc_lo_3"": 798, ""mc_lo_4"": 721, ""mc_lo_5"": 736}","{""mc_hi_0"": 0, ""mc_hi_1"": 0, ""mc_hi_2"": 0, ""mc_hi_3"": 0, ""mc_hi_4"": 0, ""mc_hi_5"": 0, ""mc_lo_0"": 0, ""mc_lo_1"": 0, ""mc_lo_2"": 0, ""mc_lo_3"": 0, ""mc_lo_4"": 0, ""mc_lo_5"": 0}",7200,556,6644,0,0,0.07722222222222222,0.9227777777777778,0.8725,800,53.43875,960.5,0.1334027777777778,0.8665972222222222,0.13340277777777776,5835,0.8104166666666667,809,809,0,0,0,0.1123611111111111,0.1123611111111111,0.12176399759181217,404.5,266970.0,533131.0,0.5007587253414271,266970.0,0.06761906281605017,556,0.07722222222222222,5835.0,6239.5,,,,,,,,,,0,,,,,,,,,,,,,,,,,,,
mc_fairgen,0.65,12,2.0,0.5,1569,185,101569,bc_tree_agent,,True,1,20000000,25000,C_AMC_SEM,0.5,interval_qos_v2_single_recovery_full_C5_overinc016_abs005,True,True,4.0,lo,486,556,0,1042,0,556,0,486,4931492,20000000,0.2465746,,,,556,,,,,,,800,0,800,800,0,0,0.0,0.0,1.0,0.0,-438.55808133725935,True,800,800,0,9.12125,14.87875,,,16,0.6199479166666667,0,0,0.0,single,24,0.02,0.02,0.9,0,,,,,v11_full_10d,128,integer_tree_ranked_valid_or_none,fixed_point_int,1000000,bb255908bec90f8d54945322db333c5c2d2df5af1c5e76fc9016dc8c975a381e,viper_integer_ranked_artifact_v1,True,,,,,,,,,,,,,,,,,,,,,,,,,,,,,,,,,7200,556,6644,0,0,0.07722222222222222,0.9227777777777778,0.8725,800,116.01875,960.5,0.1334027777777778,0.8665972222222222,0.13340277777777776,5835,0.8104166666666667,809,809,0,0,0,0.1123611111111111,0.1123611111111111,0.12176399759181217,404.5,266970.0,533131.0,0.5007587253414271,266970.0,0.06765312801638251,556,0.07722222222222222,5835.0,6239.5,,,,,,,,,,,bc_iter_001,bc,3,11,6,3,10,56,0.07,56,0.07,0,0.0,800,443,0.55375,0.48375,0.008463196754455567,0.03416919708251953
mc_fairgen,0.65,12,2.0,0.5,1569,185,101569,viper_tree_agent,,True,1,20000000,25000,C_AMC_SEM,0.5,interval_qos_v2_single_recovery_full_C5_overinc016_abs005,True,True,4.0,lo,486,556,0,1042,0,556,0,486,4931492,20000000,0.2465746,,,,556,,,,,,,800,0,800,800,0,0,0.0,0.0,1.0,0.0,-429.43742467385385,True,800,800,0,9.24125,14.75875,,,15,0.6149479166666667,0,0,0.0,single,24,0.02,0.02,0.9,0,,,,,v11_full_10d,128,integer_tree_ranked_valid_or_none,fixed_point_int,1000000,bb255908bec90f8d54945322db333c5c2d2df5af1c5e76fc9016dc8c975a381e,viper_integer_ranked_artifact_v1,True,,,,,,,,,,,,,,,,,,,,,,,,,,,,,,,,,7200,556,6644,0,0,0.07722222222222222,0.9227777777777778,0.8725,800,57.24875,960.5,0.1334027777777778,0.8665972222222222,0.13340277777777776,5835,0.8104166666666667,809,809,0,0,0,0.1123611111111111,0.1123611111111111,0.12176399759181217,404.5,266970.0,533131.0,0.5007587253414271,266970.0,0.06765312801638251,556,0.07722222222222222,5835.0,6239.5,,,,,,,,,,,viper_iter_002,viper,3,11,6,3,10,0,0.0,0,0.0,0,0.0,800,422,0.5275,0.5275,0.005124864578247071,0.021356773376464834
mc_fairgen,0.65,12,2.0,0.5,1570,185,101570,c_amc_sem_baseline,,True,1,20000000,25000,C_AMC_SEM,0.5,interval_qos_v2_single_recovery_full_C5_overinc016_abs005,True,True,4.0,lo,456,777,0,1233,0,777,0,456,4315709,20000000,0.21578545,22.799999999999997,9464.274122807017,1,777,777,777,0,0,0,0.0,0,0,0,0,0,0,0.0,0.0,0.0,0.0,0.0,True,0,0,0,0.0,0.0,0,0.0,0,0.0,0,0,0.0,single,24,0.02,0.02,0.9,0,0,0.0,0,0.0,,,,,,,,,,,,,,,,,,,,,,,,,,,,,,,,,,,,,,,,,7200,777,6423,0,0,0.10791666666666666,0.8920833333333333,0.8674999999999999,0,,1125.5,0.15631944444444446,0.8436805555555555,0.15631944444444446,5726,0.7952777777777778,697,697,0,0,0,0.09680555555555556,0.09680555555555556,0.10851626965592402,348.5,230010.0,459323.0,0.5007587253414271,230010.0,0.058445770908129024,777,0.10791666666666666,5726.0,6074.5,,,,,,,,,,,,,,,,,,,,,,,,,,,,,
mc_fairgen,0.65,12,2.0,0.5,1570,185,101570,dqn_agent,mlp,True,1,20000000,25000,C_AMC_SEM,0.5,interval_qos_v2_single_recovery_full_C5_overinc016_abs005,True,True,4.0,lo,456,539,0,995,0,539,0,456,4330437,20000000,0.21652185,22.799999999999997,9496.572368421053,1,539,539,539,0,0,0,0.0,800,0,800,800,0,0,0.0,0.0,1.0,0.0,-413.3594970898623,True,800,800,0,9.27125,14.72875,4800,0.25,15,0.6136979166666666,0,0,0.0,single,24,0.02,0.02,0.9,0,0,0.0,1383,0.07203125,v11_full_10d,128,,,,,,,0.3381254825843381,469,0.0,0,0.0,0.0,0.0,0.0,0,0.0,0.0,0.0,0.0,323,0,0.4770089884504527,3.9475,304,0.08136497630737029,0.8320833333333333,0.8320833333333333,0.0,"{""mc_hi_0"": 1.0, ""mc_hi_1"": 1.0, ""mc_hi_2"": 1.0, ""mc_hi_3"": 1.0, ""mc_hi_4"": 1.0, ""mc_hi_5"": 1.0, ""mc_lo_0"": 1.0, ""mc_lo_1"": 1.0, ""mc_lo_2"": 1.0, ""mc_lo_3"": 4.029411764705882, ""mc_lo_4"": 1.4195238095238096, ""mc_lo_5"": 4.043478260869565}","{""mc_hi_0"": 1.0, ""mc_hi_1"": 1.0, ""mc_hi_2"": 1.0, ""mc_hi_3"": 1.0, ""mc_hi_4"": 1.0, ""mc_hi_5"": 1.0, ""mc_lo_0"": 1.0, ""mc_lo_1"": 1.0, ""mc_lo_2"": 1.0, ""mc_lo_3"": 4.029411764705882, ""mc_lo_4"": 2.012380952380952, ""mc_lo_5"": 4.043478260869565}","{""mc_hi_0"": 1.0, ""mc_hi_1"": 1.0, ""mc_hi_2"": 1.0, ""mc_hi_3"": 1.0, ""mc_hi_4"": 1.0, ""mc_hi_5"": 1.0, ""mc_lo_0"": 1.0, ""mc_lo_1"": 1.0, ""mc_lo_2"": 1.0, ""mc_lo_3"": 1.0, ""mc_lo_4"": 1.0, ""mc_lo_5"": 1.0}","{""mc_hi_0"": 0, ""mc_hi_1"": 0, ""mc_hi_2"": 0, ""mc_hi_3"": 0, ""mc_hi_4"": 0, ""mc_hi_5"": 0, ""mc_lo_0"": 0, ""mc_lo_1"": 0, ""mc_lo_2"": 0, ""mc_lo_3"": 62, ""mc_lo_4"": 347, ""mc_lo_5"": 68}","{""mc_hi_0"": 0, ""mc_hi_1"": 0, ""mc_hi_2"": 0, ""mc_hi_3"": 0, ""mc_hi_4"": 0, ""mc_hi_5"": 0, ""mc_lo_0"": 0, ""mc_lo_1"": 0, ""mc_lo_2"": 0, ""mc_lo_3"": 0, ""mc_lo_4"": 323, ""mc_lo_5"": 0}","{""mc_hi_0"": 0, ""mc_hi_1"": 0, ""mc_hi_2"": 0, ""mc_hi_3"": 0, ""mc_hi_4"": 0, ""mc_hi_5"": 0, ""mc_lo_0"": 0, ""mc_lo_1"": 0, ""mc_lo_2"": 0, ""mc_lo_3"": 0, ""mc_lo_4"": 323, ""mc_lo_5"": 0}","{""mc_hi_0"": 0, ""mc_hi_1"": 0, ""mc_hi_2"": 0, ""mc_hi_3"": 0, ""mc_hi_4"": 0, ""mc_hi_5"": 0, ""mc_lo_0"": 0, ""mc_lo_1"": 0, ""mc_lo_2"": 0, ""mc_lo_3"": 60, ""mc_lo_4"": 344, ""mc_lo_5"": 65}","{""mc_hi_0"": 0, ""mc_hi_1"": 0, ""mc_hi_2"": 0, ""mc_hi_3"": 0, ""mc_hi_4"": 0, ""mc_hi_5"": 0, ""mc_lo_0"": 0, ""mc_lo_1"": 0, ""mc_lo_2"": 0, ""mc_lo_3"": 62, ""mc_lo_4"": 11, ""mc_lo_5"": 51}","{""mc_hi_0"": 0, ""mc_hi_1"": 0, ""mc_hi_2"": 0, ""mc_hi_3"": 0, ""mc_hi_4"": 0, ""mc_hi_5"": 0, ""mc_lo_0"": 0, ""mc_lo_1"": 0, ""mc_lo_2"": 0, ""mc_lo_3"": 798, ""mc_lo_4"": 717, ""mc_lo_5"": 736}","{""mc_hi_0"": 0, ""mc_hi_1"": 0, ""mc_hi_2"": 0, ""mc_hi_3"": 0, ""mc_hi_4"": 0, ""mc_hi_5"": 0, ""mc_lo_0"": 0, ""mc_lo_1"": 0, ""mc_lo_2"": 0, ""mc_lo_3"": 0, ""mc_lo_4"": 0, ""mc_lo_5"": 0}",7200,539,6661,0,0,0.07486111111111111,0.9251388888888888,0.88875,800,52.225,888.0,0.12333333333333334,0.8766666666666667,0.1233333333333333,5963,0.8281944444444445,698,698,0,0,0,0.09694444444444444,0.09694444444444444,0.10478907071010359,349.0,230340.0,459982.0,0.5007587253414271,230340.0,0.05801965423973699,539,0.07486111111111111,5963.0,6312.0,,,,,,,,,,0,,,,,,,,,,,,,,,,,,,
mc_fairgen,0.65,12,2.0,0.5,1570,185,101570,bc_tree_agent,,True,1,20000000,25000,C_AMC_SEM,0.5,interval_qos_v2_single_recovery_full_C5_overinc016_abs005,True,True,4.0,lo,456,538,0,994,0,538,0,456,4329635,20000000,0.21648175,,,,538,,,,,,,800,0,800,800,0,0,0.0,0.0,1.0,0.0,-423.6726023109178,True,800,800,0,9.14,14.86,,,16,0.6191666666666666,0,0,0.0,single,24,0.02,0.02,0.9,0,,,,,v11_full_10d,128,integer_tree_ranked_valid_or_none,fixed_point_int,1000000,bb255908bec90f8d54945322db333c5c2d2df5af1c5e76fc9016dc8c975a381e,viper_integer_ranked_artifact_v1,True,,,,,,,,,,,,,,,,,,,,,,,,,,,,,,,,,7200,538,6662,0,0,0.07472222222222222,0.9252777777777778,0.88875,800,115.2275,887.0,0.12319444444444444,0.8768055555555555,0.1231944444444445,5964,0.8283333333333334,698,698,0,0,0,0.09694444444444444,0.09694444444444444,0.10477334133893726,349.0,230340.0,459982.0,0.5007587253414271,230340.0,0.05802449200859611,538,0.07472222222222222,5964.0,6313.0,,,,,,,,,,,bc_iter_001,bc,3,11,6,3,10,52,0.065,52,0.065,0,0.0,800,438,0.5475,0.4825,0.00843796730041504,0.03356266021728515
mc_fairgen,0.65,12,2.0,0.5,1570,185,101570,viper_tree_agent,,True,1,20000000,25000,C_AMC_SEM,0.5,interval_qos_v2_single_recovery_full_C5_overinc016_abs005,True,True,4.0,lo,456,536,0,992,0,536,0,456,4329847,20000000,0.21649235,,,,536,,,,,,,800,0,800,800,0,0,0.0,0.0,1.0,0.0,-413.94657056348325,True,800,800,0,9.24125,14.75875,,,15,0.6149479166666667,0,0,0.0,single,24,0.02,0.02,0.9,0,,,,,v11_full_10d,128,integer_tree_ranked_valid_or_none,fixed_point_int,1000000,bb255908bec90f8d54945322db333c5c2d2df5af1c5e76fc9016dc8c975a381e,viper_integer_ranked_artifact_v1,True,,,,,,,,,,,,,,,,,,,,,,,,,,,,,,,,,7200,536,6664,0,0,0.07444444444444444,0.9255555555555556,0.88875,800,57.24875,885.0,0.12291666666666666,0.8770833333333333,0.12291666666666667,5966,0.8286111111111111,698,698,0,0,0,0.09694444444444444,0.09694444444444444,0.10474189675870348,349.0,230340.0,459982.0,0.5007587253414271,230340.0,0.058021393405148475,536,0.07444444444444444,5966.0,6315.0,,,,,,,,,,,viper_iter_002,viper,3,11,6,3,10,0,0.0,0,0.0,0,0.0,800,447,0.55875,0.55875,0.0045047616958618164,0.020878028869628903
mc_fairgen,0.65,12,2.0,0.5,1571,185,101571,c_amc_sem_baseline,,True,1,20000000,25000,C_AMC_SEM,0.5,interval_qos_v2_single_recovery_full_C5_overinc016_abs005,True,True,4.0,lo,450,759,0,1209,0,759,0,450,4313507,20000000,0.21567535,22.5,9585.57111111111,1,759,759,759,0,0,0,0.0,0,0,0,0,0,0,0.0,0.0,0.0,0.0,0.0,True,0,0,0,0.0,0.0,0,0.0,0,0.0,0,0,0.0,single,24,0.02,0.02,0.9,0,0,0.0,0,0.0,,,,,,,,,,,,,,,,,,,,,,,,,,,,,,,,,,,,,,,,,7200,759,6441,0,0,0.10541666666666667,0.8945833333333333,0.85,0,,1108.0,0.15388888888888888,0.8461111111111111,0.15388888888888885,5743,0.7976388888888889,698,698,0,0,0,0.09694444444444444,0.09694444444444444,0.10836826579723645,349.0,230340.0,459982.0,0.5007587253414271,230340.0,0.05852385430167098,759,0.10541666666666667,5743.0,6092.0,,,,,,,,,,,,,,,,,,,,,,,,,,,,,
mc_fairgen,0.65,12,2.0,0.5,1571,185,101571,dqn_agent,mlp,True,1,20000000,25000,C_AMC_SEM,0.5,interval_qos_v2_single_recovery_full_C5_overinc016_abs005,True,True,4.0,lo,450,551,0,1001,0,551,0,450,4328668,20000000,0.2164334,22.5,9619.262222222222,1,551,551,551,0,0,0,0.0,800,0,800,800,0,0,0.0,0.0,1.0,0.0,-415.66018186814676,True,800,800,0,9.265,14.735,4800,0.25,15,0.6139583333333334,0,0,0.0,single,24,0.02,0.02,0.9,0,0,0.0,1388,0.07229166666666667,v11_full_10d,128,,,,,,,0.33999988734624287,472,0.0,0,0.0,0.0,0.0,0.0,0,0.0,0.0,0.0,0.0,320,0,0.47736451812609104,5.1675,297,0.08178220251834645,0.8320833333333333,0.8320833333333333,0.0,"{""mc_hi_0"": 1.0, ""mc_hi_1"": 1.0, ""mc_hi_2"": 1.0, ""mc_hi_3"": 1.0, ""mc_hi_4"": 1.0, ""mc_hi_5"": 1.0, ""mc_lo_0"": 1.0, ""mc_lo_1"": 1.0, ""mc_lo_2"": 1.0, ""mc_lo_3"": 4.029411764705882, ""mc_lo_4"": 1.5952380952380953, ""mc_lo_5"": 4.043478260869565}","{""mc_hi_0"": 1.0, ""mc_hi_1"": 1.0, ""mc_hi_2"": 1.0, ""mc_hi_3"": 1.0, ""mc_hi_4"": 1.0, ""mc_hi_5"": 1.0, ""mc_lo_0"": 1.0, ""mc_lo_1"": 1.0, ""mc_lo_2"": 1.0, ""mc_lo_3"": 4.029411764705882, ""mc_lo_4"": 1.802857142857143, ""mc_lo_5"": 4.043478260869565}","{""mc_hi_0"": 1.0, ""mc_hi_1"": 1.0, ""mc_hi_2"": 1.0, ""mc_hi_3"": 1.0, ""mc_hi_4"": 1.0, ""mc_hi_5"": 1.0, ""mc_lo_0"": 1.0, ""mc_lo_1"": 1.0, ""mc_lo_2"": 1.0, ""mc_lo_3"": 1.0, ""mc_lo_4"": 1.0, ""mc_lo_5"": 1.0}","{""mc_hi_0"": 0, ""mc_hi_1"": 0, ""mc_hi_2"": 0, ""mc_hi_3"": 0, ""mc_hi_4"": 0, ""mc_hi_5"": 0, ""mc_lo_0"": 0, ""mc_lo_1"": 0, ""mc_lo_2"": 0, ""mc_lo_3"": 62, ""mc_lo_4"": 350, ""mc_lo_5"": 68}","{""mc_hi_0"": 0, ""mc_hi_1"": 0, ""mc_hi_2"": 0, ""mc_hi_3"": 0, ""mc_hi_4"": 0, ""mc_hi_5"": 0, ""mc_lo_0"": 0, ""mc_lo_1"": 0, ""mc_lo_2"": 0, ""mc_lo_3"": 0, ""mc_lo_4"": 320, ""mc_lo_5"": 0}","{""mc_hi_0"": 0, ""mc_hi_1"": 0, ""mc_hi_2"": 0, ""mc_hi_3"": 0, ""mc_hi_4"": 0, ""mc_hi_5"": 0, ""mc_lo_0"": 0, ""mc_lo_1"": 0, ""mc_lo_2"": 0, ""mc_lo_3"": 0, ""mc_lo_4"": 320, ""mc_lo_5"": 0}","{""mc_hi_0"": 0, ""mc_hi_1"": 0, ""mc_hi_2"": 0, ""mc_hi_3"": 0, ""mc_hi_4"": 0, ""mc_hi_5"": 0, ""mc_lo_0"": 0, ""mc_lo_1"": 0, ""mc_lo_2"": 0, ""mc_lo_3"": 60, ""mc_lo_4"": 347, ""mc_lo_5"": 65}","{""mc_hi_0"": 0, ""mc_hi_1"": 0, ""mc_hi_2"": 0, ""mc_hi_3"": 0, ""mc_hi_4"": 0, ""mc_hi_5"": 0, ""mc_lo_0"": 0, ""mc_lo_1"": 0, ""mc_lo_2"": 0, ""mc_lo_3"": 62, ""mc_lo_4"": 19, ""mc_lo_5"": 68}","{""mc_hi_0"": 0, ""mc_hi_1"": 0, ""mc_hi_2"": 0, ""mc_hi_3"": 0, ""mc_hi_4"": 0, ""mc_hi_5"": 0, ""mc_lo_0"": 0, ""mc_lo_1"": 0, ""mc_lo_2"": 0, ""mc_lo_3"": 798, ""mc_lo_4"": 715, ""mc_lo_5"": 736}","{""mc_hi_0"": 0, ""mc_hi_1"": 0, ""mc_hi_2"": 0, ""mc_hi_3"": 0, ""mc_hi_4"": 0, ""mc_hi_5"": 0, ""mc_lo_0"": 0, ""mc_lo_1"": 0, ""mc_lo_2"": 0, ""mc_lo_3"": 0, ""mc_lo_4"": 0, ""mc_lo_5"": 0}",7200,551,6649,0,0,0.07652777777777778,0.9234722222222222,0.885,800,52.23625,900.0,0.125,0.875,0.125,5951,0.8265277777777778,698,698,0,0,0,0.09694444444444444,0.09694444444444444,0.1049781922093548,349.0,230340.0,459982.0,0.5007587253414271,230340.0,0.058011266788360875,551,0.07652777777777778,5951.0,6300.0,,,,,,,,,,0,,,,,,,,,,,,,,,,,,,
mc_fairgen,0.65,12,2.0,0.5,1571,185,101571,bc_tree_agent,,True,1,20000000,25000,C_AMC_SEM,0.5,interval_qos_v2_single_recovery_full_C5_overinc016_abs005,True,True,4.0,lo,450,551,0,1001,0,551,0,450,4328499,20000000,0.21642495,,,,551,,,,,,,800,0,800,800,0,0,0.0,0.0,1.0,0.0,-424.89470606757135,True,800,800,0,9.14375,14.85625,,,16,0.6190104166666667,0,0,0.0,single,24,0.02,0.02,0.9,0,,,,,v11_full_10d,128,integer_tree_ranked_valid_or_none,fixed_point_int,1000000,bb255908bec90f8d54945322db333c5c2d2df5af1c5e76fc9016dc8c975a381e,viper_integer_ranked_artifact_v1,True,,,,,,,,,,,,,,,,,,,,,,,,,,,,,,,,,7200,551,6649,0,0,0.07652777777777778,0.9234722222222222,0.885,800,107.49875,900.0,0.125,0.875,0.125,5951,0.8265277777777778,698,698,0,0,0,0.09694444444444444,0.09694444444444444,0.1049781922093548,349.0,230340.0,459982.0,0.5007587253414271,230340.0,0.05802202186871516,551,0.07652777777777778,5951.0,6300.0,,,,,,,,,,,bc_iter_001,bc,3,11,6,3,10,46,0.0575,46,0.0575,0,0.0,800,452,0.565,0.5075,0.008139243125915527,0.03375778198242184
mc_fairgen,0.65,12,2.0,0.5,1571,185,101571,viper_tree_agent,,True,1,20000000,25000,C_AMC_SEM,0.5,interval_qos_v2_single_recovery_full_C5_overinc016_abs005,True,True,4.0,lo,450,550,0,1000,0,550,0,450,4328499,20000000,0.21642495,,,,550,,,,,,,800,0,800,800,0,0,0.0,0.0,1.0,0.0,-417.0326496325723,True,800,800,0,9.24125,14.75875,,,15,0.6149479166666667,0,0,0.0,single,24,0.02,0.02,0.9,0,,,,,v11_full_10d,128,integer_tree_ranked_valid_or_none,fixed_point_int,1000000,bb255908bec90f8d54945322db333c5c2d2df5af1c5e76fc9016dc8c975a381e,viper_integer_ranked_artifact_v1,True,,,,,,,,,,,,,,,,,,,,,,,,,,,,,,,,,7200,550,6650,0,0,0.0763888888888889,0.9236111111111112,0.885,800,57.24875,899.0,0.12486111111111112,0.8751388888888889,0.12486111111111109,5952,0.8266666666666667,698,698,0,0,0,0.09694444444444444,0.09694444444444444,0.10496240601503759,349.0,230340.0,459982.0,0.5007587253414271,230340.0,0.05801597164536761,550,0.0763888888888889,5952.0,6301.0,,,,,,,,,,,viper_iter_002,viper,3,11,6,3,10,0,0.0,0,0.0,0,0.0,800,433,0.54125,0.54125,0.00442906379699707,0.01981582641601562
mc_fairgen,0.65,12,2.0,0.5,1572,185,101572,c_amc_sem_baseline,,True,1,20000000,25000,C_AMC_SEM,0.5,interval_qos_v2_single_recovery_full_C5_overinc016_abs005,True,True,4.0,lo,460,792,0,1252,0,792,0,460,4639334,20000000,0.2319667,23.0,10085.508695652174,1,792,792,792,0,0,0,0.0,0,0,0,0,0,0,0.0,0.0,0.0,0.0,0.0,True,0,0,0,0.0,0.0,0,0.0,0,0.0,0,0,0.0,single,24,0.02,0.02,0.9,0,0,0.0,0,0.0,,,,,,,,,,,,,,,,,,,,,,,,,,,,,,,,,,,,,,,,,7200,792,6408,0,0,0.11,0.89,0.8525,0,,1173.5,0.1629861111111111,0.8370138888888888,0.16298611111111116,5645,0.7840277777777778,763,763,0,0,0,0.10597222222222222,0.10597222222222222,0.11906991260923845,381.5,251790.0,502817.0,0.5007587253414271,251790.0,0.06419960086558166,792,0.11,5645.0,6026.5,,,,,,,,,,,,,,,,,,,,,,,,,,,,,
mc_fairgen,0.65,12,2.0,0.5,1572,185,101572,dqn_agent,mlp,True,1,20000000,25000,C_AMC_SEM,0.5,interval_qos_v2_single_recovery_full_C5_overinc016_abs005,True,True,4.0,lo,460,564,0,1024,0,564,0,460,4657259,20000000,0.23286295,23.0,10124.476086956522,1,564,564,564,0,0,0,0.0,800,0,800,800,0,0,0.0,0.0,1.0,0.0,-423.0460664266006,True,800,800,0,9.27125,14.72875,4800,0.25,15,0.6136979166666666,0,0,0.0,single,24,0.02,0.02,0.9,0,0,0.0,1383,0.07203125,v11_full_10d,128,,,,,,,0.35633560163195716,470,0.0,0,0.0,0.0,0.0,0.0,0,0.0,0.0,0.0,0.0,322,0,0.47970183265335126,3.80875,262,0.08175595126016602,0.8320833333333333,0.8320833333333333,0.0,"{""mc_hi_0"": 1.0, ""mc_hi_1"": 1.0, ""mc_hi_2"": 1.0, ""mc_hi_3"": 1.0, ""mc_hi_4"": 1.0, ""mc_hi_5"": 1.0, ""mc_lo_0"": 1.0, ""mc_lo_1"": 1.0, ""mc_lo_2"": 1.0, ""mc_lo_3"": 4.029411764705882, ""mc_lo_4"": 1.4742857142857142, ""mc_lo_5"": 4.043478260869565}","{""mc_hi_0"": 1.0, ""mc_hi_1"": 1.0, ""mc_hi_2"": 1.0, ""mc_hi_3"": 1.0, ""mc_hi_4"": 1.0, ""mc_hi_5"": 1.0, ""mc_lo_0"": 1.0, ""mc_lo_1"": 1.0, ""mc_lo_2"": 1.0, ""mc_lo_3"": 4.029411764705882, ""mc_lo_4"": 2.145238095238095, ""mc_lo_5"": 4.043478260869565}","{""mc_hi_0"": 1.0, ""mc_hi_1"": 1.0, ""mc_hi_2"": 1.0, ""mc_hi_3"": 1.0, ""mc_hi_4"": 1.0, ""mc_hi_5"": 1.0, ""mc_lo_0"": 1.0, ""mc_lo_1"": 1.0, ""mc_lo_2"": 1.0, ""mc_lo_3"": 1.0, ""mc_lo_4"": 1.0, ""mc_lo_5"": 1.0}","{""mc_hi_0"": 0, ""mc_hi_1"": 0, ""mc_hi_2"": 0, ""mc_hi_3"": 0, ""mc_hi_4"": 0, ""mc_hi_5"": 0, ""mc_lo_0"": 0, ""mc_lo_1"": 0, ""mc_lo_2"": 0, ""mc_lo_3"": 62, ""mc_lo_4"": 348, ""mc_lo_5"": 68}","{""mc_hi_0"": 0, ""mc_hi_1"": 0, ""mc_hi_2"": 0, ""mc_hi_3"": 0, ""mc_hi_4"": 0, ""mc_hi_5"": 0, ""mc_lo_0"": 0, ""mc_lo_1"": 0, ""mc_lo_2"": 0, ""mc_lo_3"": 0, ""mc_lo_4"": 322, ""mc_lo_5"": 0}","{""mc_hi_0"": 0, ""mc_hi_1"": 0, ""mc_hi_2"": 0, ""mc_hi_3"": 0, ""mc_hi_4"": 0, ""mc_hi_5"": 0, ""mc_lo_0"": 0, ""mc_lo_1"": 0, ""mc_lo_2"": 0, ""mc_lo_3"": 0, ""mc_lo_4"": 322, ""mc_lo_5"": 0}","{""mc_hi_0"": 0, ""mc_hi_1"": 0, ""mc_hi_2"": 0, ""mc_hi_3"": 0, ""mc_hi_4"": 0, ""mc_hi_5"": 0, ""mc_lo_0"": 0, ""mc_lo_1"": 0, ""mc_lo_2"": 0, ""mc_lo_3"": 60, ""mc_lo_4"": 345, ""mc_lo_5"": 65}","{""mc_hi_0"": 0, ""mc_hi_1"": 0, ""mc_hi_2"": 0, ""mc_hi_3"": 0, ""mc_hi_4"": 0, ""mc_hi_5"": 0, ""mc_lo_0"": 0, ""mc_lo_1"": 0, ""mc_lo_2"": 0, ""mc_lo_3"": 62, ""mc_lo_4"": 13, ""mc_lo_5"": 46}","{""mc_hi_0"": 0, ""mc_hi_1"": 0, ""mc_hi_2"": 0, ""mc_hi_3"": 0, ""mc_hi_4"": 0, ""mc_hi_5"": 0, ""mc_lo_0"": 0, ""mc_lo_1"": 0, ""mc_lo_2"": 0, ""mc_lo_3"": 798, ""mc_lo_4"": 715, ""mc_lo_5"": 736}","{""mc_hi_0"": 0, ""mc_hi_1"": 0, ""mc_hi_2"": 0, ""mc_hi_3"": 0, ""mc_hi_4"": 0, ""mc_hi_5"": 0, ""mc_lo_0"": 0, ""mc_lo_1"": 0, ""mc_lo_2"": 0, ""mc_lo_3"": 0, ""mc_lo_4"": 0, ""mc_lo_5"": 0}",7200,564,6636,0,0,0.07833333333333334,0.9216666666666666,0.8525,800,53.71875,945.5,0.13131944444444443,0.8686805555555556,0.13131944444444443,5873,0.8156944444444445,763,763,0,0,0,0.10597222222222222,0.10597222222222222,0.1149789029535865,381.5,251790.0,502817.0,0.5007587253414271,251790.0,0.06359115376057611,564,0.07833333333333334,5873.0,6254.5,,,,,,,,,,0,,,,,,,,,,,,,,,,,,,
mc_fairgen,0.65,12,2.0,0.5,1572,185,101572,bc_tree_agent,,True,1,20000000,25000,C_AMC_SEM,0.5,interval_qos_v2_single_recovery_full_C5_overinc016_abs005,True,True,4.0,lo,460,566,0,1026,0,566,0,460,4655518,20000000,0.2327759,,,,566,,,,,,,800,0,800,800,0,0,0.0,0.0,1.0,0.0,-435.5061501421562,True,800,800,0,9.1375,14.8625,,,16,0.6192708333333333,0,0,0.0,single,24,0.02,0.02,0.9,0,,,,,v11_full_10d,128,integer_tree_ranked_valid_or_none,fixed_point_int,1000000,bb255908bec90f8d54945322db333c5c2d2df5af1c5e76fc9016dc8c975a381e,viper_integer_ranked_artifact_v1,True,,,,,,,,,,,,,,,,,,,,,,,,,,,,,,,,,7200,566,6634,0,0,0.07861111111111112,0.9213888888888889,0.8525,800,109.02,947.5,0.13159722222222223,0.8684027777777777,0.13159722222222225,5871,0.8154166666666667,763,763,0,0,0,0.10597222222222222,0.10597222222222222,0.11501356647573108,381.5,251790.0,502817.0,0.5007587253414271,251790.0,0.06363977345565057,566,0.07861111111111112,5871.0,6252.5,,,,,,,,,,,bc_iter_001,bc,3,11,6,3,10,47,0.05875,47,0.05875,0,0.0,800,450,0.5625,0.50375,0.008142991065979004,0.03225154876708983
mc_fairgen,0.65,12,2.0,0.5,1572,185,101572,viper_tree_agent,,True,1,20000000,25000,C_AMC_SEM,0.5,interval_qos_v2_single_recovery_full_C5_overinc016_abs005,True,True,4.0,lo,460,559,0,1019,0,559,0,460,4657411,20000000,0.23287055,,,,559,,,,,,,800,0,800,800,0,0,0.0,0.0,1.0,0.0,-423.29078909943064,True,800,800,0,9.24125,14.75875,,,15,0.6149479166666667,0,0,0.0,single,24,0.02,0.02,0.9,0,,,,,v11_full_10d,128,integer_tree_ranked_valid_or_none,fixed_point_int,1000000,bb255908bec90f8d54945322db333c5c2d2df5af1c5e76fc9016dc8c975a381e,viper_integer_ranked_artifact_v1,True,,,,,,,,,,,,,,,,,,,,,,,,,,,,,,,,,7200,559,6641,0,0,0.07763888888888888,0.9223611111111111,0.8525,800,57.24875,940.5,0.130625,0.869375,0.130625,5878,0.8163888888888889,763,763,0,0,0,0.10597222222222222,0.10597222222222222,0.11489233549164282,381.5,251790.0,502817.0,0.5007587253414271,251790.0,0.06358646448499358,559,0.07763888888888888,5878.0,6259.5,,,,,,,,,,,viper_iter_002,viper,3,11,6,3,10,0,0.0,0,0.0,0,0.0,800,447,0.55875,0.55875,0.004607686996459961,0.02075004577636718
mc_fairgen,0.65,12,2.0,0.5,1573,185,101573,c_amc_sem_baseline,,True,1,20000000,25000,C_AMC_SEM,0.5,interval_qos_v2_single_recovery_full_C5_overinc016_abs005,True,True,4.0,lo,484,797,0,1281,0,797,0,484,4831529,20000000,0.24157645,24.2,9982.497933884297,1,797,797,797,0,0,0,0.0,0,0,0,0,0,0,0.0,0.0,0.0,0.0,0.0,True,0,0,0,0.0,0.0,0,0.0,0,0.0,0,0,0.0,single,24,0.02,0.02,0.9,0,0,0.0,0,0.0,,,,,,,,,,,,,,,,,,,,,,,,,,,,,,,,,,,,,,,,,7200,797,6403,0,0,0.11069444444444444,0.8893055555555556,0.8625,0,,1194.0,0.16583333333333333,0.8341666666666666,0.1658333333333334,5609,0.7790277777777778,794,794,0,0,0,0.11027777777777778,0.11027777777777778,0.1240043729501796,397.0,262020.0,523246.0,0.5007587253414271,262020.0,0.06688147083080101,797,0.11069444444444444,5609.0,6006.0,,,,,,,,,,,,,,,,,,,,,,,,,,,,,
mc_fairgen,0.65,12,2.0,0.5,1573,185,101573,dqn_agent,mlp,True,1,20000000,25000,C_AMC_SEM,0.5,interval_qos_v2_single_recovery_full_C5_overinc016_abs005,True,True,4.0,lo,484,565,0,1049,0,565,0,484,4849624,20000000,0.2424812,24.2,10019.88429752066,1,565,565,565,0,0,0,0.0,800,0,800,800,0,0,0.0,0.0,1.0,0.0,-433.76905546820734,True,800,800,0,9.255,14.745,4800,0.25,15,0.614375,0,0,0.0,single,24,0.02,0.02,0.9,0,0,0.0,1396,0.07270833333333333,v11_full_10d,128,,,,,,,0.3477117921081476,469,0.0,0,0.0,0.0,0.0,0.0,0,0.0,0.0,0.0,0.0,323,0,0.4800822307727439,5.1225,313,0.08321777003829356,0.8320833333333333,0.8320833333333333,0.0,"{""mc_hi_0"": 1.0, ""mc_hi_1"": 1.0, ""mc_hi_2"": 1.0, ""mc_hi_3"": 1.0, ""mc_hi_4"": 1.0, ""mc_hi_5"": 1.0, ""mc_lo_0"": 1.0, ""mc_lo_1"": 1.0, ""mc_lo_2"": 1.0, ""mc_lo_3"": 4.029411764705882, ""mc_lo_4"": 1.4147619047619047, ""mc_lo_5"": 4.043478260869565}","{""mc_hi_0"": 1.0, ""mc_hi_1"": 1.0, ""mc_hi_2"": 1.0, ""mc_hi_3"": 1.0, ""mc_hi_4"": 1.0, ""mc_hi_5"": 1.0, ""mc_lo_0"": 1.0, ""mc_lo_1"": 1.0, ""mc_lo_2"": 1.0, ""mc_lo_3"": 4.029411764705882, ""mc_lo_4"": 1.9452380952380952, ""mc_lo_5"": 4.043478260869565}","{""mc_hi_0"": 1.0, ""mc_hi_1"": 1.0, ""mc_hi_2"": 1.0, ""mc_hi_3"": 1.0, ""mc_hi_4"": 1.0, ""mc_hi_5"": 1.0, ""mc_lo_0"": 1.0, ""mc_lo_1"": 1.0, ""mc_lo_2"": 1.0, ""mc_lo_3"": 1.0, ""mc_lo_4"": 1.0, ""mc_lo_5"": 1.0}","{""mc_hi_0"": 0, ""mc_hi_1"": 0, ""mc_hi_2"": 0, ""mc_hi_3"": 0, ""mc_hi_4"": 0, ""mc_hi_5"": 0, ""mc_lo_0"": 0, ""mc_lo_1"": 0, ""mc_lo_2"": 0, ""mc_lo_3"": 62, ""mc_lo_4"": 347, ""mc_lo_5"": 68}","{""mc_hi_0"": 0, ""mc_hi_1"": 0, ""mc_hi_2"": 0, ""mc_hi_3"": 0, ""mc_hi_4"": 0, ""mc_hi_5"": 0, ""mc_lo_0"": 0, ""mc_lo_1"": 0, ""mc_lo_2"": 0, ""mc_lo_3"": 0, ""mc_lo_4"": 323, ""mc_lo_5"": 0}","{""mc_hi_0"": 0, ""mc_hi_1"": 0, ""mc_hi_2"": 0, ""mc_hi_3"": 0, ""mc_hi_4"": 0, ""mc_hi_5"": 0, ""mc_lo_0"": 0, ""mc_lo_1"": 0, ""mc_lo_2"": 0, ""mc_lo_3"": 0, ""mc_lo_4"": 323, ""mc_lo_5"": 0}","{""mc_hi_0"": 0, ""mc_hi_1"": 0, ""mc_hi_2"": 0, ""mc_hi_3"": 0, ""mc_hi_4"": 0, ""mc_hi_5"": 0, ""mc_lo_0"": 0, ""mc_lo_1"": 0, ""mc_lo_2"": 0, ""mc_lo_3"": 60, ""mc_lo_4"": 344, ""mc_lo_5"": 65}","{""mc_hi_0"": 0, ""mc_hi_1"": 0, ""mc_hi_2"": 0, ""mc_hi_3"": 0, ""mc_hi_4"": 0, ""mc_hi_5"": 0, ""mc_lo_0"": 0, ""mc_lo_1"": 0, ""mc_lo_2"": 0, ""mc_lo_3"": 62, ""mc_lo_4"": 14, ""mc_lo_5"": 68}","{""mc_hi_0"": 0, ""mc_hi_1"": 0, ""mc_hi_2"": 0, ""mc_hi_3"": 0, ""mc_hi_4"": 0, ""mc_hi_5"": 0, ""mc_lo_0"": 0, ""mc_lo_1"": 0, ""mc_lo_2"": 0, ""mc_lo_3"": 798, ""mc_lo_4"": 714, ""mc_lo_5"": 736}","{""mc_hi_0"": 0, ""mc_hi_1"": 0, ""mc_hi_2"": 0, ""mc_hi_3"": 0, ""mc_hi_4"": 0, ""mc_hi_5"": 0, ""mc_lo_0"": 0, ""mc_lo_1"": 0, ""mc_lo_2"": 0, ""mc_lo_3"": 0, ""mc_lo_4"": 0, ""mc_lo_5"": 0}",7200,565,6635,0,0,0.07847222222222222,0.9215277777777777,0.8625,800,53.0175,962.0,0.13361111111111112,0.8663888888888889,0.13361111111111112,5841,0.81125,794,794,0,0,0,0.11027777777777778,0.11027777777777778,0.1196684250188395,397.0,262020.0,523246.0,0.5007587253414271,262020.0,0.06629978525063834,565,0.07847222222222222,5841.0,6238.0,,,,,,,,,,0,,,,,,,,,,,,,,,,,,,
mc_fairgen,0.65,12,2.0,0.5,1573,185,101573,bc_tree_agent,,True,1,20000000,25000,C_AMC_SEM,0.5,interval_qos_v2_single_recovery_full_C5_overinc016_abs005,True,True,4.0,lo,484,563,0,1047,0,563,0,484,4849669,20000000,0.24248345,,,,563,,,,,,,800,0,800,800,0,0,0.0,0.0,1.0,0.0,-442.80960863880694,True,800,800,0,9.12875,14.87125,,,16,0.6196354166666667,0,0,0.0,single,24,0.02,0.02,0.9,0,,,,,v11_full_10d,128,integer_tree_ranked_valid_or_none,fixed_point_int,1000000,bb255908bec90f8d54945322db333c5c2d2df5af1c5e76fc9016dc8c975a381e,viper_integer_ranked_artifact_v1,True,,,,,,,,,,,,,,,,,,,,,,,,,,,,,,,,,7200,563,6637,0,0,0.07819444444444444,0.9218055555555555,0.8625,800,115.29625,960.0,0.13333333333333333,0.8666666666666667,0.1333333333333333,5843,0.8115277777777777,794,794,0,0,0,0.11027777777777778,0.11027777777777778,0.1196323640198885,397.0,262020.0,523246.0,0.5007587253414271,262020.0,0.06629805736216624,563,0.07819444444444444,5843.0,6240.0,,,,,,,,,,,bc_iter_001,bc,3,11,6,3,10,71,0.08875,71,0.08875,0,0.0,800,476,0.595,0.50625,0.00794626235961914,0.0330493927001953
mc_fairgen,0.65,12,2.0,0.5,1573,185,101573,viper_tree_agent,,True,1,20000000,25000,C_AMC_SEM,0.5,interval_qos_v2_single_recovery_full_C5_overinc016_abs005,True,True,4.0,lo,484,560,0,1044,0,560,0,484,4849921,20000000,0.24249605,,,,560,,,,,,,800,0,800,800,0,0,0.0,0.0,1.0,0.0,-433.1730033578578,True,800,800,0,9.24125,14.75875,,,15,0.6149479166666667,0,0,0.0,single,24,0.02,0.02,0.9,0,,,,,v11_full_10d,128,integer_tree_ranked_valid_or_none,fixed_point_int,1000000,bb255908bec90f8d54945322db333c5c2d2df5af1c5e76fc9016dc8c975a381e,viper_integer_ranked_artifact_v1,True,,,,,,,,,,,,,,,,,,,,,,,,,,,,,,,,,7200,560,6640,0,0,0.07777777777777778,0.9222222222222223,0.8625,800,57.24875,957.0,0.13291666666666666,0.8670833333333333,0.13291666666666668,5846,0.8119444444444445,794,794,0,0,0,0.11027777777777778,0.11027777777777778,0.11957831325301205,397.0,262020.0,523246.0,0.5007587253414271,262020.0,0.06629153245975183,560,0.07777777777777778,5846.0,6243.0,,,,,,,,,,,viper_iter_002,viper,3,11,6,3,10,0,0.0,0,0.0,0,0.0,800,449,0.56125,0.56125,0.004202985763549804,0.018950462341308587
mc_fairgen,0.65,12,2.0,0.5,1574,185,101574,c_amc_sem_baseline,,True,1,20000000,25000,C_AMC_SEM,0.5,interval_qos_v2_single_recovery_full_C5_overinc016_abs005,True,True,4.0,lo,499,788,0,1287,0,788,0,499,5068683,20000000,0.25343415,24.95,10157.68136272545,1,788,788,788,0,0,0,0.0,0,0,0,0,0,0,0.0,0.0,0.0,0.0,0.0,True,0,0,0,0.0,0.0,0,0.0,0,0.0,0,0,0.0,single,24,0.02,0.02,0.9,0,0,0.0,0,0.0,,,,,,,,,,,,,,,,,,,,,,,,,,,,,,,,,,,,,,,,,7200,788,6412,0,0,0.10944444444444444,0.8905555555555555,0.875,0,,1203.5,0.1671527777777778,0.8328472222222222,0.16715277777777782,5581,0.7751388888888889,831,831,0,0,0,0.11541666666666667,0.11541666666666667,0.1296007485963818,415.5,274230.0,547629.0,0.5007587253414271,274230.0,0.07007375593083133,788,0.10944444444444444,5581.0,5996.5,,,,,,,,,,,,,,,,,,,,,,,,,,,,,
mc_fairgen,0.65,12,2.0,0.5,1574,185,101574,dqn_agent,mlp,True,1,20000000,25000,C_AMC_SEM,0.5,interval_qos_v2_single_recovery_full_C5_overinc016_abs005,True,True,4.0,lo,499,569,0,1068,0,569,0,499,5084703,20000000,0.25423515,24.95,10189.785571142285,1,569,569,569,0,0,0,0.0,800,0,800,800,0,0,0.0,0.0,1.0,0.0,-434.005885703313,True,800,800,0,9.26625,14.73375,4800,0.25,15,0.61390625,0,0,0.0,single,24,0.02,0.02,0.9,0,0,0.0,1387,0.07223958333333333,v11_full_10d,128,,,,,,,0.3516725063938619,469,0.0,0,0.0,0.0,0.0,0.0,0,0.0,0.0,0.0,0.0,323,0,0.4793361968700524,3.94,285,0.08254222995498876,0.8320833333333333,0.8320833333333333,0.0,"{""mc_hi_0"": 1.0, ""mc_hi_1"": 1.0, ""mc_hi_2"": 1.0, ""mc_hi_3"": 1.0, ""mc_hi_4"": 1.0, ""mc_hi_5"": 1.0, ""mc_lo_0"": 1.0, ""mc_lo_1"": 1.0, ""mc_lo_2"": 1.0, ""mc_lo_3"": 4.029411764705882, ""mc_lo_4"": 1.4157142857142857, ""mc_lo_5"": 4.043478260869565}","{""mc_hi_0"": 1.0, ""mc_hi_1"": 1.0, ""mc_hi_2"": 1.0, ""mc_hi_3"": 1.0, ""mc_hi_4"": 1.0, ""mc_hi_5"": 1.0, ""mc_lo_0"": 1.0, ""mc_lo_1"": 1.0, ""mc_lo_2"": 1.0, ""mc_lo_3"": 4.029411764705882, ""mc_lo_4"": 2.126190476190476, ""mc_lo_5"": 4.043478260869565}","{""mc_hi_0"": 1.0, ""mc_hi_1"": 1.0, ""mc_hi_2"": 1.0, ""mc_hi_3"": 1.0, ""mc_hi_4"": 1.0, ""mc_hi_5"": 1.0, ""mc_lo_0"": 1.0, ""mc_lo_1"": 1.0, ""mc_lo_2"": 1.0, ""mc_lo_3"": 1.0, ""mc_lo_4"": 1.0, ""mc_lo_5"": 1.0}","{""mc_hi_0"": 0, ""mc_hi_1"": 0, ""mc_hi_2"": 0, ""mc_hi_3"": 0, ""mc_hi_4"": 0, ""mc_hi_5"": 0, ""mc_lo_0"": 0, ""mc_lo_1"": 0, ""mc_lo_2"": 0, ""mc_lo_3"": 62, ""mc_lo_4"": 347, ""mc_lo_5"": 68}","{""mc_hi_0"": 0, ""mc_hi_1"": 0, ""mc_hi_2"": 0, ""mc_hi_3"": 0, ""mc_hi_4"": 0, ""mc_hi_5"": 0, ""mc_lo_0"": 0, ""mc_lo_1"": 0, ""mc_lo_2"": 0, ""mc_lo_3"": 0, ""mc_lo_4"": 323, ""mc_lo_5"": 0}","{""mc_hi_0"": 0, ""mc_hi_1"": 0, ""mc_hi_2"": 0, ""mc_hi_3"": 0, ""mc_hi_4"": 0, ""mc_hi_5"": 0, ""mc_lo_0"": 0, ""mc_lo_1"": 0, ""mc_lo_2"": 0, ""mc_lo_3"": 0, ""mc_lo_4"": 323, ""mc_lo_5"": 0}","{""mc_hi_0"": 0, ""mc_hi_1"": 0, ""mc_hi_2"": 0, ""mc_hi_3"": 0, ""mc_hi_4"": 0, ""mc_hi_5"": 0, ""mc_lo_0"": 0, ""mc_lo_1"": 0, ""mc_lo_2"": 0, ""mc_lo_3"": 60, ""mc_lo_4"": 344, ""mc_lo_5"": 65}","{""mc_hi_0"": 0, ""mc_hi_1"": 0, ""mc_hi_2"": 0, ""mc_hi_3"": 0, ""mc_hi_4"": 0, ""mc_hi_5"": 0, ""mc_lo_0"": 0, ""mc_lo_1"": 0, ""mc_lo_2"": 0, ""mc_lo_3"": 62, ""mc_lo_4"": 12, ""mc_lo_5"": 50}","{""mc_hi_0"": 0, ""mc_hi_1"": 0, ""mc_hi_2"": 0, ""mc_hi_3"": 0, ""mc_hi_4"": 0, ""mc_hi_5"": 0, ""mc_lo_0"": 0, ""mc_lo_1"": 0, ""mc_lo_2"": 0, ""mc_lo_3"": 798, ""mc_lo_4"": 711, ""mc_lo_5"": 736}","{""mc_hi_0"": 0, ""mc_hi_1"": 0, ""mc_hi_2"": 0, ""mc_hi_3"": 0, ""mc_hi_4"": 0, ""mc_hi_5"": 0, ""mc_lo_0"": 0, ""mc_lo_1"": 0, ""mc_lo_2"": 0, ""mc_lo_3"": 0, ""mc_lo_4"": 0, ""mc_lo_5"": 0}",7200,569,6631,0,0,0.07902777777777778,0.9209722222222222,0.8775,800,53.3525,985.0,0.13680555555555557,0.8631944444444445,0.1368055555555555,5799,0.8054166666666667,832,832,0,0,0,0.11555555555555555,0.11555555555555555,0.12547127130146282,416.0,274560.0,548288.0,0.5007587253414271,274560.0,0.06958150737630883,569,0.07902777777777778,5799.0,6215.0,,,,,,,,,,0,,,,,,,,,,,,,,,,,,,
mc_fairgen,0.65,12,2.0,0.5,1574,185,101574,bc_tree_agent,,True,1,20000000,25000,C_AMC_SEM,0.5,interval_qos_v2_single_recovery_full_C5_overinc016_abs005,True,True,4.0,lo,499,564,0,1063,0,564,0,499,5084741,20000000,0.25423705,,,,564,,,,,,,800,0,800,800,0,0,0.0,0.0,1.0,0.0,-445.1778783363798,True,800,800,0,9.09125,14.90875,,,16,0.6211979166666667,0,0,0.0,single,24,0.02,0.02,0.9,0,,,,,v11_full_10d,128,integer_tree_ranked_valid_or_none,fixed_point_int,1000000,bb255908bec90f8d54945322db333c5c2d2df5af1c5e76fc9016dc8c975a381e,viper_integer_ranked_artifact_v1,True,,,,,,,,,,,,,,,,,,,,,,,,,,,,,,,,,7200,564,6636,0,0,0.07833333333333334,0.9216666666666666,0.8775,800,116.7675,980.0,0.1361111111111111,0.8638888888888889,0.13611111111111107,5804,0.8061111111111111,832,832,0,0,0,0.11555555555555555,0.11555555555555555,0.12537673297166968,416.0,274560.0,548288.0,0.5007587253414271,274560.0,0.06957953242635305,564,0.07833333333333334,5804.0,6220.0,,,,,,,,,,,bc_iter_001,bc,3,11,6,3,10,81,0.10125,81,0.10125,0,0.0,800,455,0.56875,0.4675,0.009052553176879884,0.037429618835449215
mc_fairgen,0.65,12,2.0,0.5,1574,185,101574,viper_tree_agent,,True,1,20000000,25000,C_AMC_SEM,0.5,interval_qos_v2_single_recovery_full_C5_overinc016_abs005,True,True,4.0,lo,499,564,0,1063,0,564,0,499,5084741,20000000,0.25423705,,,,564,,,,,,,800,0,800,800,0,0,0.0,0.0,1.0,0.0,-435.86975869650826,True,800,800,0,9.24125,14.75875,,,15,0.6149479166666667,0,0,0.0,single,24,0.02,0.02,0.9,0,,,,,v11_full_10d,128,integer_tree_ranked_valid_or_none,fixed_point_int,1000000,bb255908bec90f8d54945322db333c5c2d2df5af1c5e76fc9016dc8c975a381e,viper_integer_ranked_artifact_v1,True,,,,,,,,,,,,,,,,,,,,,,,,,,,,,,,,,7200,564,6636,0,0,0.07833333333333334,0.9216666666666666,0.8775,800,57.24875,980.0,0.1361111111111111,0.8638888888888889,0.13611111111111107,5804,0.8061111111111111,832,832,0,0,0,0.11555555555555555,0.11555555555555555,0.12537673297166968,416.0,274560.0,548288.0,0.5007587253414271,274560.0,0.06957225076721803,564,0.07833333333333334,5804.0,6220.0,,,,,,,,,,,viper_iter_002,viper,3,11,6,3,10,0,0.0,0,0.0,0,0.0,800,463,0.57875,0.57875,0.004487295150756836,0.02037525177001953
mc_fairgen,0.65,12,2.0,0.5,1575,185,101575,c_amc_sem_baseline,,True,1,20000000,25000,C_AMC_SEM,0.5,interval_qos_v2_single_recovery_full_C5_overinc016_abs005,True,True,4.0,lo,444,745,0,1189,0,745,0,444,4289645,20000000,0.21448225,22.2,9661.362612612613,1,745,745,745,0,0,0,0.0,0,0,0,0,0,0,0.0,0.0,0.0,0.0,0.0,True,0,0,0,0.0,0.0,0,0.0,0,0.0,0,0,0.0,single,24,0.02,0.02,0.9,0,0,0.0,0,0.0,,,,,,,,,,,,,,,,,,,,,,,,,,,,,,,,,,,,,,,,,7200,745,6455,0,0,0.10347222222222222,0.8965277777777778,0.86125,0,,1094.5,0.1520138888888889,0.8479861111111111,0.1520138888888889,5756,0.7994444444444444,699,699,0,0,0,0.09708333333333333,0.09708333333333333,0.108288148721921,349.5,230670.0,460641.0,0.5007587253414271,230670.0,0.058742771751213015,745,0.10347222222222222,5756.0,6105.5,,,,,,,,,,,,,,,,,,,,,,,,,,,,,
mc_fairgen,0.65,12,2.0,0.5,1575,185,101575,dqn_agent,mlp,True,1,20000000,25000,C_AMC_SEM,0.5,interval_qos_v2_single_recovery_full_C5_overinc016_abs005,True,True,4.0,lo,444,524,0,968,0,524,0,444,4303446,20000000,0.2151723,22.2,9692.445945945947,1,524,524,524,0,0,0,0.0,800,0,800,800,0,0,0.0,0.0,1.0,0.0,-401.88433020432757,True,800,800,0,9.26375,14.73625,4800,0.25,15,0.6140104166666667,0,0,0.0,single,24,0.02,0.02,0.9,0,0,0.0,1389,0.07234375,v11_full_10d,128,,,,,,,0.35574988734624285,468,0.0,0,0.0,0.0,0.0,0.0,0,0.0,0.0,0.0,0.0,324,0,0.4806790000964154,4.53625,288,0.08151928986954193,0.8320833333333333,0.8320833333333333,0.0,"{""mc_hi_0"": 1.0, ""mc_hi_1"": 1.0, ""mc_hi_2"": 1.0, ""mc_hi_3"": 1.0, ""mc_hi_4"": 1.0, ""mc_hi_5"": 1.0, ""mc_lo_0"": 1.0, ""mc_lo_1"": 1.0, ""mc_lo_2"": 1.0, ""mc_lo_3"": 4.029411764705882, ""mc_lo_4"": 1.3623809523809525, ""mc_lo_5"": 4.043478260869565}","{""mc_hi_0"": 1.0, ""mc_hi_1"": 1.0, ""mc_hi_2"": 1.0, ""mc_hi_3"": 1.0, ""mc_hi_4"": 1.0, ""mc_hi_5"": 1.0, ""mc_lo_0"": 1.0, ""mc_lo_1"": 1.0, ""mc_lo_2"": 1.0, ""mc_lo_3"": 4.029411764705882, ""mc_lo_4"": 1.9014285714285715, ""mc_lo_5"": 4.043478260869565}","{""mc_hi_0"": 1.0, ""mc_hi_1"": 1.0, ""mc_hi_2"": 1.0, ""mc_hi_3"": 1.0, ""mc_hi_4"": 1.0, ""mc_hi_5"": 1.0, ""mc_lo_0"": 1.0, ""mc_lo_1"": 1.0, ""mc_lo_2"": 1.0, ""mc_lo_3"": 1.0, ""mc_lo_4"": 1.0, ""mc_lo_5"": 1.0}","{""mc_hi_0"": 0, ""mc_hi_1"": 0, ""mc_hi_2"": 0, ""mc_hi_3"": 0, ""mc_hi_4"": 0, ""mc_hi_5"": 0, ""mc_lo_0"": 0, ""mc_lo_1"": 0, ""mc_lo_2"": 0, ""mc_lo_3"": 62, ""mc_lo_4"": 346, ""mc_lo_5"": 68}","{""mc_hi_0"": 0, ""mc_hi_1"": 0, ""mc_hi_2"": 0, ""mc_hi_3"": 0, ""mc_hi_4"": 0, ""mc_hi_5"": 0, ""mc_lo_0"": 0, ""mc_lo_1"": 0, ""mc_lo_2"": 0, ""mc_lo_3"": 0, ""mc_lo_4"": 324, ""mc_lo_5"": 0}","{""mc_hi_0"": 0, ""mc_hi_1"": 0, ""mc_hi_2"": 0, ""mc_hi_3"": 0, ""mc_hi_4"": 0, ""mc_hi_5"": 0, ""mc_lo_0"": 0, ""mc_lo_1"": 0, ""mc_lo_2"": 0, ""mc_lo_3"": 0, ""mc_lo_4"": 324, ""mc_lo_5"": 0}","{""mc_hi_0"": 0, ""mc_hi_1"": 0, ""mc_hi_2"": 0, ""mc_hi_3"": 0, ""mc_hi_4"": 0, ""mc_hi_5"": 0, ""mc_lo_0"": 0, ""mc_lo_1"": 0, ""mc_lo_2"": 0, ""mc_lo_3"": 60, ""mc_lo_4"": 343, ""mc_lo_5"": 65}","{""mc_hi_0"": 0, ""mc_hi_1"": 0, ""mc_hi_2"": 0, ""mc_hi_3"": 0, ""mc_hi_4"": 0, ""mc_hi_5"": 0, ""mc_lo_0"": 0, ""mc_lo_1"": 0, ""mc_lo_2"": 0, ""mc_lo_3"": 62, ""mc_lo_4"": 14, ""mc_lo_5"": 59}","{""mc_hi_0"": 0, ""mc_hi_1"": 0, ""mc_hi_2"": 0, ""mc_hi_3"": 0, ""mc_hi_4"": 0, ""mc_hi_5"": 0, ""mc_lo_0"": 0, ""mc_lo_1"": 0, ""mc_lo_2"": 0, ""mc_lo_3"": 798, ""mc_lo_4"": 701, ""mc_lo_5"": 736}","{""mc_hi_0"": 0, ""mc_hi_1"": 0, ""mc_hi_2"": 0, ""mc_hi_3"": 0, ""mc_hi_4"": 0, ""mc_hi_5"": 0, ""mc_lo_0"": 0, ""mc_lo_1"": 0, ""mc_lo_2"": 0, ""mc_lo_3"": 0, ""mc_lo_4"": 0, ""mc_lo_5"": 0}",7200,524,6676,0,0,0.07277777777777777,0.9272222222222222,0.88,800,53.7325,873.5,0.12131944444444444,0.8786805555555556,0.12131944444444442,5977,0.8301388888888889,699,699,0,0,0,0.09708333333333333,0.09708333333333333,0.10470341521869383,349.5,230670.0,460641.0,0.5007587253414271,230670.0,0.05828878559344412,524,0.07277777777777777,5977.0,6326.5,,,,,,,,,,0,,,,,,,,,,,,,,,,,,,
mc_fairgen,0.65,12,2.0,0.5,1575,185,101575,bc_tree_agent,,True,1,20000000,25000,C_AMC_SEM,0.5,interval_qos_v2_single_recovery_full_C5_overinc016_abs005,True,True,4.0,lo,444,531,0,975,0,531,0,444,4301528,20000000,0.2150764,,,,531,,,,,,,800,0,800,800,0,0,0.0,0.0,1.0,0.0,-416.9469912865971,True,800,800,0,9.1125,14.8875,,,16,0.6203125,0,0,0.0,single,24,0.02,0.02,0.9,0,,,,,v11_full_10d,128,integer_tree_ranked_valid_or_none,fixed_point_int,1000000,bb255908bec90f8d54945322db333c5c2d2df5af1c5e76fc9016dc8c975a381e,viper_integer_ranked_artifact_v1,True,,,,,,,,,,,,,,,,,,,,,,,,,,,,,,,,,7200,531,6669,0,0,0.07375,0.92625,0.88,800,108.415,880.5,0.12229166666666667,0.8777083333333333,0.12229166666666669,5970,0.8291666666666667,699,699,0,0,0,0.09708333333333333,0.09708333333333333,0.10481331533963113,349.5,230670.0,460641.0,0.5007587253414271,230670.0,0.05834256726012509,531,0.07375,5970.0,6319.5,,,,,,,,,,,bc_iter_001,bc,3,11,6,3,10,55,0.06875,55,0.06875,0,0.0,800,441,0.55125,0.4825,0.008759675025939941,0.03355560302734374
mc_fairgen,0.65,12,2.0,0.5,1575,185,101575,viper_tree_agent,,True,1,20000000,25000,C_AMC_SEM,0.5,interval_qos_v2_single_recovery_full_C5_overinc016_abs005,True,True,4.0,lo,444,520,0,964,0,520,0,444,4303794,20000000,0.2151897,,,,520,,,,,,,800,0,800,800,0,0,0.0,0.0,1.0,0.0,-403.28050805322135,True,800,800,0,9.24125,14.75875,,,15,0.6149479166666667,0,0,0.0,single,24,0.02,0.02,0.9,0,,,,,v11_full_10d,128,integer_tree_ranked_valid_or_none,fixed_point_int,1000000,bb255908bec90f8d54945322db333c5c2d2df5af1c5e76fc9016dc8c975a381e,viper_integer_ranked_artifact_v1,True,,,,,,,,,,,,,,,,,,,,,,,,,,,,,,,,,7200,520,6680,0,0,0.07222222222222222,0.9277777777777778,0.88,800,57.24875,869.5,0.12076388888888889,0.8792361111111111,0.12076388888888889,5981,0.8306944444444444,699,699,0,0,0,0.09708333333333333,0.09708333333333333,0.10464071856287425,349.5,230670.0,460641.0,0.5007587253414271,230670.0,0.058273117946538895,520,0.07222222222222222,5981.0,6330.5,,,,,,,,,,,viper_iter_002,viper,3,11,6,3,10,0,0.0,0,0.0,0,0.0,800,468,0.585,0.585,0.00430267333984375,0.020684051513671867
mc_fairgen,0.65,12,2.0,0.5,1576,185,101576,c_amc_sem_baseline,,True,1,20000000,25000,C_AMC_SEM,0.5,interval_qos_v2_single_recovery_full_C5_overinc016_abs005,True,True,4.0,lo,475,757,0,1232,0,757,0,475,4704608,20000000,0.2352304,23.75,9904.437894736842,1,757,757,757,0,0,0,0.0,0,0,0,0,0,0,0.0,0.0,0.0,0.0,0.0,True,0,0,0,0.0,0.0,0,0.0,0,0.0,0,0,0.0,single,24,0.02,0.02,0.9,0,0,0.0,0,0.0,,,,,,,,,,,,,,,,,,,,,,,,,,,,,,,,,,,,,,,,,7200,757,6443,0,0,0.10513888888888889,0.8948611111111111,0.8725,0,,1140.5,0.15840277777777778,0.8415972222222222,0.15840277777777778,5676,0.7883333333333333,767,767,0,0,0,0.10652777777777778,0.10652777777777778,0.11904392363805681,383.5,253110.0,505453.0,0.5007587253414271,253110.0,0.06445304293686474,757,0.10513888888888889,5676.0,6059.5,,,,,,,,,,,,,,,,,,,,,,,,,,,,,
mc_fairgen,0.65,12,2.0,0.5,1576,185,101576,dqn_agent,mlp,True,1,20000000,25000,C_AMC_SEM,0.5,interval_qos_v2_single_recovery_full_C5_overinc016_abs005,True,True,4.0,lo,475,556,0,1031,0,556,0,475,4715842,20000000,0.2357921,23.75,9928.088421052631,1,556,556,556,0,0,0,0.0,800,0,800,800,0,0,0.0,0.0,1.0,0.0,-426.75338785331235,True,800,800,0,9.27125,14.72875,4800,0.25,15,0.6136979166666666,0,0,0.0,single,24,0.02,0.02,0.9,0,0,0.0,1383,0.07203125,v11_full_10d,128,,,,,,,0.3589915540129095,475,0.0,0,0.0,0.0,0.0,0.0,0,0.0,0.0,0.0,0.0,317,0,0.48100620635935537,4.9675,270,0.08278671326345691,0.8320833333333333,0.8320833333333333,0.0,"{""mc_hi_0"": 1.0, ""mc_hi_1"": 1.0, ""mc_hi_2"": 1.0, ""mc_hi_3"": 1.0, ""mc_hi_4"": 1.0, ""mc_hi_5"": 1.0, ""mc_lo_0"": 1.0, ""mc_lo_1"": 1.0, ""mc_lo_2"": 1.0, ""mc_lo_3"": 4.029411764705882, ""mc_lo_4"": 1.8004761904761906, ""mc_lo_5"": 4.043478260869565}","{""mc_hi_0"": 1.0, ""mc_hi_1"": 1.0, ""mc_hi_2"": 1.0, ""mc_hi_3"": 1.0, ""mc_hi_4"": 1.0, ""mc_hi_5"": 1.0, ""mc_lo_0"": 1.0, ""mc_lo_1"": 1.0, ""mc_lo_2"": 1.0, ""mc_lo_3"": 4.029411764705882, ""mc_lo_4"": 2.0361904761904763, ""mc_lo_5"": 4.043478260869565}","{""mc_hi_0"": 1.0, ""mc_hi_1"": 1.0, ""mc_hi_2"": 1.0, ""mc_hi_3"": 1.0, ""mc_hi_4"": 1.0, ""mc_hi_5"": 1.0, ""mc_lo_0"": 1.0, ""mc_lo_1"": 1.0, ""mc_lo_2"": 1.0, ""mc_lo_3"": 1.0, ""mc_lo_4"": 1.0, ""mc_lo_5"": 1.0}","{""mc_hi_0"": 0, ""mc_hi_1"": 0, ""mc_hi_2"": 0, ""mc_hi_3"": 0, ""mc_hi_4"": 0, ""mc_hi_5"": 0, ""mc_lo_0"": 0, ""mc_lo_1"": 0, ""mc_lo_2"": 0, ""mc_lo_3"": 62, ""mc_lo_4"": 353, ""mc_lo_5"": 68}","{""mc_hi_0"": 0, ""mc_hi_1"": 0, ""mc_hi_2"": 0, ""mc_hi_3"": 0, ""mc_hi_4"": 0, ""mc_hi_5"": 0, ""mc_lo_0"": 0, ""mc_lo_1"": 0, ""mc_lo_2"": 0, ""mc_lo_3"": 0, ""mc_lo_4"": 317, ""mc_lo_5"": 0}","{""mc_hi_0"": 0, ""mc_hi_1"": 0, ""mc_hi_2"": 0, ""mc_hi_3"": 0, ""mc_hi_4"": 0, ""mc_hi_5"": 0, ""mc_lo_0"": 0, ""mc_lo_1"": 0, ""mc_lo_2"": 0, ""mc_lo_3"": 0, ""mc_lo_4"": 317, ""mc_lo_5"": 0}","{""mc_hi_0"": 0, ""mc_hi_1"": 0, ""mc_hi_2"": 0, ""mc_hi_3"": 0, ""mc_hi_4"": 0, ""mc_hi_5"": 0, ""mc_lo_0"": 0, ""mc_lo_1"": 0, ""mc_lo_2"": 0, ""mc_lo_3"": 60, ""mc_lo_4"": 350, ""mc_lo_5"": 65}","{""mc_hi_0"": 0, ""mc_hi_1"": 0, ""mc_hi_2"": 0, ""mc_hi_3"": 0, ""mc_hi_4"": 0, ""mc_hi_5"": 0, ""mc_lo_0"": 0, ""mc_lo_1"": 0, ""mc_lo_2"": 0, ""mc_lo_3"": 62, ""mc_lo_4"": 18, ""mc_lo_5"": 63}","{""mc_hi_0"": 0, ""mc_hi_1"": 0, ""mc_hi_2"": 0, ""mc_hi_3"": 0, ""mc_hi_4"": 0, ""mc_hi_5"": 0, ""mc_lo_0"": 0, ""mc_lo_1"": 0, ""mc_lo_2"": 0, ""mc_lo_3"": 798, ""mc_lo_4"": 690, ""mc_lo_5"": 736}","{""mc_hi_0"": 0, ""mc_hi_1"": 0, ""mc_hi_2"": 0, ""mc_hi_3"": 0, ""mc_hi_4"": 0, ""mc_hi_5"": 0, ""mc_lo_0"": 0, ""mc_lo_1"": 0, ""mc_lo_2"": 0, ""mc_lo_3"": 0, ""mc_lo_4"": 0, ""mc_lo_5"": 0}",7200,556,6644,0,0,0.07722222222222222,0.9227777777777778,0.8725,800,53.625,939.5,0.1304861111111111,0.8695138888888889,0.13048611111111108,5877,0.81625,767,767,0,0,0,0.10652777777777778,0.10652777777777778,0.11544250451535219,383.5,253110.0,505453.0,0.5007587253414271,253110.0,0.06398003274960706,556,0.07722222222222222,5877.0,6260.5,,,,,,,,,,0,,,,,,,,,,,,,,,,,,,
mc_fairgen,0.65,12,2.0,0.5,1576,185,101576,bc_tree_agent,,True,1,20000000,25000,C_AMC_SEM,0.5,interval_qos_v2_single_recovery_full_C5_overinc016_abs005,True,True,4.0,lo,475,552,0,1027,0,552,0,475,4717412,20000000,0.2358706,,,,552,,,,,,,800,0,800,800,0,0,0.0,0.0,1.0,0.0,-437.15260619726837,True,800,800,0,9.115,14.885,,,16,0.6202083333333334,0,0,0.0,single,24,0.02,0.02,0.9,0,,,,,v11_full_10d,128,integer_tree_ranked_valid_or_none,fixed_point_int,1000000,bb255908bec90f8d54945322db333c5c2d2df5af1c5e76fc9016dc8c975a381e,viper_integer_ranked_artifact_v1,True,,,,,,,,,,,,,,,,,,,,,,,,,,,,,,,,,7200,552,6648,0,0,0.07666666666666666,0.9233333333333333,0.8725,800,121.88125,935.5,0.12993055555555555,0.8700694444444445,0.12993055555555555,5881,0.8168055555555556,767,767,0,0,0,0.10652777777777778,0.10652777777777778,0.11537304452466908,383.5,253110.0,505453.0,0.5007587253414271,253110.0,0.06396611117836287,552,0.07666666666666666,5881.0,6264.5,,,,,,,,,,,bc_iter_001,bc,3,11,6,3,10,67,0.08375,67,0.08375,0,0.0,800,454,0.5675,0.48375,0.009412636756896972,0.03674678802490234
mc_fairgen,0.65,12,2.0,0.5,1576,185,101576,viper_tree_agent,,True,1,20000000,25000,C_AMC_SEM,0.5,interval_qos_v2_single_recovery_full_C5_overinc016_abs005,True,True,4.0,lo,475,552,0,1027,0,552,0,475,4717412,20000000,0.2358706,,,,552,,,,,,,800,0,800,800,0,0,0.0,0.0,1.0,0.0,-426.9475825111829,True,800,800,0,9.24125,14.75875,,,15,0.6149479166666667,0,0,0.0,single,24,0.02,0.02,0.9,0,,,,,v11_full_10d,128,integer_tree_ranked_valid_or_none,fixed_point_int,1000000,bb255908bec90f8d54945322db333c5c2d2df5af1c5e76fc9016dc8c975a381e,viper_integer_ranked_artifact_v1,True,,,,,,,,,,,,,,,,,,,,,,,,,,,,,,,,,7200,552,6648,0,0,0.07666666666666666,0.9233333333333333,0.8725,800,57.24875,935.5,0.12993055555555555,0.8700694444444445,0.12993055555555555,5881,0.8168055555555556,767,767,0,0,0,0.10652777777777778,0.10652777777777778,0.11537304452466908,383.5,253110.0,505453.0,0.5007587253414271,253110.0,0.06395458721484355,552,0.07666666666666666,5881.0,6264.5,,,,,,,,,,,viper_iter_002,viper,3,11,6,3,10,0,0.0,0,0.0,0,0.0,800,469,0.58625,0.58625,0.004597687721252441,0.021599769592285142
mc_fairgen,0.65,12,2.0,0.5,1577,185,101577,c_amc_sem_baseline,,True,1,20000000,25000,C_AMC_SEM,0.5,interval_qos_v2_single_recovery_full_C5_overinc016_abs005,True,True,4.0,lo,456,768,0,1224,0,768,0,456,4444707,20000000,0.22223535,22.799999999999997,9747.16447368421,1,768,768,768,0,0,0,0.0,0,0,0,0,0,0,0.0,0.0,0.0,0.0,0.0,True,0,0,0,0.0,0.0,0,0.0,0,0.0,0,0,0.0,single,24,0.02,0.02,0.9,0,0,0.0,0,0.0,,,,,,,,,,,,,,,,,,,,,,,,,,,,,,,,,,,,,,,,,7200,768,6432,0,0,0.10666666666666667,0.8933333333333333,0.87625,0,,1130.0,0.15694444444444444,0.8430555555555556,0.15694444444444444,5708,0.7927777777777778,724,724,0,0,0,0.10055555555555555,0.10055555555555555,0.11256218905472637,362.0,238920.0,477116.0,0.5007587253414271,238920.0,0.0609592275844332,768,0.10666666666666667,5708.0,6070.0,,,,,,,,,,,,,,,,,,,,,,,,,,,,,
mc_fairgen,0.65,12,2.0,0.5,1577,185,101577,dqn_agent,mlp,True,1,20000000,25000,C_AMC_SEM,0.5,interval_qos_v2_single_recovery_full_C5_overinc016_abs005,True,True,4.0,lo,456,555,0,1011,0,555,0,456,4456561,20000000,0.22282805,22.799999999999997,9773.160087719298,1,555,555,555,0,0,0,0.0,800,0,800,800,0,0,0.0,0.0,1.0,0.0,-416.13433640020384,True,800,800,0,9.2675,14.7325,4800,0.25,15,0.6138541666666667,0,0,0.0,single,24,0.02,0.02,0.9,0,0,0.0,1386,0.0721875,v11_full_10d,128,,,,,,,0.3523242921081476,470,0.0,0,0.0,0.0,0.0,0.0,0,0.0,0.0,0.0,0.0,322,0,0.479785649078472,5.08875,299,0.08336499481984423,0.8320833333333333,0.8320833333333333,0.0,"{""mc_hi_0"": 1.0, ""mc_hi_1"": 1.0, ""mc_hi_2"": 1.0, ""mc_hi_3"": 1.0, ""mc_hi_4"": 1.0, ""mc_hi_5"": 1.0, ""mc_lo_0"": 1.0, ""mc_lo_1"": 1.0, ""mc_lo_2"": 1.0, ""mc_lo_3"": 4.029411764705882, ""mc_lo_4"": 1.4757142857142858, ""mc_lo_5"": 4.043478260869565}","{""mc_hi_0"": 1.0, ""mc_hi_1"": 1.0, ""mc_hi_2"": 1.0, ""mc_hi_3"": 1.0, ""mc_hi_4"": 1.0, ""mc_hi_5"": 1.0, ""mc_lo_0"": 1.0, ""mc_lo_1"": 1.0, ""mc_lo_2"": 1.0, ""mc_lo_3"": 4.029411764705882, ""mc_lo_4"": 1.811904761904762, ""mc_lo_5"": 4.043478260869565}","{""mc_hi_0"": 1.0, ""mc_hi_1"": 1.0, ""mc_hi_2"": 1.0, ""mc_hi_3"": 1.0, ""mc_hi_4"": 1.0, ""mc_hi_5"": 1.0, ""mc_lo_0"": 1.0, ""mc_lo_1"": 1.0, ""mc_lo_2"": 1.0, ""mc_lo_3"": 1.0, ""mc_lo_4"": 1.0, ""mc_lo_5"": 1.0}","{""mc_hi_0"": 0, ""mc_hi_1"": 0, ""mc_hi_2"": 0, ""mc_hi_3"": 0, ""mc_hi_4"": 0, ""mc_hi_5"": 0, ""mc_lo_0"": 0, ""mc_lo_1"": 0, ""mc_lo_2"": 0, ""mc_lo_3"": 62, ""mc_lo_4"": 348, ""mc_lo_5"": 68}","{""mc_hi_0"": 0, ""mc_hi_1"": 0, ""mc_hi_2"": 0, ""mc_hi_3"": 0, ""mc_hi_4"": 0, ""mc_hi_5"": 0, ""mc_lo_0"": 0, ""mc_lo_1"": 0, ""mc_lo_2"": 0, ""mc_lo_3"": 0, ""mc_lo_4"": 322, ""mc_lo_5"": 0}","{""mc_hi_0"": 0, ""mc_hi_1"": 0, ""mc_hi_2"": 0, ""mc_hi_3"": 0, ""mc_hi_4"": 0, ""mc_hi_5"": 0, ""mc_lo_0"": 0, ""mc_lo_1"": 0, ""mc_lo_2"": 0, ""mc_lo_3"": 0, ""mc_lo_4"": 322, ""mc_lo_5"": 0}","{""mc_hi_0"": 0, ""mc_hi_1"": 0, ""mc_hi_2"": 0, ""mc_hi_3"": 0, ""mc_hi_4"": 0, ""mc_hi_5"": 0, ""mc_lo_0"": 0, ""mc_lo_1"": 0, ""mc_lo_2"": 0, ""mc_lo_3"": 60, ""mc_lo_4"": 345, ""mc_lo_5"": 65}","{""mc_hi_0"": 0, ""mc_hi_1"": 0, ""mc_hi_2"": 0, ""mc_hi_3"": 0, ""mc_hi_4"": 0, ""mc_hi_5"": 0, ""mc_lo_0"": 0, ""mc_lo_1"": 0, ""mc_lo_2"": 0, ""mc_lo_3"": 62, ""mc_lo_4"": 18, ""mc_lo_5"": 66}","{""mc_hi_0"": 0, ""mc_hi_1"": 0, ""mc_hi_2"": 0, ""mc_hi_3"": 0, ""mc_hi_4"": 0, ""mc_hi_5"": 0, ""mc_lo_0"": 0, ""mc_lo_1"": 0, ""mc_lo_2"": 0, ""mc_lo_3"": 798, ""mc_lo_4"": 708, ""mc_lo_5"": 736}","{""mc_hi_0"": 0, ""mc_hi_1"": 0, ""mc_hi_2"": 0, ""mc_hi_3"": 0, ""mc_hi_4"": 0, ""mc_hi_5"": 0, ""mc_lo_0"": 0, ""mc_lo_1"": 0, ""mc_lo_2"": 0, ""mc_lo_3"": 0, ""mc_lo_4"": 0, ""mc_lo_5"": 0}",7200,555,6645,0,0,0.07708333333333334,0.9229166666666666,0.87625,800,53.3825,917.5,0.12743055555555555,0.8725694444444444,0.1274305555555556,5920,0.8222222222222222,725,725,0,0,0,0.10069444444444445,0.10069444444444445,0.109104589917231,362.5,239250.0,477775.0,0.5007587253414271,239250.0,0.06060931551879674,555,0.07708333333333334,5920.0,6282.5,,,,,,,,,,0,,,,,,,,,,,,,,,,,,,
mc_fairgen,0.65,12,2.0,0.5,1577,185,101577,bc_tree_agent,,True,1,20000000,25000,C_AMC_SEM,0.5,interval_qos_v2_single_recovery_full_C5_overinc016_abs005,True,True,4.0,lo,456,558,0,1014,0,558,0,456,4456253,20000000,0.22281265,,,,558,,,,,,,800,0,800,800,0,0,0.0,0.0,1.0,0.0,-428.34418746637107,True,800,800,0,9.1375,14.8625,,,16,0.6192708333333333,0,0,0.0,single,24,0.02,0.02,0.9,0,,,,,v11_full_10d,128,integer_tree_ranked_valid_or_none,fixed_point_int,1000000,bb255908bec90f8d54945322db333c5c2d2df5af1c5e76fc9016dc8c975a381e,viper_integer_ranked_artifact_v1,True,,,,,,,,,,,,,,,,,,,,,,,,,,,,,,,,,7200,558,6642,0,0,0.0775,0.9225,0.87625,800,115.03125,920.5,0.12784722222222222,0.8721527777777778,0.12784722222222222,5917,0.8218055555555556,725,725,0,0,0,0.10069444444444445,0.10069444444444445,0.10915386931647095,362.5,239250.0,477775.0,0.5007587253414271,239250.0,0.0606323094561567,558,0.0775,5917.0,6279.5,,,,,,,,,,,bc_iter_001,bc,3,11,6,3,10,47,0.05875,47,0.05875,0,0.0,800,451,0.56375,0.505,0.007974166870117188,0.032236862182617176
mc_fairgen,0.65,12,2.0,0.5,1577,185,101577,viper_tree_agent,,True,1,20000000,25000,C_AMC_SEM,0.5,interval_qos_v2_single_recovery_full_C5_overinc016_abs005,True,True,4.0,lo,456,558,0,1014,0,558,0,456,4456253,20000000,0.22281265,,,,558,,,,,,,800,0,800,800,0,0,0.0,0.0,1.0,0.0,-419.75432450553905,True,800,800,0,9.24125,14.75875,,,15,0.6149479166666667,0,0,0.0,single,24,0.02,0.02,0.9,0,,,,,v11_full_10d,128,integer_tree_ranked_valid_or_none,fixed_point_int,1000000,bb255908bec90f8d54945322db333c5c2d2df5af1c5e76fc9016dc8c975a381e,viper_integer_ranked_artifact_v1,True,,,,,,,,,,,,,,,,,,,,,,,,,,,,,,,,,7200,558,6642,0,0,0.0775,0.9225,0.87625,800,57.24875,920.5,0.12784722222222222,0.8721527777777778,0.12784722222222222,5917,0.8218055555555556,725,725,0,0,0,0.10069444444444445,0.10069444444444445,0.10915386931647095,362.5,239250.0,477775.0,0.5007587253414271,239250.0,0.0606323094561567,558,0.0775,5917.0,6279.5,,,,,,,,,,,viper_iter_002,viper,3,11,6,3,10,0,0.0,0,0.0,0,0.0,800,457,0.57125,0.57125,0.004065170288085938,0.018541526794433588
mc_fairgen,0.65,12,2.0,0.5,1578,185,101578,c_amc_sem_baseline,,True,1,20000000,25000,C_AMC_SEM,0.5,interval_qos_v2_single_recovery_full_C5_overinc016_abs005,True,True,4.0,lo,464,789,0,1253,0,789,0,464,4475107,20000000,0.22375535,23.200000000000003,9644.627155172413,1,789,789,789,0,0,0,0.0,0,0,0,0,0,0,0.0,0.0,0.0,0.0,0.0,True,0,0,0,0.0,0.0,0,0.0,0,0.0,0,0,0.0,single,24,0.02,0.02,0.9,0,0,0.0,0,0.0,,,,,,,,,,,,,,,,,,,,,,,,,,,,,,,,,,,,,,,,,7200,789,6411,0,0,0.10958333333333334,0.8904166666666666,0.8725,0,,1154.0,0.16027777777777777,0.8397222222222223,0.16027777777777774,5681,0.7890277777777778,730,730,0,0,0,0.10138888888888889,0.10138888888888889,0.11386679145219154,365.0,240900.0,481070.0,0.5007587253414271,240900.0,0.06149544987278432,789,0.10958333333333334,5681.0,6046.0,,,,,,,,,,,,,,,,,,,,,,,,,,,,,
mc_fairgen,0.65,12,2.0,0.5,1578,185,101578,dqn_agent,mlp,True,1,20000000,25000,C_AMC_SEM,0.5,interval_qos_v2_single_recovery_full_C5_overinc016_abs005,True,True,4.0,lo,464,558,0,1022,0,558,0,464,4488456,20000000,0.2244228,23.200000000000003,9673.396551724138,1,558,558,558,0,0,0,0.0,800,0,800,800,0,0,0.0,0.0,1.0,0.0,-415.5364396836659,True,800,800,0,9.26,14.74,4800,0.25,15,0.6141666666666666,0,0,0.0,single,24,0.02,0.02,0.9,0,0,0.0,1392,0.0725,v11_full_10d,128,,,,,,,0.34622667306052857,469,0.0,0,0.0,0.0,0.0,0.0,0,0.0,0.0,0.0,0.0,323,0,0.4789202375877888,4.52625,284,0.07994782961614622,0.8320833333333333,0.8320833333333333,0.0,"{""mc_hi_0"": 1.0, ""mc_hi_1"": 1.0, ""mc_hi_2"": 1.0, ""mc_hi_3"": 1.0, ""mc_hi_4"": 1.0, ""mc_hi_5"": 1.0, ""mc_lo_0"": 1.0, ""mc_lo_1"": 1.0, ""mc_lo_2"": 1.0, ""mc_lo_3"": 4.029411764705882, ""mc_lo_4"": 1.4152380952380952, ""mc_lo_5"": 4.043478260869565}","{""mc_hi_0"": 1.0, ""mc_hi_1"": 1.0, ""mc_hi_2"": 1.0, ""mc_hi_3"": 1.0, ""mc_hi_4"": 1.0, ""mc_hi_5"": 1.0, ""mc_lo_0"": 1.0, ""mc_lo_1"": 1.0, ""mc_lo_2"": 1.0, ""mc_lo_3"": 4.029411764705882, ""mc_lo_4"": 1.7295238095238095, ""mc_lo_5"": 4.043478260869565}","{""mc_hi_0"": 1.0, ""mc_hi_1"": 1.0, ""mc_hi_2"": 1.0, ""mc_hi_3"": 1.0, ""mc_hi_4"": 1.0, ""mc_hi_5"": 1.0, ""mc_lo_0"": 1.0, ""mc_lo_1"": 1.0, ""mc_lo_2"": 1.0, ""mc_lo_3"": 1.0, ""mc_lo_4"": 1.0, ""mc_lo_5"": 1.0}","{""mc_hi_0"": 0, ""mc_hi_1"": 0, ""mc_hi_2"": 0, ""mc_hi_3"": 0, ""mc_hi_4"": 0, ""mc_hi_5"": 0, ""mc_lo_0"": 0, ""mc_lo_1"": 0, ""mc_lo_2"": 0, ""mc_lo_3"": 62, ""mc_lo_4"": 347, ""mc_lo_5"": 68}","{""mc_hi_0"": 0, ""mc_hi_1"": 0, ""mc_hi_2"": 0, ""mc_hi_3"": 0, ""mc_hi_4"": 0, ""mc_hi_5"": 0, ""mc_lo_0"": 0, ""mc_lo_1"": 0, ""mc_lo_2"": 0, ""mc_lo_3"": 0, ""mc_lo_4"": 323, ""mc_lo_5"": 0}","{""mc_hi_0"": 0, ""mc_hi_1"": 0, ""mc_hi_2"": 0, ""mc_hi_3"": 0, ""mc_hi_4"": 0, ""mc_hi_5"": 0, ""mc_lo_0"": 0, ""mc_lo_1"": 0, ""mc_lo_2"": 0, ""mc_lo_3"": 0, ""mc_lo_4"": 323, ""mc_lo_5"": 0}","{""mc_hi_0"": 0, ""mc_hi_1"": 0, ""mc_hi_2"": 0, ""mc_hi_3"": 0, ""mc_hi_4"": 0, ""mc_hi_5"": 0, ""mc_lo_0"": 0, ""mc_lo_1"": 0, ""mc_lo_2"": 0, ""mc_lo_3"": 60, ""mc_lo_4"": 344, ""mc_lo_5"": 65}","{""mc_hi_0"": 0, ""mc_hi_1"": 0, ""mc_hi_2"": 0, ""mc_hi_3"": 0, ""mc_hi_4"": 0, ""mc_hi_5"": 0, ""mc_lo_0"": 0, ""mc_lo_1"": 0, ""mc_lo_2"": 0, ""mc_lo_3"": 62, ""mc_lo_4"": 13, ""mc_lo_5"": 60}","{""mc_hi_0"": 0, ""mc_hi_1"": 0, ""mc_hi_2"": 0, ""mc_hi_3"": 0, ""mc_hi_4"": 0, ""mc_hi_5"": 0, ""mc_lo_0"": 0, ""mc_lo_1"": 0, ""mc_lo_2"": 0, ""mc_lo_3"": 798, ""mc_lo_4"": 729, ""mc_lo_5"": 736}","{""mc_hi_0"": 0, ""mc_hi_1"": 0, ""mc_hi_2"": 0, ""mc_hi_3"": 0, ""mc_hi_4"": 0, ""mc_hi_5"": 0, ""mc_lo_0"": 0, ""mc_lo_1"": 0, ""mc_lo_2"": 0, ""mc_lo_3"": 0, ""mc_lo_4"": 0, ""mc_lo_5"": 0}",7200,558,6642,0,0,0.0775,0.9225,0.8775,800,52.89375,923.0,0.12819444444444444,0.8718055555555555,0.1281944444444445,5912,0.8211111111111111,730,730,0,0,0,0.10138888888888889,0.10138888888888889,0.10990665462210178,365.0,240900.0,481070.0,0.5007587253414271,240900.0,0.061008594386297604,558,0.0775,5912.0,6277.0,,,,,,,,,,0,,,,,,,,,,,,,,,,,,,
mc_fairgen,0.65,12,2.0,0.5,1578,185,101578,bc_tree_agent,,True,1,20000000,25000,C_AMC_SEM,0.5,interval_qos_v2_single_recovery_full_C5_overinc016_abs005,True,True,4.0,lo,464,555,0,1019,0,555,0,464,4487907,20000000,0.22439535,,,,555,,,,,,,800,0,800,800,0,0,0.0,0.0,1.0,0.0,-426.4041362112487,True,800,800,0,9.12,14.88,,,16,0.62,0,0,0.0,single,24,0.02,0.02,0.9,0,,,,,v11_full_10d,128,integer_tree_ranked_valid_or_none,fixed_point_int,1000000,bb255908bec90f8d54945322db333c5c2d2df5af1c5e76fc9016dc8c975a381e,viper_integer_ranked_artifact_v1,True,,,,,,,,,,,,,,,,,,,,,,,,,,,,,,,,,7200,555,6645,0,0,0.07708333333333334,0.9229166666666666,0.8775,800,118.56125,920.0,0.12777777777777777,0.8722222222222222,0.12777777777777777,5915,0.8215277777777777,730,730,0,0,0,0.10138888888888889,0.10138888888888889,0.10985703536493605,365.0,240900.0,481070.0,0.5007587253414271,240900.0,0.061016042482767846,555,0.07708333333333334,5915.0,6280.0,,,,,,,,,,,bc_iter_001,bc,3,11,6,3,10,68,0.085,68,0.085,0,0.0,800,451,0.56375,0.47875,0.0084027099609375,0.03354244232177733
mc_fairgen,0.65,12,2.0,0.5,1578,185,101578,viper_tree_agent,,True,1,20000000,25000,C_AMC_SEM,0.5,interval_qos_v2_single_recovery_full_C5_overinc016_abs005,True,True,4.0,lo,464,555,0,1019,0,555,0,464,4487907,20000000,0.22439535,,,,555,,,,,,,800,0,800,800,0,0,0.0,0.0,1.0,0.0,-416.78386248774325,True,800,800,0,9.24125,14.75875,,,15,0.6149479166666667,0,0,0.0,single,24,0.02,0.02,0.9,0,,,,,v11_full_10d,128,integer_tree_ranked_valid_or_none,fixed_point_int,1000000,bb255908bec90f8d54945322db333c5c2d2df5af1c5e76fc9016dc8c975a381e,viper_integer_ranked_artifact_v1,True,,,,,,,,,,,,,,,,,,,,,,,,,,,,,,,,,7200,555,6645,0,0,0.07708333333333334,0.9229166666666666,0.8775,800,57.24875,920.0,0.12777777777777777,0.8722222222222222,0.12777777777777777,5915,0.8215277777777777,730,730,0,0,0,0.10138888888888889,0.10138888888888889,0.10985703536493605,365.0,240900.0,481070.0,0.5007587253414271,240900.0,0.061016042482767846,555,0.07708333333333334,5915.0,6280.0,,,,,,,,,,,viper_iter_002,viper,3,11,6,3,10,0,0.0,0,0.0,0,0.0,800,461,0.57625,0.57625,0.004089784622192383,0.018625259399414056
mc_fairgen,0.65,12,2.0,0.5,1579,185,101579,c_amc_sem_baseline,,True,1,20000000,25000,C_AMC_SEM,0.5,interval_qos_v2_single_recovery_full_C5_overinc016_abs005,True,True,4.0,lo,465,789,0,1254,0,789,0,465,4673152,20000000,0.2336576,23.25,10049.789247311828,1,789,789,789,0,0,0,0.0,0,0,0,0,0,0,0.0,0.0,0.0,0.0,0.0,True,0,0,0,0.0,0.0,0,0.0,0,0.0,0,0,0.0,single,24,0.02,0.02,0.9,0,0,0.0,0,0.0,,,,,,,,,,,,,,,,,,,,,,,,,,,,,,,,,,,,,,,,,7200,789,6411,0,0,0.10958333333333334,0.8904166666666666,0.855,0,,1171.0,0.1626388888888889,0.8373611111111111,0.1626388888888889,5647,0.7843055555555556,764,764,0,0,0,0.10611111111111111,0.10611111111111111,0.1191701762595539,382.0,252120.0,503476.0,0.5007587253414271,252120.0,0.06426142563406927,789,0.10958333333333334,5647.0,6029.0,,,,,,,,,,,,,,,,,,,,,,,,,,,,,
mc_fairgen,0.65,12,2.0,0.5,1579,185,101579,dqn_agent,mlp,True,1,20000000,25000,C_AMC_SEM,0.5,interval_qos_v2_single_recovery_full_C5_overinc016_abs005,True,True,4.0,lo,465,565,0,1030,0,565,0,465,4687867,20000000,0.23439335,23.25,10081.43440860215,1,565,565,565,0,0,0,0.0,800,0,800,800,0,0,0.0,0.0,1.0,0.0,-433.73292392690513,True,800,800,0,9.275,14.725,4800,0.25,15,0.6135416666666667,0,0,0.0,single,24,0.02,0.02,0.9,0,0,0.0,1380,0.071875,v11_full_10d,128,,,,,,,0.3433320302033857,469,0.0,0,0.0,0.0,0.0,0.0,0,0.0,0.0,0.0,0.0,323,0,0.47805132152498686,3.98125,300,0.08161656984168804,0.8320833333333333,0.8320833333333333,0.0,"{""mc_hi_0"": 1.0, ""mc_hi_1"": 1.0, ""mc_hi_2"": 1.0, ""mc_hi_3"": 1.0, ""mc_hi_4"": 1.0, ""mc_hi_5"": 1.0, ""mc_lo_0"": 1.0, ""mc_lo_1"": 1.0, ""mc_lo_2"": 1.0, ""mc_lo_3"": 4.029411764705882, ""mc_lo_4"": 1.4133333333333333, ""mc_lo_5"": 4.043478260869565}","{""mc_hi_0"": 1.0, ""mc_hi_1"": 1.0, ""mc_hi_2"": 1.0, ""mc_hi_3"": 1.0, ""mc_hi_4"": 1.0, ""mc_hi_5"": 1.0, ""mc_lo_0"": 1.0, ""mc_lo_1"": 1.0, ""mc_lo_2"": 1.0, ""mc_lo_3"": 4.029411764705882, ""mc_lo_4"": 1.8066666666666666, ""mc_lo_5"": 4.043478260869565}","{""mc_hi_0"": 1.0, ""mc_hi_1"": 1.0, ""mc_hi_2"": 1.0, ""mc_hi_3"": 1.0, ""mc_hi_4"": 1.0, ""mc_hi_5"": 1.0, ""mc_lo_0"": 1.0, ""mc_lo_1"": 1.0, ""mc_lo_2"": 1.0, ""mc_lo_3"": 1.0, ""mc_lo_4"": 1.0, ""mc_lo_5"": 1.0}","{""mc_hi_0"": 0, ""mc_hi_1"": 0, ""mc_hi_2"": 0, ""mc_hi_3"": 0, ""mc_hi_4"": 0, ""mc_hi_5"": 0, ""mc_lo_0"": 0, ""mc_lo_1"": 0, ""mc_lo_2"": 0, ""mc_lo_3"": 62, ""mc_lo_4"": 347, ""mc_lo_5"": 68}","{""mc_hi_0"": 0, ""mc_hi_1"": 0, ""mc_hi_2"": 0, ""mc_hi_3"": 0, ""mc_hi_4"": 0, ""mc_hi_5"": 0, ""mc_lo_0"": 0, ""mc_lo_1"": 0, ""mc_lo_2"": 0, ""mc_lo_3"": 0, ""mc_lo_4"": 323, ""mc_lo_5"": 0}","{""mc_hi_0"": 0, ""mc_hi_1"": 0, ""mc_hi_2"": 0, ""mc_hi_3"": 0, ""mc_hi_4"": 0, ""mc_hi_5"": 0, ""mc_lo_0"": 0, ""mc_lo_1"": 0, ""mc_lo_2"": 0, ""mc_lo_3"": 0, ""mc_lo_4"": 323, ""mc_lo_5"": 0}","{""mc_hi_0"": 0, ""mc_hi_1"": 0, ""mc_hi_2"": 0, ""mc_hi_3"": 0, ""mc_hi_4"": 0, ""mc_hi_5"": 0, ""mc_lo_0"": 0, ""mc_lo_1"": 0, ""mc_lo_2"": 0, ""mc_lo_3"": 60, ""mc_lo_4"": 344, ""mc_lo_5"": 65}","{""mc_hi_0"": 0, ""mc_hi_1"": 0, ""mc_hi_2"": 0, ""mc_hi_3"": 0, ""mc_hi_4"": 0, ""mc_hi_5"": 0, ""mc_lo_0"": 0, ""mc_lo_1"": 0, ""mc_lo_2"": 0, ""mc_lo_3"": 62, ""mc_lo_4"": 18, ""mc_lo_5"": 51}","{""mc_hi_0"": 0, ""mc_hi_1"": 0, ""mc_hi_2"": 0, ""mc_hi_3"": 0, ""mc_hi_4"": 0, ""mc_hi_5"": 0, ""mc_lo_0"": 0, ""mc_lo_1"": 0, ""mc_lo_2"": 0, ""mc_lo_3"": 798, ""mc_lo_4"": 691, ""mc_lo_5"": 736}","{""mc_hi_0"": 0, ""mc_hi_1"": 0, ""mc_hi_2"": 0, ""mc_hi_3"": 0, ""mc_hi_4"": 0, ""mc_hi_5"": 0, ""mc_lo_0"": 0, ""mc_lo_1"": 0, ""mc_lo_2"": 0, ""mc_lo_3"": 0, ""mc_lo_4"": 0, ""mc_lo_5"": 0}",7200,565,6635,0,0,0.07847222222222222,0.9215277777777777,0.87,800,52.62125,947.5,0.13159722222222223,0.8684027777777777,0.13159722222222225,5870,0.8152777777777778,765,765,0,0,0,0.10625,0.10625,0.11529766390354182,382.5,252450.0,504135.0,0.5007587253414271,252450.0,0.06374175864130699,565,0.07847222222222222,5870.0,6252.5,,,,,,,,,,0,,,,,,,,,,,,,,,,,,,
mc_fairgen,0.65,12,2.0,0.5,1579,185,101579,bc_tree_agent,,True,1,20000000,25000,C_AMC_SEM,0.5,interval_qos_v2_single_recovery_full_C5_overinc016_abs005,True,True,4.0,lo,465,567,0,1032,0,567,0,465,4686979,20000000,0.23434895,,,,567,,,,,,,800,0,800,800,0,0,0.0,0.0,1.0,0.0,-445.00133069930513,True,800,800,0,9.13125,14.86875,,,16,0.61953125,0,0,0.0,single,24,0.02,0.02,0.9,0,,,,,v11_full_10d,128,integer_tree_ranked_valid_or_none,fixed_point_int,1000000,bb255908bec90f8d54945322db333c5c2d2df5af1c5e76fc9016dc8c975a381e,viper_integer_ranked_artifact_v1,True,,,,,,,,,,,,,,,,,,,,,,,,,,,,,,,,,7200,567,6633,0,0,0.07875,0.92125,0.87,800,105.6675,949.5,0.131875,0.868125,0.13187499999999996,5868,0.815,765,765,0,0,0,0.10625,0.10625,0.11533242876526459,382.5,252450.0,504135.0,0.5007587253414271,252450.0,0.06379046506268624,567,0.07875,5868.0,6250.5,,,,,,,,,,,bc_iter_001,bc,3,11,6,3,10,62,0.0775,62,0.0775,0,0.0,800,455,0.56875,0.49125,0.008602085113525391,0.03468036651611328
mc_fairgen,0.65,12,2.0,0.5,1579,185,101579,viper_tree_agent,,True,1,20000000,25000,C_AMC_SEM,0.5,interval_qos_v2_single_recovery_full_C5_overinc016_abs005,True,True,4.0,lo,465,560,0,1025,0,560,0,465,4687639,20000000,0.23438195,,,,560,,,,,,,800,0,800,800,0,0,0.0,0.0,1.0,0.0,-434.1918264278819,True,800,800,0,9.24125,14.75875,,,15,0.6149479166666667,0,0,0.0,single,24,0.02,0.02,0.9,0,,,,,v11_full_10d,128,integer_tree_ranked_valid_or_none,fixed_point_int,1000000,bb255908bec90f8d54945322db333c5c2d2df5af1c5e76fc9016dc8c975a381e,viper_integer_ranked_artifact_v1,True,,,,,,,,,,,,,,,,,,,,,,,,,,,,,,,,,7200,560,6640,0,0,0.07777777777777778,0.9222222222222223,0.87,800,57.24875,942.5,0.13090277777777778,0.8690972222222222,0.1309027777777778,5875,0.8159722222222222,765,765,0,0,0,0.10625,0.10625,0.11521084337349398,382.5,252450.0,504135.0,0.5007587253414271,252450.0,0.06375402487530779,560,0.07777777777777778,5875.0,6257.5,,,,,,,,,,,viper_iter_002,viper,3,11,6,3,10,0,0.0,0,0.0,0,0.0,800,441,0.55125,0.55125,0.004661517143249512,0.0207489013671875
mc_fairgen,0.65,12,2.0,0.5,1580,185,101580,c_amc_sem_baseline,,True,1,20000000,25000,C_AMC_SEM,0.5,interval_qos_v2_single_recovery_full_C5_overinc016_abs005,True,True,4.0,lo,480,780,0,1260,0,780,0,480,4688507,20000000,0.23442535,24.0,9767.722916666668,1,780,780,780,0,0,0,0.0,0,0,0,0,0,0,0.0,0.0,0.0,0.0,0.0,True,0,0,0,0.0,0.0,0,0.0,0,0.0,0,0,0.0,single,24,0.02,0.02,0.9,0,0,0.0,0,0.0,,,,,,,,,,,,,,,,,,,,,,,,,,,,,,,,,,,,,,,,,7200,780,6420,0,0,0.10833333333333334,0.8916666666666666,0.86375,0,,1162.0,0.1613888888888889,0.8386111111111111,0.16138888888888892,5656,0.7855555555555556,764,764,0,0,0,0.10611111111111111,0.10611111111111111,0.11900311526479751,382.0,252120.0,503476.0,0.5007587253414271,252120.0,0.06418518898505579,780,0.10833333333333334,5656.0,6038.0,,,,,,,,,,,,,,,,,,,,,,,,,,,,,
mc_fairgen,0.65,12,2.0,0.5,1580,185,101580,dqn_agent,mlp,True,1,20000000,25000,C_AMC_SEM,0.5,interval_qos_v2_single_recovery_full_C5_overinc016_abs005,True,True,4.0,lo,480,545,0,1025,0,545,0,480,4706419,20000000,0.23532095,24.0,9805.039583333333,1,545,545,545,0,0,0,0.0,800,0,800,800,0,0,0.0,0.0,1.0,0.0,-421.2703930931719,True,800,800,0,9.2675,14.7325,4800,0.25,15,0.6138541666666667,0,0,0.0,single,24,0.02,0.02,0.9,0,0,0.0,1386,0.0721875,v11_full_10d,128,,,,,,,0.3391600063938619,469,0.0,0,0.0,0.0,0.0,0.0,0,0.0,0.0,0.0,0.0,323,0,0.47795481315714694,4.73875,340,0.08232265924542205,0.8320833333333333,0.8320833333333333,0.0,"{""mc_hi_0"": 1.0, ""mc_hi_1"": 1.0, ""mc_hi_2"": 1.0, ""mc_hi_3"": 1.0, ""mc_hi_4"": 1.0, ""mc_hi_5"": 1.0, ""mc_lo_0"": 1.0, ""mc_lo_1"": 1.0, ""mc_lo_2"": 1.0, ""mc_lo_3"": 4.029411764705882, ""mc_lo_4"": 1.4223809523809523, ""mc_lo_5"": 4.043478260869565}","{""mc_hi_0"": 1.0, ""mc_hi_1"": 1.0, ""mc_hi_2"": 1.0, ""mc_hi_3"": 1.0, ""mc_hi_4"": 1.0, ""mc_hi_5"": 1.0, ""mc_lo_0"": 1.0, ""mc_lo_1"": 1.0, ""mc_lo_2"": 1.0, ""mc_lo_3"": 4.029411764705882, ""mc_lo_4"": 1.7285714285714286, ""mc_lo_5"": 4.043478260869565}","{""mc_hi_0"": 1.0, ""mc_hi_1"": 1.0, ""mc_hi_2"": 1.0, ""mc_hi_3"": 1.0, ""mc_hi_4"": 1.0, ""mc_hi_5"": 1.0, ""mc_lo_0"": 1.0, ""mc_lo_1"": 1.0, ""mc_lo_2"": 1.0, ""mc_lo_3"": 1.0, ""mc_lo_4"": 1.0, ""mc_lo_5"": 1.0}","{""mc_hi_0"": 0, ""mc_hi_1"": 0, ""mc_hi_2"": 0, ""mc_hi_3"": 0, ""mc_hi_4"": 0, ""mc_hi_5"": 0, ""mc_lo_0"": 0, ""mc_lo_1"": 0, ""mc_lo_2"": 0, ""mc_lo_3"": 62, ""mc_lo_4"": 347, ""mc_lo_5"": 68}","{""mc_hi_0"": 0, ""mc_hi_1"": 0, ""mc_hi_2"": 0, ""mc_hi_3"": 0, ""mc_hi_4"": 0, ""mc_hi_5"": 0, ""mc_lo_0"": 0, ""mc_lo_1"": 0, ""mc_lo_2"": 0, ""mc_lo_3"": 0, ""mc_lo_4"": 323, ""mc_lo_5"": 0}","{""mc_hi_0"": 0, ""mc_hi_1"": 0, ""mc_hi_2"": 0, ""mc_hi_3"": 0, ""mc_hi_4"": 0, ""mc_hi_5"": 0, ""mc_lo_0"": 0, ""mc_lo_1"": 0, ""mc_lo_2"": 0, ""mc_lo_3"": 0, ""mc_lo_4"": 323, ""mc_lo_5"": 0}","{""mc_hi_0"": 0, ""mc_hi_1"": 0, ""mc_hi_2"": 0, ""mc_hi_3"": 0, ""mc_hi_4"": 0, ""mc_hi_5"": 0, ""mc_lo_0"": 0, ""mc_lo_1"": 0, ""mc_lo_2"": 0, ""mc_lo_3"": 60, ""mc_lo_4"": 344, ""mc_lo_5"": 65}","{""mc_hi_0"": 0, ""mc_hi_1"": 0, ""mc_hi_2"": 0, ""mc_hi_3"": 0, ""mc_hi_4"": 0, ""mc_hi_5"": 0, ""mc_lo_0"": 0, ""mc_lo_1"": 0, ""mc_lo_2"": 0, ""mc_lo_3"": 62, ""mc_lo_4"": 18, ""mc_lo_5"": 63}","{""mc_hi_0"": 0, ""mc_hi_1"": 0, ""mc_hi_2"": 0, ""mc_hi_3"": 0, ""mc_hi_4"": 0, ""mc_hi_5"": 0, ""mc_lo_0"": 0, ""mc_lo_1"": 0, ""mc_lo_2"": 0, ""mc_lo_3"": 798, ""mc_lo_4"": 715, ""mc_lo_5"": 736}","{""mc_hi_0"": 0, ""mc_hi_1"": 0, ""mc_hi_2"": 0, ""mc_hi_3"": 0, ""mc_hi_4"": 0, ""mc_hi_5"": 0, ""mc_lo_0"": 0, ""mc_lo_1"": 0, ""mc_lo_2"": 0, ""mc_lo_3"": 0, ""mc_lo_4"": 0, ""mc_lo_5"": 0}",7200,545,6655,0,0,0.07569444444444444,0.9243055555555556,0.8875,800,52.3125,927.0,0.12875,0.87125,0.12875000000000003,5891,0.8181944444444444,764,764,0,0,0,0.10611111111111111,0.10611111111111111,0.11480090157776109,382.0,252120.0,503476.0,0.5007587253414271,252120.0,0.06358933176218014,545,0.07569444444444444,5891.0,6273.0,,,,,,,,,,0,,,,,,,,,,,,,,,,,,,
mc_fairgen,0.65,12,2.0,0.5,1580,185,101580,bc_tree_agent,,True,1,20000000,25000,C_AMC_SEM,0.5,interval_qos_v2_single_recovery_full_C5_overinc016_abs005,True,True,4.0,lo,480,542,0,1022,0,542,0,480,4705139,20000000,0.23525695,,,,542,,,,,,,800,0,800,800,0,0,0.0,0.0,1.0,0.0,-431.8669390989251,True,800,800,0,9.10625,14.89375,,,16,0.6205729166666667,0,0,0.0,single,24,0.02,0.02,0.9,0,,,,,v11_full_10d,128,integer_tree_ranked_valid_or_none,fixed_point_int,1000000,bb255908bec90f8d54945322db333c5c2d2df5af1c5e76fc9016dc8c975a381e,viper_integer_ranked_artifact_v1,True,,,,,,,,,,,,,,,,,,,,,,,,,,,,,,,,,7200,542,6658,0,0,0.07527777777777778,0.9247222222222222,0.8875,800,120.22375,924.0,0.12833333333333333,0.8716666666666667,0.1283333333333333,5894,0.8186111111111111,764,764,0,0,0,0.10611111111111111,0.10611111111111111,0.11474917392610394,382.0,252120.0,503476.0,0.5007587253414271,252120.0,0.0636120663097508,542,0.07527777777777778,5894.0,6276.0,,,,,,,,,,,bc_iter_001,bc,3,11,6,3,10,72,0.09,72,0.09,0,0.0,800,453,0.56625,0.47625,0.008540515899658202,0.032715034484863265
mc_fairgen,0.65,12,2.0,0.5,1580,185,101580,viper_tree_agent,,True,1,20000000,25000,C_AMC_SEM,0.5,interval_qos_v2_single_recovery_full_C5_overinc016_abs005,True,True,4.0,lo,480,540,0,1020,0,540,0,480,4705829,20000000,0.23529145,,,,540,,,,,,,800,0,800,800,0,0,0.0,0.0,1.0,0.0,-421.01693326334816,True,800,800,0,9.24125,14.75875,,,15,0.6149479166666667,0,0,0.0,single,24,0.02,0.02,0.9,0,,,,,v11_full_10d,128,integer_tree_ranked_valid_or_none,fixed_point_int,1000000,bb255908bec90f8d54945322db333c5c2d2df5af1c5e76fc9016dc8c975a381e,viper_integer_ranked_artifact_v1,True,,,,,,,,,,,,,,,,,,,,,,,,,,,,,,,,,7200,540,6660,0,0,0.075,0.925,0.8875,800,57.24875,922.0,0.12805555555555556,0.8719444444444444,0.1280555555555556,5896,0.8188888888888889,764,764,0,0,0,0.10611111111111111,0.10611111111111111,0.11471471471471471,382.0,252120.0,503476.0,0.5007587253414271,252120.0,0.06359160929751097,540,0.075,5896.0,6278.0,,,,,,,,,,,viper_iter_002,viper,3,11,6,3,10,0,0.0,0,0.0,0,0.0,800,458,0.5725,0.5725,0.00425628662109375,0.018417549133300782
mc_fairgen,0.65,12,2.0,0.5,1581,185,101581,c_amc_sem_baseline,,True,1,20000000,25000,C_AMC_SEM,0.5,interval_qos_v2_single_recovery_full_C5_overinc016_abs005,True,True,4.0,lo,451,795,0,1246,0,795,0,451,4734193,20000000,0.23670965,22.55,10497.10199556541,1,795,795,795,0,0,0,0.0,0,0,0,0,0,0,0.0,0.0,0.0,0.0,0.0,True,0,0,0,0.0,0.0,0,0.0,0,0.0,0,0,0.0,single,24,0.02,0.02,0.9,0,0,0.0,0,0.0,,,,,,,,,,,,,,,,,,,,,,,,,,,,,,,,,,,,,,,,,7200,795,6405,0,0,0.11041666666666666,0.8895833333333334,0.8625,0,,1187.0,0.16486111111111112,0.8351388888888889,0.16486111111111112,5621,0.7806944444444445,784,784,0,0,0,0.10888888888888888,0.10888888888888888,0.12240437158469945,392.0,258720.0,516656.0,0.5007587253414271,258720.0,0.06599494936611994,795,0.11041666666666666,5621.0,6013.0,,,,,,,,,,,,,,,,,,,,,,,,,,,,,
mc_fairgen,0.65,12,2.0,0.5,1581,185,101581,dqn_agent,mlp,True,1,20000000,25000,C_AMC_SEM,0.5,interval_qos_v2_single_recovery_full_C5_overinc016_abs005,True,True,4.0,lo,451,555,0,1006,0,555,0,451,4750576,20000000,0.2375288,22.55,10533.427937915743,1,555,555,555,0,0,0,0.0,800,0,800,800,0,0,0.0,0.0,1.0,0.0,-411.1225803303724,True,800,800,0,9.27125,14.72875,4800,0.25,15,0.6136979166666666,0,0,0.0,single,24,0.02,0.02,0.9,0,0,0.0,1383,0.07203125,v11_full_10d,128,,,,,,,0.36788381591767144,470,0.0,0,0.0,0.0,0.0,0.0,0,0.0,0.0,0.0,0.0,322,0,0.4819014228879958,3.56625,276,0.07899556832838664,0.8320833333333333,0.8320833333333333,0.0,"{""mc_hi_0"": 1.0, ""mc_hi_1"": 1.0, ""mc_hi_2"": 1.0, ""mc_hi_3"": 1.0, ""mc_hi_4"": 1.0, ""mc_hi_5"": 1.0, ""mc_lo_0"": 1.0, ""mc_lo_1"": 1.0, ""mc_lo_2"": 1.0, ""mc_lo_3"": 4.029411764705882, ""mc_lo_4"": 1.473809523809524, ""mc_lo_5"": 4.043478260869565}","{""mc_hi_0"": 1.0, ""mc_hi_1"": 1.0, ""mc_hi_2"": 1.0, ""mc_hi_3"": 1.0, ""mc_hi_4"": 1.0, ""mc_hi_5"": 1.0, ""mc_lo_0"": 1.0, ""mc_lo_1"": 1.0, ""mc_lo_2"": 1.0, ""mc_lo_3"": 4.029411764705882, ""mc_lo_4"": 1.9395238095238094, ""mc_lo_5"": 4.043478260869565}","{""mc_hi_0"": 1.0, ""mc_hi_1"": 1.0, ""mc_hi_2"": 1.0, ""mc_hi_3"": 1.0, ""mc_hi_4"": 1.0, ""mc_hi_5"": 1.0, ""mc_lo_0"": 1.0, ""mc_lo_1"": 1.0, ""mc_lo_2"": 1.0, ""mc_lo_3"": 1.0, ""mc_lo_4"": 1.0, ""mc_lo_5"": 1.0}","{""mc_hi_0"": 0, ""mc_hi_1"": 0, ""mc_hi_2"": 0, ""mc_hi_3"": 0, ""mc_hi_4"": 0, ""mc_hi_5"": 0, ""mc_lo_0"": 0, ""mc_lo_1"": 0, ""mc_lo_2"": 0, ""mc_lo_3"": 62, ""mc_lo_4"": 348, ""mc_lo_5"": 68}","{""mc_hi_0"": 0, ""mc_hi_1"": 0, ""mc_hi_2"": 0, ""mc_hi_3"": 0, ""mc_hi_4"": 0, ""mc_hi_5"": 0, ""mc_lo_0"": 0, ""mc_lo_1"": 0, ""mc_lo_2"": 0, ""mc_lo_3"": 0, ""mc_lo_4"": 322, ""mc_lo_5"": 0}","{""mc_hi_0"": 0, ""mc_hi_1"": 0, ""mc_hi_2"": 0, ""mc_hi_3"": 0, ""mc_hi_4"": 0, ""mc_hi_5"": 0, ""mc_lo_0"": 0, ""mc_lo_1"": 0, ""mc_lo_2"": 0, ""mc_lo_3"": 0, ""mc_lo_4"": 322, ""mc_lo_5"": 0}","{""mc_hi_0"": 0, ""mc_hi_1"": 0, ""mc_hi_2"": 0, ""mc_hi_3"": 0, ""mc_hi_4"": 0, ""mc_hi_5"": 0, ""mc_lo_0"": 0, ""mc_lo_1"": 0, ""mc_lo_2"": 0, ""mc_lo_3"": 60, ""mc_lo_4"": 345, ""mc_lo_5"": 65}","{""mc_hi_0"": 0, ""mc_hi_1"": 0, ""mc_hi_2"": 0, ""mc_hi_3"": 0, ""mc_hi_4"": 0, ""mc_hi_5"": 0, ""mc_lo_0"": 0, ""mc_lo_1"": 0, ""mc_lo_2"": 0, ""mc_lo_3"": 62, ""mc_lo_4"": 12, ""mc_lo_5"": 42}","{""mc_hi_0"": 0, ""mc_hi_1"": 0, ""mc_hi_2"": 0, ""mc_hi_3"": 0, ""mc_hi_4"": 0, ""mc_hi_5"": 0, ""mc_lo_0"": 0, ""mc_lo_1"": 0, ""mc_lo_2"": 0, ""mc_lo_3"": 798, ""mc_lo_4"": 710, ""mc_lo_5"": 736}","{""mc_hi_0"": 0, ""mc_hi_1"": 0, ""mc_hi_2"": 0, ""mc_hi_3"": 0, ""mc_hi_4"": 0, ""mc_hi_5"": 0, ""mc_lo_0"": 0, ""mc_lo_1"": 0, ""mc_lo_2"": 0, ""mc_lo_3"": 0, ""mc_lo_4"": 0, ""mc_lo_5"": 0}",7200,555,6645,0,0,0.07708333333333334,0.9229166666666666,0.89125,800,54.6775,947.0,0.13152777777777777,0.8684722222222222,0.1315277777777778,5861,0.8140277777777778,784,784,0,0,0,0.10888888888888888,0.10888888888888888,0.11798344620015049,392.0,258720.0,516656.0,0.5007587253414271,258720.0,0.06538653419524675,555,0.07708333333333334,5861.0,6253.0,,,,,,,,,,0,,,,,,,,,,,,,,,,,,,
mc_fairgen,0.65,12,2.0,0.5,1581,185,101581,bc_tree_agent,,True,1,20000000,25000,C_AMC_SEM,0.5,interval_qos_v2_single_recovery_full_C5_overinc016_abs005,True,True,4.0,lo,451,557,0,1008,0,557,0,451,4749292,20000000,0.2374646,,,,557,,,,,,,800,0,800,800,0,0,0.0,0.0,1.0,0.0,-426.7326485038703,True,800,800,0,9.1,14.9,,,16,0.6208333333333333,0,0,0.0,single,24,0.02,0.02,0.9,0,,,,,v11_full_10d,128,integer_tree_ranked_valid_or_none,fixed_point_int,1000000,bb255908bec90f8d54945322db333c5c2d2df5af1c5e76fc9016dc8c975a381e,viper_integer_ranked_artifact_v1,True,,,,,,,,,,,,,,,,,,,,,,,,,,,,,,,,,7200,557,6643,0,0,0.07736111111111112,0.9226388888888889,0.89125,800,115.50125,949.0,0.13180555555555556,0.8681944444444445,0.1318055555555555,5859,0.81375,784,784,0,0,0,0.10888888888888888,0.10888888888888888,0.11801896733403583,392.0,258720.0,516656.0,0.5007587253414271,258720.0,0.06541224097857441,557,0.07736111111111112,5859.0,6251.0,,,,,,,,,,,bc_iter_001,bc,3,11,6,3,10,75,0.09375,75,0.09375,0,0.0,800,439,0.54875,0.455,0.008214936256408692,0.031711769104003876
mc_fairgen,0.65,12,2.0,0.5,1581,185,101581,viper_tree_agent,,True,1,20000000,25000,C_AMC_SEM,0.5,interval_qos_v2_single_recovery_full_C5_overinc016_abs005,True,True,4.0,lo,451,552,0,1003,0,552,0,451,4750581,20000000,0.23752905,,,,552,,,,,,,800,0,800,800,0,0,0.0,0.0,1.0,0.0,-414.79491153544046,True,800,800,0,9.24125,14.75875,,,15,0.6149479166666667,0,0,0.0,single,24,0.02,0.02,0.9,0,,,,,v11_full_10d,128,integer_tree_ranked_valid_or_none,fixed_point_int,1000000,bb255908bec90f8d54945322db333c5c2d2df5af1c5e76fc9016dc8c975a381e,viper_integer_ranked_artifact_v1,True,,,,,,,,,,,,,,,,,,,,,,,,,,,,,,,,,7200,552,6648,0,0,0.07666666666666666,0.9233333333333333,0.89125,800,57.24875,944.0,0.13111111111111112,0.8688888888888889,0.13111111111111107,5864,0.8144444444444444,784,784,0,0,0,0.10888888888888888,0.10888888888888888,0.11793020457280386,392.0,258720.0,516656.0,0.5007587253414271,258720.0,0.06538661682133395,552,0.07666666666666666,5864.0,6256.0,,,,,,,,,,,viper_iter_002,viper,3,11,6,3,10,0,0.0,0,0.0,0,0.0,800,440,0.55,0.55,0.004197182655334472,0.018801689147949215
mc_fairgen,0.65,12,2.0,0.5,1582,185,101582,c_amc_sem_baseline,,True,1,20000000,25000,C_AMC_SEM,0.5,interval_qos_v2_single_recovery_full_C5_overinc016_abs005,True,True,4.0,lo,478,786,0,1264,0,786,0,478,4554395,20000000,0.22771975,23.900000000000002,9528.023012552301,1,786,786,786,0,0,0,0.0,0,0,0,0,0,0,0.0,0.0,0.0,0.0,0.0,True,0,0,0,0.0,0.0,0,0.0,0,0.0,0,0,0.0,single,24,0.02,0.02,0.9,0,0,0.0,0,0.0,,,,,,,,,,,,,,,,,,,,,,,,,,,,,,,,,,,,,,,,,7200,786,6414,0,0,0.10916666666666666,0.8908333333333334,0.86875,0,,1151.0,0.15986111111111112,0.8401388888888889,0.15986111111111112,5684,0.7894444444444444,730,730,0,0,0,0.10138888888888889,0.10138888888888889,0.11381353289678828,365.0,240900.0,481070.0,0.5007587253414271,240900.0,0.06137857971648141,786,0.10916666666666666,5684.0,6049.0,,,,,,,,,,,,,,,,,,,,,,,,,,,,,
mc_fairgen,0.65,12,2.0,0.5,1582,185,101582,dqn_agent,mlp,True,1,20000000,25000,C_AMC_SEM,0.5,interval_qos_v2_single_recovery_full_C5_overinc016_abs005,True,True,4.0,lo,478,564,0,1042,0,564,0,478,4571899,20000000,0.22859495,23.900000000000002,9564.642259414226,1,564,564,564,0,0,0,0.0,800,0,800,800,0,0,0.0,0.0,1.0,0.0,-424.44830392236787,True,800,800,0,9.2775,14.7225,4800,0.25,15,0.6134375,0,0,0.0,single,24,0.02,0.02,0.9,0,0,0.0,1378,0.07177083333333334,v11_full_10d,128,,,,,,,0.35261179210814764,474,0.0,0,0.0,0.0,0.0,0.0,0,0.0,0.0,0.0,0.0,318,0,0.4795521367423781,4.52,278,0.08187332915522075,0.8320833333333333,0.8320833333333333,0.0,"{""mc_hi_0"": 1.0, ""mc_hi_1"": 1.0, ""mc_hi_2"": 1.0, ""mc_hi_3"": 1.0, ""mc_hi_4"": 1.0, ""mc_hi_5"": 1.0, ""mc_lo_0"": 1.0, ""mc_lo_1"": 1.0, ""mc_lo_2"": 1.0, ""mc_lo_3"": 4.029411764705882, ""mc_lo_4"": 1.7328571428571429, ""mc_lo_5"": 4.043478260869565}","{""mc_hi_0"": 1.0, ""mc_hi_1"": 1.0, ""mc_hi_2"": 1.0, ""mc_hi_3"": 1.0, ""mc_hi_4"": 1.0, ""mc_hi_5"": 1.0, ""mc_lo_0"": 1.0, ""mc_lo_1"": 1.0, ""mc_lo_2"": 1.0, ""mc_lo_3"": 4.029411764705882, ""mc_lo_4"": 1.8333333333333333, ""mc_lo_5"": 4.043478260869565}","{""mc_hi_0"": 1.0, ""mc_hi_1"": 1.0, ""mc_hi_2"": 1.0, ""mc_hi_3"": 1.0, ""mc_hi_4"": 1.0, ""mc_hi_5"": 1.0, ""mc_lo_0"": 1.0, ""mc_lo_1"": 1.0, ""mc_lo_2"": 1.0, ""mc_lo_3"": 1.0, ""mc_lo_4"": 1.0, ""mc_lo_5"": 1.0}","{""mc_hi_0"": 0, ""mc_hi_1"": 0, ""mc_hi_2"": 0, ""mc_hi_3"": 0, ""mc_hi_4"": 0, ""mc_hi_5"": 0, ""mc_lo_0"": 0, ""mc_lo_1"": 0, ""mc_lo_2"": 0, ""mc_lo_3"": 62, ""mc_lo_4"": 352, ""mc_lo_5"": 68}","{""mc_hi_0"": 0, ""mc_hi_1"": 0, ""mc_hi_2"": 0, ""mc_hi_3"": 0, ""mc_hi_4"": 0, ""mc_hi_5"": 0, ""mc_lo_0"": 0, ""mc_lo_1"": 0, ""mc_lo_2"": 0, ""mc_lo_3"": 0, ""mc_lo_4"": 318, ""mc_lo_5"": 0}","{""mc_hi_0"": 0, ""mc_hi_1"": 0, ""mc_hi_2"": 0, ""mc_hi_3"": 0, ""mc_hi_4"": 0, ""mc_hi_5"": 0, ""mc_lo_0"": 0, ""mc_lo_1"": 0, ""mc_lo_2"": 0, ""mc_lo_3"": 0, ""mc_lo_4"": 318, ""mc_lo_5"": 0}","{""mc_hi_0"": 0, ""mc_hi_1"": 0, ""mc_hi_2"": 0, ""mc_hi_3"": 0, ""mc_hi_4"": 0, ""mc_hi_5"": 0, ""mc_lo_0"": 0, ""mc_lo_1"": 0, ""mc_lo_2"": 0, ""mc_lo_3"": 60, ""mc_lo_4"": 349, ""mc_lo_5"": 65}","{""mc_hi_0"": 0, ""mc_hi_1"": 0, ""mc_hi_2"": 0, ""mc_hi_3"": 0, ""mc_hi_4"": 0, ""mc_hi_5"": 0, ""mc_lo_0"": 0, ""mc_lo_1"": 0, ""mc_lo_2"": 0, ""mc_lo_3"": 62, ""mc_lo_4"": 15, ""mc_lo_5"": 59}","{""mc_hi_0"": 0, ""mc_hi_1"": 0, ""mc_hi_2"": 0, ""mc_hi_3"": 0, ""mc_hi_4"": 0, ""mc_hi_5"": 0, ""mc_lo_0"": 0, ""mc_lo_1"": 0, ""mc_lo_2"": 0, ""mc_lo_3"": 798, ""mc_lo_4"": 697, ""mc_lo_5"": 736}","{""mc_hi_0"": 0, ""mc_hi_1"": 0, ""mc_hi_2"": 0, ""mc_hi_3"": 0, ""mc_hi_4"": 0, ""mc_hi_5"": 0, ""mc_lo_0"": 0, ""mc_lo_1"": 0, ""mc_lo_2"": 0, ""mc_lo_3"": 0, ""mc_lo_4"": 0, ""mc_lo_5"": 0}",7200,564,6636,0,0,0.07833333333333334,0.9216666666666666,0.86875,800,53.16,929.0,0.12902777777777777,0.8709722222222223,0.12902777777777774,5906,0.8202777777777778,730,730,0,0,0,0.10138888888888889,0.10138888888888889,0.11000602772754671,365.0,240900.0,481070.0,0.5007587253414271,240900.0,0.060879038732866875,564,0.07833333333333334,5906.0,6271.0,,,,,,,,,,0,,,,,,,,,,,,,,,,,,,
mc_fairgen,0.65,12,2.0,0.5,1582,185,101582,bc_tree_agent,,True,1,20000000,25000,C_AMC_SEM,0.5,interval_qos_v2_single_recovery_full_C5_overinc016_abs005,True,True,4.0,lo,478,565,0,1043,0,565,0,478,4570406,20000000,0.2285203,,,,565,,,,,,,800,0,800,800,0,0,0.0,0.0,1.0,0.0,-434.40270663936417,True,800,800,0,9.1625,14.8375,,,16,0.6182291666666667,0,0,0.0,single,24,0.02,0.02,0.9,0,,,,,v11_full_10d,128,integer_tree_ranked_valid_or_none,fixed_point_int,1000000,bb255908bec90f8d54945322db333c5c2d2df5af1c5e76fc9016dc8c975a381e,viper_integer_ranked_artifact_v1,True,,,,,,,,,,,,,,,,,,,,,,,,,,,,,,,,,7200,565,6635,0,0,0.07847222222222222,0.9215277777777777,0.86875,800,108.7475,930.0,0.12916666666666668,0.8708333333333333,0.12916666666666665,5905,0.8201388888888889,730,730,0,0,0,0.10138888888888889,0.10138888888888889,0.11002260738507913,365.0,240900.0,481070.0,0.5007587253414271,240900.0,0.06092441225266054,565,0.07847222222222222,5905.0,6270.0,,,,,,,,,,,bc_iter_001,bc,3,11,6,3,10,38,0.0475,38,0.0475,0,0.0,800,456,0.57,0.5225,0.008075323104858399,0.03273944854736326
mc_fairgen,0.65,12,2.0,0.5,1582,185,101582,viper_tree_agent,,True,1,20000000,25000,C_AMC_SEM,0.5,interval_qos_v2_single_recovery_full_C5_overinc016_abs005,True,True,4.0,lo,478,563,0,1041,0,563,0,478,4571512,20000000,0.2285756,,,,563,,,,,,,800,0,800,800,0,0,0.0,0.0,1.0,0.0,-425.4262456407673,True,800,800,0,9.24125,14.75875,,,15,0.6149479166666667,0,0,0.0,single,24,0.02,0.02,0.9,0,,,,,v11_full_10d,128,integer_tree_ranked_valid_or_none,fixed_point_int,1000000,bb255908bec90f8d54945322db333c5c2d2df5af1c5e76fc9016dc8c975a381e,viper_integer_ranked_artifact_v1,True,,,,,,,,,,,,,,,,,,,,,,,,,,,,,,,,,7200,563,6637,0,0,0.07819444444444444,0.9218055555555555,0.86875,800,57.24875,928.0,0.1288888888888889,0.8711111111111111,0.12888888888888894,5907,0.8204166666666667,730,730,0,0,0,0.10138888888888889,0.10138888888888889,0.10998945306614434,365.0,240900.0,481070.0,0.5007587253414271,240900.0,0.060903033471639764,563,0.07819444444444444,5907.0,6272.0,,,,,,,,,,,viper_iter_002,viper,3,11,6,3,10,0,0.0,0,0.0,0,0.0,800,452,0.565,0.565,0.004285321235656738,0.020775032043456994
mc_fairgen,0.65,12,2.0,0.5,1583,185,101583,c_amc_sem_baseline,,True,1,20000000,25000,C_AMC_SEM,0.5,interval_qos_v2_single_recovery_full_C5_overinc016_abs005,True,True,4.0,lo,485,796,0,1281,0,796,0,485,4788052,20000000,0.2394026,24.25,9872.272164948454,1,796,796,796,0,0,0,0.0,0,0,0,0,0,0,0.0,0.0,0.0,0.0,0.0,True,0,0,0,0.0,0.0,0,0.0,0,0.0,0,0,0.0,single,24,0.02,0.02,0.9,0,0,0.0,0,0.0,,,,,,,,,,,,,,,,,,,,,,,,,,,,,,,,,,,,,,,,,7200,796,6404,0,0,0.11055555555555556,0.8894444444444445,0.87125,0,,1188.5,0.16506944444444444,0.8349305555555555,0.1650694444444445,5619,0.7804166666666666,785,785,0,0,0,0.10902777777777778,0.10902777777777778,0.12257963772642098,392.5,259050.0,517315.0,0.5007587253414271,259050.0,0.06594650352427484,796,0.11055555555555556,5619.0,6011.5,,,,,,,,,,,,,,,,,,,,,,,,,,,,,
mc_fairgen,0.65,12,2.0,0.5,1583,185,101583,dqn_agent,mlp,True,1,20000000,25000,C_AMC_SEM,0.5,interval_qos_v2_single_recovery_full_C5_overinc016_abs005,True,True,4.0,lo,485,566,0,1051,0,566,0,485,4804069,20000000,0.24020345,24.25,9905.296907216494,1,566,566,566,0,0,0,0.0,800,0,800,800,0,0,0.0,0.0,1.0,0.0,-429.76010106626734,True,800,800,0,9.25,14.75,4800,0.25,15,0.6145833333333334,0,0,0.0,single,24,0.02,0.02,0.9,0,0,0.0,1400,0.07291666666666667,v11_full_10d,128,,,,,,,0.3411129825843381,468,0.0,0,0.0,0.0,0.0,0.0,0,0.0,0.0,0.0,0.0,324,0,0.479317919178541,5.08625,305,0.08084818365170401,0.8320833333333333,0.8320833333333333,0.0,"{""mc_hi_0"": 1.0, ""mc_hi_1"": 1.0, ""mc_hi_2"": 1.0, ""mc_hi_3"": 1.0, ""mc_hi_4"": 1.0, ""mc_hi_5"": 1.0, ""mc_lo_0"": 1.0, ""mc_lo_1"": 1.0, ""mc_lo_2"": 1.0, ""mc_lo_3"": 4.029411764705882, ""mc_lo_4"": 1.3614285714285714, ""mc_lo_5"": 4.043478260869565}","{""mc_hi_0"": 1.0, ""mc_hi_1"": 1.0, ""mc_hi_2"": 1.0, ""mc_hi_3"": 1.0, ""mc_hi_4"": 1.0, ""mc_hi_5"": 1.0, ""mc_lo_0"": 1.0, ""mc_lo_1"": 1.0, ""mc_lo_2"": 1.0, ""mc_lo_3"": 4.029411764705882, ""mc_lo_4"": 1.7161904761904763, ""mc_lo_5"": 4.043478260869565}","{""mc_hi_0"": 1.0, ""mc_hi_1"": 1.0, ""mc_hi_2"": 1.0, ""mc_hi_3"": 1.0, ""mc_hi_4"": 1.0, ""mc_hi_5"": 1.0, ""mc_lo_0"": 1.0, ""mc_lo_1"": 1.0, ""mc_lo_2"": 1.0, ""mc_lo_3"": 1.0, ""mc_lo_4"": 1.0, ""mc_lo_5"": 1.0}","{""mc_hi_0"": 0, ""mc_hi_1"": 0, ""mc_hi_2"": 0, ""mc_hi_3"": 0, ""mc_hi_4"": 0, ""mc_hi_5"": 0, ""mc_lo_0"": 0, ""mc_lo_1"": 0, ""mc_lo_2"": 0, ""mc_lo_3"": 62, ""mc_lo_4"": 346, ""mc_lo_5"": 68}","{""mc_hi_0"": 0, ""mc_hi_1"": 0, ""mc_hi_2"": 0, ""mc_hi_3"": 0, ""mc_hi_4"": 0, ""mc_hi_5"": 0, ""mc_lo_0"": 0, ""mc_lo_1"": 0, ""mc_lo_2"": 0, ""mc_lo_3"": 0, ""mc_lo_4"": 324, ""mc_lo_5"": 0}","{""mc_hi_0"": 0, ""mc_hi_1"": 0, ""mc_hi_2"": 0, ""mc_hi_3"": 0, ""mc_hi_4"": 0, ""mc_hi_5"": 0, ""mc_lo_0"": 0, ""mc_lo_1"": 0, ""mc_lo_2"": 0, ""mc_lo_3"": 0, ""mc_lo_4"": 324, ""mc_lo_5"": 0}","{""mc_hi_0"": 0, ""mc_hi_1"": 0, ""mc_hi_2"": 0, ""mc_hi_3"": 0, ""mc_hi_4"": 0, ""mc_hi_5"": 0, ""mc_lo_0"": 0, ""mc_lo_1"": 0, ""mc_lo_2"": 0, ""mc_lo_3"": 60, ""mc_lo_4"": 343, ""mc_lo_5"": 65}","{""mc_hi_0"": 0, ""mc_hi_1"": 0, ""mc_hi_2"": 0, ""mc_hi_3"": 0, ""mc_hi_4"": 0, ""mc_hi_5"": 0, ""mc_lo_0"": 0, ""mc_lo_1"": 0, ""mc_lo_2"": 0, ""mc_lo_3"": 62, ""mc_lo_4"": 14, ""mc_lo_5"": 68}","{""mc_hi_0"": 0, ""mc_hi_1"": 0, ""mc_hi_2"": 0, ""mc_hi_3"": 0, ""mc_hi_4"": 0, ""mc_hi_5"": 0, ""mc_lo_0"": 0, ""mc_lo_1"": 0, ""mc_lo_2"": 0, ""mc_lo_3"": 798, ""mc_lo_4"": 706, ""mc_lo_5"": 736}","{""mc_hi_0"": 0, ""mc_hi_1"": 0, ""mc_hi_2"": 0, ""mc_hi_3"": 0, ""mc_hi_4"": 0, ""mc_hi_5"": 0, ""mc_lo_0"": 0, ""mc_lo_1"": 0, ""mc_lo_2"": 0, ""mc_lo_3"": 0, ""mc_lo_4"": 0, ""mc_lo_5"": 0}",7200,566,6634,0,0,0.07861111111111112,0.9213888888888889,0.89125,800,52.5125,958.5,0.133125,0.866875,0.13312500000000005,5849,0.8123611111111111,785,785,0,0,0,0.10902777777777778,0.10902777777777778,0.11832981609888453,392.5,259050.0,517315.0,0.5007587253414271,259050.0,0.06537715971131586,566,0.07861111111111112,5849.0,6241.5,,,,,,,,,,0,,,,,,,,,,,,,,,,,,,
mc_fairgen,0.65,12,2.0,0.5,1583,185,101583,bc_tree_agent,,True,1,20000000,25000,C_AMC_SEM,0.5,interval_qos_v2_single_recovery_full_C5_overinc016_abs005,True,True,4.0,lo,485,561,0,1046,0,561,0,485,4803544,20000000,0.2401772,,,,561,,,,,,,800,0,800,800,0,0,0.0,0.0,1.0,0.0,-437.47138466220827,True,800,800,0,9.1525,14.8475,,,16,0.6186458333333333,0,0,0.0,single,24,0.02,0.02,0.9,0,,,,,v11_full_10d,128,integer_tree_ranked_valid_or_none,fixed_point_int,1000000,bb255908bec90f8d54945322db333c5c2d2df5af1c5e76fc9016dc8c975a381e,viper_integer_ranked_artifact_v1,True,,,,,,,,,,,,,,,,,,,,,,,,,,,,,,,,,7200,561,6639,0,0,0.07791666666666666,0.9220833333333334,0.89125,800,113.32125,953.5,0.13243055555555555,0.8675694444444444,0.1324305555555556,5854,0.8130555555555555,785,785,0,0,0,0.10902777777777778,0.10902777777777778,0.11824069890043681,392.5,259050.0,517315.0,0.5007587253414271,259050.0,0.0653782321907727,561,0.07791666666666666,5854.0,6246.5,,,,,,,,,,,bc_iter_001,bc,3,11,6,3,10,49,0.06125,49,0.06125,0,0.0,800,467,0.58375,0.5225,0.008111143112182617,0.031835746765136716
mc_fairgen,0.65,12,2.0,0.5,1583,185,101583,viper_tree_agent,,True,1,20000000,25000,C_AMC_SEM,0.5,interval_qos_v2_single_recovery_full_C5_overinc016_abs005,True,True,4.0,lo,485,561,0,1046,0,561,0,485,4803850,20000000,0.2401925,,,,561,,,,,,,800,0,800,800,0,0,0.0,0.0,1.0,0.0,-428.83551179305135,True,800,800,0,9.24125,14.75875,,,15,0.6149479166666667,0,0,0.0,single,24,0.02,0.02,0.9,0,,,,,v11_full_10d,128,integer_tree_ranked_valid_or_none,fixed_point_int,1000000,bb255908bec90f8d54945322db333c5c2d2df5af1c5e76fc9016dc8c975a381e,viper_integer_ranked_artifact_v1,True,,,,,,,,,,,,,,,,,,,,,,,,,,,,,,,,,7200,561,6639,0,0,0.07791666666666666,0.9220833333333334,0.89125,800,57.24875,953.5,0.13243055555555555,0.8675694444444444,0.1324305555555556,5854,0.8130555555555555,785,785,0,0,0,0.10902777777777778,0.10902777777777778,0.11824069890043681,392.5,259050.0,517315.0,0.5007587253414271,259050.0,0.06537318359454848,561,0.07791666666666666,5854.0,6246.5,,,,,,,,,,,viper_iter_002,viper,3,11,6,3,10,0,0.0,0,0.0,0,0.0,800,471,0.58875,0.58875,0.003961915969848633,0.019519805908203125
mc_fairgen,0.65,12,2.0,0.5,1584,185,101584,c_amc_sem_baseline,,True,1,20000000,25000,C_AMC_SEM,0.5,interval_qos_v2_single_recovery_full_C5_overinc016_abs005,True,True,4.0,lo,440,767,0,1207,0,767,0,440,4370960,20000000,0.218548,22.0,9934.0,1,767,767,767,0,0,0,0.0,0,0,0,0,0,0,0.0,0.0,0.0,0.0,0.0,True,0,0,0,0.0,0.0,0,0.0,0,0.0,0,0,0.0,single,24,0.02,0.02,0.9,0,0,0.0,0,0.0,,,,,,,,,,,,,,,,,,,,,,,,,,,,,,,,,,,,,,,,,7200,767,6433,0,0,0.10652777777777778,0.8934722222222222,0.87,0,,1124.0,0.15611111111111112,0.8438888888888889,0.1561111111111111,5719,0.7943055555555556,714,714,0,0,0,0.09916666666666667,0.09916666666666667,0.11099020674646355,357.0,235620.0,470526.0,0.5007587253414271,235620.0,0.06009342254765812,767,0.10652777777777778,5719.0,6076.0,,,,,,,,,,,,,,,,,,,,,,,,,,,,,
mc_fairgen,0.65,12,2.0,0.5,1584,185,101584,dqn_agent,mlp,True,1,20000000,25000,C_AMC_SEM,0.5,interval_qos_v2_single_recovery_full_C5_overinc016_abs005,True,True,4.0,lo,440,544,0,984,0,544,0,440,4387201,20000000,0.21936005,22.0,9970.911363636364,1,544,544,544,0,0,0,0.0,800,0,800,800,0,0,0.0,0.0,1.0,0.0,-415.10374006441737,True,800,800,0,9.28,14.72,4800,0.25,15,0.6133333333333333,0,0,0.0,single,24,0.02,0.02,0.9,0,0,0.0,1376,0.07166666666666667,v11_full_10d,128,,,,,,,0.36345881591767143,468,0.0,0,0.0,0.0,0.0,0.0,0,0.0,0.0,0.0,0.0,324,0,0.4808161960073885,4.13125,302,0.08004251470221924,0.8320833333333333,0.8320833333333333,0.0,"{""mc_hi_0"": 1.0, ""mc_hi_1"": 1.0, ""mc_hi_2"": 1.0, ""mc_hi_3"": 1.0, ""mc_hi_4"": 1.0, ""mc_hi_5"": 1.0, ""mc_lo_0"": 1.0, ""mc_lo_1"": 1.0, ""mc_lo_2"": 1.0, ""mc_lo_3"": 4.029411764705882, ""mc_lo_4"": 1.3657142857142857, ""mc_lo_5"": 4.043478260869565}","{""mc_hi_0"": 1.0, ""mc_hi_1"": 1.0, ""mc_hi_2"": 1.0, ""mc_hi_3"": 1.0, ""mc_hi_4"": 1.0, ""mc_hi_5"": 1.0, ""mc_lo_0"": 1.0, ""mc_lo_1"": 1.0, ""mc_lo_2"": 1.0, ""mc_lo_3"": 4.029411764705882, ""mc_lo_4"": 1.979047619047619, ""mc_lo_5"": 4.043478260869565}","{""mc_hi_0"": 1.0, ""mc_hi_1"": 1.0, ""mc_hi_2"": 1.0, ""mc_hi_3"": 1.0, ""mc_hi_4"": 1.0, ""mc_hi_5"": 1.0, ""mc_lo_0"": 1.0, ""mc_lo_1"": 1.0, ""mc_lo_2"": 1.0, ""mc_lo_3"": 1.0, ""mc_lo_4"": 1.0, ""mc_lo_5"": 1.0}","{""mc_hi_0"": 0, ""mc_hi_1"": 0, ""mc_hi_2"": 0, ""mc_hi_3"": 0, ""mc_hi_4"": 0, ""mc_hi_5"": 0, ""mc_lo_0"": 0, ""mc_lo_1"": 0, ""mc_lo_2"": 0, ""mc_lo_3"": 62, ""mc_lo_4"": 346, ""mc_lo_5"": 68}","{""mc_hi_0"": 0, ""mc_hi_1"": 0, ""mc_hi_2"": 0, ""mc_hi_3"": 0, ""mc_hi_4"": 0, ""mc_hi_5"": 0, ""mc_lo_0"": 0, ""mc_lo_1"": 0, ""mc_lo_2"": 0, ""mc_lo_3"": 0, ""mc_lo_4"": 324, ""mc_lo_5"": 0}","{""mc_hi_0"": 0, ""mc_hi_1"": 0, ""mc_hi_2"": 0, ""mc_hi_3"": 0, ""mc_hi_4"": 0, ""mc_hi_5"": 0, ""mc_lo_0"": 0, ""mc_lo_1"": 0, ""mc_lo_2"": 0, ""mc_lo_3"": 0, ""mc_lo_4"": 324, ""mc_lo_5"": 0}","{""mc_hi_0"": 0, ""mc_hi_1"": 0, ""mc_hi_2"": 0, ""mc_hi_3"": 0, ""mc_hi_4"": 0, ""mc_hi_5"": 0, ""mc_lo_0"": 0, ""mc_lo_1"": 0, ""mc_lo_2"": 0, ""mc_lo_3"": 60, ""mc_lo_4"": 343, ""mc_lo_5"": 65}","{""mc_hi_0"": 0, ""mc_hi_1"": 0, ""mc_hi_2"": 0, ""mc_hi_3"": 0, ""mc_hi_4"": 0, ""mc_hi_5"": 0, ""mc_lo_0"": 0, ""mc_lo_1"": 0, ""mc_lo_2"": 0, ""mc_lo_3"": 62, ""mc_lo_4"": 14, ""mc_lo_5"": 53}","{""mc_hi_0"": 0, ""mc_hi_1"": 0, ""mc_hi_2"": 0, ""mc_hi_3"": 0, ""mc_hi_4"": 0, ""mc_hi_5"": 0, ""mc_lo_0"": 0, ""mc_lo_1"": 0, ""mc_lo_2"": 0, ""mc_lo_3"": 798, ""mc_lo_4"": 716, ""mc_lo_5"": 736}","{""mc_hi_0"": 0, ""mc_hi_1"": 0, ""mc_hi_2"": 0, ""mc_hi_3"": 0, ""mc_hi_4"": 0, ""mc_hi_5"": 0, ""mc_lo_0"": 0, ""mc_lo_1"": 0, ""mc_lo_2"": 0, ""mc_lo_3"": 0, ""mc_lo_4"": 0, ""mc_lo_5"": 0}",7200,544,6656,0,0,0.07555555555555556,0.9244444444444444,0.8725,800,54.40125,901.0,0.12513888888888888,0.8748611111111111,0.1251388888888889,5942,0.8252777777777778,714,714,0,0,0,0.09916666666666667,0.09916666666666667,0.10727163461538461,357.0,235620.0,470526.0,0.5007587253414271,235620.0,0.05952746380716558,544,0.07555555555555556,5942.0,6299.0,,,,,,,,,,0,,,,,,,,,,,,,,,,,,,
mc_fairgen,0.65,12,2.0,0.5,1584,185,101584,bc_tree_agent,,True,1,20000000,25000,C_AMC_SEM,0.5,interval_qos_v2_single_recovery_full_C5_overinc016_abs005,True,True,4.0,lo,440,546,0,986,0,546,0,440,4386497,20000000,0.21932485,,,,546,,,,,,,800,0,800,800,0,0,0.0,0.0,1.0,0.0,-428.58904112632797,True,800,800,0,9.0925,14.9075,,,16,0.6211458333333333,0,0,0.0,single,24,0.02,0.02,0.9,0,,,,,v11_full_10d,128,integer_tree_ranked_valid_or_none,fixed_point_int,1000000,bb255908bec90f8d54945322db333c5c2d2df5af1c5e76fc9016dc8c975a381e,viper_integer_ranked_artifact_v1,True,,,,,,,,,,,,,,,,,,,,,,,,,,,,,,,,,7200,546,6654,0,0,0.07583333333333334,0.9241666666666667,0.8725,800,116.88875,903.0,0.12541666666666668,0.8745833333333334,0.12541666666666662,5940,0.825,714,714,0,0,0,0.09916666666666667,0.09916666666666667,0.1073038773669973,357.0,235620.0,470526.0,0.5007587253414271,235620.0,0.0595531316197001,546,0.07583333333333334,5940.0,6297.0,,,,,,,,,,,bc_iter_001,bc,3,11,6,3,10,76,0.095,76,0.095,0,0.0,800,456,0.57,0.475,0.007741179466247559,0.032034492492675766
mc_fairgen,0.65,12,2.0,0.5,1584,185,101584,viper_tree_agent,,True,1,20000000,25000,C_AMC_SEM,0.5,interval_qos_v2_single_recovery_full_C5_overinc016_abs005,True,True,4.0,lo,440,543,0,983,0,543,0,440,4386904,20000000,0.2193452,,,,543,,,,,,,800,0,800,800,0,0,0.0,0.0,1.0,0.0,-418.95818706595094,True,800,800,0,9.24125,14.75875,,,15,0.6149479166666667,0,0,0.0,single,24,0.02,0.02,0.9,0,,,,,v11_full_10d,128,integer_tree_ranked_valid_or_none,fixed_point_int,1000000,bb255908bec90f8d54945322db333c5c2d2df5af1c5e76fc9016dc8c975a381e,viper_integer_ranked_artifact_v1,True,,,,,,,,,,,,,,,,,,,,,,,,,,,,,,,,,7200,543,6657,0,0,0.07541666666666667,0.9245833333333333,0.8725,800,57.24875,900.0,0.125,0.875,0.125,5943,0.8254166666666667,714,714,0,0,0,0.09916666666666667,0.09916666666666667,0.10725552050473186,357.0,235620.0,470526.0,0.5007587253414271,235620.0,0.05953921168284567,543,0.07541666666666667,5943.0,6300.0,,,,,,,,,,,viper_iter_002,viper,3,11,6,3,10,0,0.0,0,0.0,0,0.0,800,439,0.54875,0.54875,0.004201555252075195,0.019124603271484374
mc_fairgen,0.65,12,2.0,0.5,1585,185,101585,c_amc_sem_baseline,,True,1,20000000,25000,C_AMC_SEM,0.5,interval_qos_v2_single_recovery_full_C5_overinc016_abs005,True,True,4.0,lo,452,782,0,1234,0,782,0,452,4431712,20000000,0.2215856,22.6,9804.67256637168,1,782,782,782,0,0,0,0.0,0,0,0,0,0,0,0.0,0.0,0.0,0.0,0.0,True,0,0,0,0.0,0.0,0,0.0,0,0.0,0,0,0.0,single,24,0.02,0.02,0.9,0,0,0.0,0,0.0,,,,,,,,,,,,,,,,,,,,,,,,,,,,,,,,,,,,,,,,,7200,782,6418,0,0,0.10861111111111112,0.8913888888888889,0.86875,0,,1145.5,0.15909722222222222,0.8409027777777778,0.15909722222222222,5691,0.7904166666666667,727,727,0,0,0,0.10097222222222223,0.10097222222222223,0.11327516360236833,363.5,239910.0,479093.0,0.5007587253414271,239910.0,0.061033268740998986,782,0.10861111111111112,5691.0,6054.5,,,,,,,,,,,,,,,,,,,,,,,,,,,,,
mc_fairgen,0.65,12,2.0,0.5,1585,185,101585,dqn_agent,mlp,True,1,20000000,25000,C_AMC_SEM,0.5,interval_qos_v2_single_recovery_full_C5_overinc016_abs005,True,True,4.0,lo,452,543,0,995,0,543,0,452,4446762,20000000,0.2223381,22.6,9837.969026548673,1,543,543,543,0,0,0,0.0,800,0,800,800,0,0,0.0,0.0,1.0,0.0,-408.11613476346264,True,800,800,0,9.28125,14.71875,4800,0.25,15,0.61328125,0,0,0.0,single,24,0.02,0.02,0.9,0,0,0.0,1375,0.07161458333333333,v11_full_10d,128,,,,,,,0.34385762544148096,469,0.0,0,0.0,0.0,0.0,0.0,0,0.0,0.0,0.0,0.0,323,0,0.47652430936142576,3.60625,304,0.07969260842224905,0.8320833333333333,0.8320833333333333,0.0,"{""mc_hi_0"": 1.0, ""mc_hi_1"": 1.0, ""mc_hi_2"": 1.0, ""mc_hi_3"": 1.0, ""mc_hi_4"": 1.0, ""mc_hi_5"": 1.0, ""mc_lo_0"": 1.0, ""mc_lo_1"": 1.0, ""mc_lo_2"": 1.0, ""mc_lo_3"": 4.029411764705882, ""mc_lo_4"": 1.42, ""mc_lo_5"": 4.043478260869565}","{""mc_hi_0"": 1.0, ""mc_hi_1"": 1.0, ""mc_hi_2"": 1.0, ""mc_hi_3"": 1.0, ""mc_hi_4"": 1.0, ""mc_hi_5"": 1.0, ""mc_lo_0"": 1.0, ""mc_lo_1"": 1.0, ""mc_lo_2"": 1.0, ""mc_lo_3"": 4.029411764705882, ""mc_lo_4"": 1.8847619047619049, ""mc_lo_5"": 4.043478260869565}","{""mc_hi_0"": 1.0, ""mc_hi_1"": 1.0, ""mc_hi_2"": 1.0, ""mc_hi_3"": 1.0, ""mc_hi_4"": 1.0, ""mc_hi_5"": 1.0, ""mc_lo_0"": 1.0, ""mc_lo_1"": 1.0, ""mc_lo_2"": 1.0, ""mc_lo_3"": 1.0, ""mc_lo_4"": 1.0, ""mc_lo_5"": 1.0}","{""mc_hi_0"": 0, ""mc_hi_1"": 0, ""mc_hi_2"": 0, ""mc_hi_3"": 0, ""mc_hi_4"": 0, ""mc_hi_5"": 0, ""mc_lo_0"": 0, ""mc_lo_1"": 0, ""mc_lo_2"": 0, ""mc_lo_3"": 62, ""mc_lo_4"": 347, ""mc_lo_5"": 68}","{""mc_hi_0"": 0, ""mc_hi_1"": 0, ""mc_hi_2"": 0, ""mc_hi_3"": 0, ""mc_hi_4"": 0, ""mc_hi_5"": 0, ""mc_lo_0"": 0, ""mc_lo_1"": 0, ""mc_lo_2"": 0, ""mc_lo_3"": 0, ""mc_lo_4"": 323, ""mc_lo_5"": 0}","{""mc_hi_0"": 0, ""mc_hi_1"": 0, ""mc_hi_2"": 0, ""mc_hi_3"": 0, ""mc_hi_4"": 0, ""mc_hi_5"": 0, ""mc_lo_0"": 0, ""mc_lo_1"": 0, ""mc_lo_2"": 0, ""mc_lo_3"": 0, ""mc_lo_4"": 323, ""mc_lo_5"": 0}","{""mc_hi_0"": 0, ""mc_hi_1"": 0, ""mc_hi_2"": 0, ""mc_hi_3"": 0, ""mc_hi_4"": 0, ""mc_hi_5"": 0, ""mc_lo_0"": 0, ""mc_lo_1"": 0, ""mc_lo_2"": 0, ""mc_lo_3"": 60, ""mc_lo_4"": 344, ""mc_lo_5"": 65}","{""mc_hi_0"": 0, ""mc_hi_1"": 0, ""mc_hi_2"": 0, ""mc_hi_3"": 0, ""mc_hi_4"": 0, ""mc_hi_5"": 0, ""mc_lo_0"": 0, ""mc_lo_1"": 0, ""mc_lo_2"": 0, ""mc_lo_3"": 62, ""mc_lo_4"": 16, ""mc_lo_5"": 42}","{""mc_hi_0"": 0, ""mc_hi_1"": 0, ""mc_hi_2"": 0, ""mc_hi_3"": 0, ""mc_hi_4"": 0, ""mc_hi_5"": 0, ""mc_lo_0"": 0, ""mc_lo_1"": 0, ""mc_lo_2"": 0, ""mc_lo_3"": 798, ""mc_lo_4"": 719, ""mc_lo_5"": 736}","{""mc_hi_0"": 0, ""mc_hi_1"": 0, ""mc_hi_2"": 0, ""mc_hi_3"": 0, ""mc_hi_4"": 0, ""mc_hi_5"": 0, ""mc_lo_0"": 0, ""mc_lo_1"": 0, ""mc_lo_2"": 0, ""mc_lo_3"": 0, ""mc_lo_4"": 0, ""mc_lo_5"": 0}",7200,543,6657,0,0,0.07541666666666667,0.9245833333333333,0.875,800,52.70125,906.5,0.12590277777777778,0.8740972222222222,0.1259027777777778,5930,0.8236111111111111,727,727,0,0,0,0.10097222222222223,0.10097222222222223,0.1092083521105603,363.5,239910.0,479093.0,0.5007587253414271,239910.0,0.060454059349854906,543,0.07541666666666667,5930.0,6293.5,,,,,,,,,,0,,,,,,,,,,,,,,,,,,,
mc_fairgen,0.65,12,2.0,0.5,1585,185,101585,bc_tree_agent,,True,1,20000000,25000,C_AMC_SEM,0.5,interval_qos_v2_single_recovery_full_C5_overinc016_abs005,True,True,4.0,lo,452,541,0,993,0,541,0,452,4446147,20000000,0.22230735,,,,541,,,,,,,800,0,800,800,0,0,0.0,0.0,1.0,0.0,-422.22182121160887,True,800,800,0,9.11375,14.88625,,,16,0.6202604166666666,0,0,0.0,single,24,0.02,0.02,0.9,0,,,,,v11_full_10d,128,integer_tree_ranked_valid_or_none,fixed_point_int,1000000,bb255908bec90f8d54945322db333c5c2d2df5af1c5e76fc9016dc8c975a381e,viper_integer_ranked_artifact_v1,True,,,,,,,,,,,,,,,,,,,,,,,,,,,,,,,,,7200,541,6659,0,0,0.0751388888888889,0.9248611111111111,0.875,800,121.4925,904.5,0.125625,0.874375,0.125625,5932,0.8238888888888889,727,727,0,0,0,0.10097222222222223,0.10097222222222223,0.10917555188466736,363.5,239910.0,479093.0,0.5007587253414271,239910.0,0.06047668971608903,541,0.0751388888888889,5932.0,6295.5,,,,,,,,,,,bc_iter_001,bc,3,11,6,3,10,56,0.07,56,0.07,0,0.0,800,442,0.5525,0.4825,0.009213457107543946,0.036117744445800765
mc_fairgen,0.65,12,2.0,0.5,1585,185,101585,viper_tree_agent,,True,1,20000000,25000,C_AMC_SEM,0.5,interval_qos_v2_single_recovery_full_C5_overinc016_abs005,True,True,4.0,lo,452,540,0,992,0,540,0,452,4446414,20000000,0.2223207,,,,540,,,,,,,800,0,800,800,0,0,0.0,0.0,1.0,0.0,-412.2516912605034,True,800,800,0,9.24125,14.75875,,,15,0.6149479166666667,0,0,0.0,single,24,0.02,0.02,0.9,0,,,,,v11_full_10d,128,integer_tree_ranked_valid_or_none,fixed_point_int,1000000,bb255908bec90f8d54945322db333c5c2d2df5af1c5e76fc9016dc8c975a381e,viper_integer_ranked_artifact_v1,True,,,,,,,,,,,,,,,,,,,,,,,,,,,,,,,,,7200,540,6660,0,0,0.075,0.925,0.875,800,57.24875,903.5,0.1254861111111111,0.8745138888888889,0.12548611111111108,5933,0.8240277777777778,727,727,0,0,0,0.10097222222222223,0.10097222222222223,0.10915915915915916,363.5,239910.0,479093.0,0.5007587253414271,239910.0,0.06046925106698953,540,0.075,5933.0,6296.5,,,,,,,,,,,viper_iter_002,viper,3,11,6,3,10,0,0.0,0,0.0,0,0.0,800,446,0.5575,0.5575,0.0043335771560668946,0.019828033447265615
mc_fairgen,0.65,12,2.0,0.5,1586,185,101586,c_amc_sem_baseline,,True,1,20000000,25000,C_AMC_SEM,0.5,interval_qos_v2_single_recovery_full_C5_overinc016_abs005,True,True,4.0,lo,474,763,0,1237,0,763,0,474,4790713,20000000,0.23953565,23.7,10106.989451476793,1,763,763,763,0,0,0,0.0,0,0,0,0,0,0,0.0,0.0,0.0,0.0,0.0,True,0,0,0,0.0,0.0,0,0.0,0,0.0,0,0,0.0,single,24,0.02,0.02,0.9,0,0,0.0,0,0.0,,,,,,,,,,,,,,,,,,,,,,,,,,,,,,,,,,,,,,,,,7200,763,6437,0,0,0.10597222222222222,0.8940277777777778,0.8625,0,,1155.5,0.1604861111111111,0.8395138888888889,0.1604861111111111,5652,0.785,785,785,0,0,0,0.10902777777777778,0.10902777777777778,0.12195121951219512,392.5,259050.0,517315.0,0.5007587253414271,259050.0,0.06600660906939217,763,0.10597222222222222,5652.0,6044.5,,,,,,,,,,,,,,,,,,,,,,,,,,,,,
mc_fairgen,0.65,12,2.0,0.5,1586,185,101586,dqn_agent,mlp,True,1,20000000,25000,C_AMC_SEM,0.5,interval_qos_v2_single_recovery_full_C5_overinc016_abs005,True,True,4.0,lo,474,537,0,1011,0,537,0,474,4804636,20000000,0.2402318,23.7,10136.362869198312,1,537,537,537,0,0,0,0.0,800,0,800,800,0,0,0.0,0.0,1.0,0.0,-417.42825993408655,True,800,800,0,9.25875,14.74125,4800,0.25,15,0.61421875,0,0,0.0,single,24,0.02,0.02,0.9,0,0,0.0,1393,0.07255208333333334,v11_full_10d,128,,,,,,,0.3560129825843381,473,0.0,0,0.0,0.0,0.0,0.0,0,0.0,0.0,0.0,0.0,319,0,0.4803811869494175,4.03625,302,0.0841625382247988,0.8320833333333333,0.8320833333333333,0.0,"{""mc_hi_0"": 1.0, ""mc_hi_1"": 1.0, ""mc_hi_2"": 1.0, ""mc_hi_3"": 1.0, ""mc_hi_4"": 1.0, ""mc_hi_5"": 1.0, ""mc_lo_0"": 1.0, ""mc_lo_1"": 1.0, ""mc_lo_2"": 1.0, ""mc_lo_3"": 4.029411764705882, ""mc_lo_4"": 1.67, ""mc_lo_5"": 4.043478260869565}","{""mc_hi_0"": 1.0, ""mc_hi_1"": 1.0, ""mc_hi_2"": 1.0, ""mc_hi_3"": 1.0, ""mc_hi_4"": 1.0, ""mc_hi_5"": 1.0, ""mc_lo_0"": 1.0, ""mc_lo_1"": 1.0, ""mc_lo_2"": 1.0, ""mc_lo_3"": 4.029411764705882, ""mc_lo_4"": 1.9176190476190476, ""mc_lo_5"": 4.043478260869565}","{""mc_hi_0"": 1.0, ""mc_hi_1"": 1.0, ""mc_hi_2"": 1.0, ""mc_hi_3"": 1.0, ""mc_hi_4"": 1.0, ""mc_hi_5"": 1.0, ""mc_lo_0"": 1.0, ""mc_lo_1"": 1.0, ""mc_lo_2"": 1.0, ""mc_lo_3"": 1.0, ""mc_lo_4"": 1.0, ""mc_lo_5"": 1.0}","{""mc_hi_0"": 0, ""mc_hi_1"": 0, ""mc_hi_2"": 0, ""mc_hi_3"": 0, ""mc_hi_4"": 0, ""mc_hi_5"": 0, ""mc_lo_0"": 0, ""mc_lo_1"": 0, ""mc_lo_2"": 0, ""mc_lo_3"": 62, ""mc_lo_4"": 351, ""mc_lo_5"": 68}","{""mc_hi_0"": 0, ""mc_hi_1"": 0, ""mc_hi_2"": 0, ""mc_hi_3"": 0, ""mc_hi_4"": 0, ""mc_hi_5"": 0, ""mc_lo_0"": 0, ""mc_lo_1"": 0, ""mc_lo_2"": 0, ""mc_lo_3"": 0, ""mc_lo_4"": 319, ""mc_lo_5"": 0}","{""mc_hi_0"": 0, ""mc_hi_1"": 0, ""mc_hi_2"": 0, ""mc_hi_3"": 0, ""mc_hi_4"": 0, ""mc_hi_5"": 0, ""mc_lo_0"": 0, ""mc_lo_1"": 0, ""mc_lo_2"": 0, ""mc_lo_3"": 0, ""mc_lo_4"": 319, ""mc_lo_5"": 0}","{""mc_hi_0"": 0, ""mc_hi_1"": 0, ""mc_hi_2"": 0, ""mc_hi_3"": 0, ""mc_hi_4"": 0, ""mc_hi_5"": 0, ""mc_lo_0"": 0, ""mc_lo_1"": 0, ""mc_lo_2"": 0, ""mc_lo_3"": 60, ""mc_lo_4"": 348, ""mc_lo_5"": 65}","{""mc_hi_0"": 0, ""mc_hi_1"": 0, ""mc_hi_2"": 0, ""mc_hi_3"": 0, ""mc_hi_4"": 0, ""mc_hi_5"": 0, ""mc_lo_0"": 0, ""mc_lo_1"": 0, ""mc_lo_2"": 0, ""mc_lo_3"": 62, ""mc_lo_4"": 11, ""mc_lo_5"": 51}","{""mc_hi_0"": 0, ""mc_hi_1"": 0, ""mc_hi_2"": 0, ""mc_hi_3"": 0, ""mc_hi_4"": 0, ""mc_hi_5"": 0, ""mc_lo_0"": 0, ""mc_lo_1"": 0, ""mc_lo_2"": 0, ""mc_lo_3"": 798, ""mc_lo_4"": 710, ""mc_lo_5"": 736}","{""mc_hi_0"": 0, ""mc_hi_1"": 0, ""mc_hi_2"": 0, ""mc_hi_3"": 0, ""mc_hi_4"": 0, ""mc_hi_5"": 0, ""mc_lo_0"": 0, ""mc_lo_1"": 0, ""mc_lo_2"": 0, ""mc_lo_3"": 0, ""mc_lo_4"": 0, ""mc_lo_5"": 0}",7200,537,6663,0,0,0.07458333333333333,0.9254166666666667,0.89,800,53.4975,929.5,0.12909722222222222,0.8709027777777778,0.1290972222222222,5878,0.8163888888888889,785,785,0,0,0,0.10902777777777778,0.10902777777777778,0.11781479813897644,392.5,259050.0,517315.0,0.5007587253414271,259050.0,0.06550014627228187,537,0.07458333333333333,5878.0,6270.5,,,,,,,,,,0,,,,,,,,,,,,,,,,,,,
mc_fairgen,0.65,12,2.0,0.5,1586,185,101586,bc_tree_agent,,True,1,20000000,25000,C_AMC_SEM,0.5,interval_qos_v2_single_recovery_full_C5_overinc016_abs005,True,True,4.0,lo,474,537,0,1011,0,537,0,474,4804778,20000000,0.2402389,,,,537,,,,,,,800,0,800,800,0,0,0.0,0.0,1.0,0.0,-430.23502407968203,True,800,800,0,9.0925,14.9075,,,16,0.6211458333333333,0,0,0.0,single,24,0.02,0.02,0.9,0,,,,,v11_full_10d,128,integer_tree_ranked_valid_or_none,fixed_point_int,1000000,bb255908bec90f8d54945322db333c5c2d2df5af1c5e76fc9016dc8c975a381e,viper_integer_ranked_artifact_v1,True,,,,,,,,,,,,,,,,,,,,,,,,,,,,,,,,,7200,537,6663,0,0,0.07458333333333333,0.9254166666666667,0.89,800,121.15875,929.5,0.12909722222222222,0.8709027777777778,0.1290972222222222,5878,0.8163888888888889,785,785,0,0,0,0.10902777777777778,0.10902777777777778,0.11781479813897644,392.5,259050.0,517315.0,0.5007587253414271,259050.0,0.06549618830135175,537,0.07458333333333333,5878.0,6270.5,,,,,,,,,,,bc_iter_001,bc,3,11,6,3,10,79,0.09875,79,0.09875,0,0.0,800,447,0.55875,0.46,0.008668045997619628,0.034379005432128906
mc_fairgen,0.65,12,2.0,0.5,1586,185,101586,viper_tree_agent,,True,1,20000000,25000,C_AMC_SEM,0.5,interval_qos_v2_single_recovery_full_C5_overinc016_abs005,True,True,4.0,lo,474,536,0,1010,0,536,0,474,4804778,20000000,0.2402389,,,,536,,,,,,,800,0,800,800,0,0,0.0,0.0,1.0,0.0,-420.2801839899519,True,800,800,0,9.24125,14.75875,,,15,0.6149479166666667,0,0,0.0,single,24,0.02,0.02,0.9,0,,,,,v11_full_10d,128,integer_tree_ranked_valid_or_none,fixed_point_int,1000000,bb255908bec90f8d54945322db333c5c2d2df5af1c5e76fc9016dc8c975a381e,viper_integer_ranked_artifact_v1,True,,,,,,,,,,,,,,,,,,,,,,,,,,,,,,,,,7200,536,6664,0,0,0.07444444444444444,0.9255555555555556,0.89,800,57.24875,928.5,0.12895833333333334,0.8710416666666667,0.12895833333333329,5879,0.8165277777777777,785,785,0,0,0,0.10902777777777778,0.10902777777777778,0.11779711884753902,392.5,259050.0,517315.0,0.5007587253414271,259050.0,0.06549343953189572,536,0.07444444444444444,5879.0,6271.5,,,,,,,,,,,viper_iter_002,viper,3,11,6,3,10,0,0.0,0,0.0,0,0.0,800,463,0.57875,0.57875,0.004305257797241211,0.02076282501220703
mc_fairgen,0.65,12,2.0,0.5,1587,185,101587,c_amc_sem_baseline,,True,1,20000000,25000,C_AMC_SEM,0.5,interval_qos_v2_single_recovery_full_C5_overinc016_abs005,True,True,4.0,lo,457,798,0,1255,0,798,0,457,4685125,20000000,0.23425625,22.85,10251.91466083151,1,798,798,798,0,0,0,0.0,0,0,0,0,0,0,0.0,0.0,0.0,0.0,0.0,True,0,0,0,0.0,0.0,0,0.0,0,0.0,0,0,0.0,single,24,0.02,0.02,0.9,0,0,0.0,0,0.0,,,,,,,,,,,,,,,,,,,,,,,,,,,,,,,,,,,,,,,,,7200,798,6402,0,0,0.11083333333333334,0.8891666666666667,0.85875,0,,1185.0,0.16458333333333333,0.8354166666666667,0.1645833333333333,5628,0.7816666666666666,774,774,0,0,0,0.1075,0.1075,0.12089971883786317,387.0,255420.0,510066.0,0.5007587253414271,255420.0,0.06498699216985873,798,0.11083333333333334,5628.0,6015.0,,,,,,,,,,,,,,,,,,,,,,,,,,,,,
mc_fairgen,0.65,12,2.0,0.5,1587,185,101587,dqn_agent,mlp,True,1,20000000,25000,C_AMC_SEM,0.5,interval_qos_v2_single_recovery_full_C5_overinc016_abs005,True,True,4.0,lo,457,578,0,1035,0,578,0,457,4699346,20000000,0.2349673,22.85,10283.032822757112,1,578,578,578,0,0,0,0.0,800,0,800,800,0,0,0.0,0.0,1.0,0.0,-423.3590155320416,True,800,800,0,9.2775,14.7225,4800,0.25,15,0.6134375,0,0,0.0,single,24,0.02,0.02,0.9,0,0,0.0,1378,0.07177083333333334,v11_full_10d,128,,,,,,,0.34073143496529046,468,0.0,0,0.0,0.0,0.0,0.0,0,0.0,0.0,0.0,0.0,324,0,0.4772983367078716,3.38375,296,0.08121360496222126,0.8320833333333333,0.8320833333333333,0.0,"{""mc_hi_0"": 1.0, ""mc_hi_1"": 1.0, ""mc_hi_2"": 1.0, ""mc_hi_3"": 1.0, ""mc_hi_4"": 1.0, ""mc_hi_5"": 1.0, ""mc_lo_0"": 1.0, ""mc_lo_1"": 1.0, ""mc_lo_2"": 1.0, ""mc_lo_3"": 4.029411764705882, ""mc_lo_4"": 1.3614285714285714, ""mc_lo_5"": 4.043478260869565}","{""mc_hi_0"": 1.0, ""mc_hi_1"": 1.0, ""mc_hi_2"": 1.0, ""mc_hi_3"": 1.0, ""mc_hi_4"": 1.0, ""mc_hi_5"": 1.0, ""mc_lo_0"": 1.0, ""mc_lo_1"": 1.0, ""mc_lo_2"": 1.0, ""mc_lo_3"": 4.029411764705882, ""mc_lo_4"": 1.7961904761904761, ""mc_lo_5"": 4.043478260869565}","{""mc_hi_0"": 1.0, ""mc_hi_1"": 1.0, ""mc_hi_2"": 1.0, ""mc_hi_3"": 1.0, ""mc_hi_4"": 1.0, ""mc_hi_5"": 1.0, ""mc_lo_0"": 1.0, ""mc_lo_1"": 1.0, ""mc_lo_2"": 1.0, ""mc_lo_3"": 1.0, ""mc_lo_4"": 1.0, ""mc_lo_5"": 1.0}","{""mc_hi_0"": 0, ""mc_hi_1"": 0, ""mc_hi_2"": 0, ""mc_hi_3"": 0, ""mc_hi_4"": 0, ""mc_hi_5"": 0, ""mc_lo_0"": 0, ""mc_lo_1"": 0, ""mc_lo_2"": 0, ""mc_lo_3"": 62, ""mc_lo_4"": 346, ""mc_lo_5"": 68}","{""mc_hi_0"": 0, ""mc_hi_1"": 0, ""mc_hi_2"": 0, ""mc_hi_3"": 0, ""mc_hi_4"": 0, ""mc_hi_5"": 0, ""mc_lo_0"": 0, ""mc_lo_1"": 0, ""mc_lo_2"": 0, ""mc_lo_3"": 0, ""mc_lo_4"": 324, ""mc_lo_5"": 0}","{""mc_hi_0"": 0, ""mc_hi_1"": 0, ""mc_hi_2"": 0, ""mc_hi_3"": 0, ""mc_hi_4"": 0, ""mc_hi_5"": 0, ""mc_lo_0"": 0, ""mc_lo_1"": 0, ""mc_lo_2"": 0, ""mc_lo_3"": 0, ""mc_lo_4"": 324, ""mc_lo_5"": 0}","{""mc_hi_0"": 0, ""mc_hi_1"": 0, ""mc_hi_2"": 0, ""mc_hi_3"": 0, ""mc_hi_4"": 0, ""mc_hi_5"": 0, ""mc_lo_0"": 0, ""mc_lo_1"": 0, ""mc_lo_2"": 0, ""mc_lo_3"": 60, ""mc_lo_4"": 343, ""mc_lo_5"": 65}","{""mc_hi_0"": 0, ""mc_hi_1"": 0, ""mc_hi_2"": 0, ""mc_hi_3"": 0, ""mc_hi_4"": 0, ""mc_hi_5"": 0, ""mc_lo_0"": 0, ""mc_lo_1"": 0, ""mc_lo_2"": 0, ""mc_lo_3"": 62, ""mc_lo_4"": 12, ""mc_lo_5"": 30}","{""mc_hi_0"": 0, ""mc_hi_1"": 0, ""mc_hi_2"": 0, ""mc_hi_3"": 0, ""mc_hi_4"": 0, ""mc_hi_5"": 0, ""mc_lo_0"": 0, ""mc_lo_1"": 0, ""mc_lo_2"": 0, ""mc_lo_3"": 798, ""mc_lo_4"": 724, ""mc_lo_5"": 736}","{""mc_hi_0"": 0, ""mc_hi_1"": 0, ""mc_hi_2"": 0, ""mc_hi_3"": 0, ""mc_hi_4"": 0, ""mc_hi_5"": 0, ""mc_lo_0"": 0, ""mc_lo_1"": 0, ""mc_lo_2"": 0, ""mc_lo_3"": 0, ""mc_lo_4"": 0, ""mc_lo_5"": 0}",7200,578,6622,0,0,0.08027777777777778,0.9197222222222222,0.85875,800,52.475,965.0,0.13402777777777777,0.8659722222222223,0.13402777777777775,5848,0.8122222222222222,774,774,0,0,0,0.1075,0.1075,0.11688311688311688,387.0,255420.0,510066.0,0.5007587253414271,255420.0,0.06441341600671623,578,0.08027777777777778,5848.0,6235.0,,,,,,,,,,0,,,,,,,,,,,,,,,,,,,
mc_fairgen,0.65,12,2.0,0.5,1587,185,101587,bc_tree_agent,,True,1,20000000,25000,C_AMC_SEM,0.5,interval_qos_v2_single_recovery_full_C5_overinc016_abs005,True,True,4.0,lo,457,576,0,1033,0,576,0,457,4698015,20000000,0.23490075,,,,576,,,,,,,800,0,800,800,0,0,0.0,0.0,1.0,0.0,-437.18660969589644,True,800,800,0,9.11375,14.88625,,,16,0.6202604166666666,0,0,0.0,single,24,0.02,0.02,0.9,0,,,,,v11_full_10d,128,integer_tree_ranked_valid_or_none,fixed_point_int,1000000,bb255908bec90f8d54945322db333c5c2d2df5af1c5e76fc9016dc8c975a381e,viper_integer_ranked_artifact_v1,True,,,,,,,,,,,,,,,,,,,,,,,,,,,,,,,,,7200,576,6624,0,0,0.08,0.92,0.85875,800,113.4775,963.0,0.13375,0.86625,0.13375000000000004,5850,0.8125,774,774,0,0,0,0.1075,0.1075,0.11684782608695653,387.0,255420.0,510066.0,0.5007587253414271,255420.0,0.06444213226708541,576,0.08,5850.0,6237.0,,,,,,,,,,,bc_iter_001,bc,3,11,6,3,10,73,0.09125,73,0.09125,0,0.0,800,430,0.5375,0.44625,0.008464560508728028,0.03324909210205078
mc_fairgen,0.65,12,2.0,0.5,1587,185,101587,viper_tree_agent,,True,1,20000000,25000,C_AMC_SEM,0.5,interval_qos_v2_single_recovery_full_C5_overinc016_abs005,True,True,4.0,lo,457,574,0,1031,0,574,0,457,4698876,20000000,0.2349438,,,,574,,,,,,,800,0,800,800,0,0,0.0,0.0,1.0,0.0,-427.09513772448224,True,800,800,0,9.24125,14.75875,,,15,0.6149479166666667,0,0,0.0,single,24,0.02,0.02,0.9,0,,,,,v11_full_10d,128,integer_tree_ranked_valid_or_none,fixed_point_int,1000000,bb255908bec90f8d54945322db333c5c2d2df5af1c5e76fc9016dc8c975a381e,viper_integer_ranked_artifact_v1,True,,,,,,,,,,,,,,,,,,,,,,,,,,,,,,,,,7200,574,6626,0,0,0.07972222222222222,0.9202777777777778,0.85875,800,57.24875,961.0,0.13347222222222221,0.8665277777777778,0.13347222222222221,5852,0.8127777777777778,774,774,0,0,0,0.1075,0.1075,0.1168125565952309,387.0,255420.0,510066.0,0.5007587253414271,255420.0,0.06442813659612498,574,0.07972222222222222,5852.0,6239.0,,,,,,,,,,,viper_iter_002,viper,3,11,6,3,10,0,0.0,0,0.0,0,0.0,800,411,0.51375,0.51375,0.00475304126739502,0.0200031280517578
mc_fairgen,0.65,12,2.0,0.5,1588,185,101588,c_amc_sem_baseline,,True,1,20000000,25000,C_AMC_SEM,0.5,interval_qos_v2_single_recovery_full_C5_overinc016_abs005,True,True,4.0,lo,482,768,0,1250,0,768,0,482,4800481,20000000,0.24002405,24.1,9959.504149377593,1,768,768,768,0,0,0,0.0,0,0,0,0,0,0,0.0,0.0,0.0,0.0,0.0,True,0,0,0,0.0,0.0,0,0.0,0,0.0,0,0,0.0,single,24,0.02,0.02,0.9,0,0,0.0,0,0.0,,,,,,,,,,,,,,,,,,,,,,,,,,,,,,,,,,,,,,,,,7200,768,6432,0,0,0.10666666666666667,0.8933333333333333,0.8625,0,,1158.5,0.16090277777777778,0.8390972222222223,0.16090277777777773,5651,0.7848611111111111,781,781,0,0,0,0.10847222222222222,0.10847222222222222,0.12142412935323384,390.5,257730.0,514679.0,0.5007587253414271,257730.0,0.0657972501125214,768,0.10666666666666667,5651.0,6041.5,,,,,,,,,,,,,,,,,,,,,,,,,,,,,
mc_fairgen,0.65,12,2.0,0.5,1588,185,101588,dqn_agent,mlp,True,1,20000000,25000,C_AMC_SEM,0.5,interval_qos_v2_single_recovery_full_C5_overinc016_abs005,True,True,4.0,lo,482,543,0,1025,0,543,0,482,4814377,20000000,0.24071885,24.1,9988.334024896265,1,543,543,543,0,0,0,0.0,800,0,800,800,0,0,0.0,0.0,1.0,0.0,-424.43859611947966,True,800,800,0,9.25875,14.74125,4800,0.25,15,0.61421875,0,0,0.0,single,24,0.02,0.02,0.9,0,0,0.0,1393,0.07255208333333334,v11_full_10d,128,,,,,,,0.3736445302033857,473,0.0,0,0.0,0.0,0.0,0.0,0,0.0,0.0,0.0,0.0,319,0,0.48334395437522837,4.0325,281,0.08284505058618091,0.8320833333333333,0.8320833333333333,0.0,"{""mc_hi_0"": 1.0, ""mc_hi_1"": 1.0, ""mc_hi_2"": 1.0, ""mc_hi_3"": 1.0, ""mc_hi_4"": 1.0, ""mc_hi_5"": 1.0, ""mc_lo_0"": 1.0, ""mc_lo_1"": 1.0, ""mc_lo_2"": 1.0, ""mc_lo_3"": 4.029411764705882, ""mc_lo_4"": 1.667142857142857, ""mc_lo_5"": 4.043478260869565}","{""mc_hi_0"": 1.0, ""mc_hi_1"": 1.0, ""mc_hi_2"": 1.0, ""mc_hi_3"": 1.0, ""mc_hi_4"": 1.0, ""mc_hi_5"": 1.0, ""mc_lo_0"": 1.0, ""mc_lo_1"": 1.0, ""mc_lo_2"": 1.0, ""mc_lo_3"": 4.029411764705882, ""mc_lo_4"": 1.8857142857142857, ""mc_lo_5"": 4.043478260869565}","{""mc_hi_0"": 1.0, ""mc_hi_1"": 1.0, ""mc_hi_2"": 1.0, ""mc_hi_3"": 1.0, ""mc_hi_4"": 1.0, ""mc_hi_5"": 1.0, ""mc_lo_0"": 1.0, ""mc_lo_1"": 1.0, ""mc_lo_2"": 1.0, ""mc_lo_3"": 1.0, ""mc_lo_4"": 1.0, ""mc_lo_5"": 1.0}","{""mc_hi_0"": 0, ""mc_hi_1"": 0, ""mc_hi_2"": 0, ""mc_hi_3"": 0, ""mc_hi_4"": 0, ""mc_hi_5"": 0, ""mc_lo_0"": 0, ""mc_lo_1"": 0, ""mc_lo_2"": 0, ""mc_lo_3"": 62, ""mc_lo_4"": 351, ""mc_lo_5"": 68}","{""mc_hi_0"": 0, ""mc_hi_1"": 0, ""mc_hi_2"": 0, ""mc_hi_3"": 0, ""mc_hi_4"": 0, ""mc_hi_5"": 0, ""mc_lo_0"": 0, ""mc_lo_1"": 0, ""mc_lo_2"": 0, ""mc_lo_3"": 0, ""mc_lo_4"": 319, ""mc_lo_5"": 0}","{""mc_hi_0"": 0, ""mc_hi_1"": 0, ""mc_hi_2"": 0, ""mc_hi_3"": 0, ""mc_hi_4"": 0, ""mc_hi_5"": 0, ""mc_lo_0"": 0, ""mc_lo_1"": 0, ""mc_lo_2"": 0, ""mc_lo_3"": 0, ""mc_lo_4"": 319, ""mc_lo_5"": 0}","{""mc_hi_0"": 0, ""mc_hi_1"": 0, ""mc_hi_2"": 0, ""mc_hi_3"": 0, ""mc_hi_4"": 0, ""mc_hi_5"": 0, ""mc_lo_0"": 0, ""mc_lo_1"": 0, ""mc_lo_2"": 0, ""mc_lo_3"": 60, ""mc_lo_4"": 348, ""mc_lo_5"": 65}","{""mc_hi_0"": 0, ""mc_hi_1"": 0, ""mc_hi_2"": 0, ""mc_hi_3"": 0, ""mc_hi_4"": 0, ""mc_hi_5"": 0, ""mc_lo_0"": 0, ""mc_lo_1"": 0, ""mc_lo_2"": 0, ""mc_lo_3"": 62, ""mc_lo_4"": 12, ""mc_lo_5"": 49}","{""mc_hi_0"": 0, ""mc_hi_1"": 0, ""mc_hi_2"": 0, ""mc_hi_3"": 0, ""mc_hi_4"": 0, ""mc_hi_5"": 0, ""mc_lo_0"": 0, ""mc_lo_1"": 0, ""mc_lo_2"": 0, ""mc_lo_3"": 798, ""mc_lo_4"": 709, ""mc_lo_5"": 736}","{""mc_hi_0"": 0, ""mc_hi_1"": 0, ""mc_hi_2"": 0, ""mc_hi_3"": 0, ""mc_hi_4"": 0, ""mc_hi_5"": 0, ""mc_lo_0"": 0, ""mc_lo_1"": 0, ""mc_lo_2"": 0, ""mc_lo_3"": 0, ""mc_lo_4"": 0, ""mc_lo_5"": 0}",7200,543,6657,0,0,0.07541666666666667,0.9245833333333333,0.8625,800,55.0025,933.5,0.12965277777777778,0.8703472222222223,0.12965277777777773,5876,0.8161111111111111,781,781,0,0,0,0.10847222222222222,0.10847222222222222,0.11732011416554003,390.5,257730.0,514679.0,0.5007587253414271,257730.0,0.06531770182455178,543,0.07541666666666667,5876.0,6266.5,,,,,,,,,,0,,,,,,,,,,,,,,,,,,,
mc_fairgen,0.65,12,2.0,0.5,1588,185,101588,bc_tree_agent,,True,1,20000000,25000,C_AMC_SEM,0.5,interval_qos_v2_single_recovery_full_C5_overinc016_abs005,True,True,4.0,lo,482,540,0,1022,0,540,0,482,4814255,20000000,0.24071275,,,,540,,,,,,,800,0,800,800,0,0,0.0,0.0,1.0,0.0,-436.91712331301005,True,800,800,0,9.1125,14.8875,,,16,0.6203125,0,0,0.0,single,24,0.02,0.02,0.9,0,,,,,v11_full_10d,128,integer_tree_ranked_valid_or_none,fixed_point_int,1000000,bb255908bec90f8d54945322db333c5c2d2df5af1c5e76fc9016dc8c975a381e,viper_integer_ranked_artifact_v1,True,,,,,,,,,,,,,,,,,,,,,,,,,,,,,,,,,7200,540,6660,0,0,0.075,0.925,0.8625,800,118.43375,930.5,0.1292361111111111,0.8707638888888889,0.1292361111111111,5879,0.8165277777777777,781,781,0,0,0,0.10847222222222222,0.10847222222222222,0.11726726726726727,390.5,257730.0,514679.0,0.5007587253414271,257730.0,0.06532152596843034,540,0.075,5879.0,6269.5,,,,,,,,,,,bc_iter_001,bc,3,11,6,3,10,64,0.08,64,0.08,0,0.0,800,470,0.5875,0.5075,0.007320590019226074,0.032181930541992185
mc_fairgen,0.65,12,2.0,0.5,1588,185,101588,viper_tree_agent,,True,1,20000000,25000,C_AMC_SEM,0.5,interval_qos_v2_single_recovery_full_C5_overinc016_abs005,True,True,4.0,lo,482,539,0,1021,0,539,0,482,4814255,20000000,0.24071275,,,,539,,,,,,,800,0,800,800,0,0,0.0,0.0,1.0,0.0,-427.03125746085914,True,800,800,0,9.24125,14.75875,,,15,0.6149479166666667,0,0,0.0,single,24,0.02,0.02,0.9,0,,,,,v11_full_10d,128,integer_tree_ranked_valid_or_none,fixed_point_int,1000000,bb255908bec90f8d54945322db333c5c2d2df5af1c5e76fc9016dc8c975a381e,viper_integer_ranked_artifact_v1,True,,,,,,,,,,,,,,,,,,,,,,,,,,,,,,,,,7200,539,6661,0,0,0.07486111111111111,0.9251388888888888,0.8625,800,57.24875,929.5,0.12909722222222222,0.8709027777777778,0.1290972222222222,5880,0.8166666666666667,781,781,0,0,0,0.10847222222222222,0.10847222222222222,0.11724966221288095,390.5,257730.0,514679.0,0.5007587253414271,257730.0,0.06531766871703609,539,0.07486111111111111,5880.0,6270.5,,,,,,,,,,,viper_iter_002,viper,3,11,6,3,10,0,0.0,0,0.0,0,0.0,800,462,0.5775,0.5775,0.004258532524108887,0.020191764831542953
mc_fairgen,0.65,12,2.0,0.5,1589,185,101589,c_amc_sem_baseline,,True,1,20000000,25000,C_AMC_SEM,0.5,interval_qos_v2_single_recovery_full_C5_overinc016_abs005,True,True,4.0,lo,502,833,0,1335,0,833,0,502,4879676,20000000,0.2439838,25.1,9720.470119521913,1,833,833,833,0,0,0,0.0,0,0,0,0,0,0,0.0,0.0,0.0,0.0,0.0,True,0,0,0,0.0,0.0,0,0.0,0,0.0,0,0,0.0,single,24,0.02,0.02,0.9,0,0,0.0,0,0.0,,,,,,,,,,,,,,,,,,,,,,,,,,,,,,,,,,,,,,,,,7200,833,6367,0,0,0.11569444444444445,0.8843055555555556,0.86125,0,,1228.0,0.17055555555555554,0.8294444444444444,0.17055555555555557,5577,0.7745833333333333,790,790,0,0,0,0.10972222222222222,0.10972222222222222,0.1240772734411811,395.0,260700.0,520610.0,0.5007587253414271,260700.0,0.0665502951238826,833,0.11569444444444445,5577.0,5972.0,,,,,,,,,,,,,,,,,,,,,,,,,,,,,
mc_fairgen,0.65,12,2.0,0.5,1589,185,101589,dqn_agent,mlp,True,1,20000000,25000,C_AMC_SEM,0.5,interval_qos_v2_single_recovery_full_C5_overinc016_abs005,True,True,4.0,lo,502,594,0,1096,0,594,0,502,4898047,20000000,0.24490235,25.1,9757.065737051793,1,594,594,594,0,0,0,0.0,800,0,800,800,0,0,0.0,0.0,1.0,0.0,-433.70512295856173,True,800,800,0,9.27125,14.72875,4800,0.25,15,0.6136979166666666,0,0,0.0,single,24,0.02,0.02,0.9,0,0,0.0,1383,0.07203125,v11_full_10d,128,,,,,,,0.3479867921081476,467,0.0,0,0.0,0.0,0.0,0.0,0,0.0,0.0,0.0,0.0,325,0,0.47810626243250925,3.48625,281,0.08311623884082789,0.8320833333333333,0.8320833333333333,0.0,"{""mc_hi_0"": 1.0, ""mc_hi_1"": 1.0, ""mc_hi_2"": 1.0, ""mc_hi_3"": 1.0, ""mc_hi_4"": 1.0, ""mc_hi_5"": 1.0, ""mc_lo_0"": 1.0, ""mc_lo_1"": 1.0, ""mc_lo_2"": 1.0, ""mc_lo_3"": 4.029411764705882, ""mc_lo_4"": 1.3057142857142856, ""mc_lo_5"": 4.043478260869565}","{""mc_hi_0"": 1.0, ""mc_hi_1"": 1.0, ""mc_hi_2"": 1.0, ""mc_hi_3"": 1.0, ""mc_hi_4"": 1.0, ""mc_hi_5"": 1.0, ""mc_lo_0"": 1.0, ""mc_lo_1"": 1.0, ""mc_lo_2"": 1.0, ""mc_lo_3"": 4.029411764705882, ""mc_lo_4"": 1.8047619047619048, ""mc_lo_5"": 4.043478260869565}","{""mc_hi_0"": 1.0, ""mc_hi_1"": 1.0, ""mc_hi_2"": 1.0, ""mc_hi_3"": 1.0, ""mc_hi_4"": 1.0, ""mc_hi_5"": 1.0, ""mc_lo_0"": 1.0, ""mc_lo_1"": 1.0, ""mc_lo_2"": 1.0, ""mc_lo_3"": 1.0, ""mc_lo_4"": 1.0, ""mc_lo_5"": 1.0}","{""mc_hi_0"": 0, ""mc_hi_1"": 0, ""mc_hi_2"": 0, ""mc_hi_3"": 0, ""mc_hi_4"": 0, ""mc_hi_5"": 0, ""mc_lo_0"": 0, ""mc_lo_1"": 0, ""mc_lo_2"": 0, ""mc_lo_3"": 62, ""mc_lo_4"": 345, ""mc_lo_5"": 68}","{""mc_hi_0"": 0, ""mc_hi_1"": 0, ""mc_hi_2"": 0, ""mc_hi_3"": 0, ""mc_hi_4"": 0, ""mc_hi_5"": 0, ""mc_lo_0"": 0, ""mc_lo_1"": 0, ""mc_lo_2"": 0, ""mc_lo_3"": 0, ""mc_lo_4"": 325, ""mc_lo_5"": 0}","{""mc_hi_0"": 0, ""mc_hi_1"": 0, ""mc_hi_2"": 0, ""mc_hi_3"": 0, ""mc_hi_4"": 0, ""mc_hi_5"": 0, ""mc_lo_0"": 0, ""mc_lo_1"": 0, ""mc_lo_2"": 0, ""mc_lo_3"": 0, ""mc_lo_4"": 325, ""mc_lo_5"": 0}","{""mc_hi_0"": 0, ""mc_hi_1"": 0, ""mc_hi_2"": 0, ""mc_hi_3"": 0, ""mc_hi_4"": 0, ""mc_hi_5"": 0, ""mc_lo_0"": 0, ""mc_lo_1"": 0, ""mc_lo_2"": 0, ""mc_lo_3"": 60, ""mc_lo_4"": 342, ""mc_lo_5"": 65}","{""mc_hi_0"": 0, ""mc_hi_1"": 0, ""mc_hi_2"": 0, ""mc_hi_3"": 0, ""mc_hi_4"": 0, ""mc_hi_5"": 0, ""mc_lo_0"": 0, ""mc_lo_1"": 0, ""mc_lo_2"": 0, ""mc_lo_3"": 62, ""mc_lo_4"": 16, ""mc_lo_5"": 34}","{""mc_hi_0"": 0, ""mc_hi_1"": 0, ""mc_hi_2"": 0, ""mc_hi_3"": 0, ""mc_hi_4"": 0, ""mc_hi_5"": 0, ""mc_lo_0"": 0, ""mc_lo_1"": 0, ""mc_lo_2"": 0, ""mc_lo_3"": 798, ""mc_lo_4"": 714, ""mc_lo_5"": 736}","{""mc_hi_0"": 0, ""mc_hi_1"": 0, ""mc_hi_2"": 0, ""mc_hi_3"": 0, ""mc_hi_4"": 0, ""mc_hi_5"": 0, ""mc_lo_0"": 0, ""mc_lo_1"": 0, ""mc_lo_2"": 0, ""mc_lo_3"": 0, ""mc_lo_4"": 0, ""mc_lo_5"": 0}",7200,594,6606,0,0,0.0825,0.9175,0.875,800,53.09625,990.0,0.1375,0.8625,0.13749999999999996,5814,0.8075,792,792,0,0,0,0.11,0.11,0.11989100817438691,396.0,261360.0,521928.0,0.5007587253414271,261360.0,0.0661667535860578,594,0.0825,5814.0,6210.0,,,,,,,,,,0,,,,,,,,,,,,,,,,,,,
mc_fairgen,0.65,12,2.0,0.5,1589,185,101589,bc_tree_agent,,True,1,20000000,25000,C_AMC_SEM,0.5,interval_qos_v2_single_recovery_full_C5_overinc016_abs005,True,True,4.0,lo,502,595,0,1097,0,595,0,502,4897908,20000000,0.2448954,,,,595,,,,,,,800,0,800,800,0,0,0.0,0.0,1.0,0.0,-447.53983481351537,True,800,800,0,9.16125,14.83875,,,16,0.61828125,0,0,0.0,single,24,0.02,0.02,0.9,0,,,,,v11_full_10d,128,integer_tree_ranked_valid_or_none,fixed_point_int,1000000,bb255908bec90f8d54945322db333c5c2d2df5af1c5e76fc9016dc8c975a381e,viper_integer_ranked_artifact_v1,True,,,,,,,,,,,,,,,,,,,,,,,,,,,,,,,,,7200,595,6605,0,0,0.08263888888888889,0.9173611111111111,0.875,800,108.29,991.0,0.1376388888888889,0.8623611111111111,0.13763888888888887,5813,0.8073611111111111,792,792,0,0,0,0.11,0.11,0.11990915972747919,396.0,261360.0,521928.0,0.5007587253414271,261360.0,0.06620480020264707,595,0.08263888888888889,5813.0,6209.0,,,,,,,,,,,bc_iter_001,bc,3,11,6,3,10,40,0.05,40,0.05,0,0.0,800,446,0.5575,0.5075,0.008401646614074706,0.033224487304687494
mc_fairgen,0.65,12,2.0,0.5,1589,185,101589,viper_tree_agent,,True,1,20000000,25000,C_AMC_SEM,0.5,interval_qos_v2_single_recovery_full_C5_overinc016_abs005,True,True,4.0,lo,502,590,0,1092,0,590,0,502,4898428,20000000,0.2449214,,,,590,,,,,,,800,0,800,800,0,0,0.0,0.0,1.0,0.0,-437.9932915466034,True,800,800,0,9.24125,14.75875,,,15,0.6149479166666667,0,0,0.0,single,24,0.02,0.02,0.9,0,,,,,v11_full_10d,128,integer_tree_ranked_valid_or_none,fixed_point_int,1000000,bb255908bec90f8d54945322db333c5c2d2df5af1c5e76fc9016dc8c975a381e,viper_integer_ranked_artifact_v1,True,,,,,,,,,,,,,,,,,,,,,,,,,,,,,,,,,7200,590,6610,0,0,0.08194444444444444,0.9180555555555555,0.875,800,57.24875,986.0,0.13694444444444445,0.8630555555555556,0.13694444444444442,5818,0.8080555555555555,792,792,0,0,0,0.11,0.11,0.11981845688350984,396.0,261360.0,521928.0,0.5007587253414271,261360.0,0.06617898407055445,590,0.08194444444444444,5818.0,6214.0,,,,,,,,,,,viper_iter_002,viper,3,11,6,3,10,0,0.0,0,0.0,0,0.0,800,441,0.55125,0.55125,0.004494476318359375,0.02167301177978514
mc_fairgen,0.65,12,2.0,0.5,1590,185,101590,c_amc_sem_baseline,,True,1,20000000,25000,C_AMC_SEM,0.5,interval_qos_v2_single_recovery_full_C5_overinc016_abs005,True,True,4.0,lo,475,784,0,1259,0,784,0,475,4679898,20000000,0.2339949,23.75,9852.416842105264,1,784,784,784,0,0,0,0.0,0,0,0,0,0,0,0.0,0.0,0.0,0.0,0.0,True,0,0,0,0.0,0.0,0,0.0,0,0.0,0,0,0.0,single,24,0.02,0.02,0.9,0,0,0.0,0,0.0,,,,,,,,,,,,,,,,,,,,,,,,,,,,,,,,,,,,,,,,,7200,784,6416,0,0,0.10888888888888888,0.8911111111111111,0.8625,0,,1166.0,0.16194444444444445,0.8380555555555556,0.16194444444444445,5652,0.785,764,764,0,0,0,0.10611111111111111,0.10611111111111111,0.11907730673316708,382.0,252120.0,503476.0,0.5007587253414271,252120.0,0.06456977938658709,784,0.10888888888888888,5652.0,6034.0,,,,,,,,,,,,,,,,,,,,,,,,,,,,,
mc_fairgen,0.65,12,2.0,0.5,1590,185,101590,dqn_agent,mlp,True,1,20000000,25000,C_AMC_SEM,0.5,interval_qos_v2_single_recovery_full_C5_overinc016_abs005,True,True,4.0,lo,475,586,0,1061,0,586,0,475,4694043,20000000,0.23470215,23.75,9882.195789473684,1,586,586,586,0,0,0,0.0,800,0,800,800,0,0,0.0,0.0,1.0,0.0,-433.2372758268663,True,800,800,0,9.2525,14.7475,4800,0.25,15,0.6144791666666667,0,0,0.0,single,24,0.02,0.02,0.9,0,0,0.0,1398,0.0728125,v11_full_10d,128,,,,,,,0.3411332206795762,474,0.0,0,0.0,0.0,0.0,0.0,0,0.0,0.0,0.0,0.0,318,0,0.4788970211454147,5.41625,291,0.08415682183147265,0.8320833333333333,0.8320833333333333,0.0,"{""mc_hi_0"": 1.0, ""mc_hi_1"": 1.0, ""mc_hi_2"": 1.0, ""mc_hi_3"": 1.0, ""mc_hi_4"": 1.0, ""mc_hi_5"": 1.0, ""mc_lo_0"": 1.0, ""mc_lo_1"": 1.0, ""mc_lo_2"": 1.0, ""mc_lo_3"": 4.029411764705882, ""mc_lo_4"": 1.737142857142857, ""mc_lo_5"": 4.043478260869565}","{""mc_hi_0"": 1.0, ""mc_hi_1"": 1.0, ""mc_hi_2"": 1.0, ""mc_hi_3"": 1.0, ""mc_hi_4"": 1.0, ""mc_hi_5"": 1.0, ""mc_lo_0"": 1.0, ""mc_lo_1"": 1.0, ""mc_lo_2"": 1.0, ""mc_lo_3"": 4.029411764705882, ""mc_lo_4"": 1.772857142857143, ""mc_lo_5"": 4.043478260869565}","{""mc_hi_0"": 1.0, ""mc_hi_1"": 1.0, ""mc_hi_2"": 1.0, ""mc_hi_3"": 1.0, ""mc_hi_4"": 1.0, ""mc_hi_5"": 1.0, ""mc_lo_0"": 1.0, ""mc_lo_1"": 1.0, ""mc_lo_2"": 1.0, ""mc_lo_3"": 1.0, ""mc_lo_4"": 1.0, ""mc_lo_5"": 1.0}","{""mc_hi_0"": 0, ""mc_hi_1"": 0, ""mc_hi_2"": 0, ""mc_hi_3"": 0, ""mc_hi_4"": 0, ""mc_hi_5"": 0, ""mc_lo_0"": 0, ""mc_lo_1"": 0, ""mc_lo_2"": 0, ""mc_lo_3"": 62, ""mc_lo_4"": 352, ""mc_lo_5"": 68}","{""mc_hi_0"": 0, ""mc_hi_1"": 0, ""mc_hi_2"": 0, ""mc_hi_3"": 0, ""mc_hi_4"": 0, ""mc_hi_5"": 0, ""mc_lo_0"": 0, ""mc_lo_1"": 0, ""mc_lo_2"": 0, ""mc_lo_3"": 0, ""mc_lo_4"": 318, ""mc_lo_5"": 0}","{""mc_hi_0"": 0, ""mc_hi_1"": 0, ""mc_hi_2"": 0, ""mc_hi_3"": 0, ""mc_hi_4"": 0, ""mc_hi_5"": 0, ""mc_lo_0"": 0, ""mc_lo_1"": 0, ""mc_lo_2"": 0, ""mc_lo_3"": 0, ""mc_lo_4"": 318, ""mc_lo_5"": 0}","{""mc_hi_0"": 0, ""mc_hi_1"": 0, ""mc_hi_2"": 0, ""mc_hi_3"": 0, ""mc_hi_4"": 0, ""mc_hi_5"": 0, ""mc_lo_0"": 0, ""mc_lo_1"": 0, ""mc_lo_2"": 0, ""mc_lo_3"": 60, ""mc_lo_4"": 349, ""mc_lo_5"": 65}","{""mc_hi_0"": 0, ""mc_hi_1"": 0, ""mc_hi_2"": 0, ""mc_hi_3"": 0, ""mc_hi_4"": 0, ""mc_hi_5"": 0, ""mc_lo_0"": 0, ""mc_lo_1"": 0, ""mc_lo_2"": 0, ""mc_lo_3"": 62, ""mc_lo_4"": 27, ""mc_lo_5"": 68}","{""mc_hi_0"": 0, ""mc_hi_1"": 0, ""mc_hi_2"": 0, ""mc_hi_3"": 0, ""mc_hi_4"": 0, ""mc_hi_5"": 0, ""mc_lo_0"": 0, ""mc_lo_1"": 0, ""mc_lo_2"": 0, ""mc_lo_3"": 798, ""mc_lo_4"": 683, ""mc_lo_5"": 736}","{""mc_hi_0"": 0, ""mc_hi_1"": 0, ""mc_hi_2"": 0, ""mc_hi_3"": 0, ""mc_hi_4"": 0, ""mc_hi_5"": 0, ""mc_lo_0"": 0, ""mc_lo_1"": 0, ""mc_lo_2"": 0, ""mc_lo_3"": 0, ""mc_lo_4"": 0, ""mc_lo_5"": 0}",7200,586,6614,0,0,0.08138888888888889,0.9186111111111112,0.8625,800,52.18625,969.0,0.13458333333333333,0.8654166666666666,0.1345833333333334,5848,0.8122222222222222,766,766,0,0,0,0.1063888888888889,0.1063888888888889,0.11581493801028123,383.0,252780.0,504794.0,0.5007587253414271,252780.0,0.0642444164821315,586,0.08138888888888889,5848.0,6231.0,,,,,,,,,,0,,,,,,,,,,,,,,,,,,,
mc_fairgen,0.65,12,2.0,0.5,1590,185,101590,bc_tree_agent,,True,1,20000000,25000,C_AMC_SEM,0.5,interval_qos_v2_single_recovery_full_C5_overinc016_abs005,True,True,4.0,lo,475,580,0,1055,0,580,0,475,4694107,20000000,0.23470535,,,,580,,,,,,,800,0,800,800,0,0,0.0,0.0,1.0,0.0,-441.5484363363552,True,800,800,0,9.13875,14.86125,,,16,0.61921875,0,0,0.0,single,24,0.02,0.02,0.9,0,,,,,v11_full_10d,128,integer_tree_ranked_valid_or_none,fixed_point_int,1000000,bb255908bec90f8d54945322db333c5c2d2df5af1c5e76fc9016dc8c975a381e,viper_integer_ranked_artifact_v1,True,,,,,,,,,,,,,,,,,,,,,,,,,,,,,,,,,7200,580,6620,0,0,0.08055555555555556,0.9194444444444444,0.8625,800,115.115,963.0,0.13375,0.86625,0.13375000000000004,5854,0.8130555555555555,766,766,0,0,0,0.1063888888888889,0.1063888888888889,0.11570996978851963,383.0,252780.0,504794.0,0.5007587253414271,252780.0,0.06423894712980649,580,0.08055555555555556,5854.0,6237.0,,,,,,,,,,,bc_iter_001,bc,3,11,6,3,10,51,0.06375,51,0.06375,0,0.0,800,480,0.6,0.53625,0.00826075553894043,0.034714698791503906
mc_fairgen,0.65,12,2.0,0.5,1590,185,101590,viper_tree_agent,,True,1,20000000,25000,C_AMC_SEM,0.5,interval_qos_v2_single_recovery_full_C5_overinc016_abs005,True,True,4.0,lo,475,579,0,1054,0,579,0,475,4694107,20000000,0.23470535,,,,579,,,,,,,800,0,800,800,0,0,0.0,0.0,1.0,0.0,-432.4387924962344,True,800,800,0,9.24125,14.75875,,,15,0.6149479166666667,0,0,0.0,single,24,0.02,0.02,0.9,0,,,,,v11_full_10d,128,integer_tree_ranked_valid_or_none,fixed_point_int,1000000,bb255908bec90f8d54945322db333c5c2d2df5af1c5e76fc9016dc8c975a381e,viper_integer_ranked_artifact_v1,True,,,,,,,,,,,,,,,,,,,,,,,,,,,,,,,,,7200,579,6621,0,0,0.08041666666666666,0.9195833333333333,0.8625,800,57.24875,962.0,0.13361111111111112,0.8663888888888889,0.13361111111111112,5855,0.8131944444444444,766,766,0,0,0,0.1063888888888889,0.1063888888888889,0.11569249358103005,383.0,252780.0,504794.0,0.5007587253414271,252780.0,0.06423638420157997,579,0.08041666666666666,5855.0,6238.0,,,,,,,,,,,viper_iter_002,viper,3,11,6,3,10,0,0.0,0,0.0,0,0.0,800,471,0.58875,0.58875,0.004357972145080566,0.021508979797363277
mc_fairgen,0.65,12,2.0,0.5,1591,185,101591,c_amc_sem_baseline,,True,1,20000000,25000,C_AMC_SEM,0.5,interval_qos_v2_single_recovery_full_C5_overinc016_abs005,True,True,4.0,lo,460,817,0,1277,0,817,0,460,4589917,20000000,0.22949585,23.0,9978.080434782609,1,817,817,817,0,0,0,0.0,0,0,0,0,0,0,0.0,0.0,0.0,0.0,0.0,True,0,0,0,0.0,0.0,0,0.0,0,0.0,0,0,0.0,single,24,0.02,0.02,0.9,0,0,0.0,0,0.0,,,,,,,,,,,,,,,,,,,,,,,,,,,,,,,,,,,,,,,,,7200,817,6383,0,0,0.11347222222222222,0.8865277777777778,0.86,0,,1192.0,0.16555555555555557,0.8344444444444444,0.16555555555555557,5633,0.7823611111111111,750,750,0,0,0,0.10416666666666667,0.10416666666666667,0.11749960833463889,375.0,247500.0,494250.0,0.5007587253414271,247500.0,0.06286938941503017,817,0.11347222222222222,5633.0,6008.0,,,,,,,,,,,,,,,,,,,,,,,,,,,,,
mc_fairgen,0.65,12,2.0,0.5,1591,185,101591,dqn_agent,mlp,True,1,20000000,25000,C_AMC_SEM,0.5,interval_qos_v2_single_recovery_full_C5_overinc016_abs005,True,True,4.0,lo,460,602,0,1062,0,602,0,460,4607874,20000000,0.2303937,23.0,10017.117391304348,1,602,602,602,0,0,0,0.0,800,0,800,800,0,0,0.0,0.0,1.0,0.0,-433.1348671504956,True,800,800,0,9.265,14.735,4800,0.25,15,0.6139583333333334,0,0,0.0,single,24,0.02,0.02,0.9,0,0,0.0,1388,0.07229166666666667,v11_full_10d,128,,,,,,,0.36835048258433806,471,0.0,0,0.0,0.0,0.0,0.0,0,0.0,0.0,0.0,0.0,321,0,0.4823169486816466,4.87125,299,0.08027353793949234,0.8320833333333333,0.8320833333333333,0.0,"{""mc_hi_0"": 1.0, ""mc_hi_1"": 1.0, ""mc_hi_2"": 1.0, ""mc_hi_3"": 1.0, ""mc_hi_4"": 1.0, ""mc_hi_5"": 1.0, ""mc_lo_0"": 1.0, ""mc_lo_1"": 1.0, ""mc_lo_2"": 1.0, ""mc_lo_3"": 4.029411764705882, ""mc_lo_4"": 1.5323809523809524, ""mc_lo_5"": 4.043478260869565}","{""mc_hi_0"": 1.0, ""mc_hi_1"": 1.0, ""mc_hi_2"": 1.0, ""mc_hi_3"": 1.0, ""mc_hi_4"": 1.0, ""mc_hi_5"": 1.0, ""mc_lo_0"": 1.0, ""mc_lo_1"": 1.0, ""mc_lo_2"": 1.0, ""mc_lo_3"": 4.029411764705882, ""mc_lo_4"": 1.9595238095238094, ""mc_lo_5"": 4.043478260869565}","{""mc_hi_0"": 1.0, ""mc_hi_1"": 1.0, ""mc_hi_2"": 1.0, ""mc_hi_3"": 1.0, ""mc_hi_4"": 1.0, ""mc_hi_5"": 1.0, ""mc_lo_0"": 1.0, ""mc_lo_1"": 1.0, ""mc_lo_2"": 1.0, ""mc_lo_3"": 1.0, ""mc_lo_4"": 1.0, ""mc_lo_5"": 1.0}","{""mc_hi_0"": 0, ""mc_hi_1"": 0, ""mc_hi_2"": 0, ""mc_hi_3"": 0, ""mc_hi_4"": 0, ""mc_hi_5"": 0, ""mc_lo_0"": 0, ""mc_lo_1"": 0, ""mc_lo_2"": 0, ""mc_lo_3"": 62, ""mc_lo_4"": 349, ""mc_lo_5"": 68}","{""mc_hi_0"": 0, ""mc_hi_1"": 0, ""mc_hi_2"": 0, ""mc_hi_3"": 0, ""mc_hi_4"": 0, ""mc_hi_5"": 0, ""mc_lo_0"": 0, ""mc_lo_1"": 0, ""mc_lo_2"": 0, ""mc_lo_3"": 0, ""mc_lo_4"": 321, ""mc_lo_5"": 0}","{""mc_hi_0"": 0, ""mc_hi_1"": 0, ""mc_hi_2"": 0, ""mc_hi_3"": 0, ""mc_hi_4"": 0, ""mc_hi_5"": 0, ""mc_lo_0"": 0, ""mc_lo_1"": 0, ""mc_lo_2"": 0, ""mc_lo_3"": 0, ""mc_lo_4"": 321, ""mc_lo_5"": 0}","{""mc_hi_0"": 0, ""mc_hi_1"": 0, ""mc_hi_2"": 0, ""mc_hi_3"": 0, ""mc_hi_4"": 0, ""mc_hi_5"": 0, ""mc_lo_0"": 0, ""mc_lo_1"": 0, ""mc_lo_2"": 0, ""mc_lo_3"": 60, ""mc_lo_4"": 346, ""mc_lo_5"": 65}","{""mc_hi_0"": 0, ""mc_hi_1"": 0, ""mc_hi_2"": 0, ""mc_hi_3"": 0, ""mc_hi_4"": 0, ""mc_hi_5"": 0, ""mc_lo_0"": 0, ""mc_lo_1"": 0, ""mc_lo_2"": 0, ""mc_lo_3"": 62, ""mc_lo_4"": 18, ""mc_lo_5"": 62}","{""mc_hi_0"": 0, ""mc_hi_1"": 0, ""mc_hi_2"": 0, ""mc_hi_3"": 0, ""mc_hi_4"": 0, ""mc_hi_5"": 0, ""mc_lo_0"": 0, ""mc_lo_1"": 0, ""mc_lo_2"": 0, ""mc_lo_3"": 798, ""mc_lo_4"": 707, ""mc_lo_5"": 736}","{""mc_hi_0"": 0, ""mc_hi_1"": 0, ""mc_hi_2"": 0, ""mc_hi_3"": 0, ""mc_hi_4"": 0, ""mc_hi_5"": 0, ""mc_lo_0"": 0, ""mc_lo_1"": 0, ""mc_lo_2"": 0, ""mc_lo_3"": 0, ""mc_lo_4"": 0, ""mc_lo_5"": 0}",7200,602,6598,0,0,0.08361111111111111,0.9163888888888889,0.86,800,54.66375,978.5,0.1359027777777778,0.8640972222222222,0.13590277777777782,5845,0.8118055555555556,753,753,0,0,0,0.10458333333333333,0.10458333333333333,0.11412549257350713,376.5,248490.0,496227.0,0.5007587253414271,248490.0,0.06262978560596189,602,0.08361111111111111,5845.0,6221.5,,,,,,,,,,0,,,,,,,,,,,,,,,,,,,
mc_fairgen,0.65,12,2.0,0.5,1591,185,101591,bc_tree_agent,,True,1,20000000,25000,C_AMC_SEM,0.5,interval_qos_v2_single_recovery_full_C5_overinc016_abs005,True,True,4.0,lo,460,605,0,1065,0,605,0,460,4606766,20000000,0.2303383,,,,605,,,,,,,800,0,800,800,0,0,0.0,0.0,1.0,0.0,-445.7202015661771,True,800,800,0,9.10875,14.89125,,,16,0.62046875,0,0,0.0,single,24,0.02,0.02,0.9,0,,,,,v11_full_10d,128,integer_tree_ranked_valid_or_none,fixed_point_int,1000000,bb255908bec90f8d54945322db333c5c2d2df5af1c5e76fc9016dc8c975a381e,viper_integer_ranked_artifact_v1,True,,,,,,,,,,,,,,,,,,,,,,,,,,,,,,,,,7200,605,6595,0,0,0.08402777777777778,0.9159722222222222,0.86,800,118.34875,981.0,0.13625,0.86375,0.13624999999999998,5843,0.8115277777777777,752,752,0,0,0,0.10444444444444445,0.10444444444444445,0.11402577710386656,376.0,248160.0,495568.0,0.5007587253414271,248160.0,0.06257429058011835,605,0.08402777777777778,5843.0,6219.0,,,,,,,,,,,bc_iter_001,bc,3,11,6,3,10,66,0.0825,66,0.0825,0,0.0,800,456,0.57,0.4875,0.008145537376403809,0.03266353607177733
mc_fairgen,0.65,12,2.0,0.5,1591,185,101591,viper_tree_agent,,True,1,20000000,25000,C_AMC_SEM,0.5,interval_qos_v2_single_recovery_full_C5_overinc016_abs005,True,True,4.0,lo,460,604,0,1064,0,604,0,460,4606782,20000000,0.2303391,,,,604,,,,,,,800,0,800,800,0,0,0.0,0.0,1.0,0.0,-436.1022342736287,True,800,800,0,9.24125,14.75875,,,15,0.6149479166666667,0,0,0.0,single,24,0.02,0.02,0.9,0,,,,,v11_full_10d,128,integer_tree_ranked_valid_or_none,fixed_point_int,1000000,bb255908bec90f8d54945322db333c5c2d2df5af1c5e76fc9016dc8c975a381e,viper_integer_ranked_artifact_v1,True,,,,,,,,,,,,,,,,,,,,,,,,,,,,,,,,,7200,604,6596,0,0,0.08388888888888889,0.9161111111111111,0.86,800,57.24875,980.0,0.1361111111111111,0.8638888888888889,0.13611111111111107,5844,0.8116666666666666,752,752,0,0,0,0.10444444444444445,0.10444444444444445,0.11400848999393572,376.0,248160.0,495568.0,0.5007587253414271,248160.0,0.0625740381284069,604,0.08388888888888889,5844.0,6220.0,,,,,,,,,,,viper_iter_002,viper,3,11,6,3,10,0,0.0,0,0.0,0,0.0,800,436,0.545,0.545,0.0041779899597167965,0.017369270324707028
mc_fairgen,0.65,12,2.0,0.5,1592,185,101592,c_amc_sem_baseline,,True,1,20000000,25000,C_AMC_SEM,0.5,interval_qos_v2_single_recovery_full_C5_overinc016_abs005,True,True,4.0,lo,449,825,0,1274,0,825,0,449,4567261,20000000,0.22836305,22.45,10172.073496659243,1,825,825,825,0,0,0,0.0,0,0,0,0,0,0,0.0,0.0,0.0,0.0,0.0,True,0,0,0,0.0,0.0,0,0.0,0,0.0,0,0,0.0,single,24,0.02,0.02,0.9,0,0,0.0,0,0.0,,,,,,,,,,,,,,,,,,,,,,,,,,,,,,,,,,,,,,,,,7200,825,6375,0,0,0.11458333333333333,0.8854166666666666,0.8525,0,,1200.0,0.16666666666666666,0.8333333333333334,0.16666666666666663,5625,0.78125,750,750,0,0,0,0.10416666666666667,0.10416666666666667,0.11764705882352941,375.0,247500.0,494250.0,0.5007587253414271,247500.0,0.06302959182036337,825,0.11458333333333333,5625.0,6000.0,,,,,,,,,,,,,,,,,,,,,,,,,,,,,
mc_fairgen,0.65,12,2.0,0.5,1592,185,101592,dqn_agent,mlp,True,1,20000000,25000,C_AMC_SEM,0.5,interval_qos_v2_single_recovery_full_C5_overinc016_abs005,True,True,4.0,lo,449,575,0,1024,0,575,0,449,4584466,20000000,0.2292233,22.45,10210.391982182628,1,575,575,575,0,0,0,0.0,800,0,800,800,0,0,0.0,0.0,1.0,0.0,-420.76866029887265,True,800,800,0,9.27125,14.72875,4800,0.25,15,0.6136979166666666,0,0,0.0,single,24,0.02,0.02,0.9,0,0,0.0,1383,0.07203125,v11_full_10d,128,,,,,,,0.3670254825843381,468,0.0,0,0.0,0.0,0.0,0.0,0,0.0,0.0,0.0,0.0,324,0,0.4817499542026956,4.54,278,0.08275392775983507,0.8320833333333333,0.8320833333333333,0.0,"{""mc_hi_0"": 1.0, ""mc_hi_1"": 1.0, ""mc_hi_2"": 1.0, ""mc_hi_3"": 1.0, ""mc_hi_4"": 1.0, ""mc_hi_5"": 1.0, ""mc_lo_0"": 1.0, ""mc_lo_1"": 1.0, ""mc_lo_2"": 1.0, ""mc_lo_3"": 4.029411764705882, ""mc_lo_4"": 1.3552380952380951, ""mc_lo_5"": 4.043478260869565}","{""mc_hi_0"": 1.0, ""mc_hi_1"": 1.0, ""mc_hi_2"": 1.0, ""mc_hi_3"": 1.0, ""mc_hi_4"": 1.0, ""mc_hi_5"": 1.0, ""mc_lo_0"": 1.0, ""mc_lo_1"": 1.0, ""mc_lo_2"": 1.0, ""mc_lo_3"": 4.029411764705882, ""mc_lo_4"": 1.967142857142857, ""mc_lo_5"": 4.043478260869565}","{""mc_hi_0"": 1.0, ""mc_hi_1"": 1.0, ""mc_hi_2"": 1.0, ""mc_hi_3"": 1.0, ""mc_hi_4"": 1.0, ""mc_hi_5"": 1.0, ""mc_lo_0"": 1.0, ""mc_lo_1"": 1.0, ""mc_lo_2"": 1.0, ""mc_lo_3"": 1.0, ""mc_lo_4"": 1.0, ""mc_lo_5"": 1.0}","{""mc_hi_0"": 0, ""mc_hi_1"": 0, ""mc_hi_2"": 0, ""mc_hi_3"": 0, ""mc_hi_4"": 0, ""mc_hi_5"": 0, ""mc_lo_0"": 0, ""mc_lo_1"": 0, ""mc_lo_2"": 0, ""mc_lo_3"": 62, ""mc_lo_4"": 346, ""mc_lo_5"": 68}","{""mc_hi_0"": 0, ""mc_hi_1"": 0, ""mc_hi_2"": 0, ""mc_hi_3"": 0, ""mc_hi_4"": 0, ""mc_hi_5"": 0, ""mc_lo_0"": 0, ""mc_lo_1"": 0, ""mc_lo_2"": 0, ""mc_lo_3"": 0, ""mc_lo_4"": 324, ""mc_lo_5"": 0}","{""mc_hi_0"": 0, ""mc_hi_1"": 0, ""mc_hi_2"": 0, ""mc_hi_3"": 0, ""mc_hi_4"": 0, ""mc_hi_5"": 0, ""mc_lo_0"": 0, ""mc_lo_1"": 0, ""mc_lo_2"": 0, ""mc_lo_3"": 0, ""mc_lo_4"": 324, ""mc_lo_5"": 0}","{""mc_hi_0"": 0, ""mc_hi_1"": 0, ""mc_hi_2"": 0, ""mc_hi_3"": 0, ""mc_hi_4"": 0, ""mc_hi_5"": 0, ""mc_lo_0"": 0, ""mc_lo_1"": 0, ""mc_lo_2"": 0, ""mc_lo_3"": 60, ""mc_lo_4"": 343, ""mc_lo_5"": 65}","{""mc_hi_0"": 0, ""mc_hi_1"": 0, ""mc_hi_2"": 0, ""mc_hi_3"": 0, ""mc_hi_4"": 0, ""mc_hi_5"": 0, ""mc_lo_0"": 0, ""mc_lo_1"": 0, ""mc_lo_2"": 0, ""mc_lo_3"": 62, ""mc_lo_4"": 20, ""mc_lo_5"": 57}","{""mc_hi_0"": 0, ""mc_hi_1"": 0, ""mc_hi_2"": 0, ""mc_hi_3"": 0, ""mc_hi_4"": 0, ""mc_hi_5"": 0, ""mc_lo_0"": 0, ""mc_lo_1"": 0, ""mc_lo_2"": 0, ""mc_lo_3"": 798, ""mc_lo_4"": 709, ""mc_lo_5"": 736}","{""mc_hi_0"": 0, ""mc_hi_1"": 0, ""mc_hi_2"": 0, ""mc_hi_3"": 0, ""mc_hi_4"": 0, ""mc_hi_5"": 0, ""mc_lo_0"": 0, ""mc_lo_1"": 0, ""mc_lo_2"": 0, ""mc_lo_3"": 0, ""mc_lo_4"": 0, ""mc_lo_5"": 0}",7200,575,6625,0,0,0.0798611111111111,0.9201388888888888,0.87,800,54.67375,951.0,0.13208333333333333,0.8679166666666667,0.13208333333333333,5873,0.8156944444444445,752,752,0,0,0,0.10444444444444445,0.10444444444444445,0.11350943396226415,376.0,248160.0,495568.0,0.5007587253414271,248160.0,0.06264741366100368,575,0.0798611111111111,5873.0,6249.0,,,,,,,,,,0,,,,,,,,,,,,,,,,,,,
mc_fairgen,0.65,12,2.0,0.5,1592,185,101592,bc_tree_agent,,True,1,20000000,25000,C_AMC_SEM,0.5,interval_qos_v2_single_recovery_full_C5_overinc016_abs005,True,True,4.0,lo,449,574,0,1023,0,574,0,449,4583049,20000000,0.22915245,,,,574,,,,,,,800,0,800,800,0,0,0.0,0.0,1.0,0.0,-432.95503310413636,True,800,800,0,9.1325,14.8675,,,16,0.6194791666666667,0,0,0.0,single,24,0.02,0.02,0.9,0,,,,,v11_full_10d,128,integer_tree_ranked_valid_or_none,fixed_point_int,1000000,bb255908bec90f8d54945322db333c5c2d2df5af1c5e76fc9016dc8c975a381e,viper_integer_ranked_artifact_v1,True,,,,,,,,,,,,,,,,,,,,,,,,,,,,,,,,,7200,574,6626,0,0,0.07972222222222222,0.9202777777777778,0.87,800,115.47125,950.0,0.13194444444444445,0.8680555555555556,0.13194444444444442,5874,0.8158333333333333,752,752,0,0,0,0.10444444444444445,0.10444444444444445,0.11349230304859644,376.0,248160.0,495568.0,0.5007587253414271,248160.0,0.06266635016994863,574,0.07972222222222222,5874.0,6250.0,,,,,,,,,,,bc_iter_001,bc,3,11,6,3,10,59,0.07375,59,0.07375,0,0.0,800,459,0.57375,0.5,0.007905387878417968,0.03206233978271483
mc_fairgen,0.65,12,2.0,0.5,1592,185,101592,viper_tree_agent,,True,1,20000000,25000,C_AMC_SEM,0.5,interval_qos_v2_single_recovery_full_C5_overinc016_abs005,True,True,4.0,lo,449,572,0,1021,0,572,0,449,4583462,20000000,0.2291731,,,,572,,,,,,,800,0,800,800,0,0,0.0,0.0,1.0,0.0,-423.43073284345286,True,800,800,0,9.24125,14.75875,,,15,0.6149479166666667,0,0,0.0,single,24,0.02,0.02,0.9,0,,,,,v11_full_10d,128,integer_tree_ranked_valid_or_none,fixed_point_int,1000000,bb255908bec90f8d54945322db333c5c2d2df5af1c5e76fc9016dc8c975a381e,viper_integer_ranked_artifact_v1,True,,,,,,,,,,,,,,,,,,,,,,,,,,,,,,,,,7200,572,6628,0,0,0.07944444444444444,0.9205555555555556,0.87,800,57.24875,948.0,0.13166666666666665,0.8683333333333333,0.1316666666666667,5876,0.8161111111111111,752,752,0,0,0,0.10444444444444445,0.10444444444444445,0.11345805672902837,376.0,248160.0,495568.0,0.5007587253414271,248160.0,0.06265981522727439,572,0.07944444444444444,5876.0,6252.0,,,,,,,,,,,viper_iter_002,viper,3,11,6,3,10,0,0.0,0,0.0,0,0.0,800,471,0.58875,0.58875,0.003965892791748047,0.019447898864746085
mc_fairgen,0.65,12,2.0,0.5,1593,185,101593,c_amc_sem_baseline,,True,1,20000000,25000,C_AMC_SEM,0.5,interval_qos_v2_single_recovery_full_C5_overinc016_abs005,True,True,4.0,lo,458,783,0,1241,0,783,0,458,4375196,20000000,0.2187598,22.900000000000002,9552.829694323143,1,783,783,783,0,0,0,0.0,0,0,0,0,0,0,0.0,0.0,0.0,0.0,0.0,True,0,0,0,0.0,0.0,0,0.0,0,0.0,0,0,0.0,single,24,0.02,0.02,0.9,0,0,0.0,0,0.0,,,,,,,,,,,,,,,,,,,,,,,,,,,,,,,,,,,,,,,,,7200,783,6417,0,0,0.10875,0.89125,0.85875,0,,1136.5,0.15784722222222222,0.8421527777777778,0.15784722222222225,5710,0.7930555555555555,707,707,0,0,0,0.09819444444444445,0.09819444444444445,0.11017609474832477,353.5,233310.0,465913.0,0.5007587253414271,233310.0,0.05936820987709297,783,0.10875,5710.0,6063.5,,,,,,,,,,,,,,,,,,,,,,,,,,,,,
mc_fairgen,0.65,12,2.0,0.5,1593,185,101593,dqn_agent,mlp,True,1,20000000,25000,C_AMC_SEM,0.5,interval_qos_v2_single_recovery_full_C5_overinc016_abs005,True,True,4.0,lo,458,575,0,1033,0,575,0,458,4386618,20000000,0.2193309,22.900000000000002,9577.768558951964,1,575,575,575,0,0,0,0.0,800,0,800,800,0,0,0.0,0.0,1.0,0.0,-420.9728424117576,True,800,800,0,9.25875,14.74125,4800,0.25,15,0.61421875,0,0,0.0,single,24,0.02,0.02,0.9,0,0,0.0,1393,0.07255208333333334,v11_full_10d,128,,,,,,,0.34114333972719524,470,0.0,0,0.0,0.0,0.0,0.0,0,0.0,0.0,0.0,0.0,322,0,0.47847776433036987,5.175,294,0.08064333295940126,0.8320833333333333,0.8320833333333333,0.0,"{""mc_hi_0"": 1.0, ""mc_hi_1"": 1.0, ""mc_hi_2"": 1.0, ""mc_hi_3"": 1.0, ""mc_hi_4"": 1.0, ""mc_hi_5"": 1.0, ""mc_lo_0"": 1.0, ""mc_lo_1"": 1.0, ""mc_lo_2"": 1.0, ""mc_lo_3"": 4.029411764705882, ""mc_lo_4"": 1.473809523809524, ""mc_lo_5"": 4.043478260869565}","{""mc_hi_0"": 1.0, ""mc_hi_1"": 1.0, ""mc_hi_2"": 1.0, ""mc_hi_3"": 1.0, ""mc_hi_4"": 1.0, ""mc_hi_5"": 1.0, ""mc_lo_0"": 1.0, ""mc_lo_1"": 1.0, ""mc_lo_2"": 1.0, ""mc_lo_3"": 4.029411764705882, ""mc_lo_4"": 1.7657142857142858, ""mc_lo_5"": 4.043478260869565}","{""mc_hi_0"": 1.0, ""mc_hi_1"": 1.0, ""mc_hi_2"": 1.0, ""mc_hi_3"": 1.0, ""mc_hi_4"": 1.0, ""mc_hi_5"": 1.0, ""mc_lo_0"": 1.0, ""mc_lo_1"": 1.0, ""mc_lo_2"": 1.0, ""mc_lo_3"": 1.0, ""mc_lo_4"": 1.0, ""mc_lo_5"": 1.0}","{""mc_hi_0"": 0, ""mc_hi_1"": 0, ""mc_hi_2"": 0, ""mc_hi_3"": 0, ""mc_hi_4"": 0, ""mc_hi_5"": 0, ""mc_lo_0"": 0, ""mc_lo_1"": 0, ""mc_lo_2"": 0, ""mc_lo_3"": 62, ""mc_lo_4"": 348, ""mc_lo_5"": 68}","{""mc_hi_0"": 0, ""mc_hi_1"": 0, ""mc_hi_2"": 0, ""mc_hi_3"": 0, ""mc_hi_4"": 0, ""mc_hi_5"": 0, ""mc_lo_0"": 0, ""mc_lo_1"": 0, ""mc_lo_2"": 0, ""mc_lo_3"": 0, ""mc_lo_4"": 322, ""mc_lo_5"": 0}","{""mc_hi_0"": 0, ""mc_hi_1"": 0, ""mc_hi_2"": 0, ""mc_hi_3"": 0, ""mc_hi_4"": 0, ""mc_hi_5"": 0, ""mc_lo_0"": 0, ""mc_lo_1"": 0, ""mc_lo_2"": 0, ""mc_lo_3"": 0, ""mc_lo_4"": 322, ""mc_lo_5"": 0}","{""mc_hi_0"": 0, ""mc_hi_1"": 0, ""mc_hi_2"": 0, ""mc_hi_3"": 0, ""mc_hi_4"": 0, ""mc_hi_5"": 0, ""mc_lo_0"": 0, ""mc_lo_1"": 0, ""mc_lo_2"": 0, ""mc_lo_3"": 60, ""mc_lo_4"": 345, ""mc_lo_5"": 65}","{""mc_hi_0"": 0, ""mc_hi_1"": 0, ""mc_hi_2"": 0, ""mc_hi_3"": 0, ""mc_hi_4"": 0, ""mc_hi_5"": 0, ""mc_lo_0"": 0, ""mc_lo_1"": 0, ""mc_lo_2"": 0, ""mc_lo_3"": 62, ""mc_lo_4"": 15, ""mc_lo_5"": 68}","{""mc_hi_0"": 0, ""mc_hi_1"": 0, ""mc_hi_2"": 0, ""mc_hi_3"": 0, ""mc_hi_4"": 0, ""mc_hi_5"": 0, ""mc_lo_0"": 0, ""mc_lo_1"": 0, ""mc_lo_2"": 0, ""mc_lo_3"": 798, ""mc_lo_4"": 715, ""mc_lo_5"": 736}","{""mc_hi_0"": 0, ""mc_hi_1"": 0, ""mc_hi_2"": 0, ""mc_hi_3"": 0, ""mc_hi_4"": 0, ""mc_hi_5"": 0, ""mc_lo_0"": 0, ""mc_lo_1"": 0, ""mc_lo_2"": 0, ""mc_lo_3"": 0, ""mc_lo_4"": 0, ""mc_lo_5"": 0}",7200,575,6625,0,0,0.0798611111111111,0.9201388888888888,0.85875,800,52.4325,928.5,0.12895833333333334,0.8710416666666667,0.12895833333333329,5918,0.8219444444444445,707,707,0,0,0,0.09819444444444445,0.09819444444444445,0.10671698113207548,353.5,233310.0,465913.0,0.5007587253414271,233310.0,0.05894366762956566,575,0.0798611111111111,5918.0,6271.5,,,,,,,,,,0,,,,,,,,,,,,,,,,,,,
mc_fairgen,0.65,12,2.0,0.5,1593,185,101593,bc_tree_agent,,True,1,20000000,25000,C_AMC_SEM,0.5,interval_qos_v2_single_recovery_full_C5_overinc016_abs005,True,True,4.0,lo,458,577,0,1035,0,577,0,458,4386360,20000000,0.219318,,,,577,,,,,,,800,0,800,800,0,0,0.0,0.0,1.0,0.0,-433.4702186856778,True,800,800,0,9.12125,14.87875,,,16,0.6199479166666667,0,0,0.0,single,24,0.02,0.02,0.9,0,,,,,v11_full_10d,128,integer_tree_ranked_valid_or_none,fixed_point_int,1000000,bb255908bec90f8d54945322db333c5c2d2df5af1c5e76fc9016dc8c975a381e,viper_integer_ranked_artifact_v1,True,,,,,,,,,,,,,,,,,,,,,,,,,,,,,,,,,7200,577,6623,0,0,0.08013888888888888,0.9198611111111111,0.85875,800,120.10625,930.5,0.1292361111111111,0.8707638888888889,0.1292361111111111,5916,0.8216666666666667,707,707,0,0,0,0.09819444444444445,0.09819444444444445,0.10674920730786652,353.5,233310.0,465913.0,0.5007587253414271,233310.0,0.0589596804335284,577,0.08013888888888888,5916.0,6269.5,,,,,,,,,,,bc_iter_001,bc,3,11,6,3,10,64,0.08,64,0.08,0,0.0,800,442,0.5525,0.4725,0.009016542434692383,0.035103797912597656
mc_fairgen,0.65,12,2.0,0.5,1593,185,101593,viper_tree_agent,,True,1,20000000,25000,C_AMC_SEM,0.5,interval_qos_v2_single_recovery_full_C5_overinc016_abs005,True,True,4.0,lo,458,574,0,1032,0,574,0,458,4386477,20000000,0.21932385,,,,574,,,,,,,800,0,800,800,0,0,0.0,0.0,1.0,0.0,-422.2044611626069,True,800,800,0,9.24125,14.75875,,,15,0.6149479166666667,0,0,0.0,single,24,0.02,0.02,0.9,0,,,,,v11_full_10d,128,integer_tree_ranked_valid_or_none,fixed_point_int,1000000,bb255908bec90f8d54945322db333c5c2d2df5af1c5e76fc9016dc8c975a381e,viper_integer_ranked_artifact_v1,True,,,,,,,,,,,,,,,,,,,,,,,,,,,,,,,,,7200,574,6626,0,0,0.07972222222222222,0.9202777777777778,0.85875,800,57.24875,927.5,0.12881944444444443,0.8711805555555555,0.1288194444444445,5919,0.8220833333333334,707,707,0,0,0,0.09819444444444445,0.09819444444444445,0.10670087533957139,353.5,233310.0,465913.0,0.5007587253414271,233310.0,0.058946914174141885,574,0.07972222222222222,5919.0,6272.5,,,,,,,,,,,viper_iter_002,viper,3,11,6,3,10,0,0.0,0,0.0,0,0.0,800,468,0.585,0.585,0.004087166786193848,0.02013893127441406
mc_fairgen,0.65,12,2.0,0.5,1594,185,101594,c_amc_sem_baseline,,True,1,20000000,25000,C_AMC_SEM,0.5,interval_qos_v2_single_recovery_full_C5_overinc016_abs005,True,True,4.0,lo,467,797,0,1264,0,797,0,467,4591431,20000000,0.22957155,23.349999999999998,9831.758029978586,1,797,797,797,0,0,0,0.0,0,0,0,0,0,0,0.0,0.0,0.0,0.0,0.0,True,0,0,0,0.0,0.0,0,0.0,0,0.0,0,0,0.0,single,24,0.02,0.02,0.9,0,0,0.0,0,0.0,,,,,,,,,,,,,,,,,,,,,,,,,,,,,,,,,,,,,,,,,7200,797,6403,0,0,0.11069444444444444,0.8893055555555556,0.875,0,,1170.0,0.1625,0.8375,0.16249999999999998,5657,0.7856944444444445,746,746,0,0,0,0.10361111111111111,0.10361111111111111,0.1165078869280025,373.0,246180.0,491614.0,0.5007587253414271,246180.0,0.06298106270118098,797,0.11069444444444444,5657.0,6030.0,,,,,,,,,,,,,,,,,,,,,,,,,,,,,
mc_fairgen,0.65,12,2.0,0.5,1594,185,101594,dqn_agent,mlp,True,1,20000000,25000,C_AMC_SEM,0.5,interval_qos_v2_single_recovery_full_C5_overinc016_abs005,True,True,4.0,lo,467,571,0,1038,0,571,0,467,4606688,20000000,0.2303344,23.349999999999998,9864.428265524626,1,571,571,571,0,0,0,0.0,800,0,800,800,0,0,0.0,0.0,1.0,0.0,-421.0069525848147,True,800,800,0,9.26,14.74,4800,0.25,15,0.6141666666666666,0,0,0.0,single,24,0.02,0.02,0.9,0,0,0.0,1392,0.0725,v11_full_10d,128,,,,,,,0.34977191115576667,471,0.0,0,0.0,0.0,0.0,0.0,0,0.0,0.0,0.0,0.0,321,0,0.4791827828776439,3.31375,316,0.08138674157793159,0.8320833333333333,0.8320833333333333,0.0,"{""mc_hi_0"": 1.0, ""mc_hi_1"": 1.0, ""mc_hi_2"": 1.0, ""mc_hi_3"": 1.0, ""mc_hi_4"": 1.0, ""mc_hi_5"": 1.0, ""mc_lo_0"": 1.0, ""mc_lo_1"": 1.0, ""mc_lo_2"": 1.0, ""mc_lo_3"": 4.029411764705882, ""mc_lo_4"": 1.5347619047619048, ""mc_lo_5"": 4.043478260869565}","{""mc_hi_0"": 1.0, ""mc_hi_1"": 1.0, ""mc_hi_2"": 1.0, ""mc_hi_3"": 1.0, ""mc_hi_4"": 1.0, ""mc_hi_5"": 1.0, ""mc_lo_0"": 1.0, ""mc_lo_1"": 1.0, ""mc_lo_2"": 1.0, ""mc_lo_3"": 4.029411764705882, ""mc_lo_4"": 2.0828571428571427, ""mc_lo_5"": 4.043478260869565}","{""mc_hi_0"": 1.0, ""mc_hi_1"": 1.0, ""mc_hi_2"": 1.0, ""mc_hi_3"": 1.0, ""mc_hi_4"": 1.0, ""mc_hi_5"": 1.0, ""mc_lo_0"": 1.0, ""mc_lo_1"": 1.0, ""mc_lo_2"": 1.0, ""mc_lo_3"": 1.0, ""mc_lo_4"": 1.0, ""mc_lo_5"": 1.0}","{""mc_hi_0"": 0, ""mc_hi_1"": 0, ""mc_hi_2"": 0, ""mc_hi_3"": 0, ""mc_hi_4"": 0, ""mc_hi_5"": 0, ""mc_lo_0"": 0, ""mc_lo_1"": 0, ""mc_lo_2"": 0, ""mc_lo_3"": 62, ""mc_lo_4"": 349, ""mc_lo_5"": 68}","{""mc_hi_0"": 0, ""mc_hi_1"": 0, ""mc_hi_2"": 0, ""mc_hi_3"": 0, ""mc_hi_4"": 0, ""mc_hi_5"": 0, ""mc_lo_0"": 0, ""mc_lo_1"": 0, ""mc_lo_2"": 0, ""mc_lo_3"": 0, ""mc_lo_4"": 321, ""mc_lo_5"": 0}","{""mc_hi_0"": 0, ""mc_hi_1"": 0, ""mc_hi_2"": 0, ""mc_hi_3"": 0, ""mc_hi_4"": 0, ""mc_hi_5"": 0, ""mc_lo_0"": 0, ""mc_lo_1"": 0, ""mc_lo_2"": 0, ""mc_lo_3"": 0, ""mc_lo_4"": 321, ""mc_lo_5"": 0}","{""mc_hi_0"": 0, ""mc_hi_1"": 0, ""mc_hi_2"": 0, ""mc_hi_3"": 0, ""mc_hi_4"": 0, ""mc_hi_5"": 0, ""mc_lo_0"": 0, ""mc_lo_1"": 0, ""mc_lo_2"": 0, ""mc_lo_3"": 60, ""mc_lo_4"": 346, ""mc_lo_5"": 65}","{""mc_hi_0"": 0, ""mc_hi_1"": 0, ""mc_hi_2"": 0, ""mc_hi_3"": 0, ""mc_hi_4"": 0, ""mc_hi_5"": 0, ""mc_lo_0"": 0, ""mc_lo_1"": 0, ""mc_lo_2"": 0, ""mc_lo_3"": 62, ""mc_lo_4"": 15, ""mc_lo_5"": 28}","{""mc_hi_0"": 0, ""mc_hi_1"": 0, ""mc_hi_2"": 0, ""mc_hi_3"": 0, ""mc_hi_4"": 0, ""mc_hi_5"": 0, ""mc_lo_0"": 0, ""mc_lo_1"": 0, ""mc_lo_2"": 0, ""mc_lo_3"": 798, ""mc_lo_4"": 713, ""mc_lo_5"": 736}","{""mc_hi_0"": 0, ""mc_hi_1"": 0, ""mc_hi_2"": 0, ""mc_hi_3"": 0, ""mc_hi_4"": 0, ""mc_hi_5"": 0, ""mc_lo_0"": 0, ""mc_lo_1"": 0, ""mc_lo_2"": 0, ""mc_lo_3"": 0, ""mc_lo_4"": 0, ""mc_lo_5"": 0}",7200,571,6629,0,0,0.07930555555555556,0.9206944444444445,0.875,800,53.12,944.0,0.13111111111111112,0.8688888888888889,0.13111111111111107,5883,0.8170833333333334,746,746,0,0,0,0.10361111111111111,0.10361111111111111,0.11253582742495097,373.0,246180.0,491614.0,0.5007587253414271,246180.0,0.062412660810588806,571,0.07930555555555556,5883.0,6256.0,,,,,,,,,,0,,,,,,,,,,,,,,,,,,,
mc_fairgen,0.65,12,2.0,0.5,1594,185,101594,bc_tree_agent,,True,1,20000000,25000,C_AMC_SEM,0.5,interval_qos_v2_single_recovery_full_C5_overinc016_abs005,True,True,4.0,lo,467,571,0,1038,0,571,0,467,4606635,20000000,0.23033175,,,,571,,,,,,,800,0,800,800,0,0,0.0,0.0,1.0,0.0,-433.5874799439589,True,800,800,0,9.10125,14.89875,,,16,0.62078125,0,0,0.0,single,24,0.02,0.02,0.9,0,,,,,v11_full_10d,128,integer_tree_ranked_valid_or_none,fixed_point_int,1000000,bb255908bec90f8d54945322db333c5c2d2df5af1c5e76fc9016dc8c975a381e,viper_integer_ranked_artifact_v1,True,,,,,,,,,,,,,,,,,,,,,,,,,,,,,,,,,7200,571,6629,0,0,0.07930555555555556,0.9206944444444445,0.875,800,119.9425,944.0,0.13111111111111112,0.8688888888888889,0.13111111111111107,5883,0.8170833333333334,746,746,0,0,0,0.10361111111111111,0.10361111111111111,0.11253582742495097,373.0,246180.0,491614.0,0.5007587253414271,246180.0,0.062412803219160005,571,0.07930555555555556,5883.0,6256.0,,,,,,,,,,,bc_iter_001,bc,3,11,6,3,10,67,0.08375,67,0.08375,0,0.0,800,453,0.56625,0.4825,0.008645448684692383,0.03422203063964843
mc_fairgen,0.65,12,2.0,0.5,1594,185,101594,viper_tree_agent,,True,1,20000000,25000,C_AMC_SEM,0.5,interval_qos_v2_single_recovery_full_C5_overinc016_abs005,True,True,4.0,lo,467,570,0,1037,0,570,0,467,4606772,20000000,0.2303386,,,,570,,,,,,,800,0,800,800,0,0,0.0,0.0,1.0,0.0,-423.01347776533044,True,800,800,0,9.24125,14.75875,,,15,0.6149479166666667,0,0,0.0,single,24,0.02,0.02,0.9,0,,,,,v11_full_10d,128,integer_tree_ranked_valid_or_none,fixed_point_int,1000000,bb255908bec90f8d54945322db333c5c2d2df5af1c5e76fc9016dc8c975a381e,viper_integer_ranked_artifact_v1,True,,,,,,,,,,,,,,,,,,,,,,,,,,,,,,,,,7200,570,6630,0,0,0.07916666666666666,0.9208333333333334,0.875,800,57.24875,943.0,0.1309722222222222,0.8690277777777777,0.13097222222222227,5884,0.8172222222222222,746,746,0,0,0,0.10361111111111111,0.10361111111111111,0.11251885369532429,373.0,246180.0,491614.0,0.5007587253414271,246180.0,0.06241063551458732,570,0.07916666666666666,5884.0,6257.0,,,,,,,,,,,viper_iter_002,viper,3,11,6,3,10,0,0.0,0,0.0,0,0.0,800,479,0.59875,0.59875,0.0037684392929077147,0.0185892105102539
mc_fairgen,0.65,12,2.0,0.5,1595,185,101595,c_amc_sem_baseline,,True,1,20000000,25000,C_AMC_SEM,0.5,interval_qos_v2_single_recovery_full_C5_overinc016_abs005,True,True,4.0,lo,501,797,0,1298,0,797,0,501,4852258,20000000,0.2426129,25.05,9685.145708582835,1,797,797,797,0,0,0,0.0,0,0,0,0,0,0,0.0,0.0,0.0,0.0,0.0,True,0,0,0,0.0,0.0,0,0.0,0,0.0,0,0,0.0,single,24,0.02,0.02,0.9,0,0,0.0,0,0.0,,,,,,,,,,,,,,,,,,,,,,,,,,,,,,,,,,,,,,,,,7200,797,6403,0,0,0.11069444444444444,0.8893055555555556,0.8625,0,,1191.0,0.16541666666666666,0.8345833333333333,0.16541666666666666,5615,0.7798611111111111,788,788,0,0,0,0.10944444444444444,0.10944444444444444,0.12306731219740746,394.0,260040.0,519292.0,0.5007587253414271,260040.0,0.06625508206595392,797,0.11069444444444444,5615.0,6009.0,,,,,,,,,,,,,,,,,,,,,,,,,,,,,
mc_fairgen,0.65,12,2.0,0.5,1595,185,101595,dqn_agent,mlp,True,1,20000000,25000,C_AMC_SEM,0.5,interval_qos_v2_single_recovery_full_C5_overinc016_abs005,True,True,4.0,lo,501,579,0,1080,0,579,0,501,4868096,20000000,0.2434048,25.05,9716.758483033933,1,579,579,579,0,0,0,0.0,800,0,800,800,0,0,0.0,0.0,1.0,0.0,-434.7584471278397,True,800,800,0,9.26875,14.73125,4800,0.25,15,0.6138020833333333,0,0,0.0,single,24,0.02,0.02,0.9,0,0,0.0,1385,0.07213541666666666,v11_full_10d,128,,,,,,,0.36572310163195715,469,0.0,0,0.0,0.0,0.0,0.0,0,0.0,0.0,0.0,0.0,323,0,0.48124503917509037,3.28625,280,0.08244399076654375,0.8320833333333333,0.8320833333333333,0.0,"{""mc_hi_0"": 1.0, ""mc_hi_1"": 1.0, ""mc_hi_2"": 1.0, ""mc_hi_3"": 1.0, ""mc_hi_4"": 1.0, ""mc_hi_5"": 1.0, ""mc_lo_0"": 1.0, ""mc_lo_1"": 1.0, ""mc_lo_2"": 1.0, ""mc_lo_3"": 4.029411764705882, ""mc_lo_4"": 1.4142857142857144, ""mc_lo_5"": 4.043478260869565}","{""mc_hi_0"": 1.0, ""mc_hi_1"": 1.0, ""mc_hi_2"": 1.0, ""mc_hi_3"": 1.0, ""mc_hi_4"": 1.0, ""mc_hi_5"": 1.0, ""mc_lo_0"": 1.0, ""mc_lo_1"": 1.0, ""mc_lo_2"": 1.0, ""mc_lo_3"": 4.029411764705882, ""mc_lo_4"": 2.012857142857143, ""mc_lo_5"": 4.043478260869565}","{""mc_hi_0"": 1.0, ""mc_hi_1"": 1.0, ""mc_hi_2"": 1.0, ""mc_hi_3"": 1.0, ""mc_hi_4"": 1.0, ""mc_hi_5"": 1.0, ""mc_lo_0"": 1.0, ""mc_lo_1"": 1.0, ""mc_lo_2"": 1.0, ""mc_lo_3"": 1.0, ""mc_lo_4"": 1.0, ""mc_lo_5"": 1.0}","{""mc_hi_0"": 0, ""mc_hi_1"": 0, ""mc_hi_2"": 0, ""mc_hi_3"": 0, ""mc_hi_4"": 0, ""mc_hi_5"": 0, ""mc_lo_0"": 0, ""mc_lo_1"": 0, ""mc_lo_2"": 0, ""mc_lo_3"": 62, ""mc_lo_4"": 347, ""mc_lo_5"": 68}","{""mc_hi_0"": 0, ""mc_hi_1"": 0, ""mc_hi_2"": 0, ""mc_hi_3"": 0, ""mc_hi_4"": 0, ""mc_hi_5"": 0, ""mc_lo_0"": 0, ""mc_lo_1"": 0, ""mc_lo_2"": 0, ""mc_lo_3"": 0, ""mc_lo_4"": 323, ""mc_lo_5"": 0}","{""mc_hi_0"": 0, ""mc_hi_1"": 0, ""mc_hi_2"": 0, ""mc_hi_3"": 0, ""mc_hi_4"": 0, ""mc_hi_5"": 0, ""mc_lo_0"": 0, ""mc_lo_1"": 0, ""mc_lo_2"": 0, ""mc_lo_3"": 0, ""mc_lo_4"": 323, ""mc_lo_5"": 0}","{""mc_hi_0"": 0, ""mc_hi_1"": 0, ""mc_hi_2"": 0, ""mc_hi_3"": 0, ""mc_hi_4"": 0, ""mc_hi_5"": 0, ""mc_lo_0"": 0, ""mc_lo_1"": 0, ""mc_lo_2"": 0, ""mc_lo_3"": 60, ""mc_lo_4"": 344, ""mc_lo_5"": 65}","{""mc_hi_0"": 0, ""mc_hi_1"": 0, ""mc_hi_2"": 0, ""mc_hi_3"": 0, ""mc_hi_4"": 0, ""mc_hi_5"": 0, ""mc_lo_0"": 0, ""mc_lo_1"": 0, ""mc_lo_2"": 0, ""mc_lo_3"": 62, ""mc_lo_4"": 17, ""mc_lo_5"": 33}","{""mc_hi_0"": 0, ""mc_hi_1"": 0, ""mc_hi_2"": 0, ""mc_hi_3"": 0, ""mc_hi_4"": 0, ""mc_hi_5"": 0, ""mc_lo_0"": 0, ""mc_lo_1"": 0, ""mc_lo_2"": 0, ""mc_lo_3"": 798, ""mc_lo_4"": 726, ""mc_lo_5"": 736}","{""mc_hi_0"": 0, ""mc_hi_1"": 0, ""mc_hi_2"": 0, ""mc_hi_3"": 0, ""mc_hi_4"": 0, ""mc_hi_5"": 0, ""mc_lo_0"": 0, ""mc_lo_1"": 0, ""mc_lo_2"": 0, ""mc_lo_3"": 0, ""mc_lo_4"": 0, ""mc_lo_5"": 0}",7200,579,6621,0,0,0.08041666666666666,0.9195833333333333,0.8625,800,54.53625,973.0,0.1351388888888889,0.8648611111111111,0.13513888888888892,5833,0.8101388888888889,788,788,0,0,0,0.10944444444444444,0.10944444444444444,0.11901525449327896,394.0,260040.0,519292.0,0.5007587253414271,260040.0,0.0657539068248631,579,0.08041666666666666,5833.0,6227.0,,,,,,,,,,0,,,,,,,,,,,,,,,,,,,
mc_fairgen,0.65,12,2.0,0.5,1595,185,101595,bc_tree_agent,,True,1,20000000,25000,C_AMC_SEM,0.5,interval_qos_v2_single_recovery_full_C5_overinc016_abs005,True,True,4.0,lo,501,580,0,1081,0,580,0,501,4867856,20000000,0.2433928,,,,580,,,,,,,800,0,800,800,0,0,0.0,0.0,1.0,0.0,-450.2958178947078,True,800,800,0,9.09875,14.90125,,,16,0.6208854166666666,0,0,0.0,single,24,0.02,0.02,0.9,0,,,,,v11_full_10d,128,integer_tree_ranked_valid_or_none,fixed_point_int,1000000,bb255908bec90f8d54945322db333c5c2d2df5af1c5e76fc9016dc8c975a381e,viper_integer_ranked_artifact_v1,True,,,,,,,,,,,,,,,,,,,,,,,,,,,,,,,,,7200,580,6620,0,0,0.08055555555555556,0.9194444444444444,0.8625,800,122.885,974.0,0.13527777777777777,0.8647222222222222,0.13527777777777783,5832,0.81,788,788,0,0,0,0.10944444444444444,0.10944444444444444,0.1190332326283988,394.0,260040.0,519292.0,0.5007587253414271,260040.0,0.06578095276642247,580,0.08055555555555556,5832.0,6226.0,,,,,,,,,,,bc_iter_001,bc,3,11,6,3,10,62,0.0775,62,0.0775,0,0.0,800,439,0.54875,0.47125,0.008598117828369141,0.033319091796875
mc_fairgen,0.65,12,2.0,0.5,1595,185,101595,viper_tree_agent,,True,1,20000000,25000,C_AMC_SEM,0.5,interval_qos_v2_single_recovery_full_C5_overinc016_abs005,True,True,4.0,lo,501,580,0,1081,0,580,0,501,4867856,20000000,0.2433928,,,,580,,,,,,,800,0,800,800,0,0,0.0,0.0,1.0,0.0,-439.6544438568447,True,800,800,0,9.24125,14.75875,,,15,0.6149479166666667,0,0,0.0,single,24,0.02,0.02,0.9,0,,,,,v11_full_10d,128,integer_tree_ranked_valid_or_none,fixed_point_int,1000000,bb255908bec90f8d54945322db333c5c2d2df5af1c5e76fc9016dc8c975a381e,viper_integer_ranked_artifact_v1,True,,,,,,,,,,,,,,,,,,,,,,,,,,,,,,,,,7200,580,6620,0,0,0.08055555555555556,0.9194444444444444,0.8625,800,57.24875,974.0,0.13527777777777777,0.8647222222222222,0.13527777777777783,5832,0.81,788,788,0,0,0,0.10944444444444444,0.10944444444444444,0.1190332326283988,394.0,260040.0,519292.0,0.5007587253414271,260040.0,0.06577456352643124,580,0.08055555555555556,5832.0,6226.0,,,,,,,,,,,viper_iter_002,viper,3,11,6,3,10,0,0.0,0,0.0,0,0.0,800,457,0.57125,0.57125,0.0044926881790161135,0.02129688262939453
mc_fairgen,0.65,12,2.0,0.5,1596,185,101596,c_amc_sem_baseline,,True,1,20000000,25000,C_AMC_SEM,0.5,interval_qos_v2_single_recovery_full_C5_overinc016_abs005,True,True,4.0,lo,472,754,0,1226,0,754,0,472,4882803,20000000,0.24414015,23.6,10344.921610169491,1,754,754,754,0,0,0,0.0,0,0,0,0,0,0,0.0,0.0,0.0,0.0,0.0,True,0,0,0,0.0,0.0,0,0.0,0,0.0,0,0,0.0,single,24,0.02,0.02,0.9,0,0,0.0,0,0.0,,,,,,,,,,,,,,,,,,,,,,,,,,,,,,,,,,,,,,,,,7200,754,6446,0,0,0.10472222222222222,0.8952777777777778,0.865,0,,1155.5,0.1604861111111111,0.8395138888888889,0.1604861111111111,5643,0.78375,803,803,0,0,0,0.11152777777777778,0.11152777777777778,0.12457337883959044,401.5,264990.0,529177.0,0.5007587253414271,264990.0,0.06763451481251771,754,0.10472222222222222,5643.0,6044.5,,,,,,,,,,,,,,,,,,,,,,,,,,,,,
mc_fairgen,0.65,12,2.0,0.5,1596,185,101596,dqn_agent,mlp,True,1,20000000,25000,C_AMC_SEM,0.5,interval_qos_v2_single_recovery_full_C5_overinc016_abs005,True,True,4.0,lo,472,531,0,1003,0,531,0,472,4896094,20000000,0.2448047,23.6,10373.080508474577,1,531,531,531,0,0,0,0.0,800,0,800,800,0,0,0.0,0.0,1.0,0.0,-413.8140888295119,True,800,800,0,9.2825,14.7175,4800,0.25,15,0.6132291666666667,0,0,0.0,single,24,0.02,0.02,0.9,0,0,0.0,1374,0.0715625,v11_full_10d,128,,,,,,,0.3476921492510048,470,0.0,0,0.0,0.0,0.0,0.0,0,0.0,0.0,0.0,0.0,322,0,0.4765520375360289,3.58625,291,0.0829159455800746,0.8320833333333333,0.8320833333333333,0.0,"{""mc_hi_0"": 1.0, ""mc_hi_1"": 1.0, ""mc_hi_2"": 1.0, ""mc_hi_3"": 1.0, ""mc_hi_4"": 1.0, ""mc_hi_5"": 1.0, ""mc_lo_0"": 1.0, ""mc_lo_1"": 1.0, ""mc_lo_2"": 1.0, ""mc_lo_3"": 4.029411764705882, ""mc_lo_4"": 1.4742857142857142, ""mc_lo_5"": 4.043478260869565}","{""mc_hi_0"": 1.0, ""mc_hi_1"": 1.0, ""mc_hi_2"": 1.0, ""mc_hi_3"": 1.0, ""mc_hi_4"": 1.0, ""mc_hi_5"": 1.0, ""mc_lo_0"": 1.0, ""mc_lo_1"": 1.0, ""mc_lo_2"": 1.0, ""mc_lo_3"": 4.029411764705882, ""mc_lo_4"": 2.0985714285714288, ""mc_lo_5"": 4.043478260869565}","{""mc_hi_0"": 1.0, ""mc_hi_1"": 1.0, ""mc_hi_2"": 1.0, ""mc_hi_3"": 1.0, ""mc_hi_4"": 1.0, ""mc_hi_5"": 1.0, ""mc_lo_0"": 1.0, ""mc_lo_1"": 1.0, ""mc_lo_2"": 1.0, ""mc_lo_3"": 1.0, ""mc_lo_4"": 1.0, ""mc_lo_5"": 1.0}","{""mc_hi_0"": 0, ""mc_hi_1"": 0, ""mc_hi_2"": 0, ""mc_hi_3"": 0, ""mc_hi_4"": 0, ""mc_hi_5"": 0, ""mc_lo_0"": 0, ""mc_lo_1"": 0, ""mc_lo_2"": 0, ""mc_lo_3"": 62, ""mc_lo_4"": 348, ""mc_lo_5"": 68}","{""mc_hi_0"": 0, ""mc_hi_1"": 0, ""mc_hi_2"": 0, ""mc_hi_3"": 0, ""mc_hi_4"": 0, ""mc_hi_5"": 0, ""mc_lo_0"": 0, ""mc_lo_1"": 0, ""mc_lo_2"": 0, ""mc_lo_3"": 0, ""mc_lo_4"": 322, ""mc_lo_5"": 0}","{""mc_hi_0"": 0, ""mc_hi_1"": 0, ""mc_hi_2"": 0, ""mc_hi_3"": 0, ""mc_hi_4"": 0, ""mc_hi_5"": 0, ""mc_lo_0"": 0, ""mc_lo_1"": 0, ""mc_lo_2"": 0, ""mc_lo_3"": 0, ""mc_lo_4"": 322, ""mc_lo_5"": 0}","{""mc_hi_0"": 0, ""mc_hi_1"": 0, ""mc_hi_2"": 0, ""mc_hi_3"": 0, ""mc_hi_4"": 0, ""mc_hi_5"": 0, ""mc_lo_0"": 0, ""mc_lo_1"": 0, ""mc_lo_2"": 0, ""mc_lo_3"": 60, ""mc_lo_4"": 345, ""mc_lo_5"": 65}","{""mc_hi_0"": 0, ""mc_hi_1"": 0, ""mc_hi_2"": 0, ""mc_hi_3"": 0, ""mc_hi_4"": 0, ""mc_hi_5"": 0, ""mc_lo_0"": 0, ""mc_lo_1"": 0, ""mc_lo_2"": 0, ""mc_lo_3"": 62, ""mc_lo_4"": 22, ""mc_lo_5"": 41}","{""mc_hi_0"": 0, ""mc_hi_1"": 0, ""mc_hi_2"": 0, ""mc_hi_3"": 0, ""mc_hi_4"": 0, ""mc_hi_5"": 0, ""mc_lo_0"": 0, ""mc_lo_1"": 0, ""mc_lo_2"": 0, ""mc_lo_3"": 798, ""mc_lo_4"": 708, ""mc_lo_5"": 736}","{""mc_hi_0"": 0, ""mc_hi_1"": 0, ""mc_hi_2"": 0, ""mc_hi_3"": 0, ""mc_hi_4"": 0, ""mc_hi_5"": 0, ""mc_lo_0"": 0, ""mc_lo_1"": 0, ""mc_lo_2"": 0, ""mc_lo_3"": 0, ""mc_lo_4"": 0, ""mc_lo_5"": 0}",7200,531,6669,0,0,0.07375,0.92625,0.8674999999999999,800,52.97125,932.5,0.1295138888888889,0.8704861111111111,0.12951388888888893,5866,0.8147222222222222,803,803,0,0,0,0.11152777777777778,0.11152777777777778,0.12040785724996252,401.5,264990.0,529177.0,0.5007587253414271,264990.0,0.06703395916744223,531,0.07375,5866.0,6267.5,,,,,,,,,,0,,,,,,,,,,,,,,,,,,,
mc_fairgen,0.65,12,2.0,0.5,1596,185,101596,bc_tree_agent,,True,1,20000000,25000,C_AMC_SEM,0.5,interval_qos_v2_single_recovery_full_C5_overinc016_abs005,True,True,4.0,lo,472,529,0,1001,0,529,0,472,4895419,20000000,0.24477095,,,,529,,,,,,,800,0,800,800,0,0,0.0,0.0,1.0,0.0,-428.2949129839099,True,800,800,0,9.0975,14.9025,,,16,0.6209375,0,0,0.0,single,24,0.02,0.02,0.9,0,,,,,v11_full_10d,128,integer_tree_ranked_valid_or_none,fixed_point_int,1000000,bb255908bec90f8d54945322db333c5c2d2df5af1c5e76fc9016dc8c975a381e,viper_integer_ranked_artifact_v1,True,,,,,,,,,,,,,,,,,,,,,,,,,,,,,,,,,7200,529,6671,0,0,0.07347222222222222,0.9265277777777778,0.8674999999999999,800,114.2025,930.5,0.1292361111111111,0.8707638888888889,0.1292361111111111,5868,0.815,803,803,0,0,0,0.11152777777777778,0.11152777777777778,0.12037175835706791,401.5,264990.0,529177.0,0.5007587253414271,264990.0,0.06706526025086897,529,0.07347222222222222,5868.0,6269.5,,,,,,,,,,,bc_iter_001,bc,3,11,6,3,10,76,0.095,76,0.095,0,0.0,800,443,0.55375,0.45875,0.009495630264282226,0.037707901000976554
mc_fairgen,0.65,12,2.0,0.5,1596,185,101596,viper_tree_agent,,True,1,20000000,25000,C_AMC_SEM,0.5,interval_qos_v2_single_recovery_full_C5_overinc016_abs005,True,True,4.0,lo,472,525,0,997,0,525,0,472,4896574,20000000,0.2448287,,,,525,,,,,,,800,0,800,800,0,0,0.0,0.0,1.0,0.0,-416.8615796364778,True,800,800,0,9.24125,14.75875,,,15,0.6149479166666667,0,0,0.0,single,24,0.02,0.02,0.9,0,,,,,v11_full_10d,128,integer_tree_ranked_valid_or_none,fixed_point_int,1000000,bb255908bec90f8d54945322db333c5c2d2df5af1c5e76fc9016dc8c975a381e,viper_integer_ranked_artifact_v1,True,,,,,,,,,,,,,,,,,,,,,,,,,,,,,,,,,7200,525,6675,0,0,0.07291666666666667,0.9270833333333334,0.8674999999999999,800,57.24875,926.5,0.12868055555555555,0.8713194444444444,0.12868055555555558,5872,0.8155555555555556,803,803,0,0,0,0.11152777777777778,0.11152777777777778,0.12029962546816479,401.5,264990.0,529177.0,0.5007587253414271,264990.0,0.06703323000550958,525,0.07291666666666667,5872.0,6273.5,,,,,,,,,,,viper_iter_002,viper,3,11,6,3,10,0,0.0,0,0.0,0,0.0,800,438,0.5475,0.5475,0.004328536987304688,0.019327926635742183
mc_fairgen,0.65,12,2.0,0.5,1597,185,101597,c_amc_sem_baseline,,True,1,20000000,25000,C_AMC_SEM,0.5,interval_qos_v2_single_recovery_full_C5_overinc016_abs005,True,True,4.0,lo,458,742,0,1200,0,742,0,458,4473312,20000000,0.2236656,22.900000000000002,9767.056768558952,1,742,742,742,0,0,0,0.0,0,0,0,0,0,0,0.0,0.0,0.0,0.0,0.0,True,0,0,0,0.0,0.0,0,0.0,0,0.0,0,0,0.0,single,24,0.02,0.02,0.9,0,0,0.0,0,0.0,,,,,,,,,,,,,,,,,,,,,,,,,,,,,,,,,,,,,,,,,7200,742,6458,0,0,0.10305555555555555,0.8969444444444444,0.87,0,,1103.5,0.1532638888888889,0.8467361111111111,0.15326388888888887,5735,0.7965277777777777,723,723,0,0,0,0.10041666666666667,0.10041666666666667,0.11195416537627749,361.5,238590.0,476457.0,0.5007587253414271,238590.0,0.06077626722299915,742,0.10305555555555555,5735.0,6096.5,,,,,,,,,,,,,,,,,,,,,,,,,,,,,
mc_fairgen,0.65,12,2.0,0.5,1597,185,101597,dqn_agent,mlp,True,1,20000000,25000,C_AMC_SEM,0.5,interval_qos_v2_single_recovery_full_C5_overinc016_abs005,True,True,4.0,lo,458,528,0,986,0,528,0,458,4488765,20000000,0.22443825,22.900000000000002,9800.79694323144,1,528,528,528,0,0,0,0.0,800,0,800,800,0,0,0.0,0.0,1.0,0.0,-405.2900937685154,True,800,800,0,9.29125,14.70875,4800,0.25,15,0.6128645833333334,0,0,0.0,single,24,0.02,0.02,0.9,0,0,0.0,1367,0.07119791666666667,v11_full_10d,128,,,,,,,0.3438225063938619,469,0.0,0,0.0,0.0,0.0,0.0,0,0.0,0.0,0.0,0.0,323,0,0.47567966434762315,3.53875,287,0.0841206829835641,0.8320833333333333,0.8320833333333333,0.0,"{""mc_hi_0"": 1.0, ""mc_hi_1"": 1.0, ""mc_hi_2"": 1.0, ""mc_hi_3"": 1.0, ""mc_hi_4"": 1.0, ""mc_hi_5"": 1.0, ""mc_lo_0"": 1.0, ""mc_lo_1"": 1.0, ""mc_lo_2"": 1.0, ""mc_lo_3"": 4.029411764705882, ""mc_lo_4"": 1.420952380952381, ""mc_lo_5"": 4.043478260869565}","{""mc_hi_0"": 1.0, ""mc_hi_1"": 1.0, ""mc_hi_2"": 1.0, ""mc_hi_3"": 1.0, ""mc_hi_4"": 1.0, ""mc_hi_5"": 1.0, ""mc_lo_0"": 1.0, ""mc_lo_1"": 1.0, ""mc_lo_2"": 1.0, ""mc_lo_3"": 4.029411764705882, ""mc_lo_4"": 1.9114285714285715, ""mc_lo_5"": 4.043478260869565}","{""mc_hi_0"": 1.0, ""mc_hi_1"": 1.0, ""mc_hi_2"": 1.0, ""mc_hi_3"": 1.0, ""mc_hi_4"": 1.0, ""mc_hi_5"": 1.0, ""mc_lo_0"": 1.0, ""mc_lo_1"": 1.0, ""mc_lo_2"": 1.0, ""mc_lo_3"": 1.0, ""mc_lo_4"": 1.0, ""mc_lo_5"": 1.0}","{""mc_hi_0"": 0, ""mc_hi_1"": 0, ""mc_hi_2"": 0, ""mc_hi_3"": 0, ""mc_hi_4"": 0, ""mc_hi_5"": 0, ""mc_lo_0"": 0, ""mc_lo_1"": 0, ""mc_lo_2"": 0, ""mc_lo_3"": 62, ""mc_lo_4"": 347, ""mc_lo_5"": 68}","{""mc_hi_0"": 0, ""mc_hi_1"": 0, ""mc_hi_2"": 0, ""mc_hi_3"": 0, ""mc_hi_4"": 0, ""mc_hi_5"": 0, ""mc_lo_0"": 0, ""mc_lo_1"": 0, ""mc_lo_2"": 0, ""mc_lo_3"": 0, ""mc_lo_4"": 323, ""mc_lo_5"": 0}","{""mc_hi_0"": 0, ""mc_hi_1"": 0, ""mc_hi_2"": 0, ""mc_hi_3"": 0, ""mc_hi_4"": 0, ""mc_hi_5"": 0, ""mc_lo_0"": 0, ""mc_lo_1"": 0, ""mc_lo_2"": 0, ""mc_lo_3"": 0, ""mc_lo_4"": 323, ""mc_lo_5"": 0}","{""mc_hi_0"": 0, ""mc_hi_1"": 0, ""mc_hi_2"": 0, ""mc_hi_3"": 0, ""mc_hi_4"": 0, ""mc_hi_5"": 0, ""mc_lo_0"": 0, ""mc_lo_1"": 0, ""mc_lo_2"": 0, ""mc_lo_3"": 60, ""mc_lo_4"": 344, ""mc_lo_5"": 65}","{""mc_hi_0"": 0, ""mc_hi_1"": 0, ""mc_hi_2"": 0, ""mc_hi_3"": 0, ""mc_hi_4"": 0, ""mc_hi_5"": 0, ""mc_lo_0"": 0, ""mc_lo_1"": 0, ""mc_lo_2"": 0, ""mc_lo_3"": 62, ""mc_lo_4"": 18, ""mc_lo_5"": 42}","{""mc_hi_0"": 0, ""mc_hi_1"": 0, ""mc_hi_2"": 0, ""mc_hi_3"": 0, ""mc_hi_4"": 0, ""mc_hi_5"": 0, ""mc_lo_0"": 0, ""mc_lo_1"": 0, ""mc_lo_2"": 0, ""mc_lo_3"": 798, ""mc_lo_4"": 710, ""mc_lo_5"": 736}","{""mc_hi_0"": 0, ""mc_hi_1"": 0, ""mc_hi_2"": 0, ""mc_hi_3"": 0, ""mc_hi_4"": 0, ""mc_hi_5"": 0, ""mc_lo_0"": 0, ""mc_lo_1"": 0, ""mc_lo_2"": 0, ""mc_lo_3"": 0, ""mc_lo_4"": 0, ""mc_lo_5"": 0}",7200,528,6672,0,0,0.07333333333333333,0.9266666666666666,0.89,800,52.69875,889.5,0.12354166666666666,0.8764583333333333,0.12354166666666666,5949,0.82625,723,723,0,0,0,0.10041666666666667,0.10041666666666667,0.10836330935251799,361.5,238590.0,476457.0,0.5007587253414271,238590.0,0.0602641833886157,528,0.07333333333333333,5949.0,6310.5,,,,,,,,,,0,,,,,,,,,,,,,,,,,,,
mc_fairgen,0.65,12,2.0,0.5,1597,185,101597,bc_tree_agent,,True,1,20000000,25000,C_AMC_SEM,0.5,interval_qos_v2_single_recovery_full_C5_overinc016_abs005,True,True,4.0,lo,458,533,0,991,0,533,0,458,4487667,20000000,0.22438335,,,,533,,,,,,,800,0,800,800,0,0,0.0,0.0,1.0,0.0,-421.26912900608886,True,800,800,0,9.12875,14.87125,,,16,0.6196354166666667,0,0,0.0,single,24,0.02,0.02,0.9,0,,,,,v11_full_10d,128,integer_tree_ranked_valid_or_none,fixed_point_int,1000000,bb255908bec90f8d54945322db333c5c2d2df5af1c5e76fc9016dc8c975a381e,viper_integer_ranked_artifact_v1,True,,,,,,,,,,,,,,,,,,,,,,,,,,,,,,,,,7200,533,6667,0,0,0.07402777777777778,0.9259722222222222,0.89,800,113.9275,894.5,0.12423611111111112,0.8757638888888889,0.1242361111111111,5944,0.8255555555555556,723,723,0,0,0,0.10041666666666667,0.10041666666666667,0.10844457777111144,361.5,238590.0,476457.0,0.5007587253414271,238590.0,0.060310843894282234,533,0.07402777777777778,5944.0,6305.5,,,,,,,,,,,bc_iter_001,bc,3,11,6,3,10,52,0.065,52,0.065,0,0.0,800,436,0.545,0.48,0.009069318771362305,0.03471813201904296
mc_fairgen,0.65,12,2.0,0.5,1597,185,101597,viper_tree_agent,,True,1,20000000,25000,C_AMC_SEM,0.5,interval_qos_v2_single_recovery_full_C5_overinc016_abs005,True,True,4.0,lo,458,529,0,987,0,529,0,458,4488136,20000000,0.2244068,,,,529,,,,,,,800,0,800,800,0,0,0.0,0.0,1.0,0.0,-409.06200021535966,True,800,800,0,9.24125,14.75875,,,15,0.6149479166666667,0,0,0.0,single,24,0.02,0.02,0.9,0,,,,,v11_full_10d,128,integer_tree_ranked_valid_or_none,fixed_point_int,1000000,bb255908bec90f8d54945322db333c5c2d2df5af1c5e76fc9016dc8c975a381e,viper_integer_ranked_artifact_v1,True,,,,,,,,,,,,,,,,,,,,,,,,,,,,,,,,,7200,529,6671,0,0,0.07347222222222222,0.9265277777777778,0.89,800,57.24875,890.5,0.12368055555555556,0.8763194444444444,0.12368055555555557,5948,0.8261111111111111,723,723,0,0,0,0.10041666666666667,0.10041666666666667,0.10837955329036127,361.5,238590.0,476457.0,0.5007587253414271,238590.0,0.06028498355864085,529,0.07347222222222222,5948.0,6309.5,,,,,,,,,,,viper_iter_002,viper,3,11,6,3,10,0,0.0,0,0.0,0,0.0,800,410,0.5125,0.5125,0.004834346771240235,0.021896171569824215
mc_fairgen,0.65,12,2.0,0.5,1598,185,101598,c_amc_sem_baseline,,True,1,20000000,25000,C_AMC_SEM,0.5,interval_qos_v2_single_recovery_full_C5_overinc016_abs005,True,True,4.0,lo,479,749,0,1228,0,749,0,479,4474128,20000000,0.2237064,23.95,9340.559498956158,1,749,749,749,0,0,0,0.0,0,0,0,0,0,0,0.0,0.0,0.0,0.0,0.0,True,0,0,0,0.0,0.0,0,0.0,0,0.0,0,0,0.0,single,24,0.02,0.02,0.9,0,0,0.0,0,0.0,,,,,,,,,,,,,,,,,,,,,,,,,,,,,,,,,,,,,,,,,7200,749,6451,0,0,0.10402777777777777,0.8959722222222222,0.865,0,,1106.5,0.15368055555555554,0.8463194444444444,0.1536805555555556,5736,0.7966666666666666,715,715,0,0,0,0.09930555555555555,0.09930555555555555,0.11083552937529065,357.5,235950.0,471185.0,0.5007587253414271,235950.0,0.060137938768644164,749,0.10402777777777777,5736.0,6093.5,,,,,,,,,,,,,,,,,,,,,,,,,,,,,
mc_fairgen,0.65,12,2.0,0.5,1598,185,101598,dqn_agent,mlp,True,1,20000000,25000,C_AMC_SEM,0.5,interval_qos_v2_single_recovery_full_C5_overinc016_abs005,True,True,4.0,lo,479,539,0,1018,0,539,0,479,4485988,20000000,0.2242994,23.95,9365.319415448852,1,539,539,539,0,0,0,0.0,800,0,800,800,0,0,0.0,0.0,1.0,0.0,-424.36041987952495,True,800,800,0,9.25,14.75,4800,0.25,15,0.6145833333333334,0,0,0.0,single,24,0.02,0.02,0.9,0,0,0.0,1400,0.07291666666666667,v11_full_10d,128,,,,,,,0.35280643496529046,465,0.0,0,0.0,0.0,0.0,0.0,0,0.0,0.0,0.0,0.0,327,0,0.48178793513782325,5.36,299,0.08379845690553954,0.8320833333333333,0.8320833333333333,0.0,"{""mc_hi_0"": 1.0, ""mc_hi_1"": 1.0, ""mc_hi_2"": 1.0, ""mc_hi_3"": 1.0, ""mc_hi_4"": 1.0, ""mc_hi_5"": 1.0, ""mc_lo_0"": 1.0, ""mc_lo_1"": 1.0, ""mc_lo_2"": 1.0, ""mc_lo_3"": 4.029411764705882, ""mc_lo_4"": 1.207142857142857, ""mc_lo_5"": 4.043478260869565}","{""mc_hi_0"": 1.0, ""mc_hi_1"": 1.0, ""mc_hi_2"": 1.0, ""mc_hi_3"": 1.0, ""mc_hi_4"": 1.0, ""mc_hi_5"": 1.0, ""mc_lo_0"": 1.0, ""mc_lo_1"": 1.0, ""mc_lo_2"": 1.0, ""mc_lo_3"": 4.029411764705882, ""mc_lo_4"": 2.0542857142857143, ""mc_lo_5"": 4.043478260869565}","{""mc_hi_0"": 1.0, ""mc_hi_1"": 1.0, ""mc_hi_2"": 1.0, ""mc_hi_3"": 1.0, ""mc_hi_4"": 1.0, ""mc_hi_5"": 1.0, ""mc_lo_0"": 1.0, ""mc_lo_1"": 1.0, ""mc_lo_2"": 1.0, ""mc_lo_3"": 1.0, ""mc_lo_4"": 1.0, ""mc_lo_5"": 1.0}","{""mc_hi_0"": 0, ""mc_hi_1"": 0, ""mc_hi_2"": 0, ""mc_hi_3"": 0, ""mc_hi_4"": 0, ""mc_hi_5"": 0, ""mc_lo_0"": 0, ""mc_lo_1"": 0, ""mc_lo_2"": 0, ""mc_lo_3"": 62, ""mc_lo_4"": 343, ""mc_lo_5"": 68}","{""mc_hi_0"": 0, ""mc_hi_1"": 0, ""mc_hi_2"": 0, ""mc_hi_3"": 0, ""mc_hi_4"": 0, ""mc_hi_5"": 0, ""mc_lo_0"": 0, ""mc_lo_1"": 0, ""mc_lo_2"": 0, ""mc_lo_3"": 0, ""mc_lo_4"": 327, ""mc_lo_5"": 0}","{""mc_hi_0"": 0, ""mc_hi_1"": 0, ""mc_hi_2"": 0, ""mc_hi_3"": 0, ""mc_hi_4"": 0, ""mc_hi_5"": 0, ""mc_lo_0"": 0, ""mc_lo_1"": 0, ""mc_lo_2"": 0, ""mc_lo_3"": 0, ""mc_lo_4"": 327, ""mc_lo_5"": 0}","{""mc_hi_0"": 0, ""mc_hi_1"": 0, ""mc_hi_2"": 0, ""mc_hi_3"": 0, ""mc_hi_4"": 0, ""mc_hi_5"": 0, ""mc_lo_0"": 0, ""mc_lo_1"": 0, ""mc_lo_2"": 0, ""mc_lo_3"": 60, ""mc_lo_4"": 340, ""mc_lo_5"": 65}","{""mc_hi_0"": 0, ""mc_hi_1"": 0, ""mc_hi_2"": 0, ""mc_hi_3"": 0, ""mc_hi_4"": 0, ""mc_hi_5"": 0, ""mc_lo_0"": 0, ""mc_lo_1"": 0, ""mc_lo_2"": 0, ""mc_lo_3"": 62, ""mc_lo_4"": 20, ""mc_lo_5"": 68}","{""mc_hi_0"": 0, ""mc_hi_1"": 0, ""mc_hi_2"": 0, ""mc_hi_3"": 0, ""mc_hi_4"": 0, ""mc_hi_5"": 0, ""mc_lo_0"": 0, ""mc_lo_1"": 0, ""mc_lo_2"": 0, ""mc_lo_3"": 798, ""mc_lo_4"": 688, ""mc_lo_5"": 736}","{""mc_hi_0"": 0, ""mc_hi_1"": 0, ""mc_hi_2"": 0, ""mc_hi_3"": 0, ""mc_hi_4"": 0, ""mc_hi_5"": 0, ""mc_lo_0"": 0, ""mc_lo_1"": 0, ""mc_lo_2"": 0, ""mc_lo_3"": 0, ""mc_lo_4"": 0, ""mc_lo_5"": 0}",7200,539,6661,0,0,0.07486111111111111,0.9251388888888888,0.87,800,53.5525,896.5,0.12451388888888888,0.8754861111111111,0.12451388888888892,5946,0.8258333333333333,715,715,0,0,0,0.09930555555555555,0.09930555555555555,0.10734124005404594,357.5,235950.0,471185.0,0.5007587253414271,235950.0,0.05962434765732792,539,0.07486111111111111,5946.0,6303.5,,,,,,,,,,0,,,,,,,,,,,,,,,,,,,
mc_fairgen,0.65,12,2.0,0.5,1598,185,101598,bc_tree_agent,,True,1,20000000,25000,C_AMC_SEM,0.5,interval_qos_v2_single_recovery_full_C5_overinc016_abs005,True,True,4.0,lo,479,533,0,1012,0,533,0,479,4486441,20000000,0.22432205,,,,533,,,,,,,800,0,800,800,0,0,0.0,0.0,1.0,0.0,-432.7686546728615,True,800,800,0,9.10875,14.89125,,,16,0.62046875,0,0,0.0,single,24,0.02,0.02,0.9,0,,,,,v11_full_10d,128,integer_tree_ranked_valid_or_none,fixed_point_int,1000000,bb255908bec90f8d54945322db333c5c2d2df5af1c5e76fc9016dc8c975a381e,viper_integer_ranked_artifact_v1,True,,,,,,,,,,,,,,,,,,,,,,,,,,,,,,,,,7200,533,6667,0,0,0.07402777777777778,0.9259722222222222,0.87,800,126.865,890.5,0.12368055555555556,0.8763194444444444,0.12368055555555557,5952,0.8266666666666667,715,715,0,0,0,0.09930555555555555,0.09930555555555555,0.10724463776811159,357.5,235950.0,471185.0,0.5007587253414271,235950.0,0.0596162878924739,533,0.07402777777777778,5952.0,6309.5,,,,,,,,,,,bc_iter_001,bc,3,11,6,3,10,64,0.08,64,0.08,0,0.0,800,459,0.57375,0.49375,0.009615678787231446,0.03731155395507812
mc_fairgen,0.65,12,2.0,0.5,1598,185,101598,viper_tree_agent,,True,1,20000000,25000,C_AMC_SEM,0.5,interval_qos_v2_single_recovery_full_C5_overinc016_abs005,True,True,4.0,lo,479,533,0,1012,0,533,0,479,4486441,20000000,0.22432205,,,,533,,,,,,,800,0,800,800,0,0,0.0,0.0,1.0,0.0,-422.59501034942235,True,800,800,0,9.24125,14.75875,,,15,0.6149479166666667,0,0,0.0,single,24,0.02,0.02,0.9,0,,,,,v11_full_10d,128,integer_tree_ranked_valid_or_none,fixed_point_int,1000000,bb255908bec90f8d54945322db333c5c2d2df5af1c5e76fc9016dc8c975a381e,viper_integer_ranked_artifact_v1,True,,,,,,,,,,,,,,,,,,,,,,,,,,,,,,,,,7200,533,6667,0,0,0.07402777777777778,0.9259722222222222,0.87,800,57.24875,890.5,0.12368055555555556,0.8763194444444444,0.12368055555555557,5952,0.8266666666666667,715,715,0,0,0,0.09930555555555555,0.09930555555555555,0.10724463776811159,357.5,235950.0,471185.0,0.5007587253414271,235950.0,0.0596162878924739,533,0.07402777777777778,5952.0,6309.5,,,,,,,,,,,viper_iter_002,viper,3,11,6,3,10,0,0.0,0,0.0,0,0.0,800,462,0.5775,0.5775,0.0043398189544677735,0.021700668334960926
mc_fairgen,0.65,12,2.0,0.5,1599,185,101599,c_amc_sem_baseline,,True,1,20000000,25000,C_AMC_SEM,0.5,interval_qos_v2_single_recovery_full_C5_overinc016_abs005,True,True,4.0,lo,452,753,0,1205,0,753,0,452,4696010,20000000,0.2348005,22.6,10389.402654867257,1,753,753,753,0,0,0,0.0,0,0,0,0,0,0,0.0,0.0,0.0,0.0,0.0,True,0,0,0,0.0,0.0,0,0.0,0,0.0,0,0,0.0,single,24,0.02,0.02,0.9,0,0,0.0,0,0.0,,,,,,,,,,,,,,,,,,,,,,,,,,,,,,,,,,,,,,,,,7200,753,6447,0,0,0.10458333333333333,0.8954166666666666,0.84875,0,,1141.5,0.15854166666666666,0.8414583333333333,0.1585416666666667,5670,0.7875,777,777,0,0,0,0.10791666666666666,0.10791666666666666,0.12052117263843648,388.5,256410.0,512043.0,0.5007587253414271,256410.0,0.06530384587467193,753,0.10458333333333333,5670.0,6058.5,,,,,,,,,,,,,,,,,,,,,,,,,,,,,
mc_fairgen,0.65,12,2.0,0.5,1599,185,101599,dqn_agent,mlp,True,1,20000000,25000,C_AMC_SEM,0.5,interval_qos_v2_single_recovery_full_C5_overinc016_abs005,True,True,4.0,lo,452,517,0,969,0,517,0,452,4712056,20000000,0.2356028,22.6,10424.902654867257,1,517,517,517,0,0,0,0.0,800,0,800,800,0,0,0.0,0.0,1.0,0.0,-403.2415917875472,True,800,800,0,9.2575,14.7425,4800,0.25,15,0.6142708333333333,0,0,0.0,single,24,0.02,0.02,0.9,0,0,0.0,1394,0.07260416666666666,v11_full_10d,128,,,,,,,0.3667058397271952,472,0.0,0,0.0,0.0,0.0,0.0,0,0.0,0.0,0.0,0.0,320,0,0.4825130602240897,4.135,289,0.0781632005952051,0.8320833333333333,0.8320833333333333,0.0,"{""mc_hi_0"": 1.0, ""mc_hi_1"": 1.0, ""mc_hi_2"": 1.0, ""mc_hi_3"": 1.0, ""mc_hi_4"": 1.0, ""mc_hi_5"": 1.0, ""mc_lo_0"": 1.0, ""mc_lo_1"": 1.0, ""mc_lo_2"": 1.0, ""mc_lo_3"": 4.029411764705882, ""mc_lo_4"": 1.6004761904761904, ""mc_lo_5"": 4.043478260869565}","{""mc_hi_0"": 1.0, ""mc_hi_1"": 1.0, ""mc_hi_2"": 1.0, ""mc_hi_3"": 1.0, ""mc_hi_4"": 1.0, ""mc_hi_5"": 1.0, ""mc_lo_0"": 1.0, ""mc_lo_1"": 1.0, ""mc_lo_2"": 1.0, ""mc_lo_3"": 4.029411764705882, ""mc_lo_4"": 1.8842857142857143, ""mc_lo_5"": 4.043478260869565}","{""mc_hi_0"": 1.0, ""mc_hi_1"": 1.0, ""mc_hi_2"": 1.0, ""mc_hi_3"": 1.0, ""mc_hi_4"": 1.0, ""mc_hi_5"": 1.0, ""mc_lo_0"": 1.0, ""mc_lo_1"": 1.0, ""mc_lo_2"": 1.0, ""mc_lo_3"": 1.0, ""mc_lo_4"": 1.0, ""mc_lo_5"": 1.0}","{""mc_hi_0"": 0, ""mc_hi_1"": 0, ""mc_hi_2"": 0, ""mc_hi_3"": 0, ""mc_hi_4"": 0, ""mc_hi_5"": 0, ""mc_lo_0"": 0, ""mc_lo_1"": 0, ""mc_lo_2"": 0, ""mc_lo_3"": 62, ""mc_lo_4"": 350, ""mc_lo_5"": 68}","{""mc_hi_0"": 0, ""mc_hi_1"": 0, ""mc_hi_2"": 0, ""mc_hi_3"": 0, ""mc_hi_4"": 0, ""mc_hi_5"": 0, ""mc_lo_0"": 0, ""mc_lo_1"": 0, ""mc_lo_2"": 0, ""mc_lo_3"": 0, ""mc_lo_4"": 320, ""mc_lo_5"": 0}","{""mc_hi_0"": 0, ""mc_hi_1"": 0, ""mc_hi_2"": 0, ""mc_hi_3"": 0, ""mc_hi_4"": 0, ""mc_hi_5"": 0, ""mc_lo_0"": 0, ""mc_lo_1"": 0, ""mc_lo_2"": 0, ""mc_lo_3"": 0, ""mc_lo_4"": 320, ""mc_lo_5"": 0}","{""mc_hi_0"": 0, ""mc_hi_1"": 0, ""mc_hi_2"": 0, ""mc_hi_3"": 0, ""mc_hi_4"": 0, ""mc_hi_5"": 0, ""mc_lo_0"": 0, ""mc_lo_1"": 0, ""mc_lo_2"": 0, ""mc_lo_3"": 60, ""mc_lo_4"": 347, ""mc_lo_5"": 65}","{""mc_hi_0"": 0, ""mc_hi_1"": 0, ""mc_hi_2"": 0, ""mc_hi_3"": 0, ""mc_hi_4"": 0, ""mc_hi_5"": 0, ""mc_lo_0"": 0, ""mc_lo_1"": 0, ""mc_lo_2"": 0, ""mc_lo_3"": 62, ""mc_lo_4"": 10, ""mc_lo_5"": 52}","{""mc_hi_0"": 0, ""mc_hi_1"": 0, ""mc_hi_2"": 0, ""mc_hi_3"": 0, ""mc_hi_4"": 0, ""mc_hi_5"": 0, ""mc_lo_0"": 0, ""mc_lo_1"": 0, ""mc_lo_2"": 0, ""mc_lo_3"": 798, ""mc_lo_4"": 717, ""mc_lo_5"": 736}","{""mc_hi_0"": 0, ""mc_hi_1"": 0, ""mc_hi_2"": 0, ""mc_hi_3"": 0, ""mc_hi_4"": 0, ""mc_hi_5"": 0, ""mc_lo_0"": 0, ""mc_lo_1"": 0, ""mc_lo_2"": 0, ""mc_lo_3"": 0, ""mc_lo_4"": 0, ""mc_lo_5"": 0}",7200,517,6683,0,0,0.07180555555555555,0.9281944444444444,0.8875,800,54.475,905.5,0.1257638888888889,0.8742361111111111,0.1257638888888889,5906,0.8202777777777778,777,777,0,0,0,0.10791666666666666,0.10791666666666666,0.11626515038156517,388.5,256410.0,512043.0,0.5007587253414271,256410.0,0.06475127540390947,517,0.07180555555555555,5906.0,6294.5,,,,,,,,,,0,,,,,,,,,,,,,,,,,,,
mc_fairgen,0.65,12,2.0,0.5,1599,185,101599,bc_tree_agent,,True,1,20000000,25000,C_AMC_SEM,0.5,interval_qos_v2_single_recovery_full_C5_overinc016_abs005,True,True,4.0,lo,452,516,0,968,0,516,0,452,4711274,20000000,0.2355637,,,,516,,,,,,,800,0,800,800,0,0,0.0,0.0,1.0,0.0,-414.42429321357463,True,800,800,0,9.10375,14.89625,,,16,0.6206770833333334,0,0,0.0,single,24,0.02,0.02,0.9,0,,,,,v11_full_10d,128,integer_tree_ranked_valid_or_none,fixed_point_int,1000000,bb255908bec90f8d54945322db333c5c2d2df5af1c5e76fc9016dc8c975a381e,viper_integer_ranked_artifact_v1,True,,,,,,,,,,,,,,,,,,,,,,,,,,,,,,,,,7200,516,6684,0,0,0.07166666666666667,0.9283333333333333,0.8875,800,113.4575,904.5,0.125625,0.874375,0.125625,5907,0.8204166666666667,777,777,0,0,0,0.10791666666666666,0.10791666666666666,0.11624775583482945,388.5,256410.0,512043.0,0.5007587253414271,256410.0,0.06476964352067383,516,0.07166666666666667,5907.0,6295.5,,,,,,,,,,,bc_iter_001,bc,3,11,6,3,10,75,0.09375,75,0.09375,0,0.0,800,458,0.5725,0.47875,0.007684526443481446,0.03141422271728515
mc_fairgen,0.65,12,2.0,0.5,1599,185,101599,viper_tree_agent,,True,1,20000000,25000,C_AMC_SEM,0.5,interval_qos_v2_single_recovery_full_C5_overinc016_abs005,True,True,4.0,lo,452,513,0,965,0,513,0,452,4711970,20000000,0.2355985,,,,513,,,,,,,800,0,800,800,0,0,0.0,0.0,1.0,0.0,-404.95254116264425,True,800,800,0,9.24125,14.75875,,,15,0.6149479166666667,0,0,0.0,single,24,0.02,0.02,0.9,0,,,,,v11_full_10d,128,integer_tree_ranked_valid_or_none,fixed_point_int,1000000,bb255908bec90f8d54945322db333c5c2d2df5af1c5e76fc9016dc8c975a381e,viper_integer_ranked_artifact_v1,True,,,,,,,,,,,,,,,,,,,,,,,,,,,,,,,,,7200,513,6687,0,0,0.07125,0.92875,0.8875,800,57.24875,901.5,0.12520833333333334,0.8747916666666666,0.12520833333333337,5910,0.8208333333333333,777,777,0,0,0,0.10791666666666666,0.10791666666666666,0.11619560340960072,388.5,256410.0,512043.0,0.5007587253414271,256410.0,0.06475345024697023,513,0.07125,5910.0,6298.5,,,,,,,,,,,viper_iter_002,viper,3,11,6,3,10,0,0.0,0,0.0,0,0.0,800,464,0.58,0.58,0.003781099319458008,0.017424774169921872
