method,method_label,sweep_value,util_level,util_sum,weighted_success_sum,taskset_count,success_count,schedulable_ratio,weighted_schedulability_at_util
amc_max,AMC-max,8.0,0.025,5.024665051583793,5.024665051583793,200,200,1.0,1.0
amc_max,AMC-max,8.0,0.05,10.005838721274808,10.005838721274808,200,200,1.0,1.0
amc_max,AMC-max,8.0,0.075,15.009759010999712,15.009759010999712,200,200,1.0,1.0
amc_max,AMC-max,8.0,0.1,20.00367470925149,20.00367470925149,200,200,1.0,1.0
amc_max,AMC-max,8.0,0.125,25.003683676282105,25.003683676282105,200,200,1.0,1.0
amc_max,AMC-max,8.0,0.15,30.009808719248486,30.009808719248486,200,200,1.0,1.0
amc_max,AMC-max,8.0,0.175,34.99845917233918,34.99845917233918,200,200,1.0,1.0
amc_max,AMC-max,8.0,0.2,40.00273332950032,40.00273332950032,200,200,1.0,1.0
amc_max,AMC-max,8.0,0.225,45.00375974680196,45.00375974680196,200,200,1.0,1.0
amc_max,AMC-max,8.0,0.25,50.008963550275524,50.008963550275524,200,200,1.0,1.0
amc_max,AMC-max,8.0,0.275,55.00154474616041,55.00154474616041,200,200,1.0,1.0
amc_max,AMC-max,8.0,0.3,60.005270244893815,60.005270244893815,200,200,1.0,1.0
amc_max,AMC-max,8.0,0.325,64.99995749209297,64.99995749209297,200,200,1.0,1.0
amc_max,AMC-max,8.0,0.35,69.99902527296116,69.99902527296116,200,200,1.0,1.0
amc_max,AMC-max,8.0,0.375,75.00775725714006,75.00775725714006,200,200,1.0,1.0
amc_max,AMC-max,8.0,0.4,80.00143911366278,80.00143911366278,200,200,1.0,1.0
amc_max,AMC-max,8.0,0.425,85.00040657009436,85.00040657009436,200,200,1.0,1.0
amc_max,AMC-max,8.0,0.45,90.00234645289902,90.00234645289902,200,200,1.0,1.0
amc_max,AMC-max,8.0,0.475,95.00068445681188,94.52575297836653,200,199,0.995,0.9950007572981091
amc_max,AMC-max,8.0,0.5,99.99743245891499,96.99710149936924,200,194,0.97,0.9699959200374623
amc_max,AMC-max,8.0,0.525,104.99583801363,101.8456440695333,200,194,0.97,0.9699969636540472
amc_max,AMC-max,8.0,0.55,109.99981894944561,100.65128785580912,200,183,0.915,0.9150132138132614
amc_max,AMC-max,8.0,0.575,115.00528806673842,97.75598248053048,200,170,0.85,0.8500129352643503
amc_max,AMC-max,8.0,0.6,120.00466818941574,106.80424250707397,200,178,0.89,0.8900007317923151
amc_max,AMC-max,8.0,0.625,124.98734261541127,98.1183903076927,200,157,0.785,0.7850266135316205
amc_max,AMC-max,8.0,0.65,129.9961177261602,98.79754398902715,200,152,0.76,0.7600038040916455
amc_max,AMC-max,8.0,0.675,135.00269360387634,103.27770002788262,200,153,0.765,0.7650047363567359
amc_max,AMC-max,8.0,0.7,140.0028971451819,97.30057354194629,200,139,0.695,0.6949897146845924
amc_max,AMC-max,8.0,0.725,144.9975116865508,92.0722847079659,200,127,0.635,0.634992170810515
amc_max,AMC-max,8.0,0.75,150.0063950339605,96.75490651191234,200,129,0.645,0.6450052112112129
amc_max,AMC-max,8.0,0.775,155.00190084898375,90.67833545727662,200,117,0.585,0.5850143447313159
amc_max,AMC-max,8.0,0.8,159.99428518820525,90.39774789460179,200,113,0.565,0.5650061049884668
amc_max,AMC-max,8.0,0.825,164.99677079888647,81.67366637956194,200,99,0.495,0.49500160508664415
amc_max,AMC-max,8.0,0.85,170.00155017353185,81.600606165989,200,96,0.48,0.47999918872912545
amc_max,AMC-max,8.0,0.875,175.00089893790636,79.62287443167729,200,91,0.455,0.45498551673113974
amc_max,AMC-max,8.0,0.9,179.9945391952204,77.39785673079959,200,86,0.43,0.43000113823928066
amc_max,AMC-max,8.0,0.925,184.99475956404584,49.023956705972815,200,53,0.265,0.26500186719613833
amc_max,AMC-max,8.0,0.95,189.9997599666717,27.54950361081032,200,29,0.145,0.14499757060557783
amc_max,AMC-max,8.0,0.975,194.99422454044145,8.774425798613704,200,9,0.045,0.04499838812812584
amc_max,AMC-max,24.0,0.025,5.193363442615399,5.193363442615399,200,200,1.0,1.0
amc_max,AMC-max,24.0,0.05,10.091269336004473,10.091269336004473,200,200,1.0,1.0
amc_max,AMC-max,24.0,0.075,15.070468488711633,15.070468488711633,200,200,1.0,1.0
amc_max,AMC-max,24.0,0.1,20.049684653655802,20.049684653655802,200,200,1.0,1.0
amc_max,AMC-max,24.0,0.125,25.045968767150473,25.045968767150473,200,200,1.0,1.0
amc_max,AMC-max,24.0,0.15,30.032348293729537,30.032348293729537,200,200,1.0,1.0
amc_max,AMC-max,24.0,0.175,35.03481563168826,35.03481563168826,200,200,1.0,1.0
amc_max,AMC-max,24.0,0.2,40.01359051469068,40.01359051469068,200,200,1.0,1.0
amc_max,AMC-max,24.0,0.225,45.02008529167424,45.02008529167424,200,200,1.0,1.0
amc_max,AMC-max,24.0,0.25,50.02618227286748,50.02618227286748,200,200,1.0,1.0
amc_max,AMC-max,24.0,0.275,55.02648903660512,55.02648903660512,200,200,1.0,1.0
amc_max,AMC-max,24.0,0.3,60.0099388609943,60.0099388609943,200,200,1.0,1.0
amc_max,AMC-max,24.0,0.325,65.021514353842,65.021514353842,200,200,1.0,1.0
amc_max,AMC-max,24.0,0.35,70.00536788460798,70.00536788460798,200,200,1.0,1.0
amc_max,AMC-max,24.0,0.375,75.0123631772482,75.0123631772482,200,200,1.0,1.0
amc_max,AMC-max,24.0,0.4,80.02065099499315,80.02065099499315,200,200,1.0,1.0
amc_max,AMC-max,24.0,0.425,85.02900547650643,85.02900547650643,200,200,1.0,1.0
amc_max,AMC-max,24.0,0.45,90.01378176470996,90.01378176470996,200,200,1.0,1.0
amc_max,AMC-max,24.0,0.475,95.00193603250041,95.00193603250041,200,200,1.0,1.0
amc_max,AMC-max,24.0,0.5,100.00537159137147,100.00537159137147,200,200,1.0,1.0
amc_max,AMC-max,24.0,0.525,105.01336964444434,105.01336964444434,200,200,1.0,1.0
amc_max,AMC-max,24.0,0.55,110.00685699365498,110.00685699365498,200,200,1.0,1.0
amc_max,AMC-max,24.0,0.575,115.0048395515689,113.27894562182159,200,197,0.985,0.9849928582442532
amc_max,AMC-max,24.0,0.6,120.00963364024196,116.40975631063284,200,194,0.97,0.9700034303879251
amc_max,AMC-max,24.0,0.625,124.99607846811647,118.12264374566726,200,189,0.945,0.9450107970851065
amc_max,AMC-max,24.0,0.65,130.00508445694797,119.60372663119011,200,184,0.92,0.9199926843691846
amc_max,AMC-max,24.0,0.675,135.00269462118504,122.8529442173055,200,182,0.91,0.9100036452015161
amc_max,AMC-max,24.0,0.7,140.00375468815457,120.40378917861202,200,172,0.86,0.8600040009412628
amc_max,AMC-max,24.0,0.725,145.0206546092933,121.81785083310501,200,168,0.84,0.8400034544134419
amc_max,AMC-max,24.0,0.75,150.01476045873474,109.51023965462127,200,146,0.73,0.7299964304828841
amc_max,AMC-max,24.0,0.775,155.01468349082893,117.80796636698479,200,152,0.76,0.7599794013962207
amc_max,AMC-max,24.0,0.8,160.02191835398423,99.21761953279113,200,124,0.62,0.6200251850081686
amc_max,AMC-max,24.0,0.825,164.99640424838228,101.47178328752662,200,123,0.615,0.6149939069870458
amc_max,AMC-max,24.0,0.85,170.01936756613347,88.41562237248634,200,104,0.52,0.5200326506219639
amc_max,AMC-max,24.0,0.875,175.00775202538244,68.25513080149148,200,78,0.39,0.3900120423899395
amc_max,AMC-max,24.0,0.9,180.00761281162778,49.506602644649426,200,55,0.275,0.2750250496152988
amc_max,AMC-max,24.0,0.925,184.994819170467,28.67129720878827,200,31,0.155,0.1549843251684176
amc_max,AMC-max,24.0,0.95,190.0118467473441,4.750768961767143,200,5,0.025,0.025002488229505865
amc_max,AMC-max,24.0,0.975,195.00368853052737,0.9745333130301415,200,1,0.005,0.004997512202840105
amc_max,AMC-max,40.0,0.025,5.481757610516888,5.481757610516888,200,200,1.0,1.0
amc_max,AMC-max,40.0,0.05,10.279778118937044,10.279778118937044,200,200,1.0,1.0
amc_max,AMC-max,40.0,0.075,15.18141877011241,15.18141877011241,200,200,1.0,1.0
amc_max,AMC-max,40.0,0.1,20.144633353698545,20.144633353698545,200,200,1.0,1.0
amc_max,AMC-max,40.0,0.125,25.124319727343043,25.124319727343043,200,200,1.0,1.0
amc_max,AMC-max,40.0,0.15,30.103522518337602,30.103522518337602,200,200,1.0,1.0
amc_max,AMC-max,40.0,0.175,35.06510996172969,35.06510996172969,200,200,1.0,1.0
amc_max,AMC-max,40.0,0.2,40.074430836587624,40.074430836587624,200,200,1.0,1.0
amc_max,AMC-max,40.0,0.225,45.063409159860065,45.063409159860065,200,200,1.0,1.0
amc_max,AMC-max,40.0,0.25,50.05939015633336,50.05939015633336,200,200,1.0,1.0
amc_max,AMC-max,40.0,0.275,55.063004835932894,55.063004835932894,200,200,1.0,1.0
amc_max,AMC-max,40.0,0.3,60.0453528130648,60.0453528130648,200,200,1.0,1.0
amc_max,AMC-max,40.0,0.325,65.03812492041287,65.03812492041287,200,200,1.0,1.0
amc_max,AMC-max,40.0,0.35,70.0414852000571,70.0414852000571,200,200,1.0,1.0
amc_max,AMC-max,40.0,0.375,75.04109019978124,75.04109019978124,200,200,1.0,1.0
amc_max,AMC-max,40.0,0.4,80.04456918621763,80.04456918621763,200,200,1.0,1.0
amc_max,AMC-max,40.0,0.425,85.04432595178719,85.04432595178719,200,200,1.0,1.0
amc_max,AMC-max,40.0,0.45,90.03353794549389,90.03353794549389,200,200,1.0,1.0
amc_max,AMC-max,40.0,0.475,95.02482380908893,95.02482380908893,200,200,1.0,1.0
amc_max,AMC-max,40.0,0.5,100.02277208838866,100.02277208838866,200,200,1.0,1.0
amc_max,AMC-max,40.0,0.525,105.0430634091767,105.0430634091767,200,200,1.0,1.0
amc_max,AMC-max,40.0,0.55,110.04302751603419,110.04302751603419,200,200,1.0,1.0
amc_max,AMC-max,40.0,0.575,115.03174324954855,115.03174324954855,200,200,1.0,1.0
amc_max,AMC-max,40.0,0.6,120.01097058913588,120.01097058913588,200,200,1.0,1.0
amc_max,AMC-max,40.0,0.625,125.0237058364303,121.27560863941802,200,194,0.97,0.9700209078595388
amc_max,AMC-max,40.0,0.65,130.0057712374417,124.15437910369079,200,191,0.955,0.9549912894015761
amc_max,AMC-max,40.0,0.675,135.01716493567747,130.9663580886588,200,194,0.97,0.9699978380604535
amc_max,AMC-max,40.0,0.7,140.02637592321025,128.12921275494168,200,183,0.915,0.915036270203887
amc_max,AMC-max,40.0,0.725,145.00316489217354,121.07744211978674,200,167,0.835,0.8349986168220651
amc_max,AMC-max,40.0,0.75,150.01928276050242,126.76260982121163,200,169,0.845,0.8449754424141676
amc_max,AMC-max,40.0,0.775,155.02604265541356,113.93980030429272,200,147,0.735,0.7349719979471714
amc_max,AMC-max,40.0,0.8,160.0185736180913,112.80769583337833,200,141,0.705,0.7049662628702783
amc_max,AMC-max,40.0,0.825,165.00890262837234,101.48412545334044,200,123,0.615,0.6150221220602846
amc_max,AMC-max,40.0,0.85,170.0206973902949,75.65914420943666,200,89,0.445,0.44499961105179786
amc_max,AMC-max,40.0,0.875,175.02823883571327,76.1359283374706,200,87,0.435,0.4349922552150802
amc_max,AMC-max,40.0,0.9,180.01919258138116,49.498809796493475,200,55,0.275,0.274964069590061
amc_max,AMC-max,40.0,0.925,185.00649877596666,18.50190953567087,200,20,0.1,0.1000068087233829
amc_max,AMC-max,40.0,0.95,190.01224511890987,2.851318892246984,200,3,0.015,0.015005974433187847
amc_max,AMC-max,40.0,0.975,195.01954216282476,0.0,200,0,0.0,0.0
amc_max,AMC-max,56.0,0.025,5.866232379188161,5.866232379188161,200,200,1.0,1.0
amc_max,AMC-max,56.0,0.05,10.506530888662596,10.506530888662596,200,200,1.0,1.0
amc_max,AMC-max,56.0,0.075,15.389295538096437,15.389295538096437,200,200,1.0,1.0
amc_max,AMC-max,56.0,0.1,20.28143714302987,20.28143714302987,200,200,1.0,1.0
amc_max,AMC-max,56.0,0.125,25.248226012389424,25.248226012389424,200,200,1.0,1.0
amc_max,AMC-max,56.0,0.15,30.220632644646013,30.220632644646013,200,200,1.0,1.0
amc_max,AMC-max,56.0,0.175,35.18650647092919,35.18650647092919,200,200,1.0,1.0
amc_max,AMC-max,56.0,0.2,40.146037374074005,40.146037374074005,200,200,1.0,1.0
amc_max,AMC-max,56.0,0.225,45.14709263954174,45.14709263954174,200,200,1.0,1.0
amc_max,AMC-max,56.0,0.25,50.11831616016806,50.11831616016806,200,200,1.0,1.0
amc_max,AMC-max,56.0,0.275,55.11246539805747,55.11246539805747,200,200,1.0,1.0
amc_max,AMC-max,56.0,0.3,60.12084105021452,60.12084105021452,200,200,1.0,1.0
amc_max,AMC-max,56.0,0.325,65.08931938656546,65.08931938656546,200,200,1.0,1.0
amc_max,AMC-max,56.0,0.35,70.0969376717769,70.0969376717769,200,200,1.0,1.0
amc_max,AMC-max,56.0,0.375,75.07523757194976,75.07523757194976,200,200,1.0,1.0
amc_max,AMC-max,56.0,0.4,80.07166166858337,80.07166166858337,200,200,1.0,1.0
amc_max,AMC-max,56.0,0.425,85.05966709244571,85.05966709244571,200,200,1.0,1.0
amc_max,AMC-max,56.0,0.45,90.0678036075281,90.0678036075281,200,200,1.0,1.0
amc_max,AMC-max,56.0,0.475,95.08147753185472,95.08147753185472,200,200,1.0,1.0
amc_max,AMC-max,56.0,0.5,100.0809152981482,100.0809152981482,200,200,1.0,1.0
amc_max,AMC-max,56.0,0.525,105.04761921068042,105.04761921068042,200,200,1.0,1.0
amc_max,AMC-max,56.0,0.55,110.06680374385475,110.06680374385475,200,200,1.0,1.0
amc_max,AMC-max,56.0,0.575,115.04488451141236,115.04488451141236,200,200,1.0,1.0
amc_max,AMC-max,56.0,0.6,120.03310001904904,120.03310001904904,200,200,1.0,1.0
amc_max,AMC-max,56.0,0.625,125.03567684461707,124.41146632262006,200,199,0.995,0.9950077406885018
amc_max,AMC-max,56.0,0.65,130.04489468897717,128.09500780886225,200,197,0.985,0.9850060482206674
amc_max,AMC-max,56.0,0.675,135.04538903118004,129.64605198237052,200,192,0.96,0.9600183531807748
amc_max,AMC-max,56.0,0.7,140.05644550840242,134.45245553547335,200,192,0.96,0.9599876324678476
amc_max,AMC-max,56.0,0.725,145.04323569961437,131.99240930472186,200,182,0.91,0.9100211303757669
amc_max,AMC-max,56.0,0.75,150.05217458974116,127.54225166251706,200,170,0.85,0.8499860266019559
amc_max,AMC-max,56.0,0.775,155.0419440558785,120.16281042118393,200,155,0.775,0.7750342086646964
amc_max,AMC-max,56.0,0.8,160.0542158463167,116.83620178192618,200,146,0.73,0.7299789084850582
amc_max,AMC-max,56.0,0.825,165.028548678595,94.89234910161743,200,115,0.575,0.5750056572722282
amc_max,AMC-max,56.0,0.85,170.05294762312934,92.6787118493049,200,109,0.545,0.5449991496454333
amc_max,AMC-max,56.0,0.875,175.00789920513188,72.63151622611731,200,83,0.415,0.41501850234190735
amc_max,AMC-max,56.0,0.9,180.03176834214045,53.10958570903831,200,59,0.295,0.2950011889463113
amc_max,AMC-max,56.0,0.925,185.02588574447452,13.875430488023694,200,15,0.075,0.07499183388418429
amc_max,AMC-max,56.0,0.95,190.03987473199658,0.0,200,0,0.0,0.0
amc_max,AMC-max,56.0,0.975,195.01711132417606,0.0,200,0,0.0,0.0
amc_max,AMC-max,72.0,0.025,6.274057721884532,6.274057721884532,200,200,1.0,1.0
amc_max,AMC-max,72.0,0.05,10.790828879563664,10.790828879563664,200,200,1.0,1.0
amc_max,AMC-max,72.0,0.075,15.560634474149792,15.560634474149792,200,200,1.0,1.0
amc_max,AMC-max,72.0,0.1,20.432398891358485,20.432398891358485,200,200,1.0,1.0
amc_max,AMC-max,72.0,0.125,25.362724522238405,25.362724522238405,200,200,1.0,1.0
amc_max,AMC-max,72.0,0.15,30.298546440295862,30.298546440295862,200,200,1.0,1.0
amc_max,AMC-max,72.0,0.175,35.30113099119243,35.30113099119243,200,200,1.0,1.0
amc_max,AMC-max,72.0,0.2,40.23508459580066,40.23508459580066,200,200,1.0,1.0
amc_max,AMC-max,72.0,0.225,45.220529471762156,45.220529471762156,200,200,1.0,1.0
amc_max,AMC-max,72.0,0.25,50.195430278907025,50.195430278907025,200,200,1.0,1.0
amc_max,AMC-max,72.0,0.275,55.169778502893855,55.169778502893855,200,200,1.0,1.0
amc_max,AMC-max,72.0,0.3,60.17218680245704,60.17218680245704,200,200,1.0,1.0
amc_max,AMC-max,72.0,0.325,65.17038526472379,65.17038526472379,200,200,1.0,1.0
amc_max,AMC-max,72.0,0.35,70.13826457088292,70.13826457088292,200,200,1.0,1.0
amc_max,AMC-max,72.0,0.375,75.13213321332574,75.13213321332574,200,200,1.0,1.0
amc_max,AMC-max,72.0,0.4,80.11839241454675,80.11839241454675,200,200,1.0,1.0
amc_max,AMC-max,72.0,0.425,85.12402162900474,85.12402162900474,200,200,1.0,1.0
amc_max,AMC-max,72.0,0.45,90.12904772510417,90.12904772510417,200,200,1.0,1.0
amc_max,AMC-max,72.0,0.475,95.09055516652009,95.09055516652009,200,200,1.0,1.0
amc_max,AMC-max,72.0,0.5,100.09153680596563,100.09153680596563,200,200,1.0,1.0
amc_max,AMC-max,72.0,0.525,105.1276091669842,105.1276091669842,200,200,1.0,1.0
amc_max,AMC-max,72.0,0.55,110.10752601241494,110.10752601241494,200,200,1.0,1.0
amc_max,AMC-max,72.0,0.575,115.08346926296889,115.08346926296889,200,200,1.0,1.0
amc_max,AMC-max,72.0,0.6,120.07809447877501,120.07809447877501,200,200,1.0,1.0
amc_max,AMC-max,72.0,0.625,125.06953476290916,123.81792281006696,200,198,0.99,0.9899926712351266
amc_max,AMC-max,72.0,0.65,130.08467982567217,126.83119005115142,200,195,0.975,0.9749894470364936
amc_max,AMC-max,72.0,0.675,135.0960680843974,134.4211403466344,200,199,0.995,0.9950040904422077
amc_max,AMC-max,72.0,0.7,140.064868314675,132.36293538728287,200,189,0.945,0.9450116719483955
amc_max,AMC-max,72.0,0.725,145.0685924661275,137.81627762803384,200,190,0.95,0.9500076845386982
amc_max,AMC-max,72.0,0.75,150.07082241598587,124.56069191410027,200,166,0.83,0.8300127227185222
amc_max,AMC-max,72.0,0.775,155.06895019390933,134.9125412180305,200,174,0.87,0.8700164736352841
amc_max,AMC-max,72.0,0.8,160.0621628456978,113.65323061833304,200,142,0.71,0.7100568216605718
amc_max,AMC-max,72.0,0.825,165.05622526916258,104.80268142989713,200,127,0.635,0.6349514007059835
amc_max,AMC-max,72.0,0.85,170.08146953517695,90.9990006763682,200,107,0.535,0.5350318345970512
amc_max,AMC-max,72.0,0.875,175.05241094638026,71.76662745574856,200,82,0.41,0.40997223098933017
amc_max,AMC-max,72.0,0.9,180.04412385651656,43.21310475635488,200,48,0.24,0.240013968969034
amc_max,AMC-max,72.0,0.925,185.05867407077267,9.255047455265942,200,10,0.05,0.05001142206242384
amc_max,AMC-max,72.0,0.95,190.0580087899835,0.0,200,0,0.0,0.0
amc_max,AMC-max,72.0,0.975,195.05790423699764,0.0,200,0,0.0,0.0
amc_max,AMC-max,88.0,0.025,6.797439453604307,6.797439453604307,200,200,1.0,1.0
amc_max,AMC-max,88.0,0.05,11.11788710175376,11.11788710175376,200,200,1.0,1.0
amc_max,AMC-max,88.0,0.075,15.853387587864498,15.853387587864498,200,200,1.0,1.0
amc_max,AMC-max,88.0,0.1,20.643566020778902,20.643566020778902,200,200,1.0,1.0
amc_max,AMC-max,88.0,0.125,25.526642371086243,25.526642371086243,200,200,1.0,1.0
amc_max,AMC-max,88.0,0.15,30.472786143780105,30.472786143780105,200,200,1.0,1.0
amc_max,AMC-max,88.0,0.175,35.383816656856126,35.383816656856126,200,200,1.0,1.0
amc_max,AMC-max,88.0,0.2,40.362934527672046,40.362934527672046,200,200,1.0,1.0
amc_max,AMC-max,88.0,0.225,45.345767628333,45.345767628333,200,200,1.0,1.0
amc_max,AMC-max,88.0,0.25,50.28499590115623,50.28499590115623,200,200,1.0,1.0
amc_max,AMC-max,88.0,0.275,55.25069249110066,55.25069249110066,200,200,1.0,1.0
amc_max,AMC-max,88.0,0.3,60.28332064344885,60.28332064344885,200,200,1.0,1.0
amc_max,AMC-max,88.0,0.325,65.22053486544233,65.22053486544233,200,200,1.0,1.0
amc_max,AMC-max,88.0,0.35,70.2256085527227,70.2256085527227,200,200,1.0,1.0
amc_max,AMC-max,88.0,0.375,75.20086452723194,75.20086452723194,200,200,1.0,1.0
amc_max,AMC-max,88.0,0.4,80.19612939092762,80.19612939092762,200,200,1.0,1.0
amc_max,AMC-max,88.0,0.425,85.1554184079999,85.1554184079999,200,200,1.0,1.0
amc_max,AMC-max,88.0,0.45,90.16545737594474,90.16545737594474,200,200,1.0,1.0
amc_max,AMC-max,88.0,0.475,95.14339189988117,95.14339189988117,200,200,1.0,1.0
amc_max,AMC-max,88.0,0.5,100.13808048159754,100.13808048159754,200,200,1.0,1.0
amc_max,AMC-max,88.0,0.525,105.15618843103834,105.15618843103834,200,200,1.0,1.0
amc_max,AMC-max,88.0,0.55,110.12041904458015,110.12041904458015,200,200,1.0,1.0
amc_max,AMC-max,88.0,0.575,115.14247068911574,115.14247068911574,200,200,1.0,1.0
amc_max,AMC-max,88.0,0.6,120.10783343397894,120.10783343397894,200,200,1.0,1.0
amc_max,AMC-max,88.0,0.625,125.11081894009679,125.11081894009679,200,200,1.0,1.0
amc_max,AMC-max,88.0,0.65,130.10557194138323,130.10557194138323,200,200,1.0,1.0
amc_max,AMC-max,88.0,0.675,135.09684589634898,135.09684589634898,200,200,1.0,1.0
amc_max,AMC-max,88.0,0.7,140.09707362059152,135.19782781678782,200,193,0.965,0.9650296349724495
amc_max,AMC-max,88.0,0.725,145.08708895836764,137.1045764774092,200,189,0.945,0.9449812347999552
amc_max,AMC-max,88.0,0.75,150.083001426769,132.8260123674541,200,177,0.885,0.8850170312742899
amc_max,AMC-max,88.0,0.775,155.1183069836774,133.40634161279598,200,172,0.86,0.8600296393567131
amc_max,AMC-max,88.0,0.8,160.08975262581927,116.86579697797204,200,146,0.73,0.7300017337844517
amc_max,AMC-max,88.0,0.825,165.06918576329778,103.99332759842505,200,126,0.63,0.6299984283411144
amc_max,AMC-max,88.0,0.85,170.0665053697136,93.53389430720857,200,110,0.55,0.5499842200195266
amc_max,AMC-max,88.0,0.875,175.09484430810082,74.41494041549072,200,85,0.425,0.42499789590919373
amc_max,AMC-max,88.0,0.9,180.09655677788123,36.91462990391473,200,41,0.205,0.2049713251844271
amc_max,AMC-max,88.0,0.925,185.0742730955156,3.7009463420631667,200,4,0.02,0.01999708700816095
amc_max,AMC-max,88.0,0.95,190.09994712530928,0.0,200,0,0.0,0.0
amc_max,AMC-max,88.0,0.975,195.07415500036274,0.0,200,0,0.0,0.0
amc_rtb,AMC-rtb,8.0,0.025,5.024665051583793,5.024665051583793,200,200,1.0,1.0
amc_rtb,AMC-rtb,8.0,0.05,10.005838721274808,10.005838721274808,200,200,1.0,1.0
amc_rtb,AMC-rtb,8.0,0.075,15.009759010999712,15.009759010999712,200,200,1.0,1.0
amc_rtb,AMC-rtb,8.0,0.1,20.00367470925149,20.00367470925149,200,200,1.0,1.0
amc_rtb,AMC-rtb,8.0,0.125,25.003683676282105,25.003683676282105,200,200,1.0,1.0
amc_rtb,AMC-rtb,8.0,0.15,30.009808719248486,30.009808719248486,200,200,1.0,1.0
amc_rtb,AMC-rtb,8.0,0.175,34.99845917233918,34.99845917233918,200,200,1.0,1.0
amc_rtb,AMC-rtb,8.0,0.2,40.00273332950032,40.00273332950032,200,200,1.0,1.0
amc_rtb,AMC-rtb,8.0,0.225,45.00375974680196,45.00375974680196,200,200,1.0,1.0
amc_rtb,AMC-rtb,8.0,0.25,50.008963550275524,50.008963550275524,200,200,1.0,1.0
amc_rtb,AMC-rtb,8.0,0.275,55.00154474616041,55.00154474616041,200,200,1.0,1.0
amc_rtb,AMC-rtb,8.0,0.3,60.005270244893815,60.005270244893815,200,200,1.0,1.0
amc_rtb,AMC-rtb,8.0,0.325,64.99995749209297,64.99995749209297,200,200,1.0,1.0
amc_rtb,AMC-rtb,8.0,0.35,69.99902527296116,69.99902527296116,200,200,1.0,1.0
amc_rtb,AMC-rtb,8.0,0.375,75.00775725714006,75.00775725714006,200,200,1.0,1.0
amc_rtb,AMC-rtb,8.0,0.4,80.00143911366278,80.00143911366278,200,200,1.0,1.0
amc_rtb,AMC-rtb,8.0,0.425,85.00040657009436,85.00040657009436,200,200,1.0,1.0
amc_rtb,AMC-rtb,8.0,0.45,90.00234645289902,90.00234645289902,200,200,1.0,1.0
amc_rtb,AMC-rtb,8.0,0.475,95.00068445681188,94.52575297836653,200,199,0.995,0.9950007572981091
amc_rtb,AMC-rtb,8.0,0.5,99.99743245891499,96.99710149936924,200,194,0.97,0.9699959200374623
amc_rtb,AMC-rtb,8.0,0.525,104.99583801363,101.32095653500326,200,193,0.965,0.9649997414359445
amc_rtb,AMC-rtb,8.0,0.55,109.99981894944561,100.65128785580912,200,183,0.915,0.9150132138132614
amc_rtb,AMC-rtb,8.0,0.575,115.00528806673842,97.75598248053048,200,170,0.85,0.8500129352643503
amc_rtb,AMC-rtb,8.0,0.6,120.00466818941574,105.60423225851581,200,176,0.88,0.880001035391638
amc_rtb,AMC-rtb,8.0,0.625,124.98734261541127,96.86806454240595,200,155,0.775,0.7750229944520948
amc_rtb,AMC-rtb,8.0,0.65,129.9961177261602,95.54802940057213,200,147,0.735,0.7350067915246995
amc_rtb,AMC-rtb,8.0,0.675,135.00269360387634,101.92730241731667,200,151,0.755,0.7550019906742811
amc_rtb,AMC-rtb,8.0,0.7,140.0028971451819,94.50064727483347,200,135,0.675,0.6749906552064923
amc_rtb,AMC-rtb,8.0,0.725,144.9975116865508,92.0722847079659,200,127,0.635,0.634992170810515
amc_rtb,AMC-rtb,8.0,0.75,150.0063950339605,92.25380355627331,200,123,0.615,0.6149991374393581
amc_rtb,AMC-rtb,8.0,0.775,155.00190084898375,86.02812037365001,200,111,0.555,0.5550133250137754
amc_rtb,AMC-rtb,8.0,0.8,159.99428518820525,86.39807977595439,200,108,0.54,0.5400072863497729
amc_rtb,AMC-rtb,8.0,0.825,164.99677079888647,79.19864434084336,200,96,0.48,0.4800011779465556
amc_rtb,AMC-rtb,8.0,0.85,170.00155017353185,73.95030366831341,200,87,0.435,0.43499781968357015
amc_rtb,AMC-rtb,8.0,0.875,175.00089893790636,71.74705272276768,200,82,0.41,0.40998105243005006
amc_rtb,AMC-rtb,8.0,0.9,179.9945391952204,72.89685394561464,200,81,0.405,0.4049948085733389
amc_rtb,AMC-rtb,8.0,0.925,184.99475956404584,43.47387766074126,200,47,0.235,0.23500059008801516
amc_rtb,AMC-rtb,8.0,0.95,189.9997599666717,24.699500886651265,200,26,0.13,0.12999753731785693
amc_rtb,AMC-rtb,8.0,0.975,194.99422454044145,7.800007724853042,200,8,0.04,0.040001224360546817
amc_rtb,AMC-rtb,24.0,0.025,5.193363442615399,5.193363442615399,200,200,1.0,1.0
amc_rtb,AMC-rtb,24.0,0.05,10.091269336004473,10.091269336004473,200,200,1.0,1.0
amc_rtb,AMC-rtb,24.0,0.075,15.070468488711633,15.070468488711633,200,200,1.0,1.0
amc_rtb,AMC-rtb,24.0,0.1,20.049684653655802,20.049684653655802,200,200,1.0,1.0
amc_rtb,AMC-rtb,24.0,0.125,25.045968767150473,25.045968767150473,200,200,1.0,1.0
amc_rtb,AMC-rtb,24.0,0.15,30.032348293729537,30.032348293729537,200,200,1.0,1.0
amc_rtb,AMC-rtb,24.0,0.175,35.03481563168826,35.03481563168826,200,200,1.0,1.0
amc_rtb,AMC-rtb,24.0,0.2,40.01359051469068,40.01359051469068,200,200,1.0,1.0
amc_rtb,AMC-rtb,24.0,0.225,45.02008529167424,45.02008529167424,200,200,1.0,1.0
amc_rtb,AMC-rtb,24.0,0.25,50.02618227286748,50.02618227286748,200,200,1.0,1.0
amc_rtb,AMC-rtb,24.0,0.275,55.02648903660512,55.02648903660512,200,200,1.0,1.0
amc_rtb,AMC-rtb,24.0,0.3,60.0099388609943,60.0099388609943,200,200,1.0,1.0
amc_rtb,AMC-rtb,24.0,0.325,65.021514353842,65.021514353842,200,200,1.0,1.0
amc_rtb,AMC-rtb,24.0,0.35,70.00536788460798,70.00536788460798,200,200,1.0,1.0
amc_rtb,AMC-rtb,24.0,0.375,75.0123631772482,75.0123631772482,200,200,1.0,1.0
amc_rtb,AMC-rtb,24.0,0.4,80.02065099499315,80.02065099499315,200,200,1.0,1.0
amc_rtb,AMC-rtb,24.0,0.425,85.02900547650643,85.02900547650643,200,200,1.0,1.0
amc_rtb,AMC-rtb,24.0,0.45,90.01378176470996,90.01378176470996,200,200,1.0,1.0
amc_rtb,AMC-rtb,24.0,0.475,95.00193603250041,95.00193603250041,200,200,1.0,1.0
amc_rtb,AMC-rtb,24.0,0.5,100.00537159137147,100.00537159137147,200,200,1.0,1.0
amc_rtb,AMC-rtb,24.0,0.525,105.01336964444434,105.01336964444434,200,200,1.0,1.0
amc_rtb,AMC-rtb,24.0,0.55,110.00685699365498,110.00685699365498,200,200,1.0,1.0
amc_rtb,AMC-rtb,24.0,0.575,115.0048395515689,112.70439659703345,200,196,0.98,0.9799969900092429
amc_rtb,AMC-rtb,24.0,0.6,120.00963364024196,115.80958967577126,200,193,0.965,0.9650024432450036
amc_rtb,AMC-rtb,24.0,0.625,124.99607846811647,116.8732948021502,200,187,0.935,0.9350156919679828
amc_rtb,AMC-rtb,24.0,0.65,130.00508445694797,114.40468227775806,200,176,0.88,0.8800015995962367
amc_rtb,AMC-rtb,24.0,0.675,135.00269462118504,118.8037628070442,200,176,0.88,0.8800103075009373
amc_rtb,AMC-rtb,24.0,0.7,140.00375468815457,116.90581528422585,200,167,0.835,0.8350191431981432
amc_rtb,AMC-rtb,24.0,0.725,145.0206546092933,114.56948529506788,200,158,0.79,0.7900218462241444
amc_rtb,AMC-rtb,24.0,0.75,150.01476045873474,104.25945301692875,200,139,0.695,0.694994630515761
amc_rtb,AMC-rtb,24.0,0.775,155.01468349082893,110.05586159021499,200,142,0.71,0.7099705596387982
amc_rtb,AMC-rtb,24.0,0.8,160.02191835398423,86.41249171130943,200,108,0.54,0.5400040981895773
amc_rtb,AMC-rtb,24.0,0.825,164.99640424838228,90.74519978463184,200,110,0.55,0.5499828932515756
amc_rtb,AMC-rtb,24.0,0.85,170.01936756613347,75.66610634503002,200,89,0.445,0.4450440407361103
amc_rtb,AMC-rtb,24.0,0.875,175.00775202538244,58.62865803813684,200,67,0.335,0.3350060632150373
amc_rtb,AMC-rtb,24.0,0.9,180.00761281162778,38.702611216120296,200,43,0.215,0.2150054134467154
amc_rtb,AMC-rtb,24.0,0.925,184.994819170467,20.3468237635205,200,22,0.11,0.10998591125285262
amc_rtb,AMC-rtb,24.0,0.95,190.0118467473441,4.750768961767143,200,5,0.025,0.025002488229505865
amc_rtb,AMC-rtb,24.0,0.975,195.00368853052737,0.9745333130301415,200,1,0.005,0.004997512202840105
amc_rtb,AMC-rtb,40.0,0.025,5.481757610516888,5.481757610516888,200,200,1.0,1.0
amc_rtb,AMC-rtb,40.0,0.05,10.279778118937044,10.279778118937044,200,200,1.0,1.0
amc_rtb,AMC-rtb,40.0,0.075,15.18141877011241,15.18141877011241,200,200,1.0,1.0
amc_rtb,AMC-rtb,40.0,0.1,20.144633353698545,20.144633353698545,200,200,1.0,1.0
amc_rtb,AMC-rtb,40.0,0.125,25.124319727343043,25.124319727343043,200,200,1.0,1.0
amc_rtb,AMC-rtb,40.0,0.15,30.103522518337602,30.103522518337602,200,200,1.0,1.0
amc_rtb,AMC-rtb,40.0,0.175,35.06510996172969,35.06510996172969,200,200,1.0,1.0
amc_rtb,AMC-rtb,40.0,0.2,40.074430836587624,40.074430836587624,200,200,1.0,1.0
amc_rtb,AMC-rtb,40.0,0.225,45.063409159860065,45.063409159860065,200,200,1.0,1.0
amc_rtb,AMC-rtb,40.0,0.25,50.05939015633336,50.05939015633336,200,200,1.0,1.0
amc_rtb,AMC-rtb,40.0,0.275,55.063004835932894,55.063004835932894,200,200,1.0,1.0
amc_rtb,AMC-rtb,40.0,0.3,60.0453528130648,60.0453528130648,200,200,1.0,1.0
amc_rtb,AMC-rtb,40.0,0.325,65.03812492041287,65.03812492041287,200,200,1.0,1.0
amc_rtb,AMC-rtb,40.0,0.35,70.0414852000571,70.0414852000571,200,200,1.0,1.0
amc_rtb,AMC-rtb,40.0,0.375,75.04109019978124,75.04109019978124,200,200,1.0,1.0
amc_rtb,AMC-rtb,40.0,0.4,80.04456918621763,80.04456918621763,200,200,1.0,1.0
amc_rtb,AMC-rtb,40.0,0.425,85.04432595178719,85.04432595178719,200,200,1.0,1.0
amc_rtb,AMC-rtb,40.0,0.45,90.03353794549389,90.03353794549389,200,200,1.0,1.0
amc_rtb,AMC-rtb,40.0,0.475,95.02482380908893,95.02482380908893,200,200,1.0,1.0
amc_rtb,AMC-rtb,40.0,0.5,100.02277208838866,100.02277208838866,200,200,1.0,1.0
amc_rtb,AMC-rtb,40.0,0.525,105.0430634091767,105.0430634091767,200,200,1.0,1.0
amc_rtb,AMC-rtb,40.0,0.55,110.04302751603419,110.04302751603419,200,200,1.0,1.0
amc_rtb,AMC-rtb,40.0,0.575,115.03174324954855,114.45550040280558,200,199,0.995,0.9949905753797639
amc_rtb,AMC-rtb,40.0,0.6,120.01097058913588,119.41017478501277,200,199,0.995,0.9949938259712942
amc_rtb,AMC-rtb,40.0,0.625,125.0237058364303,120.6495393100334,200,193,0.965,0.9650133029001744
amc_rtb,AMC-rtb,40.0,0.65,130.0057712374417,120.25520650959038,200,185,0.925,0.9249989855447036
amc_rtb,AMC-rtb,40.0,0.675,135.01716493567747,128.941165273146,200,191,0.955,0.954998316951581
amc_rtb,AMC-rtb,40.0,0.7,140.02637592321025,119.72993609706982,200,171,0.855,0.8550527377979782
amc_rtb,AMC-rtb,40.0,0.725,145.00316489217354,116.7277864278207,200,161,0.805,0.8050016460993881
amc_rtb,AMC-rtb,40.0,0.75,150.01928276050242,114.00937642200178,200,152,0.76,0.7599648146832665
amc_rtb,AMC-rtb,40.0,0.775,155.02604265541356,103.0855924315988,200,133,0.665,0.6649566141653621
amc_rtb,AMC-rtb,40.0,0.8,160.0185736180913,100.80130704472725,200,126,0.63,0.6299350429488575
amc_rtb,AMC-rtb,40.0,0.825,165.00890262837234,89.93582389706408,200,109,0.545,0.5450361917721167
amc_rtb,AMC-rtb,40.0,0.85,170.0206973902949,56.95550243235031,200,67,0.335,0.33499158224015985
amc_rtb,AMC-rtb,40.0,0.875,175.02823883571327,65.63427470297631,200,75,0.375,0.37499248772412436
amc_rtb,AMC-rtb,40.0,0.9,180.01919258138116,35.99976811395939,200,40,0.2,0.19997738906469653
amc_rtb,AMC-rtb,40.0,0.925,185.00649877596666,12.951339260312617,200,14,0.07,0.0700047800807042
amc_rtb,AMC-rtb,40.0,0.95,190.01224511890987,0.9503223866426825,200,1,0.005,0.005001374443252169
amc_rtb,AMC-rtb,40.0,0.975,195.01954216282476,0.0,200,0,0.0,0.0
amc_rtb,AMC-rtb,56.0,0.025,5.866232379188161,5.866232379188161,200,200,1.0,1.0
amc_rtb,AMC-rtb,56.0,0.05,10.506530888662596,10.506530888662596,200,200,1.0,1.0
amc_rtb,AMC-rtb,56.0,0.075,15.389295538096437,15.389295538096437,200,200,1.0,1.0
amc_rtb,AMC-rtb,56.0,0.1,20.28143714302987,20.28143714302987,200,200,1.0,1.0
amc_rtb,AMC-rtb,56.0,0.125,25.248226012389424,25.248226012389424,200,200,1.0,1.0
amc_rtb,AMC-rtb,56.0,0.15,30.220632644646013,30.220632644646013,200,200,1.0,1.0
amc_rtb,AMC-rtb,56.0,0.175,35.18650647092919,35.18650647092919,200,200,1.0,1.0
amc_rtb,AMC-rtb,56.0,0.2,40.146037374074005,40.146037374074005,200,200,1.0,1.0
amc_rtb,AMC-rtb,56.0,0.225,45.14709263954174,45.14709263954174,200,200,1.0,1.0
amc_rtb,AMC-rtb,56.0,0.25,50.11831616016806,50.11831616016806,200,200,1.0,1.0
amc_rtb,AMC-rtb,56.0,0.275,55.11246539805747,55.11246539805747,200,200,1.0,1.0
amc_rtb,AMC-rtb,56.0,0.3,60.12084105021452,60.12084105021452,200,200,1.0,1.0
amc_rtb,AMC-rtb,56.0,0.325,65.08931938656546,65.08931938656546,200,200,1.0,1.0
amc_rtb,AMC-rtb,56.0,0.35,70.0969376717769,70.0969376717769,200,200,1.0,1.0
amc_rtb,AMC-rtb,56.0,0.375,75.07523757194976,75.07523757194976,200,200,1.0,1.0
amc_rtb,AMC-rtb,56.0,0.4,80.07166166858337,80.07166166858337,200,200,1.0,1.0
amc_rtb,AMC-rtb,56.0,0.425,85.05966709244571,85.05966709244571,200,200,1.0,1.0
amc_rtb,AMC-rtb,56.0,0.45,90.0678036075281,90.0678036075281,200,200,1.0,1.0
amc_rtb,AMC-rtb,56.0,0.475,95.08147753185472,95.08147753185472,200,200,1.0,1.0
amc_rtb,AMC-rtb,56.0,0.5,100.0809152981482,100.0809152981482,200,200,1.0,1.0
amc_rtb,AMC-rtb,56.0,0.525,105.04761921068042,105.04761921068042,200,200,1.0,1.0
amc_rtb,AMC-rtb,56.0,0.55,110.06680374385475,110.06680374385475,200,200,1.0,1.0
amc_rtb,AMC-rtb,56.0,0.575,115.04488451141236,115.04488451141236,200,200,1.0,1.0
amc_rtb,AMC-rtb,56.0,0.6,120.03310001904904,119.43235790258859,200,199,0.995,0.9949951961886754
amc_rtb,AMC-rtb,56.0,0.625,125.03567684461707,123.16186093953138,200,197,0.985,0.9850137500561995
amc_rtb,AMC-rtb,56.0,0.65,130.04489468897717,126.14345625915088,200,194,0.97,0.969999295711245
amc_rtb,AMC-rtb,56.0,0.675,135.04538903118004,128.29561917200084,200,190,0.95,0.9500185092760126
amc_rtb,AMC-rtb,56.0,0.7,140.05644550840242,124.64820635307971,200,178,0.89,0.8899855047770842
amc_rtb,AMC-rtb,56.0,0.725,145.04323569961437,123.29581969105487,200,170,0.85,0.8500625285718353
amc_rtb,AMC-rtb,56.0,0.75,150.05217458974116,118.54216670595483,200,158,0.79,0.7900063230010622
amc_rtb,AMC-rtb,56.0,0.775,155.0419440558785,108.52877057209031,200,140,0.7,0.6999961928558865
amc_rtb,AMC-rtb,56.0,0.8,160.0542158463167,105.63220754627582,200,132,0.66,0.6599776643665753
amc_rtb,AMC-rtb,56.0,0.825,165.028548678595,83.34068815853074,200,101,0.505,0.5050077021572961
amc_rtb,AMC-rtb,56.0,0.85,170.05294762312934,77.36981951940433,200,91,0.455,0.45497488047587986
amc_rtb,AMC-rtb,56.0,0.875,175.00789920513188,59.50504539208349,200,68,0.34,0.3400134831761844
amc_rtb,AMC-rtb,56.0,0.9,180.03176834214045,38.70652752306963,200,43,0.215,0.214998318793992
amc_rtb,AMC-rtb,56.0,0.925,185.02588574447452,9.246480795044842,200,10,0.05,0.04997398476348584
amc_rtb,AMC-rtb,56.0,0.95,190.03987473199658,0.0,200,0,0.0,0.0
amc_rtb,AMC-rtb,56.0,0.975,195.01711132417606,0.0,200,0,0.0,0.0
amc_rtb,AMC-rtb,72.0,0.025,6.274057721884532,6.274057721884532,200,200,1.0,1.0
amc_rtb,AMC-rtb,72.0,0.05,10.790828879563664,10.790828879563664,200,200,1.0,1.0
amc_rtb,AMC-rtb,72.0,0.075,15.560634474149792,15.560634474149792,200,200,1.0,1.0
amc_rtb,AMC-rtb,72.0,0.1,20.432398891358485,20.432398891358485,200,200,1.0,1.0
amc_rtb,AMC-rtb,72.0,0.125,25.362724522238405,25.362724522238405,200,200,1.0,1.0
amc_rtb,AMC-rtb,72.0,0.15,30.298546440295862,30.298546440295862,200,200,1.0,1.0
amc_rtb,AMC-rtb,72.0,0.175,35.30113099119243,35.30113099119243,200,200,1.0,1.0
amc_rtb,AMC-rtb,72.0,0.2,40.23508459580066,40.23508459580066,200,200,1.0,1.0
amc_rtb,AMC-rtb,72.0,0.225,45.220529471762156,45.220529471762156,200,200,1.0,1.0
amc_rtb,AMC-rtb,72.0,0.25,50.195430278907025,50.195430278907025,200,200,1.0,1.0
amc_rtb,AMC-rtb,72.0,0.275,55.169778502893855,55.169778502893855,200,200,1.0,1.0
amc_rtb,AMC-rtb,72.0,0.3,60.17218680245704,60.17218680245704,200,200,1.0,1.0
amc_rtb,AMC-rtb,72.0,0.325,65.17038526472379,65.17038526472379,200,200,1.0,1.0
amc_rtb,AMC-rtb,72.0,0.35,70.13826457088292,70.13826457088292,200,200,1.0,1.0
amc_rtb,AMC-rtb,72.0,0.375,75.13213321332574,75.13213321332574,200,200,1.0,1.0
amc_rtb,AMC-rtb,72.0,0.4,80.11839241454675,80.11839241454675,200,200,1.0,1.0
amc_rtb,AMC-rtb,72.0,0.425,85.12402162900474,85.12402162900474,200,200,1.0,1.0
amc_rtb,AMC-rtb,72.0,0.45,90.12904772510417,90.12904772510417,200,200,1.0,1.0
amc_rtb,AMC-rtb,72.0,0.475,95.09055516652009,95.09055516652009,200,200,1.0,1.0
amc_rtb,AMC-rtb,72.0,0.5,100.09153680596563,100.09153680596563,200,200,1.0,1.0
amc_rtb,AMC-rtb,72.0,0.525,105.1276091669842,105.1276091669842,200,200,1.0,1.0
amc_rtb,AMC-rtb,72.0,0.55,110.10752601241494,110.10752601241494,200,200,1.0,1.0
amc_rtb,AMC-rtb,72.0,0.575,115.08346926296889,115.08346926296889,200,200,1.0,1.0
amc_rtb,AMC-rtb,72.0,0.6,120.07809447877501,120.07809447877501,200,200,1.0,1.0
amc_rtb,AMC-rtb,72.0,0.625,125.06953476290916,123.81792281006696,200,198,0.99,0.9899926712351266
amc_rtb,AMC-rtb,72.0,0.65,130.08467982567217,125.53126380406434,200,193,0.965,0.9649965235897885
amc_rtb,AMC-rtb,72.0,0.675,135.0960680843974,134.4211403466344,200,199,0.995,0.9950040904422077
amc_rtb,AMC-rtb,72.0,0.7,140.064868314675,129.56317708005756,200,185,0.925,0.9250226601361309
amc_rtb,AMC-rtb,72.0,0.725,145.0685924661275,132.74083941486776,200,183,0.915,0.9150212127815455
amc_rtb,AMC-rtb,72.0,0.75,150.07082241598587,117.0576084407504,200,156,0.78,0.7800157722616783
amc_rtb,AMC-rtb,72.0,0.775,155.06895019390933,123.2778381741093,200,159,0.795,0.7949872493491048
amc_rtb,AMC-rtb,72.0,0.8,160.0621628456978,98.44626122042762,200,123,0.615,0.61505017469576
amc_rtb,AMC-rtb,72.0,0.825,165.05622526916258,80.04565700716611,200,97,0.485,0.48495993941841964
amc_rtb,AMC-rtb,72.0,0.85,170.08146953517695,73.133059525559,200,86,0.43,0.4299884033541545
amc_rtb,AMC-rtb,72.0,0.875,175.05241094638026,56.882254623027855,200,65,0.325,0.3249441371044657
amc_rtb,AMC-rtb,72.0,0.9,180.04412385651656,27.905865741810835,200,31,0.155,0.15499459323676673
amc_rtb,AMC-rtb,72.0,0.925,185.05867407077267,4.6275065434647304,200,5,0.025,0.025005618173266582
amc_rtb,AMC-rtb,72.0,0.95,190.0580087899835,0.0,200,0,0.0,0.0
amc_rtb,AMC-rtb,72.0,0.975,195.05790423699764,0.0,200,0,0.0,0.0
amc_rtb,AMC-rtb,88.0,0.025,6.797439453604307,6.797439453604307,200,200,1.0,1.0
amc_rtb,AMC-rtb,88.0,0.05,11.11788710175376,11.11788710175376,200,200,1.0,1.0
amc_rtb,AMC-rtb,88.0,0.075,15.853387587864498,15.853387587864498,200,200,1.0,1.0
amc_rtb,AMC-rtb,88.0,0.1,20.643566020778902,20.643566020778902,200,200,1.0,1.0
amc_rtb,AMC-rtb,88.0,0.125,25.526642371086243,25.526642371086243,200,200,1.0,1.0
amc_rtb,AMC-rtb,88.0,0.15,30.472786143780105,30.472786143780105,200,200,1.0,1.0
amc_rtb,AMC-rtb,88.0,0.175,35.383816656856126,35.383816656856126,200,200,1.0,1.0
amc_rtb,AMC-rtb,88.0,0.2,40.362934527672046,40.362934527672046,200,200,1.0,1.0
amc_rtb,AMC-rtb,88.0,0.225,45.345767628333,45.345767628333,200,200,1.0,1.0
amc_rtb,AMC-rtb,88.0,0.25,50.28499590115623,50.28499590115623,200,200,1.0,1.0
amc_rtb,AMC-rtb,88.0,0.275,55.25069249110066,55.25069249110066,200,200,1.0,1.0
amc_rtb,AMC-rtb,88.0,0.3,60.28332064344885,60.28332064344885,200,200,1.0,1.0
amc_rtb,AMC-rtb,88.0,0.325,65.22053486544233,65.22053486544233,200,200,1.0,1.0
amc_rtb,AMC-rtb,88.0,0.35,70.2256085527227,70.2256085527227,200,200,1.0,1.0
amc_rtb,AMC-rtb,88.0,0.375,75.20086452723194,75.20086452723194,200,200,1.0,1.0
amc_rtb,AMC-rtb,88.0,0.4,80.19612939092762,80.19612939092762,200,200,1.0,1.0
amc_rtb,AMC-rtb,88.0,0.425,85.1554184079999,85.1554184079999,200,200,1.0,1.0
amc_rtb,AMC-rtb,88.0,0.45,90.16545737594474,90.16545737594474,200,200,1.0,1.0
amc_rtb,AMC-rtb,88.0,0.475,95.14339189988117,95.14339189988117,200,200,1.0,1.0
amc_rtb,AMC-rtb,88.0,0.5,100.13808048159754,100.13808048159754,200,200,1.0,1.0
amc_rtb,AMC-rtb,88.0,0.525,105.15618843103834,105.15618843103834,200,200,1.0,1.0
amc_rtb,AMC-rtb,88.0,0.55,110.12041904458015,110.12041904458015,200,200,1.0,1.0
amc_rtb,AMC-rtb,88.0,0.575,115.14247068911574,115.14247068911574,200,200,1.0,1.0
amc_rtb,AMC-rtb,88.0,0.6,120.10783343397894,120.10783343397894,200,200,1.0,1.0
amc_rtb,AMC-rtb,88.0,0.625,125.11081894009679,125.11081894009679,200,200,1.0,1.0
amc_rtb,AMC-rtb,88.0,0.65,130.10557194138323,128.8054585752941,200,198,0.99,0.9900072429897554
amc_rtb,AMC-rtb,88.0,0.675,135.09684589634898,134.42105484073053,200,199,0.995,0.994997728843078
amc_rtb,AMC-rtb,88.0,0.7,140.09707362059152,132.39768065220915,200,189,0.945,0.9450424425763971
amc_rtb,AMC-rtb,88.0,0.725,145.08708895836764,131.2979586929459,200,181,0.905,0.9049596324220243
amc_rtb,AMC-rtb,88.0,0.75,150.083001426769,120.81682351656924,200,161,0.805,0.8050000490929695
amc_rtb,AMC-rtb,88.0,0.775,155.1183069836774,122.54817284438926,200,158,0.79,0.790030366030778
amc_rtb,AMC-rtb,88.0,0.8,160.08975262581927,101.6559734072362,200,127,0.635,0.6349936316338659
amc_rtb,AMC-rtb,88.0,0.825,165.06918576329778,85.00416465888028,200,103,0.515,0.5149608284902589
amc_rtb,AMC-rtb,88.0,0.85,170.0665053697136,65.47714213505947,200,77,0.385,0.38500904097909455
amc_rtb,AMC-rtb,88.0,0.875,175.09484430810082,54.27202294664862,200,62,0.31,0.3099578583316271
amc_rtb,AMC-rtb,88.0,0.9,180.09655677788123,25.210725224715354,200,28,0.14,0.1399844931838899
amc_rtb,AMC-rtb,88.0,0.925,185.0742730955156,2.7777581273111176,200,3,0.015,0.015008883087048707
amc_rtb,AMC-rtb,88.0,0.95,190.09994712530928,0.0,200,0,0.0,0.0
amc_rtb,AMC-rtb,88.0,0.975,195.07415500036274,0.0,200,0,0.0,0.0
crmpo_baseline,CrMPO,8.0,0.025,5.024665051583793,4.796771500436203,200,191,0.955,0.9546450263235443
crmpo_baseline,CrMPO,8.0,0.05,10.005838721274808,8.805020319019125,200,176,0.88,0.8799882313011447
crmpo_baseline,CrMPO,8.0,0.075,15.009759010999712,11.104964514333135,200,148,0.74,0.7398496209162987
crmpo_baseline,CrMPO,8.0,0.1,20.00367470925149,14.502112712962356,200,145,0.725,0.7249724325028781
crmpo_baseline,CrMPO,8.0,0.125,25.003683676282105,15.750558924570273,200,126,0.63,0.6299295387227632
crmpo_baseline,CrMPO,8.0,0.15,30.009808719248486,15.305143753149869,200,102,0.51,0.5100047086715701
crmpo_baseline,CrMPO,8.0,0.175,34.99845917233918,20.123504357855055,200,115,0.575,0.5749825801976889
crmpo_baseline,CrMPO,8.0,0.2,40.00273332950032,18.999206307560023,200,95,0.475,0.47494770297480926
crmpo_baseline,CrMPO,8.0,0.225,45.00375974680196,18.67566199837799,200,83,0.415,0.414980039522256
crmpo_baseline,CrMPO,8.0,0.25,50.008963550275524,19.251486658996484,200,77,0.385,0.3849607208844147
crmpo_baseline,CrMPO,8.0,0.275,55.00154474616041,21.171178463149122,200,77,0.385,0.38491970654382496
crmpo_baseline,CrMPO,8.0,0.3,60.005270244893815,22.503444626027363,200,75,0.375,0.37502446925388705
crmpo_baseline,CrMPO,8.0,0.325,64.99995749209297,20.151091862612397,200,62,0.31,0.31001700062748055
crmpo_baseline,CrMPO,8.0,0.35,69.99902527296116,21.002909493658326,200,60,0.3,0.30004574223365954
crmpo_baseline,CrMPO,8.0,0.375,75.00775725714006,18.75121769295718,200,50,0.25,0.24999037937735746
crmpo_baseline,CrMPO,8.0,0.4,80.00143911366278,22.400362690209572,200,56,0.28,0.27999949673885305
crmpo_baseline,CrMPO,8.0,0.425,85.00040657009436,27.62414874194645,200,65,0.325,0.3249884307219942
crmpo_baseline,CrMPO,8.0,0.45,90.00234645289902,18.00114382557522,200,40,0.2,0.20000749463788445
crmpo_baseline,CrMPO,8.0,0.475,95.00068445681188,22.324201131585514,200,47,0.235,0.23498989780157095
crmpo_baseline,CrMPO,8.0,0.5,99.99743245891499,20.00020910493071,200,40,0.2,0.20000722631701578
crmpo_baseline,CrMPO,8.0,0.525,104.99583801363,18.375298835593476,200,35,0.175,0.17500978308500278
crmpo_baseline,CrMPO,8.0,0.55,109.99981894944561,18.151069637090494,200,33,0.165,0.16500999556583337
crmpo_baseline,CrMPO,8.0,0.575,115.00528806673842,17.250605173410836,200,30,0.15,0.14999836497431476
crmpo_baseline,CrMPO,8.0,0.6,120.00466818941574,13.802152120360763,200,23,0.115,0.11501346013119593
crmpo_baseline,CrMPO,8.0,0.625,124.98734261541127,13.126116728124929,200,21,0.105,0.10501956800949254
crmpo_baseline,CrMPO,8.0,0.65,129.9961177261602,11.699886020460974,200,18,0.09,0.09000181101644167
crmpo_baseline,CrMPO,8.0,0.675,135.00269360387634,12.149159086180603,200,18,0.09,0.0899919754329388
crmpo_baseline,CrMPO,8.0,0.7,140.0028971451819,16.101178918268626,200,23,0.115,0.11500604092193772
crmpo_baseline,CrMPO,8.0,0.725,144.9975116865508,11.599931750770537,200,16,0.08,0.08000090219373389
crmpo_baseline,CrMPO,8.0,0.75,150.0063950339605,12.000481182778545,200,16,0.08,0.07999979720905706
crmpo_baseline,CrMPO,8.0,0.775,155.00190084898375,9.30005202172765,200,12,0.06,0.05999959981644718
crmpo_baseline,CrMPO,8.0,0.8,159.99428518820525,9.60094181304999,200,12,0.06,0.0600080296727859
crmpo_baseline,CrMPO,8.0,0.825,164.99677079888647,7.424510091397341,200,9,0.045,0.04499791150729265
crmpo_baseline,CrMPO,8.0,0.85,170.00155017353185,2.5504170749101442,200,3,0.015,0.015002316580682731
crmpo_baseline,CrMPO,8.0,0.875,175.00089893790636,4.375574103931909,200,5,0.025,0.025003152158003746
crmpo_baseline,CrMPO,8.0,0.9,179.9945391952204,0.8999389033132387,200,1,0.005,0.004999812257288391
crmpo_baseline,CrMPO,8.0,0.925,184.99475956404584,0.9246745665357101,200,1,0.005,0.004998382487778442
crmpo_baseline,CrMPO,8.0,0.95,189.9997599666717,0.0,200,0,0.0,0.0
crmpo_baseline,CrMPO,8.0,0.975,194.99422454044145,0.0,200,0,0.0,0.0
crmpo_baseline,CrMPO,24.0,0.025,5.193363442615399,5.0875833777759984,200,196,0.98,0.9796316845512107
crmpo_baseline,CrMPO,24.0,0.05,10.091269336004473,6.951107675483549,200,138,0.69,0.6888239173919188
crmpo_baseline,CrMPO,24.0,0.075,15.070468488711633,7.312408972144014,200,97,0.485,0.48521444291007226
crmpo_baseline,CrMPO,24.0,0.1,20.049684653655802,6.814015571280801,200,68,0.34,0.33985649594934414
crmpo_baseline,CrMPO,24.0,0.125,25.045968767150473,6.007113607331711,200,48,0.24,0.2398435318345704
crmpo_baseline,CrMPO,24.0,0.15,30.032348293729537,6.003842072048353,200,40,0.2,0.19991250811718564
crmpo_baseline,CrMPO,24.0,0.175,35.03481563168826,4.730924907375265,200,27,0.135,0.13503495942750848
crmpo_baseline,CrMPO,24.0,0.2,40.01359051469068,3.8016551870024458,200,19,0.095,0.0950090991111307
crmpo_baseline,CrMPO,24.0,0.225,45.02008529167424,2.252536338020009,200,10,0.05,0.05003403088702234
crmpo_baseline,CrMPO,24.0,0.25,50.02618227286748,3.5005555244954825,200,14,0.07,0.06997446867725635
crmpo_baseline,CrMPO,24.0,0.275,55.02648903660512,1.9244961018827014,200,7,0.035,0.03497399408133189
crmpo_baseline,CrMPO,24.0,0.3,60.0099388609943,1.1999190978142216,200,4,0.02,0.019995339448581805
crmpo_baseline,CrMPO,24.0,0.325,65.021514353842,2.602844530704536,200,8,0.04,0.04003051230920369
crmpo_baseline,CrMPO,24.0,0.35,70.00536788460798,1.749750313074547,200,5,0.025,0.02499451636278399
crmpo_baseline,CrMPO,24.0,0.375,75.0123631772482,0.3751009480916084,200,1,0.005,0.005000521676743804
crmpo_baseline,CrMPO,24.0,0.4,80.02065099499315,0.4003123891887307,200,1,0.005,0.0050026135030290875
crmpo_baseline,CrMPO,24.0,0.425,85.02900547650643,2.1278346166500217,200,5,0.025,0.025024808942848847
crmpo_baseline,CrMPO,24.0,0.45,90.01378176470996,0.0,200,0,0.0,0.0
crmpo_baseline,CrMPO,24.0,0.475,95.00193603250041,0.47499367424817884,200,1,0.005,0.004999831520124834
crmpo_baseline,CrMPO,24.0,0.5,100.00537159137147,1.5000911934129262,200,3,0.015,0.015000106189719463
crmpo_baseline,CrMPO,24.0,0.525,105.01336964444434,0.5251358080821453,200,1,0.005,0.005000656676956059
crmpo_baseline,CrMPO,24.0,0.55,110.00685699365498,0.5502510557117644,200,1,0.005,0.005001970520287676
crmpo_baseline,CrMPO,24.0,0.575,115.0048395515689,0.5748079121545115,200,1,0.005,0.004998119334767334
crmpo_baseline,CrMPO,24.0,0.6,120.00963364024196,0.0,200,0,0.0,0.0
crmpo_baseline,CrMPO,24.0,0.625,124.99607846811647,0.0,200,0,0.0,0.0
crmpo_baseline,CrMPO,24.0,0.65,130.00508445694797,0.6504037644093703,200,1,0.005,0.005002910210213784
crmpo_baseline,CrMPO,24.0,0.675,135.00269462118504,0.0,200,0,0.0,0.0
crmpo_baseline,CrMPO,24.0,0.7,140.00375468815457,0.0,200,0,0.0,0.0
crmpo_baseline,CrMPO,24.0,0.725,145.0206546092933,0.0,200,0,0.0,0.0
crmpo_baseline,CrMPO,24.0,0.75,150.01476045873474,0.0,200,0,0.0,0.0
crmpo_baseline,CrMPO,24.0,0.775,155.01468349082893,0.7758214011371479,200,1,0.005,0.005004825244074685
crmpo_baseline,CrMPO,24.0,0.8,160.02191835398423,0.0,200,0,0.0,0.0
crmpo_baseline,CrMPO,24.0,0.825,164.99640424838228,0.8253115011586575,200,1,0.005,0.005001996891497405
crmpo_baseline,CrMPO,24.0,0.85,170.01936756613347,0.0,200,0,0.0,0.0
crmpo_baseline,CrMPO,24.0,0.875,175.00775202538244,0.0,200,0,0.0,0.0
crmpo_baseline,CrMPO,24.0,0.9,180.00761281162778,0.0,200,0,0.0,0.0
crmpo_baseline,CrMPO,24.0,0.925,184.994819170467,0.0,200,0,0.0,0.0
crmpo_baseline,CrMPO,24.0,0.95,190.0118467473441,0.0,200,0,0.0,0.0
crmpo_baseline,CrMPO,24.0,0.975,195.00368853052737,0.0,200,0,0.0,0.0
crmpo_baseline,CrMPO,40.0,0.025,5.481757610516888,5.426197701598281,200,198,0.99,0.9898645812408754
crmpo_baseline,CrMPO,40.0,0.05,10.279778118937044,6.980756972190203,200,136,0.68,0.6790766193027552
crmpo_baseline,CrMPO,40.0,0.075,15.18141877011241,5.1594702394457626,200,68,0.34,0.33985428618853386
crmpo_baseline,CrMPO,40.0,0.1,20.144633353698545,3.31517600336109,200,33,0.165,0.164568694061261
crmpo_baseline,CrMPO,40.0,0.125,25.124319727343043,3.3873362270443224,200,27,0.135,0.13482300272424297
crmpo_baseline,CrMPO,40.0,0.15,30.103522518337602,1.2027711141277322,200,8,0.04,0.03995449746437688
crmpo_baseline,CrMPO,40.0,0.175,35.06510996172969,1.2252651316170726,200,7,0.035,0.03494257205964378
crmpo_baseline,CrMPO,40.0,0.2,40.074430836587624,1.0021707084926166,200,5,0.025,0.025007734048156288
crmpo_baseline,CrMPO,40.0,0.225,45.063409159860065,0.0,200,0,0.0,0.0
crmpo_baseline,CrMPO,40.0,0.25,50.05939015633336,0.5012999310994725,200,2,0.01,0.010014103838139738
crmpo_baseline,CrMPO,40.0,0.275,55.063004835932894,0.2753683475073814,200,1,0.005,0.00500096840569954
crmpo_baseline,CrMPO,40.0,0.3,60.0453528130648,0.0,200,0,0.0,0.0
crmpo_baseline,CrMPO,40.0,0.325,65.03812492041287,0.0,200,0,0.0,0.0
crmpo_baseline,CrMPO,40.0,0.35,70.0414852000571,0.0,200,0,0.0,0.0
crmpo_baseline,CrMPO,40.0,0.375,75.04109019978124,0.37464128561811383,200,1,0.005,0.0049924819138515925
crmpo_baseline,CrMPO,40.0,0.4,80.04456918621763,0.4005616323658527,200,1,0.005,0.00500423247246139
crmpo_baseline,CrMPO,40.0,0.425,85.04432595178719,0.0,200,0,0.0,0.0
crmpo_baseline,CrMPO,40.0,0.45,90.03353794549389,0.0,200,0,0.0,0.0
crmpo_baseline,CrMPO,40.0,0.475,95.02482380908893,0.4750264240388725,200,1,0.005,0.004998971900155602
crmpo_baseline,CrMPO,40.0,0.5,100.02277208838866,0.0,200,0,0.0,0.0
crmpo_baseline,CrMPO,40.0,0.525,105.0430634091767,0.0,200,0,0.0,0.0
crmpo_baseline,CrMPO,40.0,0.55,110.04302751603419,0.0,200,0,0.0,0.0
crmpo_baseline,CrMPO,40.0,0.575,115.03174324954855,0.0,200,0,0.0,0.0
crmpo_baseline,CrMPO,40.0,0.6,120.01097058913588,0.0,200,0,0.0,0.0
crmpo_baseline,CrMPO,40.0,0.625,125.0237058364303,0.0,200,0,0.0,0.0
crmpo_baseline,CrMPO,40.0,0.65,130.0057712374417,0.0,200,0,0.0,0.0
crmpo_baseline,CrMPO,40.0,0.675,135.01716493567747,0.0,200,0,0.0,0.0
crmpo_baseline,CrMPO,40.0,0.7,140.02637592321025,0.0,200,0,0.0,0.0
crmpo_baseline,CrMPO,40.0,0.725,145.00316489217354,0.0,200,0,0.0,0.0
crmpo_baseline,CrMPO,40.0,0.75,150.01928276050242,0.0,200,0,0.0,0.0
crmpo_baseline,CrMPO,40.0,0.775,155.02604265541356,0.0,200,0,0.0,0.0
crmpo_baseline,CrMPO,40.0,0.8,160.0185736180913,0.0,200,0,0.0,0.0
crmpo_baseline,CrMPO,40.0,0.825,165.00890262837234,0.0,200,0,0.0,0.0
crmpo_baseline,CrMPO,40.0,0.85,170.0206973902949,0.0,200,0,0.0,0.0
crmpo_baseline,CrMPO,40.0,0.875,175.02823883571327,0.0,200,0,0.0,0.0
crmpo_baseline,CrMPO,40.0,0.9,180.01919258138116,0.0,200,0,0.0,0.0
crmpo_baseline,CrMPO,40.0,0.925,185.00649877596666,0.0,200,0,0.0,0.0
crmpo_baseline,CrMPO,40.0,0.95,190.01224511890987,0.0,200,0,0.0,0.0
crmpo_baseline,CrMPO,40.0,0.975,195.01954216282476,0.0,200,0,0.0,0.0
crmpo_baseline,CrMPO,56.0,0.025,5.866232379188161,5.8092348175500605,200,198,0.99,0.9902837872839282
crmpo_baseline,CrMPO,56.0,0.05,10.506530888662596,6.868594702062921,200,131,0.655,0.6537452537711278
crmpo_baseline,CrMPO,56.0,0.075,15.389295538096437,3.5397220732393566,200,46,0.23,0.2300119628268052
crmpo_baseline,CrMPO,56.0,0.1,20.28143714302987,2.2256637621750524,200,22,0.11,0.10973895717937066
crmpo_baseline,CrMPO,56.0,0.125,25.248226012389424,0.7567375212085511,200,6,0.03,0.02997190855457395
crmpo_baseline,CrMPO,56.0,0.15,30.220632644646013,0.4534673849610181,200,3,0.015,0.01500522475135397
crmpo_baseline,CrMPO,56.0,0.175,35.18650647092919,0.0,200,0,0.0,0.0
crmpo_baseline,CrMPO,56.0,0.2,40.146037374074005,0.40135449291758246,200,2,0.01,0.009997362608364781
crmpo_baseline,CrMPO,56.0,0.225,45.14709263954174,0.0,200,0,0.0,0.0
crmpo_baseline,CrMPO,56.0,0.25,50.11831616016806,0.0,200,0,0.0,0.0
crmpo_baseline,CrMPO,56.0,0.275,55.11246539805747,0.27564897943985933,200,1,0.005,0.005001572284036762
crmpo_baseline,CrMPO,56.0,0.3,60.12084105021452,0.0,200,0,0.0,0.0
crmpo_baseline,CrMPO,56.0,0.325,65.08931938656546,0.0,200,0,0.0,0.0
crmpo_baseline,CrMPO,56.0,0.35,70.0969376717769,0.0,200,0,0.0,0.0
crmpo_baseline,CrMPO,56.0,0.375,75.07523757194976,0.0,200,0,0.0,0.0
crmpo_baseline,CrMPO,56.0,0.4,80.07166166858337,0.0,200,0,0.0,0.0
crmpo_baseline,CrMPO,56.0,0.425,85.05966709244571,0.0,200,0,0.0,0.0
crmpo_baseline,CrMPO,56.0,0.45,90.0678036075281,0.0,200,0,0.0,0.0
crmpo_baseline,CrMPO,56.0,0.475,95.08147753185472,0.0,200,0,0.0,0.0
crmpo_baseline,CrMPO,56.0,0.5,100.0809152981482,0.0,200,0,0.0,0.0
crmpo_baseline,CrMPO,56.0,0.525,105.04761921068042,0.0,200,0,0.0,0.0
crmpo_baseline,CrMPO,56.0,0.55,110.06680374385475,0.0,200,0,0.0,0.0
crmpo_baseline,CrMPO,56.0,0.575,115.04488451141236,0.0,200,0,0.0,0.0
crmpo_baseline,CrMPO,56.0,0.6,120.03310001904904,0.0,200,0,0.0,0.0
crmpo_baseline,CrMPO,56.0,0.625,125.03567684461707,0.0,200,0,0.0,0.0
crmpo_baseline,CrMPO,56.0,0.65,130.04489468897717,0.0,200,0,0.0,0.0
crmpo_baseline,CrMPO,56.0,0.675,135.04538903118004,0.0,200,0,0.0,0.0
crmpo_baseline,CrMPO,56.0,0.7,140.05644550840242,0.0,200,0,0.0,0.0
crmpo_baseline,CrMPO,56.0,0.725,145.04323569961437,0.0,200,0,0.0,0.0
crmpo_baseline,CrMPO,56.0,0.75,150.05217458974116,0.0,200,0,0.0,0.0
crmpo_baseline,CrMPO,56.0,0.775,155.0419440558785,0.0,200,0,0.0,0.0
crmpo_baseline,CrMPO,56.0,0.8,160.0542158463167,0.0,200,0,0.0,0.0
crmpo_baseline,CrMPO,56.0,0.825,165.028548678595,0.0,200,0,0.0,0.0
crmpo_baseline,CrMPO,56.0,0.85,170.05294762312934,0.0,200,0,0.0,0.0
crmpo_baseline,CrMPO,56.0,0.875,175.00789920513188,0.0,200,0,0.0,0.0
crmpo_baseline,CrMPO,56.0,0.9,180.03176834214045,0.0,200,0,0.0,0.0
crmpo_baseline,CrMPO,56.0,0.925,185.02588574447452,0.0,200,0,0.0,0.0
crmpo_baseline,CrMPO,56.0,0.95,190.03987473199658,0.0,200,0,0.0,0.0
crmpo_baseline,CrMPO,56.0,0.975,195.01711132417606,0.0,200,0,0.0,0.0
crmpo_baseline,CrMPO,72.0,0.025,6.274057721884532,6.240204879780675,200,199,0.995,0.9946043145274589
crmpo_baseline,CrMPO,72.0,0.05,10.790828879563664,6.05607521047727,200,112,0.56,0.5612242838867214
crmpo_baseline,CrMPO,72.0,0.075,15.560634474149792,3.0274614909360933,200,39,0.195,0.19455900053211095
crmpo_baseline,CrMPO,72.0,0.1,20.432398891358485,1.221474857949652,200,12,0.06,0.05978127504481389
crmpo_baseline,CrMPO,72.0,0.125,25.362724522238405,0.12627256946962911,200,1,0.005,0.004978667388785912
crmpo_baseline,CrMPO,72.0,0.15,30.298546440295862,0.1514042047001761,200,1,0.005,0.004997078160119738
crmpo_baseline,CrMPO,72.0,0.175,35.30113099119243,0.0,200,0,0.0,0.0
crmpo_baseline,CrMPO,72.0,0.2,40.23508459580066,0.0,200,0,0.0,0.0
crmpo_baseline,CrMPO,72.0,0.225,45.220529471762156,0.0,200,0,0.0,0.0
crmpo_baseline,CrMPO,72.0,0.25,50.195430278907025,0.0,200,0,0.0,0.0
crmpo_baseline,CrMPO,72.0,0.275,55.169778502893855,0.0,200,0,0.0,0.0
crmpo_baseline,CrMPO,72.0,0.3,60.17218680245704,0.0,200,0,0.0,0.0
crmpo_baseline,CrMPO,72.0,0.325,65.17038526472379,0.0,200,0,0.0,0.0
crmpo_baseline,CrMPO,72.0,0.35,70.13826457088292,0.0,200,0,0.0,0.0
crmpo_baseline,CrMPO,72.0,0.375,75.13213321332574,0.0,200,0,0.0,0.0
crmpo_baseline,CrMPO,72.0,0.4,80.11839241454675,0.0,200,0,0.0,0.0
crmpo_baseline,CrMPO,72.0,0.425,85.12402162900474,0.0,200,0,0.0,0.0
crmpo_baseline,CrMPO,72.0,0.45,90.12904772510417,0.0,200,0,0.0,0.0
crmpo_baseline,CrMPO,72.0,0.475,95.09055516652009,0.0,200,0,0.0,0.0
crmpo_baseline,CrMPO,72.0,0.5,100.09153680596563,0.0,200,0,0.0,0.0
crmpo_baseline,CrMPO,72.0,0.525,105.1276091669842,0.0,200,0,0.0,0.0
crmpo_baseline,CrMPO,72.0,0.55,110.10752601241494,0.0,200,0,0.0,0.0
crmpo_baseline,CrMPO,72.0,0.575,115.08346926296889,0.0,200,0,0.0,0.0
crmpo_baseline,CrMPO,72.0,0.6,120.07809447877501,0.0,200,0,0.0,0.0
crmpo_baseline,CrMPO,72.0,0.625,125.06953476290916,0.0,200,0,0.0,0.0
crmpo_baseline,CrMPO,72.0,0.65,130.08467982567217,0.0,200,0,0.0,0.0
crmpo_baseline,CrMPO,72.0,0.675,135.0960680843974,0.0,200,0,0.0,0.0
crmpo_baseline,CrMPO,72.0,0.7,140.064868314675,0.0,200,0,0.0,0.0
crmpo_baseline,CrMPO,72.0,0.725,145.0685924661275,0.0,200,0,0.0,0.0
crmpo_baseline,CrMPO,72.0,0.75,150.07082241598587,0.0,200,0,0.0,0.0
crmpo_baseline,CrMPO,72.0,0.775,155.06895019390933,0.0,200,0,0.0,0.0
crmpo_baseline,CrMPO,72.0,0.8,160.0621628456978,0.0,200,0,0.0,0.0
crmpo_baseline,CrMPO,72.0,0.825,165.05622526916258,0.0,200,0,0.0,0.0
crmpo_baseline,CrMPO,72.0,0.85,170.08146953517695,0.0,200,0,0.0,0.0
crmpo_baseline,CrMPO,72.0,0.875,175.05241094638026,0.0,200,0,0.0,0.0
crmpo_baseline,CrMPO,72.0,0.9,180.04412385651656,0.0,200,0,0.0,0.0
crmpo_baseline,CrMPO,72.0,0.925,185.05867407077267,0.0,200,0,0.0,0.0
crmpo_baseline,CrMPO,72.0,0.95,190.0580087899835,0.0,200,0,0.0,0.0
crmpo_baseline,CrMPO,72.0,0.975,195.05790423699764,0.0,200,0,0.0,0.0
crmpo_baseline,CrMPO,88.0,0.025,6.797439453604307,6.764878575521272,200,199,0.995,0.9952098318336959
crmpo_baseline,CrMPO,88.0,0.05,11.11788710175376,6.167253968155205,200,111,0.555,0.5547145704674739
crmpo_baseline,CrMPO,88.0,0.075,15.853387587864498,1.9740798292598682,200,25,0.125,0.12452100967814558
crmpo_baseline,CrMPO,88.0,0.1,20.643566020778902,0.512374233320735,200,5,0.025,0.024820044792891
crmpo_baseline,CrMPO,88.0,0.125,25.526642371086243,0.0,200,0,0.0,0.0
crmpo_baseline,CrMPO,88.0,0.15,30.472786143780105,0.0,200,0,0.0,0.0
crmpo_baseline,CrMPO,88.0,0.175,35.383816656856126,0.0,200,0,0.0,0.0
crmpo_baseline,CrMPO,88.0,0.2,40.362934527672046,0.0,200,0,0.0,0.0
crmpo_baseline,CrMPO,88.0,0.225,45.345767628333,0.0,200,0,0.0,0.0
crmpo_baseline,CrMPO,88.0,0.25,50.28499590115623,0.0,200,0,0.0,0.0
crmpo_baseline,CrMPO,88.0,0.275,55.25069249110066,0.0,200,0,0.0,0.0
crmpo_baseline,CrMPO,88.0,0.3,60.28332064344885,0.0,200,0,0.0,0.0
crmpo_baseline,CrMPO,88.0,0.325,65.22053486544233,0.0,200,0,0.0,0.0
crmpo_baseline,CrMPO,88.0,0.35,70.2256085527227,0.0,200,0,0.0,0.0
crmpo_baseline,CrMPO,88.0,0.375,75.20086452723194,0.0,200,0,0.0,0.0
crmpo_baseline,CrMPO,88.0,0.4,80.19612939092762,0.0,200,0,0.0,0.0
crmpo_baseline,CrMPO,88.0,0.425,85.1554184079999,0.0,200,0,0.0,0.0
crmpo_baseline,CrMPO,88.0,0.45,90.16545737594474,0.0,200,0,0.0,0.0
crmpo_baseline,CrMPO,88.0,0.475,95.14339189988117,0.0,200,0,0.0,0.0
crmpo_baseline,CrMPO,88.0,0.5,100.13808048159754,0.0,200,0,0.0,0.0
crmpo_baseline,CrMPO,88.0,0.525,105.15618843103834,0.0,200,0,0.0,0.0
crmpo_baseline,CrMPO,88.0,0.55,110.12041904458015,0.0,200,0,0.0,0.0
crmpo_baseline,CrMPO,88.0,0.575,115.14247068911574,0.0,200,0,0.0,0.0
crmpo_baseline,CrMPO,88.0,0.6,120.10783343397894,0.0,200,0,0.0,0.0
crmpo_baseline,CrMPO,88.0,0.625,125.11081894009679,0.0,200,0,0.0,0.0
crmpo_baseline,CrMPO,88.0,0.65,130.10557194138323,0.0,200,0,0.0,0.0
crmpo_baseline,CrMPO,88.0,0.675,135.09684589634898,0.0,200,0,0.0,0.0
crmpo_baseline,CrMPO,88.0,0.7,140.09707362059152,0.0,200,0,0.0,0.0
crmpo_baseline,CrMPO,88.0,0.725,145.08708895836764,0.0,200,0,0.0,0.0
crmpo_baseline,CrMPO,88.0,0.75,150.083001426769,0.0,200,0,0.0,0.0
crmpo_baseline,CrMPO,88.0,0.775,155.1183069836774,0.0,200,0,0.0,0.0
crmpo_baseline,CrMPO,88.0,0.8,160.08975262581927,0.0,200,0,0.0,0.0
crmpo_baseline,CrMPO,88.0,0.825,165.06918576329778,0.0,200,0,0.0,0.0
crmpo_baseline,CrMPO,88.0,0.85,170.0665053697136,0.0,200,0,0.0,0.0
crmpo_baseline,CrMPO,88.0,0.875,175.09484430810082,0.0,200,0,0.0,0.0
crmpo_baseline,CrMPO,88.0,0.9,180.09655677788123,0.0,200,0,0.0,0.0
crmpo_baseline,CrMPO,88.0,0.925,185.0742730955156,0.0,200,0,0.0,0.0
crmpo_baseline,CrMPO,88.0,0.95,190.09994712530928,0.0,200,0,0.0,0.0
crmpo_baseline,CrMPO,88.0,0.975,195.07415500036274,0.0,200,0,0.0,0.0
smc,SMC,8.0,0.025,5.024665051583793,5.024665051583793,200,200,1.0,1.0
smc,SMC,8.0,0.05,10.005838721274808,10.005838721274808,200,200,1.0,1.0
smc,SMC,8.0,0.075,15.009759010999712,15.009759010999712,200,200,1.0,1.0
smc,SMC,8.0,0.1,20.00367470925149,20.00367470925149,200,200,1.0,1.0
smc,SMC,8.0,0.125,25.003683676282105,25.003683676282105,200,200,1.0,1.0
smc,SMC,8.0,0.15,30.009808719248486,30.009808719248486,200,200,1.0,1.0
smc,SMC,8.0,0.175,34.99845917233918,34.99845917233918,200,200,1.0,1.0
smc,SMC,8.0,0.2,40.00273332950032,40.00273332950032,200,200,1.0,1.0
smc,SMC,8.0,0.225,45.00375974680196,45.00375974680196,200,200,1.0,1.0
smc,SMC,8.0,0.25,50.008963550275524,50.008963550275524,200,200,1.0,1.0
smc,SMC,8.0,0.275,55.00154474616041,55.00154474616041,200,200,1.0,1.0
smc,SMC,8.0,0.3,60.005270244893815,60.005270244893815,200,200,1.0,1.0
smc,SMC,8.0,0.325,64.99995749209297,64.99995749209297,200,200,1.0,1.0
smc,SMC,8.0,0.35,69.99902527296116,69.99902527296116,200,200,1.0,1.0
smc,SMC,8.0,0.375,75.00775725714006,75.00775725714006,200,200,1.0,1.0
smc,SMC,8.0,0.4,80.00143911366278,80.00143911366278,200,200,1.0,1.0
smc,SMC,8.0,0.425,85.00040657009436,85.00040657009436,200,200,1.0,1.0
smc,SMC,8.0,0.45,90.00234645289902,89.55248949341227,200,199,0.995,0.9950017196526962
smc,SMC,8.0,0.475,95.00068445681188,94.52575297836653,200,199,0.995,0.9950007572981091
smc,SMC,8.0,0.5,99.99743245891499,95.996853590905,200,192,0.96,0.9599931841284659
smc,SMC,8.0,0.525,104.99583801363,99.22083742547338,200,189,0.945,0.94499781422377
smc,SMC,8.0,0.55,109.99981894944561,95.1521893131672,200,173,0.865,0.8650213265977994
smc,SMC,8.0,0.575,115.00528806673842,93.15469024377865,200,162,0.81,0.810003538182699
smc,SMC,8.0,0.6,120.00466818941574,100.80451796717165,200,168,0.84,0.8400049722070936
smc,SMC,8.0,0.625,124.98734261541127,79.99556321967394,200,128,0.64,0.6400293145348486
smc,SMC,8.0,0.65,129.9961177261602,83.19747685917457,200,128,0.64,0.6399997039483284
smc,SMC,8.0,0.675,135.00269360387634,86.40036378833246,200,128,0.64,0.6399899252517702
smc,SMC,8.0,0.7,140.0028971451819,73.4997903039396,200,105,0.525,0.5249876381323803
smc,SMC,8.0,0.725,144.9975116865508,76.12227782408536,200,105,0.525,0.5249902356162023
smc,SMC,8.0,0.75,150.0063950339605,75.00388002215128,200,100,0.5,0.5000045498404976
smc,SMC,8.0,0.775,155.00190084898375,69.75191771869036,200,90,0.45,0.4500068537007731
smc,SMC,8.0,0.8,159.99428518820525,67.19913821250888,200,84,0.42,0.4200096155525859
smc,SMC,8.0,0.825,164.99677079888647,62.69897531920475,200,76,0.38,0.38000122678539044
smc,SMC,8.0,0.85,170.00155017353185,54.39997967951485,200,64,0.32,0.31999696252172516
smc,SMC,8.0,0.875,175.00089893790636,54.246338577108624,200,62,0.31,0.30997748529483987
smc,SMC,8.0,0.9,179.9945391952204,50.3976861560857,200,56,0.28,0.27999563976451997
smc,SMC,8.0,0.925,184.99475956404584,31.448307232841366,200,34,0.17,0.16999566532020519
smc,SMC,8.0,0.95,189.9997599666717,16.15094387020306,200,17,0.085,0.08500507512765351
smc,SMC,8.0,0.975,194.99422454044145,6.824529234228177,200,7,0.035,0.034998622396699666
smc,SMC,24.0,0.025,5.193363442615399,5.193363442615399,200,200,1.0,1.0
smc,SMC,24.0,0.05,10.091269336004473,10.091269336004473,200,200,1.0,1.0
smc,SMC,24.0,0.075,15.070468488711633,15.070468488711633,200,200,1.0,1.0
smc,SMC,24.0,0.1,20.049684653655802,20.049684653655802,200,200,1.0,1.0
smc,SMC,24.0,0.125,25.045968767150473,25.045968767150473,200,200,1.0,1.0
smc,SMC,24.0,0.15,30.032348293729537,30.032348293729537,200,200,1.0,1.0
smc,SMC,24.0,0.175,35.03481563168826,35.03481563168826,200,200,1.0,1.0
smc,SMC,24.0,0.2,40.01359051469068,40.01359051469068,200,200,1.0,1.0
smc,SMC,24.0,0.225,45.02008529167424,45.02008529167424,200,200,1.0,1.0
smc,SMC,24.0,0.25,50.02618227286748,50.02618227286748,200,200,1.0,1.0
smc,SMC,24.0,0.275,55.02648903660512,55.02648903660512,200,200,1.0,1.0
smc,SMC,24.0,0.3,60.0099388609943,60.0099388609943,200,200,1.0,1.0
smc,SMC,24.0,0.325,65.021514353842,65.021514353842,200,200,1.0,1.0
smc,SMC,24.0,0.35,70.00536788460798,70.00536788460798,200,200,1.0,1.0
smc,SMC,24.0,0.375,75.0123631772482,75.0123631772482,200,200,1.0,1.0
smc,SMC,24.0,0.4,80.02065099499315,80.02065099499315,200,200,1.0,1.0
smc,SMC,24.0,0.425,85.02900547650643,85.02900547650643,200,200,1.0,1.0
smc,SMC,24.0,0.45,90.01378176470996,90.01378176470996,200,200,1.0,1.0
smc,SMC,24.0,0.475,95.00193603250041,95.00193603250041,200,200,1.0,1.0
smc,SMC,24.0,0.5,100.00537159137147,100.00537159137147,200,200,1.0,1.0
smc,SMC,24.0,0.525,105.01336964444434,105.01336964444434,200,200,1.0,1.0
smc,SMC,24.0,0.55,110.00685699365498,108.35638953290706,200,197,0.985,0.9849966856080333
smc,SMC,24.0,0.575,115.0048395515689,110.40481912633769,200,192,0.96,0.9600015056482163
smc,SMC,24.0,0.6,120.00963364024196,108.609033789474,200,181,0.905,0.9050026276645088
smc,SMC,24.0,0.625,124.99607846811647,99.37183473233351,200,159,0.795,0.7949996187894879
smc,SMC,24.0,0.65,130.00508445694797,94.9043919463617,200,146,0.73,0.7300052328167973
smc,SMC,24.0,0.675,135.00269462118504,101.24913277497917,200,150,0.75,0.7499786064202814
smc,SMC,24.0,0.7,140.00375468815457,84.70828544351421,200,121,0.605,0.6050429549707013
smc,SMC,24.0,0.725,145.0206546092933,76.13521925679655,200,105,0.525,0.5249956943162054
smc,SMC,24.0,0.75,150.01476045873474,59.25398677252232,200,79,0.395,0.3949877104848065
smc,SMC,24.0,0.775,155.01468349082893,64.32626399858523,200,83,0.415,0.4149688439185243
smc,SMC,24.0,0.8,160.02191835398423,46.410555178583294,200,58,0.29,0.2900262392550412
smc,SMC,24.0,0.825,164.99640424838228,55.26826297498905,200,67,0.335,0.33496646928007784
smc,SMC,24.0,0.85,170.01936756613347,42.508657680285694,200,50,0.25,0.2500224432593001
smc,SMC,24.0,0.875,175.00775202538244,25.377598365964143,200,29,0.145,0.14500842432558916
smc,SMC,24.0,0.9,180.00761281162778,19.800385514270918,200,22,0.11,0.10999748957835127
smc,SMC,24.0,0.925,184.994819170467,6.476309264803884,200,7,0.035,0.03500805748963254
smc,SMC,24.0,0.95,190.0118467473441,1.9004056272747487,200,2,0.01,0.010001511273145455
smc,SMC,24.0,0.975,195.00368853052737,0.0,200,0,0.0,0.0
smc,SMC,40.0,0.025,5.481757610516888,5.481757610516888,200,200,1.0,1.0
smc,SMC,40.0,0.05,10.279778118937044,10.279778118937044,200,200,1.0,1.0
smc,SMC,40.0,0.075,15.18141877011241,15.18141877011241,200,200,1.0,1.0
smc,SMC,40.0,0.1,20.144633353698545,20.144633353698545,200,200,1.0,1.0
smc,SMC,40.0,0.125,25.124319727343043,25.124319727343043,200,200,1.0,1.0
smc,SMC,40.0,0.15,30.103522518337602,30.103522518337602,200,200,1.0,1.0
smc,SMC,40.0,0.175,35.06510996172969,35.06510996172969,200,200,1.0,1.0
smc,SMC,40.0,0.2,40.074430836587624,40.074430836587624,200,200,1.0,1.0
smc,SMC,40.0,0.225,45.063409159860065,45.063409159860065,200,200,1.0,1.0
smc,SMC,40.0,0.25,50.05939015633336,50.05939015633336,200,200,1.0,1.0
smc,SMC,40.0,0.275,55.063004835932894,55.063004835932894,200,200,1.0,1.0
smc,SMC,40.0,0.3,60.0453528130648,60.0453528130648,200,200,1.0,1.0
smc,SMC,40.0,0.325,65.03812492041287,65.03812492041287,200,200,1.0,1.0
smc,SMC,40.0,0.35,70.0414852000571,70.0414852000571,200,200,1.0,1.0
smc,SMC,40.0,0.375,75.04109019978124,75.04109019978124,200,200,1.0,1.0
smc,SMC,40.0,0.4,80.04456918621763,80.04456918621763,200,200,1.0,1.0
smc,SMC,40.0,0.425,85.04432595178719,85.04432595178719,200,200,1.0,1.0
smc,SMC,40.0,0.45,90.03353794549389,90.03353794549389,200,200,1.0,1.0
smc,SMC,40.0,0.475,95.02482380908893,95.02482380908893,200,200,1.0,1.0
smc,SMC,40.0,0.5,100.02277208838866,100.02277208838866,200,200,1.0,1.0
smc,SMC,40.0,0.525,105.0430634091767,105.0430634091767,200,200,1.0,1.0
smc,SMC,40.0,0.55,110.04302751603419,109.49236006313427,200,199,0.995,0.994995889650349
smc,SMC,40.0,0.575,115.03174324954855,112.15637752812967,200,195,0.975,0.9750037194934871
smc,SMC,40.0,0.6,120.01097058913588,116.40750597868691,200,194,0.97,0.9699738732820883
smc,SMC,40.0,0.625,125.0237058364303,109.39512917662363,200,175,0.875,0.8749950934884806
smc,SMC,40.0,0.65,130.0057712374417,102.7029673329614,200,158,0.79,0.7899877548157871
smc,SMC,40.0,0.675,135.01716493567747,99.23939951023675,200,147,0.735,0.7350132078207586
smc,SMC,40.0,0.7,140.02637592321025,83.31788329044622,200,119,0.595,0.5950156371692239
smc,SMC,40.0,0.725,145.00316489217354,76.85187553387978,200,106,0.53,0.5300013664600214
smc,SMC,40.0,0.75,150.01928276050242,62.258454838590495,200,83,0.415,0.41500301623213803
smc,SMC,40.0,0.775,155.02604265541356,55.800695271343095,200,72,0.36,0.3599440088616267
smc,SMC,40.0,0.8,160.0185736180913,48.79882488142801,200,61,0.305,0.3049572545115534
smc,SMC,40.0,0.825,165.00890262837234,29.709125269330528,200,36,0.18,0.1800455902445485
smc,SMC,40.0,0.85,170.0206973902949,20.400977440526642,200,24,0.12,0.11999114080619673
smc,SMC,40.0,0.875,175.02823883571327,17.500650724973834,200,20,0.1,0.09998758395438388
smc,SMC,40.0,0.9,180.01919258138116,6.299755105889562,200,7,0.035,0.03499490812926314
smc,SMC,40.0,0.925,185.00649877596666,2.7753603085418974,200,3,0.015,0.015001420636054065
smc,SMC,40.0,0.95,190.01224511890987,0.0,200,0,0.0,0.0
smc,SMC,40.0,0.975,195.01954216282476,0.0,200,0,0.0,0.0
smc,SMC,56.0,0.025,5.866232379188161,5.866232379188161,200,200,1.0,1.0
smc,SMC,56.0,0.05,10.506530888662596,10.506530888662596,200,200,1.0,1.0
smc,SMC,56.0,0.075,15.389295538096437,15.389295538096437,200,200,1.0,1.0
smc,SMC,56.0,0.1,20.28143714302987,20.28143714302987,200,200,1.0,1.0
smc,SMC,56.0,0.125,25.248226012389424,25.248226012389424,200,200,1.0,1.0
smc,SMC,56.0,0.15,30.220632644646013,30.220632644646013,200,200,1.0,1.0
smc,SMC,56.0,0.175,35.18650647092919,35.18650647092919,200,200,1.0,1.0
smc,SMC,56.0,0.2,40.146037374074005,40.146037374074005,200,200,1.0,1.0
smc,SMC,56.0,0.225,45.14709263954174,45.14709263954174,200,200,1.0,1.0
smc,SMC,56.0,0.25,50.11831616016806,50.11831616016806,200,200,1.0,1.0
smc,SMC,56.0,0.275,55.11246539805747,55.11246539805747,200,200,1.0,1.0
smc,SMC,56.0,0.3,60.12084105021452,60.12084105021452,200,200,1.0,1.0
smc,SMC,56.0,0.325,65.08931938656546,65.08931938656546,200,200,1.0,1.0
smc,SMC,56.0,0.35,70.0969376717769,70.0969376717769,200,200,1.0,1.0
smc,SMC,56.0,0.375,75.07523757194976,75.07523757194976,200,200,1.0,1.0
smc,SMC,56.0,0.4,80.07166166858337,80.07166166858337,200,200,1.0,1.0
smc,SMC,56.0,0.425,85.05966709244571,85.05966709244571,200,200,1.0,1.0
smc,SMC,56.0,0.45,90.0678036075281,90.0678036075281,200,200,1.0,1.0
smc,SMC,56.0,0.475,95.08147753185472,95.08147753185472,200,200,1.0,1.0
smc,SMC,56.0,0.5,100.0809152981482,100.0809152981482,200,200,1.0,1.0
smc,SMC,56.0,0.525,105.04761921068042,105.04761921068042,200,200,1.0,1.0
smc,SMC,56.0,0.55,110.06680374385475,109.51681210149614,200,199,0.995,0.9950031106232672
smc,SMC,56.0,0.575,115.04488451141236,113.89428966864023,200,198,0.99,0.9899987309504579
smc,SMC,56.0,0.6,120.03310001904904,116.4315058788956,200,194,0.97,0.9699949918848895
smc,SMC,56.0,0.625,125.03567684461707,115.6571598124525,200,185,0.925,0.9249932717697898
smc,SMC,56.0,0.65,130.04489468897717,104.03429592198958,200,160,0.8,0.7999875440770203
smc,SMC,56.0,0.675,135.04538903118004,107.36042588690295,200,159,0.795,0.7949951246548297
smc,SMC,56.0,0.7,140.05644550840242,86.13386024727845,200,123,0.615,0.6149939043120369
smc,SMC,56.0,0.725,145.04323569961437,70.35379145705342,200,97,0.485,0.4850539297313847
smc,SMC,56.0,0.75,150.05217458974116,60.024555619554675,200,80,0.4,0.400024563347171
smc,SMC,56.0,0.775,155.0419440558785,43.41337403050484,200,56,0.28,0.28001051131594606
smc,SMC,56.0,0.8,160.0542158463167,33.61058923196972,200,42,0.21,0.20999502608692575
smc,SMC,56.0,0.825,165.028548678595,19.80219201856664,200,24,0.12,0.11999252357925559
smc,SMC,56.0,0.85,170.05294762312934,28.05843437325209,200,33,0.165,0.16499822417330326
smc,SMC,56.0,0.875,175.00789920513188,14.002259336522762,200,16,0.08,0.08000929900947103
smc,SMC,56.0,0.9,180.03176834214045,10.802562858355259,200,12,0.06,0.06000364801075321
smc,SMC,56.0,0.925,185.02588574447452,1.8484586672388503,200,2,0.01,0.00999027060349609
smc,SMC,56.0,0.95,190.03987473199658,0.0,200,0,0.0,0.0
smc,SMC,56.0,0.975,195.01711132417606,0.0,200,0,0.0,0.0
smc,SMC,72.0,0.025,6.274057721884532,6.274057721884532,200,200,1.0,1.0
smc,SMC,72.0,0.05,10.790828879563664,10.790828879563664,200,200,1.0,1.0
smc,SMC,72.0,0.075,15.560634474149792,15.560634474149792,200,200,1.0,1.0
smc,SMC,72.0,0.1,20.432398891358485,20.432398891358485,200,200,1.0,1.0
smc,SMC,72.0,0.125,25.362724522238405,25.362724522238405,200,200,1.0,1.0
smc,SMC,72.0,0.15,30.298546440295862,30.298546440295862,200,200,1.0,1.0
smc,SMC,72.0,0.175,35.30113099119243,35.30113099119243,200,200,1.0,1.0
smc,SMC,72.0,0.2,40.23508459580066,40.23508459580066,200,200,1.0,1.0
smc,SMC,72.0,0.225,45.220529471762156,45.220529471762156,200,200,1.0,1.0
smc,SMC,72.0,0.25,50.195430278907025,50.195430278907025,200,200,1.0,1.0
smc,SMC,72.0,0.275,55.169778502893855,55.169778502893855,200,200,1.0,1.0
smc,SMC,72.0,0.3,60.17218680245704,60.17218680245704,200,200,1.0,1.0
smc,SMC,72.0,0.325,65.17038526472379,65.17038526472379,200,200,1.0,1.0
smc,SMC,72.0,0.35,70.13826457088292,70.13826457088292,200,200,1.0,1.0
smc,SMC,72.0,0.375,75.13213321332574,75.13213321332574,200,200,1.0,1.0
smc,SMC,72.0,0.4,80.11839241454675,80.11839241454675,200,200,1.0,1.0
smc,SMC,72.0,0.425,85.12402162900474,85.12402162900474,200,200,1.0,1.0
smc,SMC,72.0,0.45,90.12904772510417,90.12904772510417,200,200,1.0,1.0
smc,SMC,72.0,0.475,95.09055516652009,95.09055516652009,200,200,1.0,1.0
smc,SMC,72.0,0.5,100.09153680596563,100.09153680596563,200,200,1.0,1.0
smc,SMC,72.0,0.525,105.1276091669842,105.1276091669842,200,200,1.0,1.0
smc,SMC,72.0,0.55,110.10752601241494,110.10752601241494,200,200,1.0,1.0
smc,SMC,72.0,0.575,115.08346926296889,113.93182474099459,200,198,0.99,0.98999296311321
smc,SMC,72.0,0.6,120.07809447877501,117.07505384617812,200,195,0.975,0.974990936976205
smc,SMC,72.0,0.625,125.06953476290916,115.06339246848266,200,184,0.92,0.9199953664703809
smc,SMC,72.0,0.65,130.08467982567217,107.97133233584357,200,166,0.83,0.8300080569098304
smc,SMC,72.0,0.675,135.0960680843974,104.69715838319256,200,155,0.775,0.7749830166617878
smc,SMC,72.0,0.7,140.064868314675,86.84146779110192,200,124,0.62,0.6200089204096534
smc,SMC,72.0,0.725,145.0685924661275,84.15262198571496,200,116,0.58,0.5800884985174444
smc,SMC,72.0,0.75,150.07082241598587,57.032059315974514,200,76,0.38,0.38003429579325965
smc,SMC,72.0,0.775,155.06895019390933,46.523352866967336,200,60,0.3,0.3000172040166081
smc,SMC,72.0,0.8,160.0621628456978,25.615862327025944,200,32,0.16,0.16003696233768877
smc,SMC,72.0,0.825,165.05622526916258,18.982511575096673,200,23,0.115,0.11500633522995737
smc,SMC,72.0,0.85,170.08146953517695,15.303577003032318,200,18,0.09,0.08997792084496994
smc,SMC,72.0,0.875,175.05241094638026,12.246608466842423,200,14,0.07,0.06995966751119835
smc,SMC,72.0,0.9,180.04412385651656,5.403278850783064,200,6,0.03,0.030010859199654443
smc,SMC,72.0,0.925,185.05867407077267,0.9248308656732943,200,1,0.005,0.004997500767349105
smc,SMC,72.0,0.95,190.0580087899835,0.0,200,0,0.0,0.0
smc,SMC,72.0,0.975,195.05790423699764,0.0,200,0,0.0,0.0
smc,SMC,88.0,0.025,6.797439453604307,6.797439453604307,200,200,1.0,1.0
smc,SMC,88.0,0.05,11.11788710175376,11.11788710175376,200,200,1.0,1.0
smc,SMC,88.0,0.075,15.853387587864498,15.853387587864498,200,200,1.0,1.0
smc,SMC,88.0,0.1,20.643566020778902,20.643566020778902,200,200,1.0,1.0
smc,SMC,88.0,0.125,25.526642371086243,25.526642371086243,200,200,1.0,1.0
smc,SMC,88.0,0.15,30.472786143780105,30.472786143780105,200,200,1.0,1.0
smc,SMC,88.0,0.175,35.383816656856126,35.383816656856126,200,200,1.0,1.0
smc,SMC,88.0,0.2,40.362934527672046,40.362934527672046,200,200,1.0,1.0
smc,SMC,88.0,0.225,45.345767628333,45.345767628333,200,200,1.0,1.0
smc,SMC,88.0,0.25,50.28499590115623,50.28499590115623,200,200,1.0,1.0
smc,SMC,88.0,0.275,55.25069249110066,55.25069249110066,200,200,1.0,1.0
smc,SMC,88.0,0.3,60.28332064344885,60.28332064344885,200,200,1.0,1.0
smc,SMC,88.0,0.325,65.22053486544233,65.22053486544233,200,200,1.0,1.0
smc,SMC,88.0,0.35,70.2256085527227,70.2256085527227,200,200,1.0,1.0
smc,SMC,88.0,0.375,75.20086452723194,75.20086452723194,200,200,1.0,1.0
smc,SMC,88.0,0.4,80.19612939092762,80.19612939092762,200,200,1.0,1.0
smc,SMC,88.0,0.425,85.1554184079999,85.1554184079999,200,200,1.0,1.0
smc,SMC,88.0,0.45,90.16545737594474,90.16545737594474,200,200,1.0,1.0
smc,SMC,88.0,0.475,95.14339189988117,95.14339189988117,200,200,1.0,1.0
smc,SMC,88.0,0.5,100.13808048159754,100.13808048159754,200,200,1.0,1.0
smc,SMC,88.0,0.525,105.15618843103834,105.15618843103834,200,200,1.0,1.0
smc,SMC,88.0,0.55,110.12041904458015,110.12041904458015,200,200,1.0,1.0
smc,SMC,88.0,0.575,115.14247068911574,113.99334029475358,200,198,0.99,0.9900199258580719
smc,SMC,88.0,0.6,120.10783343397894,120.10783343397894,200,200,1.0,1.0
smc,SMC,88.0,0.625,125.11081894009679,118.85615377605326,200,190,0.95,0.9500070000577786
smc,SMC,88.0,0.65,130.10557194138323,114.50096168787465,200,176,0.88,0.8800619372355631
smc,SMC,88.0,0.675,135.09684589634898,107.39935444578595,200,159,0.795,0.7949804729577956
smc,SMC,88.0,0.7,140.09707362059152,87.57732635344178,200,125,0.625,0.6251188842860286
smc,SMC,88.0,0.725,145.08708895836764,76.89164962026055,200,106,0.53,0.5299689322619493
smc,SMC,88.0,0.75,150.083001426769,46.52017830706155,200,62,0.31,0.30996300623532275
smc,SMC,88.0,0.775,155.1183069836774,43.43610433785099,200,56,0.28,0.28001920071511377
smc,SMC,88.0,0.8,160.08975262581927,27.219368311560746,200,34,0.17,0.17002567537961708
smc,SMC,88.0,0.825,165.06918576329778,15.68012232508601,200,19,0.095,0.09499121385120686
smc,SMC,88.0,0.85,170.0665053697136,11.901648092317679,200,14,0.07,0.06998231701441894
smc,SMC,88.0,0.875,175.09484430810082,7.878539434763546,200,9,0.045,0.04499583906023121
smc,SMC,88.0,0.9,180.09655677788123,2.6987495504825754,200,3,0.015,0.014985014698593202
smc,SMC,88.0,0.925,185.0742730955156,0.0,200,0,0.0,0.0
smc,SMC,88.0,0.95,190.09994712530928,0.0,200,0,0.0,0.0
smc,SMC,88.0,0.975,195.07415500036274,0.0,200,0,0.0,0.0
smc_no,SMC-NO,8.0,0.025,5.024665051583793,5.024665051583793,200,200,1.0,1.0
smc_no,SMC-NO,8.0,0.05,10.005838721274808,10.005838721274808,200,200,1.0,1.0
smc_no,SMC-NO,8.0,0.075,15.009759010999712,15.009759010999712,200,200,1.0,1.0
smc_no,SMC-NO,8.0,0.1,20.00367470925149,20.00367470925149,200,200,1.0,1.0
smc_no,SMC-NO,8.0,0.125,25.003683676282105,25.003683676282105,200,200,1.0,1.0
smc_no,SMC-NO,8.0,0.15,30.009808719248486,30.009808719248486,200,200,1.0,1.0
smc_no,SMC-NO,8.0,0.175,34.99845917233918,34.99845917233918,200,200,1.0,1.0
smc_no,SMC-NO,8.0,0.2,40.00273332950032,40.00273332950032,200,200,1.0,1.0
smc_no,SMC-NO,8.0,0.225,45.00375974680196,45.00375974680196,200,200,1.0,1.0
smc_no,SMC-NO,8.0,0.25,50.008963550275524,50.008963550275524,200,200,1.0,1.0
smc_no,SMC-NO,8.0,0.275,55.00154474616041,55.00154474616041,200,200,1.0,1.0
smc_no,SMC-NO,8.0,0.3,60.005270244893815,60.005270244893815,200,200,1.0,1.0
smc_no,SMC-NO,8.0,0.325,64.99995749209297,64.99995749209297,200,200,1.0,1.0
smc_no,SMC-NO,8.0,0.35,69.99902527296116,69.99902527296116,200,200,1.0,1.0
smc_no,SMC-NO,8.0,0.375,75.00775725714006,75.00775725714006,200,200,1.0,1.0
smc_no,SMC-NO,8.0,0.4,80.00143911366278,80.00143911366278,200,200,1.0,1.0
smc_no,SMC-NO,8.0,0.425,85.00040657009436,84.5754638265676,200,199,0.995,0.9950006975181191
smc_no,SMC-NO,8.0,0.45,90.00234645289902,89.55248949341227,200,199,0.995,0.9950017196526962
smc_no,SMC-NO,8.0,0.475,95.00068445681188,90.25006545314653,200,190,0.95,0.9499938444567205
smc_no,SMC-NO,8.0,0.5,99.99743245891499,84.9957685831106,200,170,0.85,0.8499795094042242
smc_no,SMC-NO,8.0,0.525,104.99583801363,86.09466073149918,200,164,0.82,0.8199816522281848
smc_no,SMC-NO,8.0,0.55,109.99981894944561,77.00031677686445,200,140,0.7,0.7000040319362046
smc_no,SMC-NO,8.0,0.575,115.00528806673842,73.02931046393351,200,127,0.635,0.6350082825891803
smc_no,SMC-NO,8.0,0.6,120.00466818941574,80.40660670648866,200,134,0.67,0.6700289907020502
smc_no,SMC-NO,8.0,0.625,124.98734261541127,63.120685186992574,200,101,0.505,0.5050166190125049
smc_no,SMC-NO,8.0,0.65,129.9961177261602,59.79929873733938,200,92,0.46,0.46000834319766354
smc_no,SMC-NO,8.0,0.675,135.00269360387634,57.374639547606876,200,85,0.425,0.42498885034068296
smc_no,SMC-NO,8.0,0.7,140.0028971451819,53.202444292853755,200,76,0.38,0.380009595356325
smc_no,SMC-NO,8.0,0.725,144.9975116865508,51.473897592401386,200,71,0.355,0.3549984892408042
smc_no,SMC-NO,8.0,0.75,150.0063950339605,54.75430611726282,200,73,0.365,0.36501314563866954
smc_no,SMC-NO,8.0,0.775,155.00190084898375,44.9509738134728,200,58,0.29,0.2900027262070026
smc_no,SMC-NO,8.0,0.8,159.99428518820525,54.398972604628256,200,68,0.34,0.34000572295840065
smc_no,SMC-NO,8.0,0.825,164.99677079888647,43.72411059495484,200,53,0.265,0.2649997959550971
smc_no,SMC-NO,8.0,0.85,170.00155017353185,39.95077505028847,200,47,0.235,0.23500241621037024
smc_no,SMC-NO,8.0,0.875,175.00089893790636,43.74786189529348,200,50,0.25,0.24998649813116705
smc_no,SMC-NO,8.0,0.9,179.9945391952204,41.39807678133788,200,46,0.23,0.22999629303441205
smc_no,SMC-NO,8.0,0.925,184.99475956404584,21.27477157106241,200,23,0.115,0.11500202287458315
smc_no,SMC-NO,8.0,0.95,189.9997599666717,12.35049389046925,200,13,0.065,0.065002681543575
smc_no,SMC-NO,8.0,0.975,194.99422454044145,6.824529234228177,200,7,0.035,0.034998622396699666
smc_no,SMC-NO,24.0,0.025,5.193363442615399,5.193363442615399,200,200,1.0,1.0
smc_no,SMC-NO,24.0,0.05,10.091269336004473,10.091269336004473,200,200,1.0,1.0
smc_no,SMC-NO,24.0,0.075,15.070468488711633,15.070468488711633,200,200,1.0,1.0
smc_no,SMC-NO,24.0,0.1,20.049684653655802,20.049684653655802,200,200,1.0,1.0
smc_no,SMC-NO,24.0,0.125,25.045968767150473,25.045968767150473,200,200,1.0,1.0
smc_no,SMC-NO,24.0,0.15,30.032348293729537,30.032348293729537,200,200,1.0,1.0
smc_no,SMC-NO,24.0,0.175,35.03481563168826,35.03481563168826,200,200,1.0,1.0
smc_no,SMC-NO,24.0,0.2,40.01359051469068,40.01359051469068,200,200,1.0,1.0
smc_no,SMC-NO,24.0,0.225,45.02008529167424,45.02008529167424,200,200,1.0,1.0
smc_no,SMC-NO,24.0,0.25,50.02618227286748,50.02618227286748,200,200,1.0,1.0
smc_no,SMC-NO,24.0,0.275,55.02648903660512,55.02648903660512,200,200,1.0,1.0
smc_no,SMC-NO,24.0,0.3,60.0099388609943,60.0099388609943,200,200,1.0,1.0
smc_no,SMC-NO,24.0,0.325,65.021514353842,65.021514353842,200,200,1.0,1.0
smc_no,SMC-NO,24.0,0.35,70.00536788460798,70.00536788460798,200,200,1.0,1.0
smc_no,SMC-NO,24.0,0.375,75.0123631772482,75.0123631772482,200,200,1.0,1.0
smc_no,SMC-NO,24.0,0.4,80.02065099499315,80.02065099499315,200,200,1.0,1.0
smc_no,SMC-NO,24.0,0.425,85.02900547650643,85.02900547650643,200,200,1.0,1.0
smc_no,SMC-NO,24.0,0.45,90.01378176470996,90.01378176470996,200,200,1.0,1.0
smc_no,SMC-NO,24.0,0.475,95.00193603250041,95.00193603250041,200,200,1.0,1.0
smc_no,SMC-NO,24.0,0.5,100.00537159137147,97.00818485208069,200,194,0.97,0.9700297424868588
smc_no,SMC-NO,24.0,0.525,105.01336964444434,96.08742502204568,200,183,0.915,0.9150018264091492
smc_no,SMC-NO,24.0,0.55,110.00685699365498,88.00251962746877,200,160,0.8,0.7999730383401884
smc_no,SMC-NO,24.0,0.575,115.0048395515689,79.92933281248116,200,139,0.695,0.6950084285508727
smc_no,SMC-NO,24.0,0.6,120.00963364024196,78.00951345098818,200,130,0.65,0.6500270943651129
smc_no,SMC-NO,24.0,0.625,124.99607846811647,66.2511431826652,200,106,0.53,0.5300257735650826
smc_no,SMC-NO,24.0,0.65,130.00508445694797,59.15493235787082,200,91,0.455,0.4550201448271845
smc_no,SMC-NO,24.0,0.675,135.00269462118504,51.299304017234014,200,76,0.38,0.3799872599667649
smc_no,SMC-NO,24.0,0.7,140.00375468815457,38.50251290759242,200,55,0.275,0.275010573776062
smc_no,SMC-NO,24.0,0.725,145.0206546092933,33.35210976940228,200,46,0.23,0.2299817902440015
smc_no,SMC-NO,24.0,0.75,150.01476045873474,31.499287915140734,200,42,0.21,0.2099745906257364
smc_no,SMC-NO,24.0,0.775,155.01468349082893,25.57436545409372,200,33,0.165,0.16498027721100864
smc_no,SMC-NO,24.0,0.8,160.02191835398423,20.804424572178508,200,26,0.13,0.13000984356503634
smc_no,SMC-NO,24.0,0.825,164.99640424838228,32.99480631092503,200,40,0.2,0.1999728809923355
smc_no,SMC-NO,24.0,0.85,170.01936756613347,28.907416690757163,200,34,0.17,0.17002425726300194
smc_no,SMC-NO,24.0,0.875,175.00775202538244,13.12775771090696,200,15,0.075,0.07501243550058835
smc_no,SMC-NO,24.0,0.9,180.00761281162778,10.79995831775791,200,12,0.06,0.0599972309452252
smc_no,SMC-NO,24.0,0.925,184.994819170467,3.700475759873116,200,4,0.02,0.02000313185237497
smc_no,SMC-NO,24.0,0.95,190.0118467473441,0.0,200,0,0.0,0.0
smc_no,SMC-NO,24.0,0.975,195.00368853052737,0.0,200,0,0.0,0.0
smc_no,SMC-NO,40.0,0.025,5.481757610516888,5.481757610516888,200,200,1.0,1.0
smc_no,SMC-NO,40.0,0.05,10.279778118937044,10.279778118937044,200,200,1.0,1.0
smc_no,SMC-NO,40.0,0.075,15.18141877011241,15.18141877011241,200,200,1.0,1.0
smc_no,SMC-NO,40.0,0.1,20.144633353698545,20.144633353698545,200,200,1.0,1.0
smc_no,SMC-NO,40.0,0.125,25.124319727343043,25.124319727343043,200,200,1.0,1.0
smc_no,SMC-NO,40.0,0.15,30.103522518337602,30.103522518337602,200,200,1.0,1.0
smc_no,SMC-NO,40.0,0.175,35.06510996172969,35.06510996172969,200,200,1.0,1.0
smc_no,SMC-NO,40.0,0.2,40.074430836587624,40.074430836587624,200,200,1.0,1.0
smc_no,SMC-NO,40.0,0.225,45.063409159860065,45.063409159860065,200,200,1.0,1.0
smc_no,SMC-NO,40.0,0.25,50.05939015633336,50.05939015633336,200,200,1.0,1.0
smc_no,SMC-NO,40.0,0.275,55.063004835932894,55.063004835932894,200,200,1.0,1.0
smc_no,SMC-NO,40.0,0.3,60.0453528130648,60.0453528130648,200,200,1.0,1.0
smc_no,SMC-NO,40.0,0.325,65.03812492041287,65.03812492041287,200,200,1.0,1.0
smc_no,SMC-NO,40.0,0.35,70.0414852000571,70.0414852000571,200,200,1.0,1.0
smc_no,SMC-NO,40.0,0.375,75.04109019978124,75.04109019978124,200,200,1.0,1.0
smc_no,SMC-NO,40.0,0.4,80.04456918621763,80.04456918621763,200,200,1.0,1.0
smc_no,SMC-NO,40.0,0.425,85.04432595178719,85.04432595178719,200,200,1.0,1.0
smc_no,SMC-NO,40.0,0.45,90.03353794549389,90.03353794549389,200,200,1.0,1.0
smc_no,SMC-NO,40.0,0.475,95.02482380908893,94.07321425375521,200,198,0.99,0.9899856740882197
smc_no,SMC-NO,40.0,0.5,100.02277208838866,98.0207040034312,200,196,0.98,0.9799838772395925
smc_no,SMC-NO,40.0,0.525,105.0430634091767,99.26685619962619,200,189,0.945,0.9450110552559733
smc_no,SMC-NO,40.0,0.55,110.04302751603419,96.83640944523043,200,176,0.88,0.879986779999492
smc_no,SMC-NO,40.0,0.575,115.03174324954855,90.30270859547345,200,157,0.785,0.7850242554315793
smc_no,SMC-NO,40.0,0.6,120.01097058913588,76.80357502389698,200,128,0.64,0.6399712846822831
smc_no,SMC-NO,40.0,0.625,125.0237058364303,70.63172287041405,200,113,0.565,0.5649466427016826
smc_no,SMC-NO,40.0,0.65,130.0057712374417,56.5504092338988,200,87,0.435,0.43498383722223755
smc_no,SMC-NO,40.0,0.675,135.01716493567747,43.88150546818044,200,65,0.325,0.32500686478704915
smc_no,SMC-NO,40.0,0.7,140.02637592321025,37.805924811245085,200,54,0.27,0.2699914538385087
smc_no,SMC-NO,40.0,0.725,145.00316489217354,26.826547778691133,200,37,0.185,0.1850066362250765
smc_no,SMC-NO,40.0,0.75,150.01928276050242,22.5009228560362,200,30,0.15,0.14998687130078933
smc_no,SMC-NO,40.0,0.775,155.02604265541356,17.050807652072706,200,22,0.11,0.10998673100346527
smc_no,SMC-NO,40.0,0.8,160.0185736180913,11.998843495327147,200,15,0.075,0.07498406731186227
smc_no,SMC-NO,40.0,0.825,165.00890262837234,7.42953323731887,200,9,0.045,0.045025044824711195
smc_no,SMC-NO,40.0,0.85,170.0206973902949,5.949398224657323,200,7,0.035,0.03499219986729055
smc_no,SMC-NO,40.0,0.875,175.02823883571327,6.124311865697348,200,7,0.035,0.034990421582461385
smc_no,SMC-NO,40.0,0.9,180.01919258138116,0.9006132384150115,200,1,0.005,0.005002873446440284
smc_no,SMC-NO,40.0,0.925,185.00649877596666,0.9239888733522683,200,1,0.005,0.004994359006118867
smc_no,SMC-NO,40.0,0.95,190.01224511890987,0.0,200,0,0.0,0.0
smc_no,SMC-NO,40.0,0.975,195.01954216282476,0.0,200,0,0.0,0.0
smc_no,SMC-NO,56.0,0.025,5.866232379188161,5.866232379188161,200,200,1.0,1.0
smc_no,SMC-NO,56.0,0.05,10.506530888662596,10.506530888662596,200,200,1.0,1.0
smc_no,SMC-NO,56.0,0.075,15.389295538096437,15.389295538096437,200,200,1.0,1.0
smc_no,SMC-NO,56.0,0.1,20.28143714302987,20.28143714302987,200,200,1.0,1.0
smc_no,SMC-NO,56.0,0.125,25.248226012389424,25.248226012389424,200,200,1.0,1.0
smc_no,SMC-NO,56.0,0.15,30.220632644646013,30.220632644646013,200,200,1.0,1.0
smc_no,SMC-NO,56.0,0.175,35.18650647092919,35.18650647092919,200,200,1.0,1.0
smc_no,SMC-NO,56.0,0.2,40.146037374074005,40.146037374074005,200,200,1.0,1.0
smc_no,SMC-NO,56.0,0.225,45.14709263954174,45.14709263954174,200,200,1.0,1.0
smc_no,SMC-NO,56.0,0.25,50.11831616016806,50.11831616016806,200,200,1.0,1.0
smc_no,SMC-NO,56.0,0.275,55.11246539805747,55.11246539805747,200,200,1.0,1.0
smc_no,SMC-NO,56.0,0.3,60.12084105021452,60.12084105021452,200,200,1.0,1.0
smc_no,SMC-NO,56.0,0.325,65.08931938656546,65.08931938656546,200,200,1.0,1.0
smc_no,SMC-NO,56.0,0.35,70.0969376717769,70.0969376717769,200,200,1.0,1.0
smc_no,SMC-NO,56.0,0.375,75.07523757194976,75.07523757194976,200,200,1.0,1.0
smc_no,SMC-NO,56.0,0.4,80.07166166858337,80.07166166858337,200,200,1.0,1.0
smc_no,SMC-NO,56.0,0.425,85.05966709244571,85.05966709244571,200,200,1.0,1.0
smc_no,SMC-NO,56.0,0.45,90.0678036075281,90.0678036075281,200,200,1.0,1.0
smc_no,SMC-NO,56.0,0.475,95.08147753185472,95.08147753185472,200,200,1.0,1.0
smc_no,SMC-NO,56.0,0.5,100.0809152981482,98.07790212550383,200,196,0.98,0.979986062610666
smc_no,SMC-NO,56.0,0.525,105.04761921068042,101.89826559003455,200,194,0.97,0.970019752524523
smc_no,SMC-NO,56.0,0.55,110.06680374385475,96.86408215932472,200,176,0.88,0.8800481059188824
smc_no,SMC-NO,56.0,0.575,115.04488451141236,90.30581941953301,200,157,0.785,0.7849616243525782
smc_no,SMC-NO,56.0,0.6,120.03310001904904,85.22644130115403,200,142,0.71,0.7100244956401921
smc_no,SMC-NO,56.0,0.625,125.03567684461707,71.89832046504483,200,115,0.575,0.57502244382932
smc_no,SMC-NO,56.0,0.65,130.04489468897717,49.423437931053876,200,76,0.38,0.38004904421090735
smc_no,SMC-NO,56.0,0.675,135.04538903118004,41.190941310316845,200,61,0.305,0.3050155329687447
smc_no,SMC-NO,56.0,0.7,140.05644550840242,27.315719699611908,200,39,0.195,0.19503364947222762
smc_no,SMC-NO,56.0,0.725,145.04323569961437,21.035511432849795,200,29,0.145,0.1450292482195757
smc_no,SMC-NO,56.0,0.75,150.05217458974116,18.76109320892519,200,25,0.125,0.1250304653046185
smc_no,SMC-NO,56.0,0.775,155.0419440558785,11.62872923492914,200,15,0.075,0.07500376305097181
smc_no,SMC-NO,56.0,0.8,160.0542158463167,4.801353096767089,200,6,0.03,0.029998291962376834
smc_no,SMC-NO,56.0,0.825,165.028548678595,4.9534400646787,200,6,0.03,0.03001565549925475
smc_no,SMC-NO,56.0,0.85,170.05294762312934,8.503142477510599,200,10,0.05,0.05000291142471243
smc_no,SMC-NO,56.0,0.875,175.00789920513188,2.6232032679833974,200,3,0.015,0.014989056379156145
smc_no,SMC-NO,56.0,0.9,180.03176834214045,2.6999768403807325,200,3,0.015,0.014997224463460112
smc_no,SMC-NO,56.0,0.925,185.02588574447452,0.0,200,0,0.0,0.0
smc_no,SMC-NO,56.0,0.95,190.03987473199658,0.0,200,0,0.0,0.0
smc_no,SMC-NO,56.0,0.975,195.01711132417606,0.0,200,0,0.0,0.0
smc_no,SMC-NO,72.0,0.025,6.274057721884532,6.274057721884532,200,200,1.0,1.0
smc_no,SMC-NO,72.0,0.05,10.790828879563664,10.790828879563664,200,200,1.0,1.0
smc_no,SMC-NO,72.0,0.075,15.560634474149792,15.560634474149792,200,200,1.0,1.0
smc_no,SMC-NO,72.0,0.1,20.432398891358485,20.432398891358485,200,200,1.0,1.0
smc_no,SMC-NO,72.0,0.125,25.362724522238405,25.362724522238405,200,200,1.0,1.0
smc_no,SMC-NO,72.0,0.15,30.298546440295862,30.298546440295862,200,200,1.0,1.0
smc_no,SMC-NO,72.0,0.175,35.30113099119243,35.30113099119243,200,200,1.0,1.0
smc_no,SMC-NO,72.0,0.2,40.23508459580066,40.23508459580066,200,200,1.0,1.0
smc_no,SMC-NO,72.0,0.225,45.220529471762156,45.220529471762156,200,200,1.0,1.0
smc_no,SMC-NO,72.0,0.25,50.195430278907025,50.195430278907025,200,200,1.0,1.0
smc_no,SMC-NO,72.0,0.275,55.169778502893855,55.169778502893855,200,200,1.0,1.0
smc_no,SMC-NO,72.0,0.3,60.17218680245704,60.17218680245704,200,200,1.0,1.0
smc_no,SMC-NO,72.0,0.325,65.17038526472379,65.17038526472379,200,200,1.0,1.0
smc_no,SMC-NO,72.0,0.35,70.13826457088292,70.13826457088292,200,200,1.0,1.0
smc_no,SMC-NO,72.0,0.375,75.13213321332574,75.13213321332574,200,200,1.0,1.0
smc_no,SMC-NO,72.0,0.4,80.11839241454675,80.11839241454675,200,200,1.0,1.0
smc_no,SMC-NO,72.0,0.425,85.12402162900474,85.12402162900474,200,200,1.0,1.0
smc_no,SMC-NO,72.0,0.45,90.12904772510417,90.12904772510417,200,200,1.0,1.0
smc_no,SMC-NO,72.0,0.475,95.09055516652009,95.09055516652009,200,200,1.0,1.0
smc_no,SMC-NO,72.0,0.5,100.09153680596563,100.09153680596563,200,200,1.0,1.0
smc_no,SMC-NO,72.0,0.525,105.1276091669842,101.44523494518424,200,193,0.965,0.9649723393219103
smc_no,SMC-NO,72.0,0.55,110.10752601241494,101.84901659307421,200,185,0.925,0.9249959587829668
smc_no,SMC-NO,72.0,0.575,115.08346926296889,96.67404092308813,200,168,0.84,0.8400341208187363
smc_no,SMC-NO,72.0,0.6,120.07809447877501,82.24724735078706,200,137,0.685,0.6849479724657446
smc_no,SMC-NO,72.0,0.625,125.06953476290916,63.160592211808314,200,101,0.505,0.5050038151300402
smc_no,SMC-NO,72.0,0.65,130.08467982567217,46.17540069291972,200,71,0.355,0.35496417222074006
smc_no,SMC-NO,72.0,0.675,135.0960680843974,29.046350872964275,200,43,0.215,0.2150051536275534
smc_no,SMC-NO,72.0,0.7,140.064868314675,29.419595495410864,200,42,0.21,0.21004264559272418
smc_no,SMC-NO,72.0,0.725,145.0685924661275,23.221524516194496,200,32,0.16,0.16007272229939473
smc_no,SMC-NO,72.0,0.75,150.07082241598587,14.256722030054286,200,19,0.095,0.09499995935609419
smc_no,SMC-NO,72.0,0.775,155.06895019390933,4.649539031800866,200,6,0.03,0.029983688068996074
smc_no,SMC-NO,72.0,0.8,160.0621628456978,1.6004113009648095,200,2,0.01,0.00999868596370042
smc_no,SMC-NO,72.0,0.825,165.05622526916258,4.127680448343097,200,5,0.025,0.0250077235294334
smc_no,SMC-NO,72.0,0.85,170.08146953517695,1.7023289334308134,200,2,0.01,0.01000890301620266
smc_no,SMC-NO,72.0,0.875,175.05241094638026,0.8742941261558442,200,1,0.005,0.0049944706355609485
smc_no,SMC-NO,72.0,0.9,180.04412385651656,1.8016700433493484,200,2,0.01,0.010006825020210946
smc_no,SMC-NO,72.0,0.925,185.05867407077267,0.0,200,0,0.0,0.0
smc_no,SMC-NO,72.0,0.95,190.0580087899835,0.0,200,0,0.0,0.0
smc_no,SMC-NO,72.0,0.975,195.05790423699764,0.0,200,0,0.0,0.0
smc_no,SMC-NO,88.0,0.025,6.797439453604307,6.797439453604307,200,200,1.0,1.0
smc_no,SMC-NO,88.0,0.05,11.11788710175376,11.11788710175376,200,200,1.0,1.0
smc_no,SMC-NO,88.0,0.075,15.853387587864498,15.853387587864498,200,200,1.0,1.0
smc_no,SMC-NO,88.0,0.1,20.643566020778902,20.643566020778902,200,200,1.0,1.0
smc_no,SMC-NO,88.0,0.125,25.526642371086243,25.526642371086243,200,200,1.0,1.0
smc_no,SMC-NO,88.0,0.15,30.472786143780105,30.472786143780105,200,200,1.0,1.0
smc_no,SMC-NO,88.0,0.175,35.383816656856126,35.383816656856126,200,200,1.0,1.0
smc_no,SMC-NO,88.0,0.2,40.362934527672046,40.362934527672046,200,200,1.0,1.0
smc_no,SMC-NO,88.0,0.225,45.345767628333,45.345767628333,200,200,1.0,1.0
smc_no,SMC-NO,88.0,0.25,50.28499590115623,50.28499590115623,200,200,1.0,1.0
smc_no,SMC-NO,88.0,0.275,55.25069249110066,55.25069249110066,200,200,1.0,1.0
smc_no,SMC-NO,88.0,0.3,60.28332064344885,60.28332064344885,200,200,1.0,1.0
smc_no,SMC-NO,88.0,0.325,65.22053486544233,65.22053486544233,200,200,1.0,1.0
smc_no,SMC-NO,88.0,0.35,70.2256085527227,70.2256085527227,200,200,1.0,1.0
smc_no,SMC-NO,88.0,0.375,75.20086452723194,75.20086452723194,200,200,1.0,1.0
smc_no,SMC-NO,88.0,0.4,80.19612939092762,80.19612939092762,200,200,1.0,1.0
smc_no,SMC-NO,88.0,0.425,85.1554184079999,85.1554184079999,200,200,1.0,1.0
smc_no,SMC-NO,88.0,0.45,90.16545737594474,90.16545737594474,200,200,1.0,1.0
smc_no,SMC-NO,88.0,0.475,95.14339189988117,95.14339189988117,200,200,1.0,1.0
smc_no,SMC-NO,88.0,0.5,100.13808048159754,99.63637927015353,200,199,0.995,0.9949899058476939
smc_no,SMC-NO,88.0,0.525,105.15618843103834,103.57790495481885,200,197,0.985,0.9849910547370729
smc_no,SMC-NO,88.0,0.55,110.12041904458015,106.81726437741811,200,194,0.97,0.9700041582131574
smc_no,SMC-NO,88.0,0.575,115.14247068911574,96.72266586062482,200,168,0.84,0.8400259720131911
smc_no,SMC-NO,88.0,0.6,120.10783343397894,82.27646582426465,200,137,0.685,0.6850216465647139
smc_no,SMC-NO,88.0,0.625,125.11081894009679,68.80912942050728,200,110,0.55,0.5499854449314505
smc_no,SMC-NO,88.0,0.65,130.10557194138323,48.79636335705904,200,75,0.375,0.3750520644807079
smc_no,SMC-NO,88.0,0.675,135.09684589634898,34.442698137754,200,51,0.255,0.25494820333688356
smc_no,SMC-NO,88.0,0.7,140.09707362059152,25.219685566353093,200,36,0.18,0.18001579129805817
smc_no,SMC-NO,88.0,0.725,145.08708895836764,16.681954784331978,200,23,0.115,0.11497890614594122
smc_no,SMC-NO,88.0,0.75,150.083001426769,7.501517547866898,200,10,0.05,0.049982459549405826
smc_no,SMC-NO,88.0,0.775,155.1183069836774,6.9813687868836505,200,9,0.045,0.045006736616963444
smc_no,SMC-NO,88.0,0.8,160.08975262581927,3.203718249761068,200,4,0.02,0.02001201324390311
smc_no,SMC-NO,88.0,0.825,165.06918576329778,0.8271799012123249,200,1,0.005,0.005011110325572611
smc_no,SMC-NO,88.0,0.85,170.0665053697136,0.0,200,0,0.0,0.0
smc_no,SMC-NO,88.0,0.875,175.09484430810082,1.7488603796085267,200,2,0.01,0.009988074671868652
smc_no,SMC-NO,88.0,0.9,180.09655677788123,0.0,200,0,0.0,0.0
smc_no,SMC-NO,88.0,0.925,185.0742730955156,0.0,200,0,0.0,0.0
smc_no,SMC-NO,88.0,0.95,190.09994712530928,0.0,200,0,0.0,0.0
smc_no,SMC-NO,88.0,0.975,195.07415500036274,0.0,200,0,0.0,0.0
ub_hl,UB-H&L,8.0,0.025,5.024665051583793,5.024665051583793,200,200,1.0,1.0
ub_hl,UB-H&L,8.0,0.05,10.005838721274808,10.005838721274808,200,200,1.0,1.0
ub_hl,UB-H&L,8.0,0.075,15.009759010999712,15.009759010999712,200,200,1.0,1.0
ub_hl,UB-H&L,8.0,0.1,20.00367470925149,20.00367470925149,200,200,1.0,1.0
ub_hl,UB-H&L,8.0,0.125,25.003683676282105,25.003683676282105,200,200,1.0,1.0
ub_hl,UB-H&L,8.0,0.15,30.009808719248486,30.009808719248486,200,200,1.0,1.0
ub_hl,UB-H&L,8.0,0.175,34.99845917233918,34.99845917233918,200,200,1.0,1.0
ub_hl,UB-H&L,8.0,0.2,40.00273332950032,40.00273332950032,200,200,1.0,1.0
ub_hl,UB-H&L,8.0,0.225,45.00375974680196,45.00375974680196,200,200,1.0,1.0
ub_hl,UB-H&L,8.0,0.25,50.008963550275524,50.008963550275524,200,200,1.0,1.0
ub_hl,UB-H&L,8.0,0.275,55.00154474616041,55.00154474616041,200,200,1.0,1.0
ub_hl,UB-H&L,8.0,0.3,60.005270244893815,60.005270244893815,200,200,1.0,1.0
ub_hl,UB-H&L,8.0,0.325,64.99995749209297,64.99995749209297,200,200,1.0,1.0
ub_hl,UB-H&L,8.0,0.35,69.99902527296116,69.99902527296116,200,200,1.0,1.0
ub_hl,UB-H&L,8.0,0.375,75.00775725714006,75.00775725714006,200,200,1.0,1.0
ub_hl,UB-H&L,8.0,0.4,80.00143911366278,80.00143911366278,200,200,1.0,1.0
ub_hl,UB-H&L,8.0,0.425,85.00040657009436,85.00040657009436,200,200,1.0,1.0
ub_hl,UB-H&L,8.0,0.45,90.00234645289902,90.00234645289902,200,200,1.0,1.0
ub_hl,UB-H&L,8.0,0.475,95.00068445681188,94.52575297836653,200,199,0.995,0.9950007572981091
ub_hl,UB-H&L,8.0,0.5,99.99743245891499,96.99710149936924,200,194,0.97,0.9699959200374623
ub_hl,UB-H&L,8.0,0.525,104.99583801363,101.8456440695333,200,194,0.97,0.9699969636540472
ub_hl,UB-H&L,8.0,0.55,109.99981894944561,100.65128785580912,200,183,0.915,0.9150132138132614
ub_hl,UB-H&L,8.0,0.575,115.00528806673842,100.63112395424623,200,175,0.875,0.8750130158871412
ub_hl,UB-H&L,8.0,0.6,120.00466818941574,107.40419268092194,200,179,0.895,0.8950001220902076
ub_hl,UB-H&L,8.0,0.625,124.98734261541127,101.8680684389478,200,163,0.815,0.8150270764008323
ub_hl,UB-H&L,8.0,0.65,129.9961177261602,99.4476737446832,200,153,0.765,0.765004951564569
ub_hl,UB-H&L,8.0,0.675,135.00269360387634,108.00209696543298,200,160,0.8,0.7999995709887963
ub_hl,UB-H&L,8.0,0.7,140.0028971451819,107.80213480551306,200,154,0.77,0.7699993143264965
ub_hl,UB-H&L,8.0,0.725,144.9975116865508,98.59700269266217,200,136,0.68,0.6799909980924693
ub_hl,UB-H&L,8.0,0.75,150.0063950339605,104.2543803182953,200,139,0.695,0.6949995718162068
ub_hl,UB-H&L,8.0,0.775,155.00190084898375,107.72875674260109,200,139,0.695,0.6950157136947615
ub_hl,UB-H&L,8.0,0.8,159.99428518820525,102.39708660383252,200,128,0.64,0.6400046506872435
ub_hl,UB-H&L,8.0,0.825,164.99677079888647,98.17309510070541,200,119,0.595,0.5950000998526691
ub_hl,UB-H&L,8.0,0.85,170.00155017353185,99.45100988152095,200,117,0.585,0.5850006060533255
ub_hl,UB-H&L,8.0,0.875,175.00089893790636,104.99811772573528,200,120,0.6,0.5999861621453191
ub_hl,UB-H&L,8.0,0.9,179.9945391952204,100.79718558808854,200,112,0.56,0.56000135358976
ub_hl,UB-H&L,8.0,0.925,184.99475956404584,69.3733760946332,200,75,0.375,0.3750018446907189
ub_hl,UB-H&L,8.0,0.95,189.9997599666717,48.452185559610406,200,51,0.255,0.2550118251102502
ub_hl,UB-H&L,8.0,0.975,194.99422454044145,18.52403788335138,200,19,0.095,0.09499787969109581
ub_hl,UB-H&L,24.0,0.025,5.193363442615399,5.193363442615399,200,200,1.0,1.0
ub_hl,UB-H&L,24.0,0.05,10.091269336004473,10.091269336004473,200,200,1.0,1.0
ub_hl,UB-H&L,24.0,0.075,15.070468488711633,15.070468488711633,200,200,1.0,1.0
ub_hl,UB-H&L,24.0,0.1,20.049684653655802,20.049684653655802,200,200,1.0,1.0
ub_hl,UB-H&L,24.0,0.125,25.045968767150473,25.045968767150473,200,200,1.0,1.0
ub_hl,UB-H&L,24.0,0.15,30.032348293729537,30.032348293729537,200,200,1.0,1.0
ub_hl,UB-H&L,24.0,0.175,35.03481563168826,35.03481563168826,200,200,1.0,1.0
ub_hl,UB-H&L,24.0,0.2,40.01359051469068,40.01359051469068,200,200,1.0,1.0
ub_hl,UB-H&L,24.0,0.225,45.02008529167424,45.02008529167424,200,200,1.0,1.0
ub_hl,UB-H&L,24.0,0.25,50.02618227286748,50.02618227286748,200,200,1.0,1.0
ub_hl,UB-H&L,24.0,0.275,55.02648903660512,55.02648903660512,200,200,1.0,1.0
ub_hl,UB-H&L,24.0,0.3,60.0099388609943,60.0099388609943,200,200,1.0,1.0
ub_hl,UB-H&L,24.0,0.325,65.021514353842,65.021514353842,200,200,1.0,1.0
ub_hl,UB-H&L,24.0,0.35,70.00536788460798,70.00536788460798,200,200,1.0,1.0
ub_hl,UB-H&L,24.0,0.375,75.0123631772482,75.0123631772482,200,200,1.0,1.0
ub_hl,UB-H&L,24.0,0.4,80.02065099499315,80.02065099499315,200,200,1.0,1.0
ub_hl,UB-H&L,24.0,0.425,85.02900547650643,85.02900547650643,200,200,1.0,1.0
ub_hl,UB-H&L,24.0,0.45,90.01378176470996,90.01378176470996,200,200,1.0,1.0
ub_hl,UB-H&L,24.0,0.475,95.00193603250041,95.00193603250041,200,200,1.0,1.0
ub_hl,UB-H&L,24.0,0.5,100.00537159137147,100.00537159137147,200,200,1.0,1.0
ub_hl,UB-H&L,24.0,0.525,105.01336964444434,105.01336964444434,200,200,1.0,1.0
ub_hl,UB-H&L,24.0,0.55,110.00685699365498,110.00685699365498,200,200,1.0,1.0
ub_hl,UB-H&L,24.0,0.575,115.0048395515689,113.27894562182159,200,197,0.985,0.9849928582442532
ub_hl,UB-H&L,24.0,0.6,120.00963364024196,117.00994413480782,200,195,0.975,0.9750045940942839
ub_hl,UB-H&L,24.0,0.625,124.99607846811647,118.12264374566726,200,189,0.945,0.9450107970851065
ub_hl,UB-H&L,24.0,0.65,130.00508445694797,120.25360103140002,200,185,0.925,0.9249915227063507
ub_hl,UB-H&L,24.0,0.675,135.00269462118504,126.22762287738207,200,187,0.935,0.935000765959334
ub_hl,UB-H&L,24.0,0.7,140.00375468815457,123.20400984449299,200,176,0.88,0.8800050407142189
ub_hl,UB-H&L,24.0,0.725,145.0206546092933,129.06963192614822,200,178,0.89,0.890008614799599
ub_hl,UB-H&L,24.0,0.75,150.01476045873474,119.26155343644632,200,159,0.795,0.7949987925971601
ub_hl,UB-H&L,24.0,0.775,155.01468349082893,126.33159180918098,200,163,0.815,0.8149653243439683
ub_hl,UB-H&L,24.0,0.8,160.02191835398423,108.01967833161825,200,135,0.675,0.675030517336182
ub_hl,UB-H&L,24.0,0.825,164.99640424838228,111.37480817565533,200,135,0.675,0.6750135476164313
ub_hl,UB-H&L,24.0,0.85,170.01936756613347,106.26579611205389,200,125,0.625,0.6250217115454157
ub_hl,UB-H&L,24.0,0.875,175.00775202538244,107.63291046820522,200,123,0.615,0.615017959047863
ub_hl,UB-H&L,24.0,0.9,180.00761281162778,77.40582032245382,200,86,0.43,0.4300141483652502
ub_hl,UB-H&L,24.0,0.925,184.994819170467,53.64257750572512,200,58,0.29,0.2899679988134973
ub_hl,UB-H&L,24.0,0.95,190.0118467473441,14.251732101822526,200,15,0.075,0.07500443970092475
ub_hl,UB-H&L,24.0,0.975,195.00368853052737,0.9745333130301415,200,1,0.005,0.004997512202840105
ub_hl,UB-H&L,40.0,0.025,5.481757610516888,5.481757610516888,200,200,1.0,1.0
ub_hl,UB-H&L,40.0,0.05,10.279778118937044,10.279778118937044,200,200,1.0,1.0
ub_hl,UB-H&L,40.0,0.075,15.18141877011241,15.18141877011241,200,200,1.0,1.0
ub_hl,UB-H&L,40.0,0.1,20.144633353698545,20.144633353698545,200,200,1.0,1.0
ub_hl,UB-H&L,40.0,0.125,25.124319727343043,25.124319727343043,200,200,1.0,1.0
ub_hl,UB-H&L,40.0,0.15,30.103522518337602,30.103522518337602,200,200,1.0,1.0
ub_hl,UB-H&L,40.0,0.175,35.06510996172969,35.06510996172969,200,200,1.0,1.0
ub_hl,UB-H&L,40.0,0.2,40.074430836587624,40.074430836587624,200,200,1.0,1.0
ub_hl,UB-H&L,40.0,0.225,45.063409159860065,45.063409159860065,200,200,1.0,1.0
ub_hl,UB-H&L,40.0,0.25,50.05939015633336,50.05939015633336,200,200,1.0,1.0
ub_hl,UB-H&L,40.0,0.275,55.063004835932894,55.063004835932894,200,200,1.0,1.0
ub_hl,UB-H&L,40.0,0.3,60.0453528130648,60.0453528130648,200,200,1.0,1.0
ub_hl,UB-H&L,40.0,0.325,65.03812492041287,65.03812492041287,200,200,1.0,1.0
ub_hl,UB-H&L,40.0,0.35,70.0414852000571,70.0414852000571,200,200,1.0,1.0
ub_hl,UB-H&L,40.0,0.375,75.04109019978124,75.04109019978124,200,200,1.0,1.0
ub_hl,UB-H&L,40.0,0.4,80.04456918621763,80.04456918621763,200,200,1.0,1.0
ub_hl,UB-H&L,40.0,0.425,85.04432595178719,85.04432595178719,200,200,1.0,1.0
ub_hl,UB-H&L,40.0,0.45,90.03353794549389,90.03353794549389,200,200,1.0,1.0
ub_hl,UB-H&L,40.0,0.475,95.02482380908893,95.02482380908893,200,200,1.0,1.0
ub_hl,UB-H&L,40.0,0.5,100.02277208838866,100.02277208838866,200,200,1.0,1.0
ub_hl,UB-H&L,40.0,0.525,105.0430634091767,105.0430634091767,200,200,1.0,1.0
ub_hl,UB-H&L,40.0,0.55,110.04302751603419,110.04302751603419,200,200,1.0,1.0
ub_hl,UB-H&L,40.0,0.575,115.03174324954855,115.03174324954855,200,200,1.0,1.0
ub_hl,UB-H&L,40.0,0.6,120.01097058913588,120.01097058913588,200,200,1.0,1.0
ub_hl,UB-H&L,40.0,0.625,125.0237058364303,121.89998073871385,200,195,0.975,0.9750149375526971
ub_hl,UB-H&L,40.0,0.65,130.0057712374417,124.80519251297714,200,192,0.96,0.9599973241575079
ub_hl,UB-H&L,40.0,0.675,135.01716493567747,132.31704105886715,200,196,0.98,0.9800016251407985
ub_hl,UB-H&L,40.0,0.7,140.02637592321025,130.22819817326476,200,186,0.93,0.9300261990975274
ub_hl,UB-H&L,40.0,0.725,145.00316489217354,126.87787149886847,200,175,0.875,0.8750007049378316
ub_hl,UB-H&L,40.0,0.75,150.01928276050242,130.51268732429799,200,174,0.87,0.869972745654666
ub_hl,UB-H&L,40.0,0.775,155.02604265541356,125.56341899492145,200,162,0.81,0.8099504886028691
ub_hl,UB-H&L,40.0,0.8,160.0185736180913,126.41225042434408,200,158,0.79,0.7899848596703916
ub_hl,UB-H&L,40.0,0.825,165.00890262837234,117.98232094173741,200,143,0.715,0.7150057909751291
ub_hl,UB-H&L,40.0,0.85,170.0206973902949,101.16389881447454,200,119,0.595,0.5950093157319866
ub_hl,UB-H&L,40.0,0.875,175.02823883571327,106.77125821723473,200,122,0.61,0.6100230392962671
ub_hl,UB-H&L,40.0,0.9,180.01919258138116,79.20202640538271,200,88,0.44,0.4399643464103301
ub_hl,UB-H&L,40.0,0.925,185.00649877596666,46.24978617495899,200,50,0.25,0.2499900624083757
ub_hl,UB-H&L,40.0,0.95,190.01224511890987,8.551398130705044,200,9,0.045,0.04500445813559842
ub_hl,UB-H&L,40.0,0.975,195.01954216282476,0.0,200,0,0.0,0.0
ub_hl,UB-H&L,56.0,0.025,5.866232379188161,5.866232379188161,200,200,1.0,1.0
ub_hl,UB-H&L,56.0,0.05,10.506530888662596,10.506530888662596,200,200,1.0,1.0
ub_hl,UB-H&L,56.0,0.075,15.389295538096437,15.389295538096437,200,200,1.0,1.0
ub_hl,UB-H&L,56.0,0.1,20.28143714302987,20.28143714302987,200,200,1.0,1.0
ub_hl,UB-H&L,56.0,0.125,25.248226012389424,25.248226012389424,200,200,1.0,1.0
ub_hl,UB-H&L,56.0,0.15,30.220632644646013,30.220632644646013,200,200,1.0,1.0
ub_hl,UB-H&L,56.0,0.175,35.18650647092919,35.18650647092919,200,200,1.0,1.0
ub_hl,UB-H&L,56.0,0.2,40.146037374074005,40.146037374074005,200,200,1.0,1.0
ub_hl,UB-H&L,56.0,0.225,45.14709263954174,45.14709263954174,200,200,1.0,1.0
ub_hl,UB-H&L,56.0,0.25,50.11831616016806,50.11831616016806,200,200,1.0,1.0
ub_hl,UB-H&L,56.0,0.275,55.11246539805747,55.11246539805747,200,200,1.0,1.0
ub_hl,UB-H&L,56.0,0.3,60.12084105021452,60.12084105021452,200,200,1.0,1.0
ub_hl,UB-H&L,56.0,0.325,65.08931938656546,65.08931938656546,200,200,1.0,1.0
ub_hl,UB-H&L,56.0,0.35,70.0969376717769,70.0969376717769,200,200,1.0,1.0
ub_hl,UB-H&L,56.0,0.375,75.07523757194976,75.07523757194976,200,200,1.0,1.0
ub_hl,UB-H&L,56.0,0.4,80.07166166858337,80.07166166858337,200,200,1.0,1.0
ub_hl,UB-H&L,56.0,0.425,85.05966709244571,85.05966709244571,200,200,1.0,1.0
ub_hl,UB-H&L,56.0,0.45,90.0678036075281,90.0678036075281,200,200,1.0,1.0
ub_hl,UB-H&L,56.0,0.475,95.08147753185472,95.08147753185472,200,200,1.0,1.0
ub_hl,UB-H&L,56.0,0.5,100.0809152981482,100.0809152981482,200,200,1.0,1.0
ub_hl,UB-H&L,56.0,0.525,105.04761921068042,105.04761921068042,200,200,1.0,1.0
ub_hl,UB-H&L,56.0,0.55,110.06680374385475,110.06680374385475,200,200,1.0,1.0
ub_hl,UB-H&L,56.0,0.575,115.04488451141236,115.04488451141236,200,200,1.0,1.0
ub_hl,UB-H&L,56.0,0.6,120.03310001904904,120.03310001904904,200,200,1.0,1.0
ub_hl,UB-H&L,56.0,0.625,125.03567684461707,124.41146632262006,200,199,0.995,0.9950077406885018
ub_hl,UB-H&L,56.0,0.65,130.04489468897717,128.09500780886225,200,197,0.985,0.9850060482206674
ub_hl,UB-H&L,56.0,0.675,135.04538903118004,131.67220715557298,200,195,0.975,0.9750218656126923
ub_hl,UB-H&L,56.0,0.7,140.05644550840242,135.15213028618663,200,193,0.965,0.9649832950963934
ub_hl,UB-H&L,56.0,0.725,145.04323569961437,134.89384471305914,200,186,0.93,0.9300250650256128
ub_hl,UB-H&L,56.0,0.75,150.05217458974116,136.54576978892126,200,182,0.91,0.9099886100434874
ub_hl,UB-H&L,56.0,0.775,155.0419440558785,129.4629076450569,200,167,0.835,0.8350186037295644
ub_hl,UB-H&L,56.0,0.8,160.0542158463167,124.83642469979166,200,156,0.78,0.7799633645367955
ub_hl,UB-H&L,56.0,0.825,165.028548678595,122.12103493052412,200,148,0.74,0.7399994480249816
ub_hl,UB-H&L,56.0,0.85,170.05294762312934,112.23686360087429,200,132,0.66,0.6600112798374608
ub_hl,UB-H&L,56.0,0.875,175.00789920513188,105.00642199428535,200,120,0.6,0.6000096136872327
ub_hl,UB-H&L,56.0,0.9,180.03176834214045,86.40980670332206,200,96,0.48,0.47996977144114356
ub_hl,UB-H&L,56.0,0.925,185.02588574447452,26.826679524400454,200,29,0.145,0.14498879125188344
ub_hl,UB-H&L,56.0,0.95,190.03987473199658,1.9018503345358202,200,2,0.01,0.010007638329681608
ub_hl,UB-H&L,56.0,0.975,195.01711132417606,0.0,200,0,0.0,0.0
ub_hl,UB-H&L,72.0,0.025,6.274057721884532,6.274057721884532,200,200,1.0,1.0
ub_hl,UB-H&L,72.0,0.05,10.790828879563664,10.790828879563664,200,200,1.0,1.0
ub_hl,UB-H&L,72.0,0.075,15.560634474149792,15.560634474149792,200,200,1.0,1.0
ub_hl,UB-H&L,72.0,0.1,20.432398891358485,20.432398891358485,200,200,1.0,1.0
ub_hl,UB-H&L,72.0,0.125,25.362724522238405,25.362724522238405,200,200,1.0,1.0
ub_hl,UB-H&L,72.0,0.15,30.298546440295862,30.298546440295862,200,200,1.0,1.0
ub_hl,UB-H&L,72.0,0.175,35.30113099119243,35.30113099119243,200,200,1.0,1.0
ub_hl,UB-H&L,72.0,0.2,40.23508459580066,40.23508459580066,200,200,1.0,1.0
ub_hl,UB-H&L,72.0,0.225,45.220529471762156,45.220529471762156,200,200,1.0,1.0
ub_hl,UB-H&L,72.0,0.25,50.195430278907025,50.195430278907025,200,200,1.0,1.0
ub_hl,UB-H&L,72.0,0.275,55.169778502893855,55.169778502893855,200,200,1.0,1.0
ub_hl,UB-H&L,72.0,0.3,60.17218680245704,60.17218680245704,200,200,1.0,1.0
ub_hl,UB-H&L,72.0,0.325,65.17038526472379,65.17038526472379,200,200,1.0,1.0
ub_hl,UB-H&L,72.0,0.35,70.13826457088292,70.13826457088292,200,200,1.0,1.0
ub_hl,UB-H&L,72.0,0.375,75.13213321332574,75.13213321332574,200,200,1.0,1.0
ub_hl,UB-H&L,72.0,0.4,80.11839241454675,80.11839241454675,200,200,1.0,1.0
ub_hl,UB-H&L,72.0,0.425,85.12402162900474,85.12402162900474,200,200,1.0,1.0
ub_hl,UB-H&L,72.0,0.45,90.12904772510417,90.12904772510417,200,200,1.0,1.0
ub_hl,UB-H&L,72.0,0.475,95.09055516652009,95.09055516652009,200,200,1.0,1.0
ub_hl,UB-H&L,72.0,0.5,100.09153680596563,100.09153680596563,200,200,1.0,1.0
ub_hl,UB-H&L,72.0,0.525,105.1276091669842,105.1276091669842,200,200,1.0,1.0
ub_hl,UB-H&L,72.0,0.55,110.10752601241494,110.10752601241494,200,200,1.0,1.0
ub_hl,UB-H&L,72.0,0.575,115.08346926296889,115.08346926296889,200,200,1.0,1.0
ub_hl,UB-H&L,72.0,0.6,120.07809447877501,120.07809447877501,200,200,1.0,1.0
ub_hl,UB-H&L,72.0,0.625,125.06953476290916,124.44466858538946,200,199,0.995,0.9950038498287834
ub_hl,UB-H&L,72.0,0.65,130.08467982567217,128.13155832797224,200,197,0.985,0.9849857684985094
ub_hl,UB-H&L,72.0,0.675,135.0960680843974,134.4211403466344,200,199,0.995,0.9950040904422077
ub_hl,UB-H&L,72.0,0.7,140.064868314675,134.46175259155834,200,192,0.96,0.9599962803625496
ub_hl,UB-H&L,72.0,0.725,145.0685924661275,139.2666558647104,200,192,0.96,0.9600055635559308
ub_hl,UB-H&L,72.0,0.75,150.07082241598587,132.80723645915526,200,177,0.885,0.8849637412595958
ub_hl,UB-H&L,72.0,0.775,155.06895019390933,138.7878912972555,200,179,0.895,0.8950076151525187
ub_hl,UB-H&L,72.0,0.8,160.0621628456978,125.65353653724101,200,157,0.785,0.7850296053938295
ub_hl,UB-H&L,72.0,0.825,165.05622526916258,124.60714564417239,200,151,0.755,0.754937570158117
ub_hl,UB-H&L,72.0,0.85,170.08146953517695,113.95608482995631,200,134,0.67,0.6700088207221625
ub_hl,UB-H&L,72.0,0.875,175.05241094638026,99.77366864476711,200,114,0.57,0.5699645500759681
ub_hl,UB-H&L,72.0,0.9,180.04412385651656,73.82286308339825,200,82,0.41,0.41002650629259224
ub_hl,UB-H&L,72.0,0.925,185.05867407077267,24.986686470662033,200,27,0.135,0.13502034744454228
ub_hl,UB-H&L,72.0,0.95,190.0580087899835,0.950090022993353,200,1,0.005,0.004998947579437258
ub_hl,UB-H&L,72.0,0.975,195.05790423699764,0.0,200,0,0.0,0.0
ub_hl,UB-H&L,88.0,0.025,6.797439453604307,6.797439453604307,200,200,1.0,1.0
ub_hl,UB-H&L,88.0,0.05,11.11788710175376,11.11788710175376,200,200,1.0,1.0
ub_hl,UB-H&L,88.0,0.075,15.853387587864498,15.853387587864498,200,200,1.0,1.0
ub_hl,UB-H&L,88.0,0.1,20.643566020778902,20.643566020778902,200,200,1.0,1.0
ub_hl,UB-H&L,88.0,0.125,25.526642371086243,25.526642371086243,200,200,1.0,1.0
ub_hl,UB-H&L,88.0,0.15,30.472786143780105,30.472786143780105,200,200,1.0,1.0
ub_hl,UB-H&L,88.0,0.175,35.383816656856126,35.383816656856126,200,200,1.0,1.0
ub_hl,UB-H&L,88.0,0.2,40.362934527672046,40.362934527672046,200,200,1.0,1.0
ub_hl,UB-H&L,88.0,0.225,45.345767628333,45.345767628333,200,200,1.0,1.0
ub_hl,UB-H&L,88.0,0.25,50.28499590115623,50.28499590115623,200,200,1.0,1.0
ub_hl,UB-H&L,88.0,0.275,55.25069249110066,55.25069249110066,200,200,1.0,1.0
ub_hl,UB-H&L,88.0,0.3,60.28332064344885,60.28332064344885,200,200,1.0,1.0
ub_hl,UB-H&L,88.0,0.325,65.22053486544233,65.22053486544233,200,200,1.0,1.0
ub_hl,UB-H&L,88.0,0.35,70.2256085527227,70.2256085527227,200,200,1.0,1.0
ub_hl,UB-H&L,88.0,0.375,75.20086452723194,75.20086452723194,200,200,1.0,1.0
ub_hl,UB-H&L,88.0,0.4,80.19612939092762,80.19612939092762,200,200,1.0,1.0
ub_hl,UB-H&L,88.0,0.425,85.1554184079999,85.1554184079999,200,200,1.0,1.0
ub_hl,UB-H&L,88.0,0.45,90.16545737594474,90.16545737594474,200,200,1.0,1.0
ub_hl,UB-H&L,88.0,0.475,95.14339189988117,95.14339189988117,200,200,1.0,1.0
ub_hl,UB-H&L,88.0,0.5,100.13808048159754,100.13808048159754,200,200,1.0,1.0
ub_hl,UB-H&L,88.0,0.525,105.15618843103834,105.15618843103834,200,200,1.0,1.0
ub_hl,UB-H&L,88.0,0.55,110.12041904458015,110.12041904458015,200,200,1.0,1.0
ub_hl,UB-H&L,88.0,0.575,115.14247068911574,115.14247068911574,200,200,1.0,1.0
ub_hl,UB-H&L,88.0,0.6,120.10783343397894,120.10783343397894,200,200,1.0,1.0
ub_hl,UB-H&L,88.0,0.625,125.11081894009679,125.11081894009679,200,200,1.0,1.0
ub_hl,UB-H&L,88.0,0.65,130.10557194138323,130.10557194138323,200,200,1.0,1.0
ub_hl,UB-H&L,88.0,0.675,135.09684589634898,135.09684589634898,200,200,1.0,1.0
ub_hl,UB-H&L,88.0,0.7,140.09707362059152,136.5980588263141,200,195,0.975,0.9750243548715842
ub_hl,UB-H&L,88.0,0.725,145.08708895836764,139.2805903336397,200,192,0.96,0.9599792189200647
ub_hl,UB-H&L,88.0,0.75,150.083001426769,138.82810998764577,200,185,0.925,0.9250088862021134
ub_hl,UB-H&L,88.0,0.775,155.1183069836774,138.83554557301534,200,179,0.895,0.8950300468894659
ub_hl,UB-H&L,88.0,0.8,160.08975262581927,132.06894553469192,200,165,0.825,0.8249681404866624
ub_hl,UB-H&L,88.0,0.825,165.06918576329778,124.62231655818356,200,151,0.755,0.7549702022331817
ub_hl,UB-H&L,88.0,0.85,170.0665053697136,119.04472626836252,200,140,0.7,0.699989254260073
ub_hl,UB-H&L,88.0,0.875,175.09484430810082,111.18074938356585,200,127,0.635,0.6349744324163521
ub_hl,UB-H&L,88.0,0.9,180.09655677788123,71.13851127539233,200,79,0.395,0.3950020619390836
ub_hl,UB-H&L,88.0,0.925,185.0742730955156,18.506823926780427,200,20,0.1,0.09999673978040795
ub_hl,UB-H&L,88.0,0.95,190.09994712530928,0.0,200,0,0.0,0.0
ub_hl,UB-H&L,88.0,0.975,195.07415500036274,0.0,200,0,0.0,0.0
