method,method_label,sweep_value,util_level,util_sum,weighted_success_sum,taskset_count,success_count,schedulable_ratio,weighted_schedulability_at_util
amc_max,AMC-max,0.05,0.025,5.150775154323688,5.150775154323688,200,200,1.0,1.0
amc_max,AMC-max,0.05,0.05,10.07356157320267,10.07356157320267,200,200,1.0,1.0
amc_max,AMC-max,0.05,0.075,15.0434043963246,15.0434043963246,200,200,1.0,1.0
amc_max,AMC-max,0.05,0.1,20.033434849724042,20.033434849724042,200,200,1.0,1.0
amc_max,AMC-max,0.05,0.125,25.028879158423397,25.028879158423397,200,200,1.0,1.0
amc_max,AMC-max,0.05,0.15,30.03550192819835,30.03550192819835,200,200,1.0,1.0
amc_max,AMC-max,0.05,0.175,35.0207482666908,35.0207482666908,200,200,1.0,1.0
amc_max,AMC-max,0.05,0.2,40.01291481185509,40.01291481185509,200,200,1.0,1.0
amc_max,AMC-max,0.05,0.225,45.01771047158208,45.01771047158208,200,200,1.0,1.0
amc_max,AMC-max,0.05,0.25,50.01110616187902,50.01110616187902,200,200,1.0,1.0
amc_max,AMC-max,0.05,0.275,55.01374912511959,55.01374912511959,200,200,1.0,1.0
amc_max,AMC-max,0.05,0.3,60.01498862925155,60.01498862925155,200,200,1.0,1.0
amc_max,AMC-max,0.05,0.325,65.0155689397196,65.0155689397196,200,200,1.0,1.0
amc_max,AMC-max,0.05,0.35,70.01916245631176,70.01916245631176,200,200,1.0,1.0
amc_max,AMC-max,0.05,0.375,75.01429470481146,75.01429470481146,200,200,1.0,1.0
amc_max,AMC-max,0.05,0.4,80.01035417787244,80.01035417787244,200,200,1.0,1.0
amc_max,AMC-max,0.05,0.425,85.00718233545614,85.00718233545614,200,200,1.0,1.0
amc_max,AMC-max,0.05,0.45,90.01395769955089,90.01395769955089,200,200,1.0,1.0
amc_max,AMC-max,0.05,0.475,95.00575932667381,95.00575932667381,200,200,1.0,1.0
amc_max,AMC-max,0.05,0.5,100.01498087861673,100.01498087861673,200,200,1.0,1.0
amc_max,AMC-max,0.05,0.525,105.01841577701121,105.01841577701121,200,200,1.0,1.0
amc_max,AMC-max,0.05,0.55,110.00496092811977,110.00496092811977,200,200,1.0,1.0
amc_max,AMC-max,0.05,0.575,115.00983799283794,115.00983799283794,200,200,1.0,1.0
amc_max,AMC-max,0.05,0.6,120.01179642897297,120.01179642897297,200,200,1.0,1.0
amc_max,AMC-max,0.05,0.625,125.01201884481794,125.01201884481794,200,200,1.0,1.0
amc_max,AMC-max,0.05,0.65,129.99880651097772,129.99880651097772,200,200,1.0,1.0
amc_max,AMC-max,0.05,0.675,135.00566887028583,135.00566887028583,200,200,1.0,1.0
amc_max,AMC-max,0.05,0.7,140.01085780267155,140.01085780267155,200,200,1.0,1.0
amc_max,AMC-max,0.05,0.725,145.00330748260743,145.00330748260743,200,200,1.0,1.0
amc_max,AMC-max,0.05,0.75,149.99880840634685,149.99880840634685,200,200,1.0,1.0
amc_max,AMC-max,0.05,0.775,155.00410862662332,155.00410862662332,200,200,1.0,1.0
amc_max,AMC-max,0.05,0.8,159.9963870813707,159.9963870813707,200,200,1.0,1.0
amc_max,AMC-max,0.05,0.825,165.0089074783576,165.0089074783576,200,200,1.0,1.0
amc_max,AMC-max,0.05,0.85,170.00517541628386,170.00517541628386,200,200,1.0,1.0
amc_max,AMC-max,0.05,0.875,175.01398167579455,168.0138438154824,200,192,0.96,0.9600024078460223
amc_max,AMC-max,0.05,0.9,180.0008036048297,157.50019876964666,200,175,0.875,0.8749971978759581
amc_max,AMC-max,0.05,0.925,185.0008705874767,105.44893830053095,200,114,0.57,0.5699915787729765
amc_max,AMC-max,0.05,0.95,189.99766182501563,39.8927428010174,200,42,0.21,0.2099643880763011
amc_max,AMC-max,0.05,0.975,194.99701792278387,3.9010083097132116,200,4,0.02,0.02000547675686998
amc_max,AMC-max,0.15,0.025,5.133075019022422,5.133075019022422,200,200,1.0,1.0
amc_max,AMC-max,0.15,0.05,10.064032423590758,10.064032423590758,200,200,1.0,1.0
amc_max,AMC-max,0.15,0.075,15.043832593327416,15.043832593327416,200,200,1.0,1.0
amc_max,AMC-max,0.15,0.1,20.04896671567419,20.04896671567419,200,200,1.0,1.0
amc_max,AMC-max,0.15,0.125,25.034283799570023,25.034283799570023,200,200,1.0,1.0
amc_max,AMC-max,0.15,0.15,30.026106068640118,30.026106068640118,200,200,1.0,1.0
amc_max,AMC-max,0.15,0.175,35.01678966234951,35.01678966234951,200,200,1.0,1.0
amc_max,AMC-max,0.15,0.2,40.01427295929859,40.01427295929859,200,200,1.0,1.0
amc_max,AMC-max,0.15,0.225,45.008695167739,45.008695167739,200,200,1.0,1.0
amc_max,AMC-max,0.15,0.25,50.02157952417979,50.02157952417979,200,200,1.0,1.0
amc_max,AMC-max,0.15,0.275,55.001586640933056,55.001586640933056,200,200,1.0,1.0
amc_max,AMC-max,0.15,0.3,60.0105721754941,60.0105721754941,200,200,1.0,1.0
amc_max,AMC-max,0.15,0.325,65.00865875556394,65.00865875556394,200,200,1.0,1.0
amc_max,AMC-max,0.15,0.35,70.02134275002804,70.02134275002804,200,200,1.0,1.0
amc_max,AMC-max,0.15,0.375,75.0068434500792,75.0068434500792,200,200,1.0,1.0
amc_max,AMC-max,0.15,0.4,79.99985223088021,79.99985223088021,200,200,1.0,1.0
amc_max,AMC-max,0.15,0.425,85.01396523835977,85.01396523835977,200,200,1.0,1.0
amc_max,AMC-max,0.15,0.45,90.00369872569703,90.00369872569703,200,200,1.0,1.0
amc_max,AMC-max,0.15,0.475,95.01131444738856,95.01131444738856,200,200,1.0,1.0
amc_max,AMC-max,0.15,0.5,99.99539908242073,99.99539908242073,200,200,1.0,1.0
amc_max,AMC-max,0.15,0.525,105.01238711880423,105.01238711880423,200,200,1.0,1.0
amc_max,AMC-max,0.15,0.55,110.00778426632338,110.00778426632338,200,200,1.0,1.0
amc_max,AMC-max,0.15,0.575,115.00905854506904,115.00905854506904,200,200,1.0,1.0
amc_max,AMC-max,0.15,0.6,119.99622963446068,119.99622963446068,200,200,1.0,1.0
amc_max,AMC-max,0.15,0.625,125.00826252404102,125.00826252404102,200,200,1.0,1.0
amc_max,AMC-max,0.15,0.65,130.00988743741223,130.00988743741223,200,200,1.0,1.0
amc_max,AMC-max,0.15,0.675,135.00577853861085,135.00577853861085,200,200,1.0,1.0
amc_max,AMC-max,0.15,0.7,140.00391398281565,140.00391398281565,200,200,1.0,1.0
amc_max,AMC-max,0.15,0.725,145.00152034732412,145.00152034732412,200,200,1.0,1.0
amc_max,AMC-max,0.15,0.75,150.01220687200035,149.26238762714374,200,199,0.995,0.9950016117988558
amc_max,AMC-max,0.15,0.775,155.0019814655053,155.0019814655053,200,200,1.0,1.0
amc_max,AMC-max,0.15,0.8,160.01021129713106,160.01021129713106,200,200,1.0,1.0
amc_max,AMC-max,0.15,0.825,165.00429107495765,164.17909619328705,200,199,0.995,0.9949989489588744
amc_max,AMC-max,0.15,0.85,170.0092104679443,164.909614403434,200,194,0.97,0.9700040012510273
amc_max,AMC-max,0.15,0.875,175.00963666037407,162.75923852682527,200,186,0.93,0.9300015795283201
amc_max,AMC-max,0.15,0.9,180.01119035103036,155.70577282103076,200,173,0.865,0.8649782967236488
amc_max,AMC-max,0.15,0.925,185.001385115156,103.59561761625952,200,112,0.56,0.559972118866977
amc_max,AMC-max,0.15,0.95,189.99050705014633,30.397371256730867,200,32,0.16,0.15999415828027527
amc_max,AMC-max,0.15,0.975,195.00609973849208,0.0,200,0,0.0,0.0
amc_max,AMC-max,0.25,0.025,5.1322712080672455,5.1322712080672455,200,200,1.0,1.0
amc_max,AMC-max,0.25,0.05,10.071514649778374,10.071514649778374,200,200,1.0,1.0
amc_max,AMC-max,0.25,0.075,15.045002782388526,15.045002782388526,200,200,1.0,1.0
amc_max,AMC-max,0.25,0.1,20.022201245791617,20.022201245791617,200,200,1.0,1.0
amc_max,AMC-max,0.25,0.125,25.03017249781412,25.03017249781412,200,200,1.0,1.0
amc_max,AMC-max,0.25,0.15,30.021263333263633,30.021263333263633,200,200,1.0,1.0
amc_max,AMC-max,0.25,0.175,35.01151134600201,35.01151134600201,200,200,1.0,1.0
amc_max,AMC-max,0.25,0.2,40.02693585497304,40.02693585497304,200,200,1.0,1.0
amc_max,AMC-max,0.25,0.225,45.01656476839699,45.01656476839699,200,200,1.0,1.0
amc_max,AMC-max,0.25,0.25,50.01928028438367,50.01928028438367,200,200,1.0,1.0
amc_max,AMC-max,0.25,0.275,55.00885528028769,55.00885528028769,200,200,1.0,1.0
amc_max,AMC-max,0.25,0.3,60.0158736473339,60.0158736473339,200,200,1.0,1.0
amc_max,AMC-max,0.25,0.325,65.01640693405453,65.01640693405453,200,200,1.0,1.0
amc_max,AMC-max,0.25,0.35,70.00620176135585,70.00620176135585,200,200,1.0,1.0
amc_max,AMC-max,0.25,0.375,75.02164626155816,75.02164626155816,200,200,1.0,1.0
amc_max,AMC-max,0.25,0.4,80.01148416633471,80.01148416633471,200,200,1.0,1.0
amc_max,AMC-max,0.25,0.425,85.00793804439452,85.00793804439452,200,200,1.0,1.0
amc_max,AMC-max,0.25,0.45,90.01854956692674,90.01854956692674,200,200,1.0,1.0
amc_max,AMC-max,0.25,0.475,95.0066191984433,95.0066191984433,200,200,1.0,1.0
amc_max,AMC-max,0.25,0.5,100.00816184135975,100.00816184135975,200,200,1.0,1.0
amc_max,AMC-max,0.25,0.525,105.00111211090709,105.00111211090709,200,200,1.0,1.0
amc_max,AMC-max,0.25,0.55,110.00336420461748,110.00336420461748,200,200,1.0,1.0
amc_max,AMC-max,0.25,0.575,115.00689301199115,115.00689301199115,200,200,1.0,1.0
amc_max,AMC-max,0.25,0.6,120.01025171539915,120.01025171539915,200,200,1.0,1.0
amc_max,AMC-max,0.25,0.625,125.00035860001758,125.00035860001758,200,200,1.0,1.0
amc_max,AMC-max,0.25,0.65,130.00776760397898,130.00776760397898,200,200,1.0,1.0
amc_max,AMC-max,0.25,0.675,135.00960278567936,135.00960278567936,200,200,1.0,1.0
amc_max,AMC-max,0.25,0.7,140.00309804117296,140.00309804117296,200,200,1.0,1.0
amc_max,AMC-max,0.25,0.725,145.00529227886912,142.830372983667,200,197,0.985,0.9850011040216422
amc_max,AMC-max,0.25,0.75,150.00466425500338,148.5048816070017,200,198,0.99,0.9900017599089312
amc_max,AMC-max,0.25,0.775,155.00909580401375,151.9091314815099,200,196,0.98,0.9800014037471497
amc_max,AMC-max,0.25,0.8,160.01232576670694,156.01241857181864,200,195,0.975,0.9750025057399638
amc_max,AMC-max,0.25,0.825,165.00066882247498,153.4520981833079,200,186,0.93,0.9300089464995306
amc_max,AMC-max,0.25,0.85,169.99530903468138,162.34544628663863,200,191,0.955,0.9549995656263546
amc_max,AMC-max,0.25,0.875,174.99284691511403,151.3717251783679,200,173,0.865,0.8650166440905764
amc_max,AMC-max,0.25,0.9,179.9981223988979,132.30233202344488,200,147,0.735,0.7350206227720903
amc_max,AMC-max,0.25,0.925,185.002013321288,91.57129712515969,200,99,0.495,0.49497459774197317
amc_max,AMC-max,0.25,0.95,190.0220848347882,27.55678121928666,200,29,0.145,0.14501883422258777
amc_max,AMC-max,0.25,0.975,195.01091945254603,1.9495947364176434,200,2,0.01,0.009997361901019382
amc_max,AMC-max,0.35,0.025,5.1338077926639,5.1338077926639,200,200,1.0,1.0
amc_max,AMC-max,0.35,0.05,10.073996898137175,10.073996898137175,200,200,1.0,1.0
amc_max,AMC-max,0.35,0.075,15.04803964022425,15.04803964022425,200,200,1.0,1.0
amc_max,AMC-max,0.35,0.1,20.051669754515828,20.051669754515828,200,200,1.0,1.0
amc_max,AMC-max,0.35,0.125,25.022964409667374,25.022964409667374,200,200,1.0,1.0
amc_max,AMC-max,0.35,0.15,30.03361905068292,30.03361905068292,200,200,1.0,1.0
amc_max,AMC-max,0.35,0.175,35.02166270972706,35.02166270972706,200,200,1.0,1.0
amc_max,AMC-max,0.35,0.2,40.03079116364508,40.03079116364508,200,200,1.0,1.0
amc_max,AMC-max,0.35,0.225,45.01430797406431,45.01430797406431,200,200,1.0,1.0
amc_max,AMC-max,0.35,0.25,50.01834550149353,50.01834550149353,200,200,1.0,1.0
amc_max,AMC-max,0.35,0.275,55.013989240599976,55.013989240599976,200,200,1.0,1.0
amc_max,AMC-max,0.35,0.3,60.016379429851696,60.016379429851696,200,200,1.0,1.0
amc_max,AMC-max,0.35,0.325,65.00530574168677,65.00530574168677,200,200,1.0,1.0
amc_max,AMC-max,0.35,0.35,70.01075008388545,70.01075008388545,200,200,1.0,1.0
amc_max,AMC-max,0.35,0.375,75.02295907306234,75.02295907306234,200,200,1.0,1.0
amc_max,AMC-max,0.35,0.4,80.00435515003136,80.00435515003136,200,200,1.0,1.0
amc_max,AMC-max,0.35,0.425,85.01019220914327,85.01019220914327,200,200,1.0,1.0
amc_max,AMC-max,0.35,0.45,90.00828740211077,90.00828740211077,200,200,1.0,1.0
amc_max,AMC-max,0.35,0.475,95.00070784166263,95.00070784166263,200,200,1.0,1.0
amc_max,AMC-max,0.35,0.5,100.00983934614776,100.00983934614776,200,200,1.0,1.0
amc_max,AMC-max,0.35,0.525,105.00276639868564,105.00276639868564,200,200,1.0,1.0
amc_max,AMC-max,0.35,0.55,110.00586062634527,110.00586062634527,200,200,1.0,1.0
amc_max,AMC-max,0.35,0.575,115.01585594718905,115.01585594718905,200,200,1.0,1.0
amc_max,AMC-max,0.35,0.6,120.00650364631618,119.40658461088752,200,199,0.995,0.9950009456387735
amc_max,AMC-max,0.35,0.625,125.00962477163866,124.38463152605394,200,199,0.995,0.9950004389923862
amc_max,AMC-max,0.35,0.65,130.01314400407838,129.3632191966631,200,199,0.995,0.9950010838335323
amc_max,AMC-max,0.35,0.675,134.9977535060828,132.97295943011042,200,197,0.985,0.9850012757739621
amc_max,AMC-max,0.35,0.7,140.0085840075407,135.80718277452863,200,194,0.97,0.9699918311238275
amc_max,AMC-max,0.35,0.725,144.99935044206734,138.47541985910868,200,191,0.955,0.9550071737351319
amc_max,AMC-max,0.35,0.75,150.00285301367725,143.2542588776297,200,191,0.955,0.9550102281359127
amc_max,AMC-max,0.35,0.775,155.00190074107897,144.15240287854817,200,186,0.93,0.93000409794552
amc_max,AMC-max,0.35,0.8,159.99999489046215,144.0006442885705,200,180,0.9,0.9000040555448455
amc_max,AMC-max,0.35,0.825,165.01275368398288,141.9142776086685,200,172,0.86,0.8600200556646037
amc_max,AMC-max,0.35,0.85,170.00131419950827,141.94975885128343,200,167,0.835,0.8349921265002433
amc_max,AMC-max,0.35,0.875,175.00007754549546,129.50206592817142,200,148,0.74,0.7400114773920844
amc_max,AMC-max,0.35,0.9,180.0023913474589,106.20001200057429,200,118,0.59,0.5899922284675443
amc_max,AMC-max,0.35,0.925,184.99566351692567,71.22622315225331,200,77,0.385,0.3850156365732144
amc_max,AMC-max,0.35,0.95,189.9930718296149,25.64817154542775,200,27,0.135,0.1349952990308454
amc_max,AMC-max,0.35,0.975,194.99496080417416,1.949221498032066,200,2,0.01,0.0099962660060205
amc_max,AMC-max,0.45,0.025,5.126553775785154,5.126553775785154,200,200,1.0,1.0
amc_max,AMC-max,0.45,0.05,10.069362581783587,10.069362581783587,200,200,1.0,1.0
amc_max,AMC-max,0.45,0.075,15.035342264829888,15.035342264829888,200,200,1.0,1.0
amc_max,AMC-max,0.45,0.1,20.03390054937,20.03390054937,200,200,1.0,1.0
amc_max,AMC-max,0.45,0.125,25.033559070227792,25.033559070227792,200,200,1.0,1.0
amc_max,AMC-max,0.45,0.15,30.01854175508846,30.01854175508846,200,200,1.0,1.0
amc_max,AMC-max,0.45,0.175,35.012552708644726,35.012552708644726,200,200,1.0,1.0
amc_max,AMC-max,0.45,0.2,40.01175033713646,40.01175033713646,200,200,1.0,1.0
amc_max,AMC-max,0.45,0.225,45.00652457335122,45.00652457335122,200,200,1.0,1.0
amc_max,AMC-max,0.45,0.25,50.01913004584269,50.01913004584269,200,200,1.0,1.0
amc_max,AMC-max,0.45,0.275,55.01699618297141,55.01699618297141,200,200,1.0,1.0
amc_max,AMC-max,0.45,0.3,60.022957959605286,60.022957959605286,200,200,1.0,1.0
amc_max,AMC-max,0.45,0.325,65.00450508259031,65.00450508259031,200,200,1.0,1.0
amc_max,AMC-max,0.45,0.35,70.00645988915613,70.00645988915613,200,200,1.0,1.0
amc_max,AMC-max,0.45,0.375,75.01302637759639,75.01302637759639,200,200,1.0,1.0
amc_max,AMC-max,0.45,0.4,80.01267422173012,80.01267422173012,200,200,1.0,1.0
amc_max,AMC-max,0.45,0.425,85.00913911318607,85.00913911318607,200,200,1.0,1.0
amc_max,AMC-max,0.45,0.45,90.0093000378136,90.0093000378136,200,200,1.0,1.0
amc_max,AMC-max,0.45,0.475,95.01862818229374,95.01862818229374,200,200,1.0,1.0
amc_max,AMC-max,0.45,0.5,100.00626476286882,100.00626476286882,200,200,1.0,1.0
amc_max,AMC-max,0.45,0.525,105.01014699825596,104.48535772772645,200,199,0.995,0.9950024898971123
amc_max,AMC-max,0.45,0.55,109.99747987746603,108.89708649700111,200,198,0.99,0.9899961946247248
amc_max,AMC-max,0.45,0.575,115.00285624021468,113.85194719602706,200,198,0.99,0.9899923438268033
amc_max,AMC-max,0.45,0.6,119.99907713256947,115.20013445972425,200,192,0.96,0.9600085035025431
amc_max,AMC-max,0.45,0.625,125.0060659110216,119.37965420436376,200,191,0.955,0.9549908905167637
amc_max,AMC-max,0.45,0.65,130.0006764929461,123.5022497210239,200,190,0.95,0.9500123618797106
amc_max,AMC-max,0.45,0.675,135.00444729401696,123.52914505930917,200,183,0.915,0.9150005613539789
amc_max,AMC-max,0.45,0.7,140.0035028138311,121.80679024439509,200,174,0.87,0.8700267335908518
amc_max,AMC-max,0.45,0.725,144.998637909348,126.87401628944376,200,175,0.875,0.8750014353153055
amc_max,AMC-max,0.45,0.75,150.00536855654758,132.003539910406,200,176,0.88,0.8799921041535562
amc_max,AMC-max,0.45,0.775,155.00112023646506,122.45074104424357,200,158,0.79,0.7899990713450096
amc_max,AMC-max,0.45,0.8,159.99744508654936,122.39775081436005,200,153,0.765,0.7649981582402766
amc_max,AMC-max,0.45,0.825,165.0103768614829,109.73711368106544,200,133,0.665,0.6650315923657557
amc_max,AMC-max,0.45,0.85,169.99625782129976,107.94939968244103,200,127,0.635,0.6350104470882973
amc_max,AMC-max,0.45,0.875,175.0030044729032,93.62134667934764,200,107,0.535,0.5349699392952058
amc_max,AMC-max,0.45,0.9,180.00596097418997,73.80378053769562,200,82,0.41,0.41000742496676496
amc_max,AMC-max,0.45,0.925,185.0079567482784,41.62475233925367,200,45,0.225,0.2249889846407431
amc_max,AMC-max,0.45,0.95,189.99802098378183,14.25013601378844,200,15,0.075,0.07500149706825013
amc_max,AMC-max,0.45,0.975,194.99633348294967,0.9748050539026808,200,1,0.005,0.0049990942726516295
amc_max,AMC-max,0.55,0.025,5.124474402775881,5.124474402775881,200,200,1.0,1.0
amc_max,AMC-max,0.55,0.05,10.075352360185155,10.075352360185155,200,200,1.0,1.0
amc_max,AMC-max,0.55,0.075,15.051404590515094,15.051404590515094,200,200,1.0,1.0
amc_max,AMC-max,0.55,0.1,20.046714447844685,20.046714447844685,200,200,1.0,1.0
amc_max,AMC-max,0.55,0.125,25.022651254851105,25.022651254851105,200,200,1.0,1.0
amc_max,AMC-max,0.55,0.15,30.028692419812756,30.028692419812756,200,200,1.0,1.0
amc_max,AMC-max,0.55,0.175,35.03076998229275,35.03076998229275,200,200,1.0,1.0
amc_max,AMC-max,0.55,0.2,40.03677878359392,40.03677878359392,200,200,1.0,1.0
amc_max,AMC-max,0.55,0.225,45.024463834604646,45.024463834604646,200,200,1.0,1.0
amc_max,AMC-max,0.55,0.25,50.00736092592127,50.00736092592127,200,200,1.0,1.0
amc_max,AMC-max,0.55,0.275,55.01789998073636,55.01789998073636,200,200,1.0,1.0
amc_max,AMC-max,0.55,0.3,60.011900875433284,60.011900875433284,200,200,1.0,1.0
amc_max,AMC-max,0.55,0.325,65.0226227580917,65.0226227580917,200,200,1.0,1.0
amc_max,AMC-max,0.55,0.35,70.01954450428609,70.01954450428609,200,200,1.0,1.0
amc_max,AMC-max,0.55,0.375,75.01086873459089,75.01086873459089,200,200,1.0,1.0
amc_max,AMC-max,0.55,0.4,80.01962019299215,80.01962019299215,200,200,1.0,1.0
amc_max,AMC-max,0.55,0.425,85.00102844070145,85.00102844070145,200,200,1.0,1.0
amc_max,AMC-max,0.55,0.45,90.01945575110848,90.01945575110848,200,200,1.0,1.0
amc_max,AMC-max,0.55,0.475,94.99549426052512,94.52084126640196,200,199,0.995,0.9950034157112607
amc_max,AMC-max,0.55,0.5,100.01137297827644,100.01137297827644,200,200,1.0,1.0
amc_max,AMC-max,0.55,0.525,105.00408148415423,103.95386774861355,200,198,0.99,0.9899983532002119
amc_max,AMC-max,0.55,0.55,110.00416822567213,106.70285406222756,200,194,0.97,0.9699891902580275
amc_max,AMC-max,0.55,0.575,115.01208734700818,108.68552263726279,200,189,0.945,0.9449921755557986
amc_max,AMC-max,0.55,0.6,120.00189427074436,108.60198763239877,200,181,0.905,0.9050022776088393
amc_max,AMC-max,0.55,0.625,125.0009304695697,114.37353707143369,200,183,0.915,0.9149814856720355
amc_max,AMC-max,0.55,0.65,130.00517924267677,111.15565820776203,200,171,0.855,0.8550094608174886
amc_max,AMC-max,0.55,0.675,135.0023642112327,105.97725967432937,200,157,0.785,0.7850029908254871
amc_max,AMC-max,0.55,0.7,140.0088109011809,107.10708300034892,200,153,0.765,0.7650024474241537
amc_max,AMC-max,0.55,0.725,145.0023504964728,103.67634706402343,200,143,0.715,0.7149976997548422
amc_max,AMC-max,0.55,0.75,150.00804894368488,86.25409638956097,200,115,0.575,0.5749964551698287
amc_max,AMC-max,0.55,0.775,155.0033784669971,86.01877077066293,200,111,0.555,0.5549477154717489
amc_max,AMC-max,0.55,0.8,160.00840630247492,71.20353801836336,200,89,0.445,0.44499873265259826
amc_max,AMC-max,0.55,0.825,165.010690271622,74.25708143416497,200,90,0.45,0.45001376160496837
amc_max,AMC-max,0.55,0.85,170.00668072466885,62.05738604061166,200,73,0.365,0.3650291022451967
amc_max,AMC-max,0.55,0.875,174.99210120215812,56.87332876123164,200,65,0.325,0.32500511949124616
amc_max,AMC-max,0.55,0.9,180.0054526991952,30.603843834106765,200,34,0.17,0.17001620437158899
amc_max,AMC-max,0.55,0.925,185.0101386266575,20.352167092696025,200,22,0.11,0.11000568533039058
amc_max,AMC-max,0.55,0.95,190.00536075974048,2.8490749593578615,200,3,0.015,0.014994708296470028
amc_max,AMC-max,0.55,0.975,195.00515038158056,0.9752010970893934,200,1,0.005,0.005000899182309531
amc_max,AMC-max,0.65,0.025,5.134452592646109,5.134452592646109,200,200,1.0,1.0
amc_max,AMC-max,0.65,0.05,10.057287425516948,10.057287425516948,200,200,1.0,1.0
amc_max,AMC-max,0.65,0.075,15.058381625752313,15.058381625752313,200,200,1.0,1.0
amc_max,AMC-max,0.65,0.1,20.031013702646447,20.031013702646447,200,200,1.0,1.0
amc_max,AMC-max,0.65,0.125,25.03150854858651,25.03150854858651,200,200,1.0,1.0
amc_max,AMC-max,0.65,0.15,30.035612526129125,30.035612526129125,200,200,1.0,1.0
amc_max,AMC-max,0.65,0.175,35.016415465709876,35.016415465709876,200,200,1.0,1.0
amc_max,AMC-max,0.65,0.2,40.026863233060546,40.026863233060546,200,200,1.0,1.0
amc_max,AMC-max,0.65,0.225,45.01326276709878,45.01326276709878,200,200,1.0,1.0
amc_max,AMC-max,0.65,0.25,50.012048786003525,50.012048786003525,200,200,1.0,1.0
amc_max,AMC-max,0.65,0.275,55.009208984565205,55.009208984565205,200,200,1.0,1.0
amc_max,AMC-max,0.65,0.3,60.01246620859997,60.01246620859997,200,200,1.0,1.0
amc_max,AMC-max,0.65,0.325,65.00671464422862,65.00671464422862,200,200,1.0,1.0
amc_max,AMC-max,0.65,0.35,70.0326404833891,70.0326404833891,200,200,1.0,1.0
amc_max,AMC-max,0.65,0.375,75.00550312322389,75.00550312322389,200,200,1.0,1.0
amc_max,AMC-max,0.65,0.4,80.01577383118969,80.01577383118969,200,200,1.0,1.0
amc_max,AMC-max,0.65,0.425,85.00695184333205,85.00695184333205,200,200,1.0,1.0
amc_max,AMC-max,0.65,0.45,90.00821883745884,90.00821883745884,200,200,1.0,1.0
amc_max,AMC-max,0.65,0.475,95.00853512080742,94.53322074301923,200,199,0.995,0.9949971402339399
amc_max,AMC-max,0.65,0.5,100.01679873687624,99.5165607506488,200,199,0.995,0.9949984603332139
amc_max,AMC-max,0.65,0.525,105.00651451426326,96.60496454916986,200,184,0.92,0.9199902024749884
amc_max,AMC-max,0.65,0.55,110.00876850113785,100.65761769095721,200,183,0.915,0.9149963140430581
amc_max,AMC-max,0.65,0.575,115.0165729348894,97.18993076592076,200,169,0.845,0.845008056542771
amc_max,AMC-max,0.65,0.6,120.00905562133616,92.40680167695913,200,154,0.77,0.7699985738453751
amc_max,AMC-max,0.65,0.625,125.01073330284729,89.37890954608241,200,143,0.715,0.7149698844622863
amc_max,AMC-max,0.65,0.65,130.00467712888099,80.60215750883742,200,124,0.62,0.6199942901202851
amc_max,AMC-max,0.65,0.675,135.01145824527242,66.15776453873059,200,98,0.49,0.4900159245635522
amc_max,AMC-max,0.65,0.7,139.999249680852,68.59774385077618,200,98,0.49,0.48998651069312443
amc_max,AMC-max,0.65,0.725,145.00051270253743,60.174620284025906,200,83,0.415,0.4149959138935712
amc_max,AMC-max,0.65,0.75,149.9986545531746,46.50287985892218,200,62,0.31,0.31002197984673846
amc_max,AMC-max,0.65,0.775,155.01264538842332,49.60016852406859,200,64,0.32,0.31997498268468905
amc_max,AMC-max,0.65,0.8,160.00295715920288,39.996936444891524,200,50,0.25,0.24997623265859137
amc_max,AMC-max,0.65,0.825,165.00545395123868,37.94879488365265,200,46,0.23,0.2299850942797747
amc_max,AMC-max,0.65,0.85,170.0075455487177,25.50538886741741,200,30,0.15,0.15002504027157157
amc_max,AMC-max,0.65,0.875,175.00915497057053,21.87385015896879,200,25,0.125,0.12498689090091937
amc_max,AMC-max,0.65,0.9,180.004382727982,14.399945163455518,200,16,0.08,0.07999774752827182
amc_max,AMC-max,0.65,0.925,185.00487003790084,9.24955564207979,200,10,0.05,0.04999628193671274
amc_max,AMC-max,0.65,0.95,190.0007660120894,1.8995749923196543,200,2,0.01,0.009997722810226923
amc_max,AMC-max,0.65,0.975,194.991032586332,0.0,200,0,0.0,0.0
amc_max,AMC-max,0.75,0.025,5.138373648231289,5.138373648231289,200,200,1.0,1.0
amc_max,AMC-max,0.75,0.05,10.075334648598474,10.075334648598474,200,200,1.0,1.0
amc_max,AMC-max,0.75,0.075,15.035916775257727,15.035916775257727,200,200,1.0,1.0
amc_max,AMC-max,0.75,0.1,20.037829572537902,20.037829572537902,200,200,1.0,1.0
amc_max,AMC-max,0.75,0.125,25.039632328693976,25.039632328693976,200,200,1.0,1.0
amc_max,AMC-max,0.75,0.15,30.033260265541394,30.033260265541394,200,200,1.0,1.0
amc_max,AMC-max,0.75,0.175,35.016746311651254,35.016746311651254,200,200,1.0,1.0
amc_max,AMC-max,0.75,0.2,40.02253205137834,40.02253205137834,200,200,1.0,1.0
amc_max,AMC-max,0.75,0.225,45.00906016193033,45.00906016193033,200,200,1.0,1.0
amc_max,AMC-max,0.75,0.25,50.019641059211686,50.019641059211686,200,200,1.0,1.0
amc_max,AMC-max,0.75,0.275,55.01708138057265,55.01708138057265,200,200,1.0,1.0
amc_max,AMC-max,0.75,0.3,60.023040823659876,60.023040823659876,200,200,1.0,1.0
amc_max,AMC-max,0.75,0.325,65.01500880278859,65.01500880278859,200,200,1.0,1.0
amc_max,AMC-max,0.75,0.35,70.01551293640281,70.01551293640281,200,200,1.0,1.0
amc_max,AMC-max,0.75,0.375,75.01851704748707,75.01851704748707,200,200,1.0,1.0
amc_max,AMC-max,0.75,0.4,80.00882033477313,80.00882033477313,200,200,1.0,1.0
amc_max,AMC-max,0.75,0.425,85.00933691886799,85.00933691886799,200,200,1.0,1.0
amc_max,AMC-max,0.75,0.45,90.01886704088695,89.56852894987898,200,199,0.995,0.9949972921698357
amc_max,AMC-max,0.75,0.475,95.00132014225218,92.62586328804547,200,195,0.975,0.9749955384762046
amc_max,AMC-max,0.75,0.5,100.00718352558071,92.50834285228854,200,185,0.925,0.9250169796915233
amc_max,AMC-max,0.75,0.525,105.00536339889901,85.57936133515284,200,163,0.815,0.8149999063385952
amc_max,AMC-max,0.75,0.55,110.00820671740343,77.55747110431287,200,141,0.705,0.7050153203892122
amc_max,AMC-max,0.75,0.575,115.00871900624622,67.27871264862087,200,117,0.585,0.5849879316103582
amc_max,AMC-max,0.75,0.6,120.02210942566845,66.60905267546153,200,111,0.555,0.5549731878084808
amc_max,AMC-max,0.75,0.625,125.01499618034613,48.12234403640641,200,77,0.385,0.3849325721450674
amc_max,AMC-max,0.75,0.65,130.0128927752081,39.64929980200443,200,61,0.305,0.30496436896114565
amc_max,AMC-max,0.75,0.675,135.0099351214667,35.096589163939015,200,52,0.26,0.25995560350697944
amc_max,AMC-max,0.75,0.7,140.00646644264674,28.700593579145764,200,41,0.205,0.20499477137295571
amc_max,AMC-max,0.75,0.725,145.00853159324353,25.379307128675716,200,35,0.175,0.1750194064433808
amc_max,AMC-max,0.75,0.75,150.0068395137838,17.25106122860445,200,23,0.115,0.1150018311466344
amc_max,AMC-max,0.75,0.775,155.00060462706108,19.372885910748305,200,25,0.125,0.12498587316714281
amc_max,AMC-max,0.75,0.8,160.00756175183426,16.00278251056512,200,20,0.1,0.10001266399762304
amc_max,AMC-max,0.75,0.825,164.9983607222085,13.201314252177873,200,16,0.08,0.0800087600530991
amc_max,AMC-max,0.75,0.85,170.01241724908198,8.499757704643244,200,10,0.05,0.04999492297195216
amc_max,AMC-max,0.75,0.875,175.00225113255732,9.62626885547092,200,11,0.055,0.05500654301972036
amc_max,AMC-max,0.75,0.9,180.00105704030204,5.400169340350778,200,6,0.03,0.030000764601852786
amc_max,AMC-max,0.75,0.925,184.99106269923914,3.700366143181526,200,4,0.02,0.020002945489305226
amc_max,AMC-max,0.75,0.95,190.00567191697283,0.9507963846688445,200,1,0.005,0.005004042116618056
amc_max,AMC-max,0.75,0.975,195.00256202639815,0.0,200,0,0.0,0.0
amc_max,AMC-max,0.85,0.025,5.13928599962228,5.13928599962228,200,200,1.0,1.0
amc_max,AMC-max,0.85,0.05,10.069983846104202,10.069983846104202,200,200,1.0,1.0
amc_max,AMC-max,0.85,0.075,15.044098391390154,15.044098391390154,200,200,1.0,1.0
amc_max,AMC-max,0.85,0.1,20.03954204735892,20.03954204735892,200,200,1.0,1.0
amc_max,AMC-max,0.85,0.125,25.026874226062308,25.026874226062308,200,200,1.0,1.0
amc_max,AMC-max,0.85,0.15,30.029731091413485,30.029731091413485,200,200,1.0,1.0
amc_max,AMC-max,0.85,0.175,35.026906739627,35.026906739627,200,200,1.0,1.0
amc_max,AMC-max,0.85,0.2,40.02155451971718,40.02155451971718,200,200,1.0,1.0
amc_max,AMC-max,0.85,0.225,45.01972009054702,45.01972009054702,200,200,1.0,1.0
amc_max,AMC-max,0.85,0.25,50.00568378224259,50.00568378224259,200,200,1.0,1.0
amc_max,AMC-max,0.85,0.275,55.01696463368136,55.01696463368136,200,200,1.0,1.0
amc_max,AMC-max,0.85,0.3,60.016361502398375,60.016361502398375,200,200,1.0,1.0
amc_max,AMC-max,0.85,0.325,65.0013929991261,65.0013929991261,200,200,1.0,1.0
amc_max,AMC-max,0.85,0.35,70.01645307862583,70.01645307862583,200,200,1.0,1.0
amc_max,AMC-max,0.85,0.375,75.01842557551983,75.01842557551983,200,200,1.0,1.0
amc_max,AMC-max,0.85,0.4,79.99853754629332,79.99853754629332,200,200,1.0,1.0
amc_max,AMC-max,0.85,0.425,85.01478467420462,85.01478467420462,200,200,1.0,1.0
amc_max,AMC-max,0.85,0.45,90.00197485973466,86.40025201065703,200,192,0.96,0.9599817353486876
amc_max,AMC-max,0.85,0.475,95.00426231755634,82.65336567511946,200,174,0.87,0.869996394465404
amc_max,AMC-max,0.85,0.5,100.01331017374903,76.01034647026366,200,152,0.76,0.7600023070750682
amc_max,AMC-max,0.85,0.525,105.00472466850594,57.747628441748226,200,110,0.55,0.5499526675971417
amc_max,AMC-max,0.85,0.55,110.0070064521141,44.550553207198035,200,81,0.405,0.4049792339962531
amc_max,AMC-max,0.85,0.575,114.99593396972632,33.92321165139236,200,59,0.295,0.2949948792130593
amc_max,AMC-max,0.85,0.6,119.99956098087642,25.799919304595367,200,43,0.215,0.21500011411464195
amc_max,AMC-max,0.85,0.625,125.00488554577936,24.3759506479814,200,39,0.195,0.1949999837330712
amc_max,AMC-max,0.85,0.65,129.99939239619394,17.548403696737815,200,27,0.135,0.13498835166287737
amc_max,AMC-max,0.85,0.675,135.00998452721964,10.125663768017448,200,15,0.075,0.07499936988716559
amc_max,AMC-max,0.85,0.7,139.99887975420077,8.399718492985201,200,12,0.06,0.05999846932870305
amc_max,AMC-max,0.85,0.725,145.01298486506562,4.349907690489353,200,6,0.03,0.02999667715644179
amc_max,AMC-max,0.85,0.75,149.99579265224355,7.5000207465137265,200,10,0.05,0.050001540802561605
amc_max,AMC-max,0.85,0.775,154.99910127693283,2.3233681682417693,200,3,0.015,0.01498955896583341
amc_max,AMC-max,0.85,0.8,160.0097664650848,2.399182647027688,200,3,0.015,0.014993976305510113
amc_max,AMC-max,0.85,0.825,165.00155844435173,1.6497984408219337,200,2,0.01,0.009998683990480872
amc_max,AMC-max,0.85,0.85,170.0056007051013,1.6994442353910437,200,2,0.01,0.00999640146173166
amc_max,AMC-max,0.85,0.875,175.00905603113486,0.0,200,0,0.0,0.0
amc_max,AMC-max,0.85,0.9,180.00272165484137,0.8994461651267585,200,1,0.005,0.004996847585735195
amc_max,AMC-max,0.85,0.925,185.00539039181373,0.0,200,0,0.0,0.0
amc_max,AMC-max,0.85,0.95,190.01041283334737,0.0,200,0,0.0,0.0
amc_max,AMC-max,0.85,0.975,195.01055103857462,0.0,200,0,0.0,0.0
amc_max,AMC-max,0.95,0.025,5.128455953251271,5.128455953251271,200,200,1.0,1.0
amc_max,AMC-max,0.95,0.05,10.071211200156005,10.071211200156005,200,200,1.0,1.0
amc_max,AMC-max,0.95,0.075,15.0416729425136,15.0416729425136,200,200,1.0,1.0
amc_max,AMC-max,0.95,0.1,20.044912572932674,20.044912572932674,200,200,1.0,1.0
amc_max,AMC-max,0.95,0.125,25.025488037708698,25.025488037708698,200,200,1.0,1.0
amc_max,AMC-max,0.95,0.15,30.031469939889888,30.031469939889888,200,200,1.0,1.0
amc_max,AMC-max,0.95,0.175,35.018460316683324,35.018460316683324,200,200,1.0,1.0
amc_max,AMC-max,0.95,0.2,40.015365440842345,40.015365440842345,200,200,1.0,1.0
amc_max,AMC-max,0.95,0.225,45.01010456604076,45.01010456604076,200,200,1.0,1.0
amc_max,AMC-max,0.95,0.25,50.012716779822625,50.012716779822625,200,200,1.0,1.0
amc_max,AMC-max,0.95,0.275,55.01715187339122,55.01715187339122,200,200,1.0,1.0
amc_max,AMC-max,0.95,0.3,60.00715607080882,60.00715607080882,200,200,1.0,1.0
amc_max,AMC-max,0.95,0.325,65.01073443818066,65.01073443818066,200,200,1.0,1.0
amc_max,AMC-max,0.95,0.35,70.00850127011198,70.00850127011198,200,200,1.0,1.0
amc_max,AMC-max,0.95,0.375,75.0089620684588,75.0089620684588,200,200,1.0,1.0
amc_max,AMC-max,0.95,0.4,80.01199210299862,80.01199210299862,200,200,1.0,1.0
amc_max,AMC-max,0.95,0.425,85.00803248818757,85.00803248818757,200,200,1.0,1.0
amc_max,AMC-max,0.95,0.45,90.00974883523592,84.60879301680906,200,188,0.94,0.9399958794650857
amc_max,AMC-max,0.95,0.475,95.00487325861859,53.67619869127593,200,113,0.565,0.564983635577942
amc_max,AMC-max,0.95,0.5,100.01240147662162,23.005378019630378,200,46,0.23,0.23002525366824628
amc_max,AMC-max,0.95,0.525,105.00505524266907,14.705139259219715,200,28,0.14,0.14004220297047418
amc_max,AMC-max,0.95,0.55,110.01904494504704,9.35320356406476,200,17,0.085,0.08501440426733892
amc_max,AMC-max,0.95,0.575,115.00358974063548,9.200909753603579,200,16,0.08,0.08000541352104004
amc_max,AMC-max,0.95,0.6,120.00536340051129,1.8006247105162227,200,3,0.015,0.015004535293199664
amc_max,AMC-max,0.95,0.625,125.00099330385275,0.0,200,0,0.0,0.0
amc_max,AMC-max,0.95,0.65,130.0055551635547,0.6497173236223466,200,1,0.005,0.004997612008232753
amc_max,AMC-max,0.95,0.675,135.0025802742666,3.3752565156123566,200,5,0.025,0.025001422259895344
amc_max,AMC-max,0.95,0.7,140.01142425910413,0.0,200,0,0.0,0.0
amc_max,AMC-max,0.95,0.725,145.00520402881588,0.0,200,0,0.0,0.0
amc_max,AMC-max,0.95,0.75,150.0053593993614,0.0,200,0,0.0,0.0
amc_max,AMC-max,0.95,0.775,155.0142160304908,0.0,200,0,0.0,0.0
amc_max,AMC-max,0.95,0.8,160.00619247406277,0.0,200,0,0.0,0.0
amc_max,AMC-max,0.95,0.825,165.00181826459195,0.0,200,0,0.0,0.0
amc_max,AMC-max,0.95,0.85,170.00984350513855,0.0,200,0,0.0,0.0
amc_max,AMC-max,0.95,0.875,175.0143836168909,0.0,200,0,0.0,0.0
amc_max,AMC-max,0.95,0.9,179.99403344312117,0.0,200,0,0.0,0.0
amc_max,AMC-max,0.95,0.925,185.00154613393755,0.0,200,0,0.0,0.0
amc_max,AMC-max,0.95,0.95,190.00589407322687,0.0,200,0,0.0,0.0
amc_max,AMC-max,0.95,0.975,194.999957006212,0.0,200,0,0.0,0.0
amc_rtb,AMC-rtb,0.05,0.025,5.150775154323688,5.150775154323688,200,200,1.0,1.0
amc_rtb,AMC-rtb,0.05,0.05,10.07356157320267,10.07356157320267,200,200,1.0,1.0
amc_rtb,AMC-rtb,0.05,0.075,15.0434043963246,15.0434043963246,200,200,1.0,1.0
amc_rtb,AMC-rtb,0.05,0.1,20.033434849724042,20.033434849724042,200,200,1.0,1.0
amc_rtb,AMC-rtb,0.05,0.125,25.028879158423397,25.028879158423397,200,200,1.0,1.0
amc_rtb,AMC-rtb,0.05,0.15,30.03550192819835,30.03550192819835,200,200,1.0,1.0
amc_rtb,AMC-rtb,0.05,0.175,35.0207482666908,35.0207482666908,200,200,1.0,1.0
amc_rtb,AMC-rtb,0.05,0.2,40.01291481185509,40.01291481185509,200,200,1.0,1.0
amc_rtb,AMC-rtb,0.05,0.225,45.01771047158208,45.01771047158208,200,200,1.0,1.0
amc_rtb,AMC-rtb,0.05,0.25,50.01110616187902,50.01110616187902,200,200,1.0,1.0
amc_rtb,AMC-rtb,0.05,0.275,55.01374912511959,55.01374912511959,200,200,1.0,1.0
amc_rtb,AMC-rtb,0.05,0.3,60.01498862925155,60.01498862925155,200,200,1.0,1.0
amc_rtb,AMC-rtb,0.05,0.325,65.0155689397196,65.0155689397196,200,200,1.0,1.0
amc_rtb,AMC-rtb,0.05,0.35,70.01916245631176,70.01916245631176,200,200,1.0,1.0
amc_rtb,AMC-rtb,0.05,0.375,75.01429470481146,75.01429470481146,200,200,1.0,1.0
amc_rtb,AMC-rtb,0.05,0.4,80.01035417787244,80.01035417787244,200,200,1.0,1.0
amc_rtb,AMC-rtb,0.05,0.425,85.00718233545614,85.00718233545614,200,200,1.0,1.0
amc_rtb,AMC-rtb,0.05,0.45,90.01395769955089,90.01395769955089,200,200,1.0,1.0
amc_rtb,AMC-rtb,0.05,0.475,95.00575932667381,95.00575932667381,200,200,1.0,1.0
amc_rtb,AMC-rtb,0.05,0.5,100.01498087861673,100.01498087861673,200,200,1.0,1.0
amc_rtb,AMC-rtb,0.05,0.525,105.01841577701121,105.01841577701121,200,200,1.0,1.0
amc_rtb,AMC-rtb,0.05,0.55,110.00496092811977,110.00496092811977,200,200,1.0,1.0
amc_rtb,AMC-rtb,0.05,0.575,115.00983799283794,115.00983799283794,200,200,1.0,1.0
amc_rtb,AMC-rtb,0.05,0.6,120.01179642897297,120.01179642897297,200,200,1.0,1.0
amc_rtb,AMC-rtb,0.05,0.625,125.01201884481794,125.01201884481794,200,200,1.0,1.0
amc_rtb,AMC-rtb,0.05,0.65,129.99880651097772,129.99880651097772,200,200,1.0,1.0
amc_rtb,AMC-rtb,0.05,0.675,135.00566887028583,135.00566887028583,200,200,1.0,1.0
amc_rtb,AMC-rtb,0.05,0.7,140.01085780267155,140.01085780267155,200,200,1.0,1.0
amc_rtb,AMC-rtb,0.05,0.725,145.00330748260743,145.00330748260743,200,200,1.0,1.0
amc_rtb,AMC-rtb,0.05,0.75,149.99880840634685,149.99880840634685,200,200,1.0,1.0
amc_rtb,AMC-rtb,0.05,0.775,155.00410862662332,155.00410862662332,200,200,1.0,1.0
amc_rtb,AMC-rtb,0.05,0.8,159.9963870813707,159.9963870813707,200,200,1.0,1.0
amc_rtb,AMC-rtb,0.05,0.825,165.0089074783576,165.0089074783576,200,200,1.0,1.0
amc_rtb,AMC-rtb,0.05,0.85,170.00517541628386,170.00517541628386,200,200,1.0,1.0
amc_rtb,AMC-rtb,0.05,0.875,175.01398167579455,168.0138438154824,200,192,0.96,0.9600024078460223
amc_rtb,AMC-rtb,0.05,0.9,180.0008036048297,157.50019876964666,200,175,0.875,0.8749971978759581
amc_rtb,AMC-rtb,0.05,0.925,185.0008705874767,105.44893830053095,200,114,0.57,0.5699915787729765
amc_rtb,AMC-rtb,0.05,0.95,189.99766182501563,38.94285364076145,200,41,0.205,0.20496490991887628
amc_rtb,AMC-rtb,0.05,0.975,194.99701792278387,2.925236005720688,200,3,0.015,0.015001439698319085
amc_rtb,AMC-rtb,0.15,0.025,5.133075019022422,5.133075019022422,200,200,1.0,1.0
amc_rtb,AMC-rtb,0.15,0.05,10.064032423590758,10.064032423590758,200,200,1.0,1.0
amc_rtb,AMC-rtb,0.15,0.075,15.043832593327416,15.043832593327416,200,200,1.0,1.0
amc_rtb,AMC-rtb,0.15,0.1,20.04896671567419,20.04896671567419,200,200,1.0,1.0
amc_rtb,AMC-rtb,0.15,0.125,25.034283799570023,25.034283799570023,200,200,1.0,1.0
amc_rtb,AMC-rtb,0.15,0.15,30.026106068640118,30.026106068640118,200,200,1.0,1.0
amc_rtb,AMC-rtb,0.15,0.175,35.01678966234951,35.01678966234951,200,200,1.0,1.0
amc_rtb,AMC-rtb,0.15,0.2,40.01427295929859,40.01427295929859,200,200,1.0,1.0
amc_rtb,AMC-rtb,0.15,0.225,45.008695167739,45.008695167739,200,200,1.0,1.0
amc_rtb,AMC-rtb,0.15,0.25,50.02157952417979,50.02157952417979,200,200,1.0,1.0
amc_rtb,AMC-rtb,0.15,0.275,55.001586640933056,55.001586640933056,200,200,1.0,1.0
amc_rtb,AMC-rtb,0.15,0.3,60.0105721754941,60.0105721754941,200,200,1.0,1.0
amc_rtb,AMC-rtb,0.15,0.325,65.00865875556394,65.00865875556394,200,200,1.0,1.0
amc_rtb,AMC-rtb,0.15,0.35,70.02134275002804,70.02134275002804,200,200,1.0,1.0
amc_rtb,AMC-rtb,0.15,0.375,75.0068434500792,75.0068434500792,200,200,1.0,1.0
amc_rtb,AMC-rtb,0.15,0.4,79.99985223088021,79.99985223088021,200,200,1.0,1.0
amc_rtb,AMC-rtb,0.15,0.425,85.01396523835977,85.01396523835977,200,200,1.0,1.0
amc_rtb,AMC-rtb,0.15,0.45,90.00369872569703,90.00369872569703,200,200,1.0,1.0
amc_rtb,AMC-rtb,0.15,0.475,95.01131444738856,95.01131444738856,200,200,1.0,1.0
amc_rtb,AMC-rtb,0.15,0.5,99.99539908242073,99.99539908242073,200,200,1.0,1.0
amc_rtb,AMC-rtb,0.15,0.525,105.01238711880423,105.01238711880423,200,200,1.0,1.0
amc_rtb,AMC-rtb,0.15,0.55,110.00778426632338,110.00778426632338,200,200,1.0,1.0
amc_rtb,AMC-rtb,0.15,0.575,115.00905854506904,115.00905854506904,200,200,1.0,1.0
amc_rtb,AMC-rtb,0.15,0.6,119.99622963446068,119.99622963446068,200,200,1.0,1.0
amc_rtb,AMC-rtb,0.15,0.625,125.00826252404102,125.00826252404102,200,200,1.0,1.0
amc_rtb,AMC-rtb,0.15,0.65,130.00988743741223,130.00988743741223,200,200,1.0,1.0
amc_rtb,AMC-rtb,0.15,0.675,135.00577853861085,135.00577853861085,200,200,1.0,1.0
amc_rtb,AMC-rtb,0.15,0.7,140.00391398281565,140.00391398281565,200,200,1.0,1.0
amc_rtb,AMC-rtb,0.15,0.725,145.00152034732412,145.00152034732412,200,200,1.0,1.0
amc_rtb,AMC-rtb,0.15,0.75,150.01220687200035,149.26238762714374,200,199,0.995,0.9950016117988558
amc_rtb,AMC-rtb,0.15,0.775,155.0019814655053,155.0019814655053,200,200,1.0,1.0
amc_rtb,AMC-rtb,0.15,0.8,160.01021129713106,158.40998021872005,200,198,0.99,0.9899991940174402
amc_rtb,AMC-rtb,0.15,0.825,165.00429107495765,163.35377670899868,200,198,0.99,0.9899971427700073
amc_rtb,AMC-rtb,0.15,0.85,170.0092104679443,163.21008944689157,200,192,0.96,0.960007337235798
amc_rtb,AMC-rtb,0.15,0.875,175.00963666037407,161.884427960512,200,185,0.925,0.9250029372649174
amc_rtb,AMC-rtb,0.15,0.9,180.01119035103036,153.0069660969588,200,170,0.85,0.8499858580935327
amc_rtb,AMC-rtb,0.15,0.925,185.001385115156,98.9707969878133,200,107,0.535,0.5349732756120065
amc_rtb,AMC-rtb,0.15,0.95,189.99050705014633,30.397371256730867,200,32,0.16,0.15999415828027527
amc_rtb,AMC-rtb,0.15,0.975,195.00609973849208,0.0,200,0,0.0,0.0
amc_rtb,AMC-rtb,0.25,0.025,5.1322712080672455,5.1322712080672455,200,200,1.0,1.0
amc_rtb,AMC-rtb,0.25,0.05,10.071514649778374,10.071514649778374,200,200,1.0,1.0
amc_rtb,AMC-rtb,0.25,0.075,15.045002782388526,15.045002782388526,200,200,1.0,1.0
amc_rtb,AMC-rtb,0.25,0.1,20.022201245791617,20.022201245791617,200,200,1.0,1.0
amc_rtb,AMC-rtb,0.25,0.125,25.03017249781412,25.03017249781412,200,200,1.0,1.0
amc_rtb,AMC-rtb,0.25,0.15,30.021263333263633,30.021263333263633,200,200,1.0,1.0
amc_rtb,AMC-rtb,0.25,0.175,35.01151134600201,35.01151134600201,200,200,1.0,1.0
amc_rtb,AMC-rtb,0.25,0.2,40.02693585497304,40.02693585497304,200,200,1.0,1.0
amc_rtb,AMC-rtb,0.25,0.225,45.01656476839699,45.01656476839699,200,200,1.0,1.0
amc_rtb,AMC-rtb,0.25,0.25,50.01928028438367,50.01928028438367,200,200,1.0,1.0
amc_rtb,AMC-rtb,0.25,0.275,55.00885528028769,55.00885528028769,200,200,1.0,1.0
amc_rtb,AMC-rtb,0.25,0.3,60.0158736473339,60.0158736473339,200,200,1.0,1.0
amc_rtb,AMC-rtb,0.25,0.325,65.01640693405453,65.01640693405453,200,200,1.0,1.0
amc_rtb,AMC-rtb,0.25,0.35,70.00620176135585,70.00620176135585,200,200,1.0,1.0
amc_rtb,AMC-rtb,0.25,0.375,75.02164626155816,75.02164626155816,200,200,1.0,1.0
amc_rtb,AMC-rtb,0.25,0.4,80.01148416633471,80.01148416633471,200,200,1.0,1.0
amc_rtb,AMC-rtb,0.25,0.425,85.00793804439452,85.00793804439452,200,200,1.0,1.0
amc_rtb,AMC-rtb,0.25,0.45,90.01854956692674,90.01854956692674,200,200,1.0,1.0
amc_rtb,AMC-rtb,0.25,0.475,95.0066191984433,95.0066191984433,200,200,1.0,1.0
amc_rtb,AMC-rtb,0.25,0.5,100.00816184135975,100.00816184135975,200,200,1.0,1.0
amc_rtb,AMC-rtb,0.25,0.525,105.00111211090709,105.00111211090709,200,200,1.0,1.0
amc_rtb,AMC-rtb,0.25,0.55,110.00336420461748,110.00336420461748,200,200,1.0,1.0
amc_rtb,AMC-rtb,0.25,0.575,115.00689301199115,115.00689301199115,200,200,1.0,1.0
amc_rtb,AMC-rtb,0.25,0.6,120.01025171539915,120.01025171539915,200,200,1.0,1.0
amc_rtb,AMC-rtb,0.25,0.625,125.00035860001758,125.00035860001758,200,200,1.0,1.0
amc_rtb,AMC-rtb,0.25,0.65,130.00776760397898,128.70730034236774,200,198,0.99,0.9899970033669632
amc_rtb,AMC-rtb,0.25,0.675,135.00960278567936,135.00960278567936,200,200,1.0,1.0
amc_rtb,AMC-rtb,0.25,0.7,140.00309804117296,139.3034614764244,200,199,0.995,0.9950027065505164
amc_rtb,AMC-rtb,0.25,0.725,145.00529227886912,142.830372983667,200,197,0.985,0.9850011040216422
amc_rtb,AMC-rtb,0.25,0.75,150.00466425500338,147.75464234429887,200,197,0.985,0.9850003203441758
amc_rtb,AMC-rtb,0.25,0.775,155.00909580401375,150.35846419939287,200,194,0.97,0.9699976857454808
amc_rtb,AMC-rtb,0.25,0.8,160.01232576670694,155.21123964428196,200,194,0.97,0.9699955231609794
amc_rtb,AMC-rtb,0.25,0.825,165.00066882247498,150.97640843219546,200,183,0.915,0.9150048270084996
amc_rtb,AMC-rtb,0.25,0.85,169.99530903468138,161.49579388274822,200,190,0.95,0.9500014723923991
amc_rtb,AMC-rtb,0.25,0.875,174.99284691511403,148.74661762072606,200,170,0.85,0.8500154163037329
amc_rtb,AMC-rtb,0.25,0.9,179.9981223988979,127.80270995926335,200,142,0.71,0.7100224616567771
amc_rtb,AMC-rtb,0.25,0.925,185.002013321288,86.02018972368913,200,93,0.465,0.4649689383342018
amc_rtb,AMC-rtb,0.25,0.95,190.0220848347882,24.706935352811758,200,26,0.13,0.13002138869433427
amc_rtb,AMC-rtb,0.25,0.975,195.01091945254603,1.9495947364176434,200,2,0.01,0.009997361901019382
amc_rtb,AMC-rtb,0.35,0.025,5.1338077926639,5.1338077926639,200,200,1.0,1.0
amc_rtb,AMC-rtb,0.35,0.05,10.073996898137175,10.073996898137175,200,200,1.0,1.0
amc_rtb,AMC-rtb,0.35,0.075,15.04803964022425,15.04803964022425,200,200,1.0,1.0
amc_rtb,AMC-rtb,0.35,0.1,20.051669754515828,20.051669754515828,200,200,1.0,1.0
amc_rtb,AMC-rtb,0.35,0.125,25.022964409667374,25.022964409667374,200,200,1.0,1.0
amc_rtb,AMC-rtb,0.35,0.15,30.03361905068292,30.03361905068292,200,200,1.0,1.0
amc_rtb,AMC-rtb,0.35,0.175,35.02166270972706,35.02166270972706,200,200,1.0,1.0
amc_rtb,AMC-rtb,0.35,0.2,40.03079116364508,40.03079116364508,200,200,1.0,1.0
amc_rtb,AMC-rtb,0.35,0.225,45.01430797406431,45.01430797406431,200,200,1.0,1.0
amc_rtb,AMC-rtb,0.35,0.25,50.01834550149353,50.01834550149353,200,200,1.0,1.0
amc_rtb,AMC-rtb,0.35,0.275,55.013989240599976,55.013989240599976,200,200,1.0,1.0
amc_rtb,AMC-rtb,0.35,0.3,60.016379429851696,60.016379429851696,200,200,1.0,1.0
amc_rtb,AMC-rtb,0.35,0.325,65.00530574168677,65.00530574168677,200,200,1.0,1.0
amc_rtb,AMC-rtb,0.35,0.35,70.01075008388545,70.01075008388545,200,200,1.0,1.0
amc_rtb,AMC-rtb,0.35,0.375,75.02295907306234,75.02295907306234,200,200,1.0,1.0
amc_rtb,AMC-rtb,0.35,0.4,80.00435515003136,80.00435515003136,200,200,1.0,1.0
amc_rtb,AMC-rtb,0.35,0.425,85.01019220914327,85.01019220914327,200,200,1.0,1.0
amc_rtb,AMC-rtb,0.35,0.45,90.00828740211077,90.00828740211077,200,200,1.0,1.0
amc_rtb,AMC-rtb,0.35,0.475,95.00070784166263,95.00070784166263,200,200,1.0,1.0
amc_rtb,AMC-rtb,0.35,0.5,100.00983934614776,100.00983934614776,200,200,1.0,1.0
amc_rtb,AMC-rtb,0.35,0.525,105.00276639868564,105.00276639868564,200,200,1.0,1.0
amc_rtb,AMC-rtb,0.35,0.55,110.00586062634527,109.45571267899939,200,199,0.995,0.9949989214736972
amc_rtb,AMC-rtb,0.35,0.575,115.01585594718905,115.01585594718905,200,200,1.0,1.0
amc_rtb,AMC-rtb,0.35,0.6,120.00650364631618,118.80615622896694,200,198,0.99,0.9899976469534776
amc_rtb,AMC-rtb,0.35,0.625,125.00962477163866,124.38463152605394,200,199,0.995,0.9950004389923862
amc_rtb,AMC-rtb,0.35,0.65,130.01314400407838,129.3632191966631,200,199,0.995,0.9950010838335323
amc_rtb,AMC-rtb,0.35,0.675,134.9977535060828,132.2980340027231,200,196,0.98,0.9800017449680151
amc_rtb,AMC-rtb,0.35,0.7,140.0085840075407,135.10714015103832,200,193,0.965,0.9649918332418933
amc_rtb,AMC-rtb,0.35,0.725,144.99935044206734,136.300641382221,200,188,0.94,0.9400086342916287
amc_rtb,AMC-rtb,0.35,0.75,150.00285301367725,139.5044999006228,200,186,0.93,0.930012310418541
amc_rtb,AMC-rtb,0.35,0.775,155.00190074107897,136.4030828211551,200,176,0.88,0.880009097752988
amc_rtb,AMC-rtb,0.35,0.8,159.99999489046215,139.20218277761688,200,174,0.87,0.8700136701436542
amc_rtb,AMC-rtb,0.35,0.825,165.01275368398288,134.48898602191784,200,163,0.815,0.8150217666173771
amc_rtb,AMC-rtb,0.35,0.85,170.00131419950827,135.14940964681486,200,159,0.795,0.7949903815932134
amc_rtb,AMC-rtb,0.35,0.875,175.00007754549546,118.12413784662145,200,135,0.675,0.6749947743075271
amc_rtb,AMC-rtb,0.35,0.9,180.0023913474589,96.29993957826858,200,107,0.535,0.5349925568065407
amc_rtb,AMC-rtb,0.35,0.925,184.99566351692567,61.97726724372172,200,67,0.335,0.3350201083932504
amc_rtb,AMC-rtb,0.35,0.95,189.9930718296149,24.69786091867326,200,26,0.13,0.12999348176665207
amc_rtb,AMC-rtb,0.35,0.975,194.99496080417416,1.949221498032066,200,2,0.01,0.0099962660060205
amc_rtb,AMC-rtb,0.45,0.025,5.126553775785154,5.126553775785154,200,200,1.0,1.0
amc_rtb,AMC-rtb,0.45,0.05,10.069362581783587,10.069362581783587,200,200,1.0,1.0
amc_rtb,AMC-rtb,0.45,0.075,15.035342264829888,15.035342264829888,200,200,1.0,1.0
amc_rtb,AMC-rtb,0.45,0.1,20.03390054937,20.03390054937,200,200,1.0,1.0
amc_rtb,AMC-rtb,0.45,0.125,25.033559070227792,25.033559070227792,200,200,1.0,1.0
amc_rtb,AMC-rtb,0.45,0.15,30.01854175508846,30.01854175508846,200,200,1.0,1.0
amc_rtb,AMC-rtb,0.45,0.175,35.012552708644726,35.012552708644726,200,200,1.0,1.0
amc_rtb,AMC-rtb,0.45,0.2,40.01175033713646,40.01175033713646,200,200,1.0,1.0
amc_rtb,AMC-rtb,0.45,0.225,45.00652457335122,45.00652457335122,200,200,1.0,1.0
amc_rtb,AMC-rtb,0.45,0.25,50.01913004584269,50.01913004584269,200,200,1.0,1.0
amc_rtb,AMC-rtb,0.45,0.275,55.01699618297141,55.01699618297141,200,200,1.0,1.0
amc_rtb,AMC-rtb,0.45,0.3,60.022957959605286,60.022957959605286,200,200,1.0,1.0
amc_rtb,AMC-rtb,0.45,0.325,65.00450508259031,65.00450508259031,200,200,1.0,1.0
amc_rtb,AMC-rtb,0.45,0.35,70.00645988915613,70.00645988915613,200,200,1.0,1.0
amc_rtb,AMC-rtb,0.45,0.375,75.01302637759639,75.01302637759639,200,200,1.0,1.0
amc_rtb,AMC-rtb,0.45,0.4,80.01267422173012,80.01267422173012,200,200,1.0,1.0
amc_rtb,AMC-rtb,0.45,0.425,85.00913911318607,85.00913911318607,200,200,1.0,1.0
amc_rtb,AMC-rtb,0.45,0.45,90.0093000378136,90.0093000378136,200,200,1.0,1.0
amc_rtb,AMC-rtb,0.45,0.475,95.01862818229374,95.01862818229374,200,200,1.0,1.0
amc_rtb,AMC-rtb,0.45,0.5,100.00626476286882,100.00626476286882,200,200,1.0,1.0
amc_rtb,AMC-rtb,0.45,0.525,105.01014699825596,104.48535772772645,200,199,0.995,0.9950024898971123
amc_rtb,AMC-rtb,0.45,0.55,109.99747987746603,108.34645190779362,200,197,0.985,0.9849903109461089
amc_rtb,AMC-rtb,0.45,0.575,115.00285624021468,113.27685865640144,200,197,0.985,0.98499169811741
amc_rtb,AMC-rtb,0.45,0.6,119.99907713256947,114.5994080874132,200,191,0.955,0.9550024119002934
amc_rtb,AMC-rtb,0.45,0.625,125.0060659110216,119.37965420436376,200,191,0.955,0.9549908905167637
amc_rtb,AMC-rtb,0.45,0.65,130.0006764929461,123.5022497210239,200,190,0.95,0.9500123618797106
amc_rtb,AMC-rtb,0.45,0.675,135.00444729401696,120.83106522967542,200,179,0.895,0.8950154432062946
amc_rtb,AMC-rtb,0.45,0.7,140.0035028138311,120.40676890592573,200,172,0.86,0.860026831371755
amc_rtb,AMC-rtb,0.45,0.725,144.998637909348,124.69966778959711,200,172,0.86,0.8600057875547656
amc_rtb,AMC-rtb,0.45,0.75,150.00536855654758,126.75329255101869,200,169,0.845,0.8449917077683553
amc_rtb,AMC-rtb,0.45,0.775,155.00112023646506,113.14850139596867,200,146,0.73,0.7299850557425179
amc_rtb,AMC-rtb,0.45,0.8,159.99744508654936,116.79830877995464,200,146,0.73,0.7300010866846874
amc_rtb,AMC-rtb,0.45,0.825,165.0103768614829,104.78695177027979,200,127,0.635,0.6350324977334161
amc_rtb,AMC-rtb,0.45,0.85,169.99625782129976,101.15133553497888,200,119,0.595,0.5950209541748223
amc_rtb,AMC-rtb,0.45,0.875,175.0030044729032,84.87268763490736,200,97,0.485,0.48497846017294366
amc_rtb,AMC-rtb,0.45,0.9,180.00596097418997,63.00017080788747,200,70,0.35,0.34998935850197044
amc_rtb,AMC-rtb,0.45,0.925,185.0079567482784,28.67425928627842,200,31,0.155,0.15498933013617672
amc_rtb,AMC-rtb,0.45,0.95,189.99802098378183,10.45159172693683,200,11,0.055,0.05500895047653667
amc_rtb,AMC-rtb,0.45,0.975,194.99633348294967,0.9748050539026808,200,1,0.005,0.0049990942726516295
amc_rtb,AMC-rtb,0.55,0.025,5.124474402775881,5.124474402775881,200,200,1.0,1.0
amc_rtb,AMC-rtb,0.55,0.05,10.075352360185155,10.075352360185155,200,200,1.0,1.0
amc_rtb,AMC-rtb,0.55,0.075,15.051404590515094,15.051404590515094,200,200,1.0,1.0
amc_rtb,AMC-rtb,0.55,0.1,20.046714447844685,20.046714447844685,200,200,1.0,1.0
amc_rtb,AMC-rtb,0.55,0.125,25.022651254851105,25.022651254851105,200,200,1.0,1.0
amc_rtb,AMC-rtb,0.55,0.15,30.028692419812756,30.028692419812756,200,200,1.0,1.0
amc_rtb,AMC-rtb,0.55,0.175,35.03076998229275,35.03076998229275,200,200,1.0,1.0
amc_rtb,AMC-rtb,0.55,0.2,40.03677878359392,40.03677878359392,200,200,1.0,1.0
amc_rtb,AMC-rtb,0.55,0.225,45.024463834604646,45.024463834604646,200,200,1.0,1.0
amc_rtb,AMC-rtb,0.55,0.25,50.00736092592127,50.00736092592127,200,200,1.0,1.0
amc_rtb,AMC-rtb,0.55,0.275,55.01789998073636,55.01789998073636,200,200,1.0,1.0
amc_rtb,AMC-rtb,0.55,0.3,60.011900875433284,60.011900875433284,200,200,1.0,1.0
amc_rtb,AMC-rtb,0.55,0.325,65.0226227580917,65.0226227580917,200,200,1.0,1.0
amc_rtb,AMC-rtb,0.55,0.35,70.01954450428609,70.01954450428609,200,200,1.0,1.0
amc_rtb,AMC-rtb,0.55,0.375,75.01086873459089,75.01086873459089,200,200,1.0,1.0
amc_rtb,AMC-rtb,0.55,0.4,80.01962019299215,80.01962019299215,200,200,1.0,1.0
amc_rtb,AMC-rtb,0.55,0.425,85.00102844070145,85.00102844070145,200,200,1.0,1.0
amc_rtb,AMC-rtb,0.55,0.45,90.01945575110848,90.01945575110848,200,200,1.0,1.0
amc_rtb,AMC-rtb,0.55,0.475,94.99549426052512,94.52084126640196,200,199,0.995,0.9950034157112607
amc_rtb,AMC-rtb,0.55,0.5,100.01137297827644,100.01137297827644,200,200,1.0,1.0
amc_rtb,AMC-rtb,0.55,0.525,105.00408148415423,103.95386774861355,200,198,0.99,0.9899983532002119
amc_rtb,AMC-rtb,0.55,0.55,110.00416822567213,106.70285406222756,200,194,0.97,0.9699891902580275
amc_rtb,AMC-rtb,0.55,0.575,115.01208734700818,108.11035576541472,200,188,0.94,0.9399912501303457
amc_rtb,AMC-rtb,0.55,0.6,120.00189427074436,106.20178193756311,200,177,0.885,0.885000879219074
amc_rtb,AMC-rtb,0.55,0.625,125.0009304695697,113.12377246968454,200,181,0.905,0.9049834432810359
amc_rtb,AMC-rtb,0.55,0.65,130.00517924267677,105.30552686547657,200,162,0.81,0.8100102432758152
amc_rtb,AMC-rtb,0.55,0.675,135.0023642112327,103.95232512035489,200,154,0.77,0.7700037382879081
amc_rtb,AMC-rtb,0.55,0.7,140.0088109011809,105.70677332987715,200,151,0.755,0.7550008649418903
amc_rtb,AMC-rtb,0.55,0.725,145.0023504964728,95.70069111264814,200,132,0.66,0.6599940675787602
amc_rtb,AMC-rtb,0.55,0.75,150.00804894368488,78.75395149764361,200,105,0.525,0.5249981721128107
amc_rtb,AMC-rtb,0.55,0.775,155.0033784669971,78.26948598214042,200,101,0.505,0.5049534194430824
amc_rtb,AMC-rtb,0.55,0.8,160.00840630247492,65.60288132525328,200,82,0.41,0.40999646731834594
amc_rtb,AMC-rtb,0.55,0.825,165.010690271622,67.65785983175802,200,82,0.41,0.41002107027361245
amc_rtb,AMC-rtb,0.55,0.85,170.00668072466885,56.957444534060954,200,67,0.335,0.33503062521587207
amc_rtb,AMC-rtb,0.55,0.875,174.99210120215812,48.1264532400288,200,55,0.275,0.2750207175604522
amc_rtb,AMC-rtb,0.55,0.9,180.0054526991952,22.5016731076854,200,25,0.125,0.12500550827917228
amc_rtb,AMC-rtb,0.55,0.925,185.0101386266575,15.72676911466635,200,17,0.085,0.0850049042252884
amc_rtb,AMC-rtb,0.55,0.95,190.00536075974048,0.9490784075493826,200,1,0.005,0.004995008581623552
amc_rtb,AMC-rtb,0.55,0.975,195.00515038158056,0.0,200,0,0.0,0.0
amc_rtb,AMC-rtb,0.65,0.025,5.134452592646109,5.134452592646109,200,200,1.0,1.0
amc_rtb,AMC-rtb,0.65,0.05,10.057287425516948,10.057287425516948,200,200,1.0,1.0
amc_rtb,AMC-rtb,0.65,0.075,15.058381625752313,15.058381625752313,200,200,1.0,1.0
amc_rtb,AMC-rtb,0.65,0.1,20.031013702646447,20.031013702646447,200,200,1.0,1.0
amc_rtb,AMC-rtb,0.65,0.125,25.03150854858651,25.03150854858651,200,200,1.0,1.0
amc_rtb,AMC-rtb,0.65,0.15,30.035612526129125,30.035612526129125,200,200,1.0,1.0
amc_rtb,AMC-rtb,0.65,0.175,35.016415465709876,35.016415465709876,200,200,1.0,1.0
amc_rtb,AMC-rtb,0.65,0.2,40.026863233060546,40.026863233060546,200,200,1.0,1.0
amc_rtb,AMC-rtb,0.65,0.225,45.01326276709878,45.01326276709878,200,200,1.0,1.0
amc_rtb,AMC-rtb,0.65,0.25,50.012048786003525,50.012048786003525,200,200,1.0,1.0
amc_rtb,AMC-rtb,0.65,0.275,55.009208984565205,55.009208984565205,200,200,1.0,1.0
amc_rtb,AMC-rtb,0.65,0.3,60.01246620859997,60.01246620859997,200,200,1.0,1.0
amc_rtb,AMC-rtb,0.65,0.325,65.00671464422862,65.00671464422862,200,200,1.0,1.0
amc_rtb,AMC-rtb,0.65,0.35,70.0326404833891,70.0326404833891,200,200,1.0,1.0
amc_rtb,AMC-rtb,0.65,0.375,75.00550312322389,75.00550312322389,200,200,1.0,1.0
amc_rtb,AMC-rtb,0.65,0.4,80.01577383118969,80.01577383118969,200,200,1.0,1.0
amc_rtb,AMC-rtb,0.65,0.425,85.00695184333205,85.00695184333205,200,200,1.0,1.0
amc_rtb,AMC-rtb,0.65,0.45,90.00821883745884,90.00821883745884,200,200,1.0,1.0
amc_rtb,AMC-rtb,0.65,0.475,95.00853512080742,94.53322074301923,200,199,0.995,0.9949971402339399
amc_rtb,AMC-rtb,0.65,0.5,100.01679873687624,99.5165607506488,200,199,0.995,0.9949984603332139
amc_rtb,AMC-rtb,0.65,0.525,105.00651451426326,96.08021622134727,200,183,0.915,0.9149929093998876
amc_rtb,AMC-rtb,0.65,0.55,110.00876850113785,100.10754135178827,200,182,0.91,0.9099960186423942
amc_rtb,AMC-rtb,0.65,0.575,115.0165729348894,96.61520168180823,200,168,0.84,0.8400111324522064
amc_rtb,AMC-rtb,0.65,0.6,120.00905562133616,89.4052101899913,200,149,0.745,0.7449871989001481
amc_rtb,AMC-rtb,0.65,0.625,125.01073330284729,82.50517181183989,200,132,0.66,0.6599847039691009
amc_rtb,AMC-rtb,0.65,0.65,130.00467712888099,76.70321354996435,200,118,0.59,0.59000349251992
amc_rtb,AMC-rtb,0.65,0.675,135.01145824527242,63.457320619168996,200,94,0.47,0.47001433392332853
amc_rtb,AMC-rtb,0.65,0.7,139.999249680852,63.69798548885111,200,91,0.455,0.4549880491078319
amc_rtb,AMC-rtb,0.65,0.725,145.00051270253743,56.550161518201385,200,78,0.39,0.3899997349265358
amc_rtb,AMC-rtb,0.65,0.75,149.9986545531746,42.75302226834104,200,57,0.285,0.2850227050082311
amc_rtb,AMC-rtb,0.65,0.775,155.01264538842332,41.853554506550005,200,54,0.27,0.27000090477570626
amc_rtb,AMC-rtb,0.65,0.8,160.00295715920288,37.59671920027871,200,47,0.235,0.23497515213340708
amc_rtb,AMC-rtb,0.65,0.825,165.00545395123868,29.697144992387017,200,36,0.18,0.17997674792714985
amc_rtb,AMC-rtb,0.65,0.85,170.0075455487177,24.654999644195456,200,29,0.145,0.14502297274287906
amc_rtb,AMC-rtb,0.65,0.875,175.00915497057053,17.498654768011434,200,20,0.1,0.09998708222409279
amc_rtb,AMC-rtb,0.65,0.9,180.004382727982,8.100037196186944,200,9,0.045,0.04499911098513369
amc_rtb,AMC-rtb,0.65,0.925,185.00487003790084,7.400331707269915,200,8,0.04,0.040000740011621606
amc_rtb,AMC-rtb,0.65,0.95,190.0007660120894,0.0,200,0,0.0,0.0
amc_rtb,AMC-rtb,0.65,0.975,194.991032586332,0.0,200,0,0.0,0.0
amc_rtb,AMC-rtb,0.75,0.025,5.138373648231289,5.138373648231289,200,200,1.0,1.0
amc_rtb,AMC-rtb,0.75,0.05,10.075334648598474,10.075334648598474,200,200,1.0,1.0
amc_rtb,AMC-rtb,0.75,0.075,15.035916775257727,15.035916775257727,200,200,1.0,1.0
amc_rtb,AMC-rtb,0.75,0.1,20.037829572537902,20.037829572537902,200,200,1.0,1.0
amc_rtb,AMC-rtb,0.75,0.125,25.039632328693976,25.039632328693976,200,200,1.0,1.0
amc_rtb,AMC-rtb,0.75,0.15,30.033260265541394,30.033260265541394,200,200,1.0,1.0
amc_rtb,AMC-rtb,0.75,0.175,35.016746311651254,35.016746311651254,200,200,1.0,1.0
amc_rtb,AMC-rtb,0.75,0.2,40.02253205137834,40.02253205137834,200,200,1.0,1.0
amc_rtb,AMC-rtb,0.75,0.225,45.00906016193033,45.00906016193033,200,200,1.0,1.0
amc_rtb,AMC-rtb,0.75,0.25,50.019641059211686,50.019641059211686,200,200,1.0,1.0
amc_rtb,AMC-rtb,0.75,0.275,55.01708138057265,55.01708138057265,200,200,1.0,1.0
amc_rtb,AMC-rtb,0.75,0.3,60.023040823659876,60.023040823659876,200,200,1.0,1.0
amc_rtb,AMC-rtb,0.75,0.325,65.01500880278859,65.01500880278859,200,200,1.0,1.0
amc_rtb,AMC-rtb,0.75,0.35,70.01551293640281,70.01551293640281,200,200,1.0,1.0
amc_rtb,AMC-rtb,0.75,0.375,75.01851704748707,75.01851704748707,200,200,1.0,1.0
amc_rtb,AMC-rtb,0.75,0.4,80.00882033477313,80.00882033477313,200,200,1.0,1.0
amc_rtb,AMC-rtb,0.75,0.425,85.00933691886799,85.00933691886799,200,200,1.0,1.0
amc_rtb,AMC-rtb,0.75,0.45,90.01886704088695,89.56852894987898,200,199,0.995,0.9949972921698357
amc_rtb,AMC-rtb,0.75,0.475,95.00132014225218,91.6762385304795,200,193,0.965,0.9649996273020858
amc_rtb,AMC-rtb,0.75,0.5,100.00718352558071,91.50886654868407,200,183,0.915,0.9150229345802657
amc_rtb,AMC-rtb,0.75,0.525,105.00536339889901,85.57936133515284,200,163,0.815,0.8149999063385952
amc_rtb,AMC-rtb,0.75,0.55,110.00820671740343,76.45828108240164,200,139,0.695,0.6950234292866247
amc_rtb,AMC-rtb,0.75,0.575,115.00871900624622,63.829675355998546,200,111,0.555,0.5549985766951452
amc_rtb,AMC-rtb,0.75,0.6,120.02210942566845,61.807364809530675,200,103,0.515,0.5149664933010442
amc_rtb,AMC-rtb,0.75,0.625,125.01499618034613,48.12234403640641,200,77,0.385,0.3849325721450674
amc_rtb,AMC-rtb,0.75,0.65,130.0128927752081,36.39991183661353,200,56,0.28,0.27997155558678993
amc_rtb,AMC-rtb,0.75,0.675,135.0099351214667,32.39733332262579,200,48,0.24,0.23996258714944443
amc_rtb,AMC-rtb,0.75,0.7,140.00646644264674,23.799756906364262,200,34,0.17,0.16999041195082062
amc_rtb,AMC-rtb,0.75,0.725,145.00853159324353,18.85578294645026,200,26,0.13,0.1300322314782258
amc_rtb,AMC-rtb,0.75,0.75,150.0068395137838,13.50029341750617,200,18,0.09,0.08999785250635627
amc_rtb,AMC-rtb,0.75,0.775,155.00060462706108,15.499571741764326,200,20,0.1,0.09999684697396531
amc_rtb,AMC-rtb,0.75,0.8,160.00756175183426,13.601781199370308,200,17,0.085,0.0850071149791418
amc_rtb,AMC-rtb,0.75,0.825,164.9983607222085,11.551238532603605,200,14,0.07,0.07000820179087287
amc_rtb,AMC-rtb,0.75,0.85,170.01241724908198,7.6498585148753175,200,9,0.045,0.04499588111654018
amc_rtb,AMC-rtb,0.75,0.875,175.00225113255732,7.001571648383214,200,8,0.04,0.040008466194413686
amc_rtb,AMC-rtb,0.75,0.9,180.00105704030204,2.700444505418371,200,3,0.015,0.01500238137387018
amc_rtb,AMC-rtb,0.75,0.925,184.99106269923914,1.8503554674359517,200,2,0.01,0.010002404659106606
amc_rtb,AMC-rtb,0.75,0.95,190.00567191697283,0.9507963846688445,200,1,0.005,0.005004042116618056
amc_rtb,AMC-rtb,0.75,0.975,195.00256202639815,0.0,200,0,0.0,0.0
amc_rtb,AMC-rtb,0.85,0.025,5.13928599962228,5.13928599962228,200,200,1.0,1.0
amc_rtb,AMC-rtb,0.85,0.05,10.069983846104202,10.069983846104202,200,200,1.0,1.0
amc_rtb,AMC-rtb,0.85,0.075,15.044098391390154,15.044098391390154,200,200,1.0,1.0
amc_rtb,AMC-rtb,0.85,0.1,20.03954204735892,20.03954204735892,200,200,1.0,1.0
amc_rtb,AMC-rtb,0.85,0.125,25.026874226062308,25.026874226062308,200,200,1.0,1.0
amc_rtb,AMC-rtb,0.85,0.15,30.029731091413485,30.029731091413485,200,200,1.0,1.0
amc_rtb,AMC-rtb,0.85,0.175,35.026906739627,35.026906739627,200,200,1.0,1.0
amc_rtb,AMC-rtb,0.85,0.2,40.02155451971718,40.02155451971718,200,200,1.0,1.0
amc_rtb,AMC-rtb,0.85,0.225,45.01972009054702,45.01972009054702,200,200,1.0,1.0
amc_rtb,AMC-rtb,0.85,0.25,50.00568378224259,50.00568378224259,200,200,1.0,1.0
amc_rtb,AMC-rtb,0.85,0.275,55.01696463368136,55.01696463368136,200,200,1.0,1.0
amc_rtb,AMC-rtb,0.85,0.3,60.016361502398375,60.016361502398375,200,200,1.0,1.0
amc_rtb,AMC-rtb,0.85,0.325,65.0013929991261,65.0013929991261,200,200,1.0,1.0
amc_rtb,AMC-rtb,0.85,0.35,70.01645307862583,70.01645307862583,200,200,1.0,1.0
amc_rtb,AMC-rtb,0.85,0.375,75.01842557551983,75.01842557551983,200,200,1.0,1.0
amc_rtb,AMC-rtb,0.85,0.4,79.99853754629332,79.99853754629332,200,200,1.0,1.0
amc_rtb,AMC-rtb,0.85,0.425,85.01478467420462,85.01478467420462,200,200,1.0,1.0
amc_rtb,AMC-rtb,0.85,0.45,90.00197485973466,86.40025201065703,200,192,0.96,0.9599817353486876
amc_rtb,AMC-rtb,0.85,0.475,95.00426231755634,82.17799798509655,200,173,0.865,0.8649927485401931
amc_rtb,AMC-rtb,0.85,0.5,100.01331017374903,75.010070012441,200,150,0.75,0.7500008737050007
amc_rtb,AMC-rtb,0.85,0.525,105.00472466850594,54.596592419980105,200,104,0.52,0.5199441510116664
amc_rtb,AMC-rtb,0.85,0.55,110.0070064521141,42.90030232626241,200,78,0.39,0.38997790877017324
amc_rtb,AMC-rtb,0.85,0.575,114.99593396972632,31.04949167253724,200,54,0.27,0.2700051262743889
amc_rtb,AMC-rtb,0.85,0.6,119.99956098087642,22.79954271267227,200,38,0.19,0.18999688437448276
amc_rtb,AMC-rtb,0.85,0.625,125.00488554577936,22.498819149496146,200,36,0.18,0.17998351865420983
amc_rtb,AMC-rtb,0.85,0.65,129.99939239619394,14.300420471137317,200,22,0.11,0.1100037485371816
amc_rtb,AMC-rtb,0.85,0.675,135.00998452721964,8.101810106931515,200,12,0.06,0.060008969968425495
amc_rtb,AMC-rtb,0.85,0.7,139.99887975420077,6.3001518411391215,200,9,0.045,0.045001444670131945
amc_rtb,AMC-rtb,0.85,0.725,145.01298486506562,3.62475399039369,200,5,0.025,0.024996064964572094
amc_rtb,AMC-rtb,0.85,0.75,149.99579265224355,5.249007010977773,200,7,0.035,0.03499436162951109
amc_rtb,AMC-rtb,0.85,0.775,154.99910127693283,1.548684932210425,200,2,0.01,0.009991573624955606
amc_rtb,AMC-rtb,0.85,0.8,160.0097664650848,1.5999464310104077,200,2,0.01,0.009999054847439745
amc_rtb,AMC-rtb,0.85,0.825,165.00155844435173,1.6497984408219337,200,2,0.01,0.009998683990480872
amc_rtb,AMC-rtb,0.85,0.85,170.0056007051013,1.6994442353910437,200,2,0.01,0.00999640146173166
amc_rtb,AMC-rtb,0.85,0.875,175.00905603113486,0.0,200,0,0.0,0.0
amc_rtb,AMC-rtb,0.85,0.9,180.00272165484137,0.8994461651267585,200,1,0.005,0.004996847585735195
amc_rtb,AMC-rtb,0.85,0.925,185.00539039181373,0.0,200,0,0.0,0.0
amc_rtb,AMC-rtb,0.85,0.95,190.01041283334737,0.0,200,0,0.0,0.0
amc_rtb,AMC-rtb,0.85,0.975,195.01055103857462,0.0,200,0,0.0,0.0
amc_rtb,AMC-rtb,0.95,0.025,5.128455953251271,5.128455953251271,200,200,1.0,1.0
amc_rtb,AMC-rtb,0.95,0.05,10.071211200156005,10.071211200156005,200,200,1.0,1.0
amc_rtb,AMC-rtb,0.95,0.075,15.0416729425136,15.0416729425136,200,200,1.0,1.0
amc_rtb,AMC-rtb,0.95,0.1,20.044912572932674,20.044912572932674,200,200,1.0,1.0
amc_rtb,AMC-rtb,0.95,0.125,25.025488037708698,25.025488037708698,200,200,1.0,1.0
amc_rtb,AMC-rtb,0.95,0.15,30.031469939889888,30.031469939889888,200,200,1.0,1.0
amc_rtb,AMC-rtb,0.95,0.175,35.018460316683324,35.018460316683324,200,200,1.0,1.0
amc_rtb,AMC-rtb,0.95,0.2,40.015365440842345,40.015365440842345,200,200,1.0,1.0
amc_rtb,AMC-rtb,0.95,0.225,45.01010456604076,45.01010456604076,200,200,1.0,1.0
amc_rtb,AMC-rtb,0.95,0.25,50.012716779822625,50.012716779822625,200,200,1.0,1.0
amc_rtb,AMC-rtb,0.95,0.275,55.01715187339122,55.01715187339122,200,200,1.0,1.0
amc_rtb,AMC-rtb,0.95,0.3,60.00715607080882,60.00715607080882,200,200,1.0,1.0
amc_rtb,AMC-rtb,0.95,0.325,65.01073443818066,65.01073443818066,200,200,1.0,1.0
amc_rtb,AMC-rtb,0.95,0.35,70.00850127011198,70.00850127011198,200,200,1.0,1.0
amc_rtb,AMC-rtb,0.95,0.375,75.0089620684588,75.0089620684588,200,200,1.0,1.0
amc_rtb,AMC-rtb,0.95,0.4,80.01199210299862,80.01199210299862,200,200,1.0,1.0
amc_rtb,AMC-rtb,0.95,0.425,85.00803248818757,85.00803248818757,200,200,1.0,1.0
amc_rtb,AMC-rtb,0.95,0.45,90.00974883523592,84.60879301680906,200,188,0.94,0.9399958794650857
amc_rtb,AMC-rtb,0.95,0.475,95.00487325861859,53.67619869127593,200,113,0.565,0.564983635577942
amc_rtb,AMC-rtb,0.95,0.5,100.01240147662162,22.005664243666086,200,44,0.22,0.22002935554757191
amc_rtb,AMC-rtb,0.95,0.525,105.00505524266907,13.654895149894902,200,26,0.13,0.13004035966019092
amc_rtb,AMC-rtb,0.95,0.55,110.01904494504704,8.802935958638676,200,16,0.08,0.08001283744133225
amc_rtb,AMC-rtb,0.95,0.575,115.00358974063548,7.4760516395652195,200,13,0.065,0.06500711548592317
amc_rtb,AMC-rtb,0.95,0.6,120.00536340051129,1.8006247105162227,200,3,0.015,0.015004535293199664
amc_rtb,AMC-rtb,0.95,0.625,125.00099330385275,0.0,200,0,0.0,0.0
amc_rtb,AMC-rtb,0.95,0.65,130.0055551635547,0.6497173236223466,200,1,0.005,0.004997612008232753
amc_rtb,AMC-rtb,0.95,0.675,135.0025802742666,1.3500308892219,200,2,0.01,0.010000037676903831
amc_rtb,AMC-rtb,0.95,0.7,140.01142425910413,0.0,200,0,0.0,0.0
amc_rtb,AMC-rtb,0.95,0.725,145.00520402881588,0.0,200,0,0.0,0.0
amc_rtb,AMC-rtb,0.95,0.75,150.0053593993614,0.0,200,0,0.0,0.0
amc_rtb,AMC-rtb,0.95,0.775,155.0142160304908,0.0,200,0,0.0,0.0
amc_rtb,AMC-rtb,0.95,0.8,160.00619247406277,0.0,200,0,0.0,0.0
amc_rtb,AMC-rtb,0.95,0.825,165.00181826459195,0.0,200,0,0.0,0.0
amc_rtb,AMC-rtb,0.95,0.85,170.00984350513855,0.0,200,0,0.0,0.0
amc_rtb,AMC-rtb,0.95,0.875,175.0143836168909,0.0,200,0,0.0,0.0
amc_rtb,AMC-rtb,0.95,0.9,179.99403344312117,0.0,200,0,0.0,0.0
amc_rtb,AMC-rtb,0.95,0.925,185.00154613393755,0.0,200,0,0.0,0.0
amc_rtb,AMC-rtb,0.95,0.95,190.00589407322687,0.0,200,0,0.0,0.0
amc_rtb,AMC-rtb,0.95,0.975,194.999957006212,0.0,200,0,0.0,0.0
crmpo_baseline,CrMPO,0.05,0.025,5.150775154323688,5.150775154323688,200,200,1.0,1.0
crmpo_baseline,CrMPO,0.05,0.05,10.07356157320267,9.973705070628112,200,198,0.99,0.9900872693486886
crmpo_baseline,CrMPO,0.05,0.075,15.0434043963246,14.815203738676548,200,197,0.985,0.9848305176384272
crmpo_baseline,CrMPO,0.05,0.1,20.033434849724042,18.7319206570683,200,187,0.935,0.9350328986307773
crmpo_baseline,CrMPO,0.05,0.125,25.028879158423397,23.777838380398297,200,190,0.95,0.9500161085877445
crmpo_baseline,CrMPO,0.05,0.15,30.03550192819835,28.230607146080164,200,188,0.94,0.9399079533802067
crmpo_baseline,CrMPO,0.05,0.175,35.0207482666908,31.34263713178814,200,179,0.895,0.8949733710172888
crmpo_baseline,CrMPO,0.05,0.2,40.01291481185509,36.80994918718274,200,184,0.92,0.9199517046000515
crmpo_baseline,CrMPO,0.05,0.225,45.01771047158208,39.83753972260607,200,177,0.885,0.8849303819605386
crmpo_baseline,CrMPO,0.05,0.25,50.01110616187902,41.75826528749001,200,167,0.835,0.8349798373250192
crmpo_baseline,CrMPO,0.05,0.275,55.01374912511959,48.13834412627507,200,175,0.875,0.8750238784270536
crmpo_baseline,CrMPO,0.05,0.3,60.01498862925155,50.41129333830675,200,168,0.84,0.8399783868947711
crmpo_baseline,CrMPO,0.05,0.325,65.0155689397196,53.64164290766372,200,165,0.825,0.8250584249658505
crmpo_baseline,CrMPO,0.05,0.35,70.01916245631176,58.11407817608568,200,166,0.83,0.829973911960826
crmpo_baseline,CrMPO,0.05,0.375,75.01429470481146,59.26429226196047,200,158,0.79,0.7900399849811455
crmpo_baseline,CrMPO,0.05,0.4,80.01035417787244,66.00504307852253,200,165,0.825,0.824956266682504
crmpo_baseline,CrMPO,0.05,0.425,85.00718233545614,65.03172035899283,200,153,0.765,0.7650144208093388
crmpo_baseline,CrMPO,0.05,0.45,90.01395769955089,70.21343442036596,200,156,0.78,0.7800283002190035
crmpo_baseline,CrMPO,0.05,0.475,95.00575932667381,75.05104348835427,200,158,0.79,0.7899630929772795
crmpo_baseline,CrMPO,0.05,0.5,100.01498087861673,76.01039013121492,200,152,0.76,0.7599900481255403
crmpo_baseline,CrMPO,0.05,0.525,105.01841577701121,81.3885233847344,200,155,0.775,0.7749928694177707
crmpo_baseline,CrMPO,0.05,0.55,110.00496092811977,83.0538575757838,200,151,0.755,0.7550010188181735
crmpo_baseline,CrMPO,0.05,0.575,115.00983799283794,76.48382049959649,200,133,0.665,0.6650198090389398
crmpo_baseline,CrMPO,0.05,0.6,120.01179642897297,87.60898010973797,200,146,0.73,0.7300030723362092
crmpo_baseline,CrMPO,0.05,0.625,125.01201884481794,97.51083641675254,200,156,0.78,0.7800116926181022
crmpo_baseline,CrMPO,0.05,0.65,129.99880651097772,90.34802626561624,200,139,0.695,0.694991197922935
crmpo_baseline,CrMPO,0.05,0.675,135.00566887028583,102.60849643856153,200,152,0.76,0.7600310216391604
crmpo_baseline,CrMPO,0.05,0.7,140.01085780267155,93.80809225889986,200,134,0.67,0.6700058390550758
crmpo_baseline,CrMPO,0.05,0.725,145.00330748260743,103.67755841970548,200,143,0.715,0.7150013349325924
crmpo_baseline,CrMPO,0.05,0.75,149.99880840634685,102.75148107485708,200,137,0.685,0.6850153155650628
crmpo_baseline,CrMPO,0.05,0.775,155.00410862662332,103.07867680945377,200,133,0.665,0.6650060938562057
crmpo_baseline,CrMPO,0.05,0.8,159.9963870813707,111.99627543453094,200,140,0.7,0.6999925278160941
crmpo_baseline,CrMPO,0.05,0.825,165.0089074783576,113.85330394754816,200,138,0.69,0.6899827753994495
crmpo_baseline,CrMPO,0.05,0.85,170.00517541628386,103.69962945610007,200,122,0.61,0.6099792503503234
crmpo_baseline,CrMPO,0.05,0.875,175.01398167579455,109.38257585897873,200,125,0.625,0.6249933565971031
crmpo_baseline,CrMPO,0.05,0.9,180.0008036048297,90.00038489634201,200,100,0.5,0.4999999060777924
crmpo_baseline,CrMPO,0.05,0.925,185.0008705874767,46.25097753489798,200,50,0.25,0.2500041074835291
crmpo_baseline,CrMPO,0.05,0.95,189.99766182501563,19.945002442249834,200,21,0.105,0.10497498890601516
crmpo_baseline,CrMPO,0.05,0.975,194.99701792278387,0.9740892943711408,200,1,0.005,0.004995406107989132
crmpo_baseline,CrMPO,0.15,0.025,5.133075019022422,5.107295637746349,200,199,0.995,0.9949777898860744
crmpo_baseline,CrMPO,0.15,0.05,10.064032423590758,9.51008843146752,200,189,0.945,0.9449580477478632
crmpo_baseline,CrMPO,0.15,0.075,15.043832593327416,13.685451670788495,200,182,0.91,0.9097051290545854
crmpo_baseline,CrMPO,0.15,0.1,20.04896671567419,17.14101754889029,200,171,0.855,0.8549576540266048
crmpo_baseline,CrMPO,0.15,0.125,25.034283799570023,18.901347977094705,200,151,0.755,0.7550185229353095
crmpo_baseline,CrMPO,0.15,0.15,30.026106068640118,23.119478492202862,200,154,0.77,0.7699792453723902
crmpo_baseline,CrMPO,0.15,0.175,35.01678966234951,24.513946846336033,200,140,0.7,0.7000626580195538
crmpo_baseline,CrMPO,0.15,0.2,40.01427295929859,28.812740799204978,200,144,0.72,0.7200615847378384
crmpo_baseline,CrMPO,0.15,0.225,45.008695167739,27.901065022036914,200,124,0.62,0.6199038856393161
crmpo_baseline,CrMPO,0.15,0.25,50.02157952417979,31.01079100771083,200,124,0.62,0.6199482563864384
crmpo_baseline,CrMPO,0.15,0.275,55.001586640933056,30.527421899281837,200,111,0.555,0.5550280230745716
crmpo_baseline,CrMPO,0.15,0.3,60.0105721754941,32.106988197248825,200,107,0.535,0.5350221974780641
crmpo_baseline,CrMPO,0.15,0.325,65.00865875556394,34.77999127423999,200,107,0.535,0.5350055198802767
crmpo_baseline,CrMPO,0.15,0.35,70.02134275002804,36.76261101597811,200,105,0.525,0.5250200806233952
crmpo_baseline,CrMPO,0.15,0.375,75.0068434500792,36.375706696798645,200,97,0.485,0.48496517149143187
crmpo_baseline,CrMPO,0.15,0.4,79.99985223088021,36.79857968610108,200,92,0.46,0.45998309571747814
crmpo_baseline,CrMPO,0.15,0.425,85.01396523835977,38.684843327390794,200,91,0.455,0.4550410420091254
crmpo_baseline,CrMPO,0.15,0.45,90.00369872569703,33.30407173076511,200,74,0.37,0.37003003434631554
crmpo_baseline,CrMPO,0.15,0.475,95.01131444738856,37.53594476188952,200,79,0.395,0.39506815562134573
crmpo_baseline,CrMPO,0.15,0.5,99.99539908242073,45.99769963724664,200,92,0.46,0.4599981605086976
crmpo_baseline,CrMPO,0.15,0.525,105.01238711880423,42.00017689554433,200,80,0.4,0.3999545010630798
crmpo_baseline,CrMPO,0.15,0.55,110.00778426632338,44.55068651433755,200,81,0.405,0.4049775823725578
crmpo_baseline,CrMPO,0.15,0.575,115.00905854506904,40.83081165076849,200,71,0.355,0.3550225709809455
crmpo_baseline,CrMPO,0.15,0.6,119.99622963446068,44.392323324536775,200,74,0.37,0.36994765135343993
crmpo_baseline,CrMPO,0.15,0.625,125.00826252404102,40.61950717837599,200,65,0.325,0.3249345791888295
crmpo_baseline,CrMPO,0.15,0.65,130.00988743741223,44.20523675190228,200,68,0.34,0.34001442215833794
crmpo_baseline,CrMPO,0.15,0.675,135.00577853861085,46.58110153571242,200,69,0.345,0.34503042788194804
crmpo_baseline,CrMPO,0.15,0.7,140.00391398281565,42.704246792955374,200,61,0.305,0.3050218067346101
crmpo_baseline,CrMPO,0.15,0.725,145.00152034732412,49.30113168558706,200,68,0.34,0.34000423973138616
crmpo_baseline,CrMPO,0.15,0.75,150.01220687200035,35.250213424129804,200,47,0.235,0.234982300168462
crmpo_baseline,CrMPO,0.15,0.775,155.0019814655053,45.72460953867263,200,59,0.295,0.2949937097987896
crmpo_baseline,CrMPO,0.15,0.8,160.01021129713106,35.2020303975463,200,44,0.22,0.21999864953729653
crmpo_baseline,CrMPO,0.15,0.825,165.00429107495765,51.147441336949115,200,62,0.31,0.30997643154452276
crmpo_baseline,CrMPO,0.15,0.85,170.0092104679443,34.000917332679585,200,40,0.2,0.19999456052465198
crmpo_baseline,CrMPO,0.15,0.875,175.00963666037407,19.25066519475101,200,22,0.11,0.10999774390772034
crmpo_baseline,CrMPO,0.15,0.9,180.01119035103036,29.70172227512413,200,33,0.165,0.1649993104162267
crmpo_baseline,CrMPO,0.15,0.925,185.001385115156,12.947340839135654,200,14,0.07,0.06998510217140509
crmpo_baseline,CrMPO,0.15,0.95,189.99050705014633,0.9501777746401953,200,1,0.005,0.005001185529703356
crmpo_baseline,CrMPO,0.15,0.975,195.00609973849208,0.0,200,0,0.0,0.0
crmpo_baseline,CrMPO,0.25,0.025,5.1322712080672455,5.1322712080672455,200,200,1.0,1.0
crmpo_baseline,CrMPO,0.25,0.05,10.071514649778374,9.114100456879783,200,181,0.905,0.9049384103393366
crmpo_baseline,CrMPO,0.25,0.075,15.045002782388526,11.884941833708119,200,158,0.79,0.7899594307566675
crmpo_baseline,CrMPO,0.25,0.1,20.022201245791617,15.0158758196915,200,150,0.75,0.7499612872409632
crmpo_baseline,CrMPO,0.25,0.125,25.03017249781412,16.3960992989402,200,131,0.655,0.6550533880808079
crmpo_baseline,CrMPO,0.25,0.15,30.021263333263633,15.462951733043752,200,103,0.515,0.5150666566356907
crmpo_baseline,CrMPO,0.25,0.175,35.01151134600201,19.080293788219322,200,109,0.545,0.5449720121950152
crmpo_baseline,CrMPO,0.25,0.2,40.02693585497304,15.403238193223723,200,77,0.385,0.38482181721411957
crmpo_baseline,CrMPO,0.25,0.225,45.01656476839699,16.429458843079882,200,73,0.365,0.3649647397043025
crmpo_baseline,CrMPO,0.25,0.25,50.01928028438367,19.75845360582153,200,79,0.395,0.39501675141036047
crmpo_baseline,CrMPO,0.25,0.275,55.00885528028769,15.404213704193115,200,56,0.28,0.28003152630069694
crmpo_baseline,CrMPO,0.25,0.3,60.0158736473339,19.2063776260915,200,64,0.32,0.3200216285936664
crmpo_baseline,CrMPO,0.25,0.325,65.01640693405453,15.92777806399588,200,49,0.245,0.24498090274584478
crmpo_baseline,CrMPO,0.25,0.35,70.00620176135585,17.84705357598757,200,51,0.255,0.25493532182800593
crmpo_baseline,CrMPO,0.25,0.375,75.02164626155816,18.756474958787624,200,50,0.25,0.25001417448764557
crmpo_baseline,CrMPO,0.25,0.4,80.01148416633471,18.001410060190604,200,45,0.225,0.2249853286406703
crmpo_baseline,CrMPO,0.25,0.425,85.00793804439452,15.725628542411224,200,37,0.185,0.18499011861925974
crmpo_baseline,CrMPO,0.25,0.45,90.01854956692674,17.10315163992626,200,38,0.19,0.18999585887806886
crmpo_baseline,CrMPO,0.25,0.475,95.0066191984433,17.577436977067435,200,37,0.185,0.18501276148299617
crmpo_baseline,CrMPO,0.25,0.5,100.00816184135975,14.00231524287416,200,28,0.14,0.1400117248938707
crmpo_baseline,CrMPO,0.25,0.525,105.00111211090709,16.800733490862637,200,32,0.16,0.16000529092603244
crmpo_baseline,CrMPO,0.25,0.55,110.00336420461748,20.35225076822187,200,37,0.185,0.18501480309606358
crmpo_baseline,CrMPO,0.25,0.575,115.00689301199115,17.250715828400008,200,30,0.15,0.14999723387537622
crmpo_baseline,CrMPO,0.25,0.6,120.01025171539915,16.804181588693528,200,28,0.14,0.14002288428278745
crmpo_baseline,CrMPO,0.25,0.625,125.00035860001758,18.12357814633082,200,29,0.145,0.14498820922845154
crmpo_baseline,CrMPO,0.25,0.65,130.00776760397898,16.25275262617228,200,25,0.125,0.12501370437865172
crmpo_baseline,CrMPO,0.25,0.675,135.00960278567936,18.224976775801785,200,27,0.135,0.1349902258784731
crmpo_baseline,CrMPO,0.25,0.7,140.00309804117296,14.697766348998314,200,21,0.105,0.1049817222235747
crmpo_baseline,CrMPO,0.25,0.725,145.00529227886912,19.57687978074179,200,27,0.135,0.13500803641767928
crmpo_baseline,CrMPO,0.25,0.75,150.00466425500338,14.999248634338135,200,20,0.1,0.09999188164469251
crmpo_baseline,CrMPO,0.25,0.775,155.00909580401375,12.400534176735103,200,16,0.08,0.07999875176624317
crmpo_baseline,CrMPO,0.25,0.8,160.01232576670694,14.403726541085325,200,18,0.09,0.09001635637798001
crmpo_baseline,CrMPO,0.25,0.825,165.00066882247498,15.675220863302311,200,19,0.095,0.09500095348199683
crmpo_baseline,CrMPO,0.25,0.85,169.99530903468138,9.349608223195757,200,11,0.055,0.05499921307409905
crmpo_baseline,CrMPO,0.25,0.875,174.99284691511403,9.623072571261675,200,11,0.055,0.05499123387557469
crmpo_baseline,CrMPO,0.25,0.9,179.9981223988979,2.6992610229531016,200,3,0.015,0.014996050997527677
crmpo_baseline,CrMPO,0.25,0.925,185.002013321288,0.9252880648371042,200,1,0.005,0.005001502676785368
crmpo_baseline,CrMPO,0.25,0.95,190.0220848347882,0.0,200,0,0.0,0.0
crmpo_baseline,CrMPO,0.25,0.975,195.01091945254603,0.0,200,0,0.0,0.0
crmpo_baseline,CrMPO,0.35,0.025,5.1338077926639,5.107794210131468,200,199,0.995,0.9949328873259329
crmpo_baseline,CrMPO,0.35,0.05,10.073996898137175,8.817187301517691,200,175,0.875,0.8752422092911419
crmpo_baseline,CrMPO,0.35,0.075,15.04803964022425,10.830297478969923,200,144,0.72,0.7197148424582783
crmpo_baseline,CrMPO,0.35,0.1,20.051669754515828,11.219798113753797,200,112,0.56,0.5595443297796678
crmpo_baseline,CrMPO,0.35,0.125,25.022964409667374,12.258204967092428,200,98,0.49,0.48987820812935307
crmpo_baseline,CrMPO,0.35,0.15,30.03361905068292,10.511427154214497,200,70,0.35,0.34998869555067763
crmpo_baseline,CrMPO,0.35,0.175,35.02166270972706,9.631053116985774,200,55,0.275,0.27500273750026166
crmpo_baseline,CrMPO,0.35,0.2,40.03079116364508,10.60775973463627,200,53,0.265,0.26499000959716135
crmpo_baseline,CrMPO,0.35,0.225,45.01430797406431,10.133196946905757,200,45,0.225,0.22511057934610826
crmpo_baseline,CrMPO,0.35,0.25,50.01834550149353,7.997826249685422,200,32,0.16,0.15989785686626942
crmpo_baseline,CrMPO,0.35,0.275,55.013989240599976,8.250130150328141,200,30,0.15,0.14996422299511408
crmpo_baseline,CrMPO,0.35,0.3,60.016379429851696,9.903404702168315,200,33,0.165,0.16501169841049151
crmpo_baseline,CrMPO,0.35,0.325,65.00530574168677,9.749765879182954,200,30,0.15,0.1499841554153417
crmpo_baseline,CrMPO,0.35,0.35,70.01075008388545,11.903599180833659,200,34,0.17,0.1700253056362203
crmpo_baseline,CrMPO,0.35,0.375,75.02295907306234,6.754461711955278,200,18,0.09,0.0900319288309774
crmpo_baseline,CrMPO,0.35,0.4,80.00435515003136,7.201750934102254,200,18,0.09,0.09001698620777436
crmpo_baseline,CrMPO,0.35,0.425,85.01019220914327,4.675193342391487,200,11,0.055,0.05499568017549602
crmpo_baseline,CrMPO,0.35,0.45,90.00828740211077,7.200677849619315,200,16,0.08,0.08000016506758302
crmpo_baseline,CrMPO,0.35,0.475,95.00070784166263,9.97465456111082,200,21,0.105,0.1049955814827774
crmpo_baseline,CrMPO,0.35,0.5,100.00983934614776,5.000995771722318,200,10,0.05,0.050005037548487466
crmpo_baseline,CrMPO,0.35,0.525,105.00276639868564,4.199980238099415,200,8,0.04,0.03999875795798069
crmpo_baseline,CrMPO,0.35,0.55,110.00586062634527,5.500450675378536,200,10,0.05,0.050001433051479034
crmpo_baseline,CrMPO,0.35,0.575,115.01585594718905,6.3247646416324566,200,11,0.055,0.05499037145397197
crmpo_baseline,CrMPO,0.35,0.6,120.00650364631618,4.20125885984825,200,7,0.035,0.035008593136170545
crmpo_baseline,CrMPO,0.35,0.625,125.00962477163866,7.499989814095003,200,12,0.06,0.05999529898434309
crmpo_baseline,CrMPO,0.35,0.65,130.01314400407838,3.8984888160781774,200,6,0.03,0.029985343758442497
crmpo_baseline,CrMPO,0.35,0.675,134.9977535060828,10.801587968586192,200,16,0.08,0.08001309420381938
crmpo_baseline,CrMPO,0.35,0.7,140.0085840075407,9.099722848143696,200,13,0.065,0.0649940352775341
crmpo_baseline,CrMPO,0.35,0.725,144.99935044206734,4.350197169881881,200,6,0.03,0.030001494190278782
crmpo_baseline,CrMPO,0.35,0.75,150.00285301367725,3.7509012953770124,200,5,0.025,0.025005533028328503
crmpo_baseline,CrMPO,0.35,0.775,155.00190074107897,2.3258445570806674,200,3,0.015,0.015005264748113289
crmpo_baseline,CrMPO,0.35,0.8,159.99999489046215,1.6010838799817102,200,2,0.01,0.010006774569448148
crmpo_baseline,CrMPO,0.35,0.825,165.01275368398288,0.8250573789803581,200,1,0.005,0.0049999612791168345
crmpo_baseline,CrMPO,0.35,0.85,170.00131419950827,0.8495175403582337,200,1,0.005,0.004997123371418566
crmpo_baseline,CrMPO,0.35,0.875,175.00007754549546,1.7491690479955935,200,2,0.01,0.009995247273766808
crmpo_baseline,CrMPO,0.35,0.9,180.0023913474589,0.0,200,0,0.0,0.0
crmpo_baseline,CrMPO,0.35,0.925,184.99566351692567,0.0,200,0,0.0,0.0
crmpo_baseline,CrMPO,0.35,0.95,189.9930718296149,0.0,200,0,0.0,0.0
crmpo_baseline,CrMPO,0.35,0.975,194.99496080417416,0.0,200,0,0.0,0.0
crmpo_baseline,CrMPO,0.45,0.025,5.126553775785154,5.024720779069987,200,196,0.98,0.98013616921446
crmpo_baseline,CrMPO,0.45,0.05,10.069362581783587,7.9571204194576035,200,158,0.79,0.7902307971164704
crmpo_baseline,CrMPO,0.45,0.075,15.035342264829888,9.545551949865365,200,127,0.635,0.6348742703512619
crmpo_baseline,CrMPO,0.45,0.1,20.03390054937,8.912075387732479,200,89,0.445,0.44484973686328566
crmpo_baseline,CrMPO,0.45,0.125,25.033559070227792,8.007526112867172,200,64,0.32,0.3198716606936829
crmpo_baseline,CrMPO,0.45,0.15,30.01854175508846,7.505429808539407,200,50,0.25,0.2500264626367854
crmpo_baseline,CrMPO,0.45,0.175,35.012552708644726,7.17525117487797,200,41,0.205,0.20493367720390107
crmpo_baseline,CrMPO,0.45,0.2,40.01175033713646,6.404153299489399,200,32,0.16,0.16005681444896588
crmpo_baseline,CrMPO,0.45,0.225,45.00652457335122,5.62379940011543,200,25,0.125,0.12495520268288686
crmpo_baseline,CrMPO,0.45,0.25,50.01913004584269,4.751662981445094,200,19,0.095,0.09499691372261333
crmpo_baseline,CrMPO,0.45,0.275,55.01699618297141,7.149611998499556,200,26,0.13,0.12995278722091463
crmpo_baseline,CrMPO,0.45,0.3,60.022957959605286,2.4025309194747937,200,8,0.04,0.04002686640487907
crmpo_baseline,CrMPO,0.45,0.325,65.00450508259031,1.9478985211545643,200,6,0.03,0.029965592672072446
crmpo_baseline,CrMPO,0.45,0.35,70.00645988915613,3.4979620129039617,200,10,0.05,0.04996627480438829
crmpo_baseline,CrMPO,0.45,0.375,75.01302637759639,3.000194406833886,200,8,0.04,0.03999564544605459
crmpo_baseline,CrMPO,0.45,0.4,80.01267422173012,4.803929309777394,200,12,0.06,0.06003960443147801
crmpo_baseline,CrMPO,0.45,0.425,85.00913911318607,3.8269561255189126,200,9,0.045,0.04501817293342405
crmpo_baseline,CrMPO,0.45,0.45,90.0093000378136,2.698146616047211,200,6,0.03,0.029976309280415454
crmpo_baseline,CrMPO,0.45,0.475,95.01862818229374,3.800420998941477,200,8,0.04,0.03999658879151938
crmpo_baseline,CrMPO,0.45,0.5,100.00626476286882,4.000381402889516,200,8,0.04,0.040001308041801915
crmpo_baseline,CrMPO,0.45,0.525,105.01014699825596,2.099788394502001,200,4,0.02,0.019996052329465597
crmpo_baseline,CrMPO,0.45,0.55,109.99747987746603,1.6497294519033743,200,3,0.015,0.014997884076445428
crmpo_baseline,CrMPO,0.45,0.575,115.00285624021468,1.1500355596475216,200,2,0.01,0.010000060844100777
crmpo_baseline,CrMPO,0.45,0.6,119.99907713256947,2.3995667958819324,200,4,0.02,0.01999654375034069
crmpo_baseline,CrMPO,0.45,0.625,125.0060659110216,1.2501145450837123,200,2,0.01,0.010000431066869465
crmpo_baseline,CrMPO,0.45,0.65,130.0006764929461,0.6506452962269011,200,1,0.005,0.005004937772475403
crmpo_baseline,CrMPO,0.45,0.675,135.00444729401696,2.7006293355422706,200,4,0.02,0.02000400275452226
crmpo_baseline,CrMPO,0.45,0.7,140.0035028138311,2.7997027784355657,200,4,0.02,0.019997376652486014
crmpo_baseline,CrMPO,0.45,0.725,144.998637909348,0.7251669035395968,200,1,0.005,0.005001198038790995
crmpo_baseline,CrMPO,0.45,0.75,150.00536855654758,2.249334949668166,200,3,0.015,0.01499502965335693
crmpo_baseline,CrMPO,0.45,0.775,155.00112023646506,0.7751129647486833,200,1,0.005,0.005000692663163945
crmpo_baseline,CrMPO,0.45,0.8,159.99744508654936,1.5999688466826032,200,2,0.01,0.009999964973297621
crmpo_baseline,CrMPO,0.45,0.825,165.0103768614829,0.824956496738318,200,1,0.005,0.004999421929875497
crmpo_baseline,CrMPO,0.45,0.85,169.99625782129976,0.0,200,0,0.0,0.0
crmpo_baseline,CrMPO,0.45,0.875,175.0030044729032,0.0,200,0,0.0,0.0
crmpo_baseline,CrMPO,0.45,0.9,180.00596097418997,0.0,200,0,0.0,0.0
crmpo_baseline,CrMPO,0.45,0.925,185.0079567482784,0.0,200,0,0.0,0.0
crmpo_baseline,CrMPO,0.45,0.95,189.99802098378183,0.0,200,0,0.0,0.0
crmpo_baseline,CrMPO,0.45,0.975,194.99633348294967,0.0,200,0,0.0,0.0
crmpo_baseline,CrMPO,0.55,0.025,5.124474402775881,5.074922596387509,200,198,0.99,0.9903303631760693
crmpo_baseline,CrMPO,0.55,0.05,10.075352360185155,7.100098825051655,200,141,0.705,0.7046998031661074
crmpo_baseline,CrMPO,0.55,0.075,15.051404590515094,7.141690051778685,200,95,0.475,0.4744866174336411
crmpo_baseline,CrMPO,0.55,0.1,20.046714447844685,6.51806513833566,200,65,0.325,0.32514381123618225
crmpo_baseline,CrMPO,0.55,0.125,25.022651254851105,3.8780991266250933,200,31,0.155,0.1549835421965229
crmpo_baseline,CrMPO,0.55,0.15,30.028692419812756,4.955085830391159,200,33,0.165,0.16501170817287475
crmpo_baseline,CrMPO,0.55,0.175,35.03076998229275,4.550549606489365,200,26,0.13,0.1299015011314214
crmpo_baseline,CrMPO,0.55,0.2,40.03677878359392,6.0008305510922835,200,30,0.15,0.149882950961861
crmpo_baseline,CrMPO,0.55,0.225,45.024463834604646,3.3778397000542486,200,15,0.075,0.07502231925431897
crmpo_baseline,CrMPO,0.55,0.25,50.00736092592127,5.504895927777756,200,22,0.11,0.11008171248893678
crmpo_baseline,CrMPO,0.55,0.275,55.01789998073636,3.0243144023832236,200,11,0.055,0.054969644487378455
crmpo_baseline,CrMPO,0.55,0.3,60.011900875433284,4.801548351106099,200,16,0.08,0.08000993604706297
crmpo_baseline,CrMPO,0.55,0.325,65.0226227580917,1.624680943730263,200,5,0.025,0.024986395116276365
crmpo_baseline,CrMPO,0.55,0.35,70.01954450428609,3.1498177323604684,200,9,0.045,0.04498483608626816
crmpo_baseline,CrMPO,0.55,0.375,75.01086873459089,0.7500381393723887,200,2,0.01,0.009999059496647483
crmpo_baseline,CrMPO,0.55,0.4,80.01962019299215,1.1998199454526053,200,3,0.015,0.014994071985831314
crmpo_baseline,CrMPO,0.55,0.425,85.00102844070145,1.6992026905176398,200,4,0.02,0.019990378018814682
crmpo_baseline,CrMPO,0.55,0.45,90.01945575110848,2.2500491395187283,200,5,0.025,0.02499514266937813
crmpo_baseline,CrMPO,0.55,0.475,94.99549426052512,0.47445091401611517,200,1,0.005,0.004994457028824268
crmpo_baseline,CrMPO,0.55,0.5,100.01137297827644,2.0002347167046945,200,4,0.02,0.020000072563139067
crmpo_baseline,CrMPO,0.55,0.525,105.00408148415423,0.0,200,0,0.0,0.0
crmpo_baseline,CrMPO,0.55,0.55,110.00416822567213,0.0,200,0,0.0,0.0
crmpo_baseline,CrMPO,0.55,0.575,115.01208734700818,0.0,200,0,0.0,0.0
crmpo_baseline,CrMPO,0.55,0.6,120.00189427074436,0.6001544544858319,200,1,0.005,0.00500120817369585
crmpo_baseline,CrMPO,0.55,0.625,125.0009304695697,1.2502502851481787,200,2,0.01,0.010001927829269562
crmpo_baseline,CrMPO,0.55,0.65,130.00517924267677,0.6497980370893226,200,1,0.005,0.004998247307335072
crmpo_baseline,CrMPO,0.55,0.675,135.0023642112327,0.0,200,0,0.0,0.0
crmpo_baseline,CrMPO,0.55,0.7,140.0088109011809,0.0,200,0,0.0,0.0
crmpo_baseline,CrMPO,0.55,0.725,145.0023504964728,0.0,200,0,0.0,0.0
crmpo_baseline,CrMPO,0.55,0.75,150.00804894368488,0.0,200,0,0.0,0.0
crmpo_baseline,CrMPO,0.55,0.775,155.0033784669971,0.0,200,0,0.0,0.0
crmpo_baseline,CrMPO,0.55,0.8,160.00840630247492,0.0,200,0,0.0,0.0
crmpo_baseline,CrMPO,0.55,0.825,165.010690271622,0.0,200,0,0.0,0.0
crmpo_baseline,CrMPO,0.55,0.85,170.00668072466885,0.0,200,0,0.0,0.0
crmpo_baseline,CrMPO,0.55,0.875,174.99210120215812,0.0,200,0,0.0,0.0
crmpo_baseline,CrMPO,0.55,0.9,180.0054526991952,0.0,200,0,0.0,0.0
crmpo_baseline,CrMPO,0.55,0.925,185.0101386266575,0.0,200,0,0.0,0.0
crmpo_baseline,CrMPO,0.55,0.95,190.00536075974048,0.0,200,0,0.0,0.0
crmpo_baseline,CrMPO,0.55,0.975,195.00515038158056,0.0,200,0,0.0,0.0
crmpo_baseline,CrMPO,0.65,0.025,5.134452592646109,4.902536839840632,200,191,0.955,0.9548314550342444
crmpo_baseline,CrMPO,0.65,0.05,10.057287425516948,6.6902533219113645,200,133,0.665,0.6652144896383413
crmpo_baseline,CrMPO,0.65,0.075,15.058381625752313,7.000357406693409,200,93,0.465,0.4648811260515303
crmpo_baseline,CrMPO,0.65,0.1,20.031013702646447,6.509863412543113,200,65,0.325,0.3249892146837804
crmpo_baseline,CrMPO,0.65,0.125,25.03150854858651,6.882745474676747,200,55,0.275,0.27496327124341075
crmpo_baseline,CrMPO,0.65,0.15,30.035612526129125,5.8560699702740315,200,39,0.195,0.19497088548401045
crmpo_baseline,CrMPO,0.65,0.175,35.016415465709876,3.679071774902388,200,21,0.105,0.10506705857728786
crmpo_baseline,CrMPO,0.65,0.2,40.026863233060546,3.8044619369081247,200,19,0.095,0.09504771619890003
crmpo_baseline,CrMPO,0.65,0.225,45.01326276709878,4.4978168873772075,200,20,0.1,0.09992203654840956
crmpo_baseline,CrMPO,0.65,0.25,50.012048786003525,3.25098352884785,200,13,0.065,0.06500400618975796
crmpo_baseline,CrMPO,0.65,0.275,55.009208984565205,3.299786616882781,200,12,0.06,0.059986076473280206
crmpo_baseline,CrMPO,0.65,0.3,60.01246620859997,2.700068140574949,200,9,0.045,0.044991787726064505
crmpo_baseline,CrMPO,0.65,0.325,65.00671464422862,1.2999200471117205,200,4,0.02,0.01999670425164501
crmpo_baseline,CrMPO,0.65,0.35,70.0326404833891,1.7518911228209373,200,5,0.025,0.025015351566480843
crmpo_baseline,CrMPO,0.65,0.375,75.00550312322389,1.8744610199081015,200,5,0.025,0.02499097988621736
crmpo_baseline,CrMPO,0.65,0.4,80.01577383118969,0.8002752863808039,200,2,0.01,0.010001469061202296
crmpo_baseline,CrMPO,0.65,0.425,85.00695184333205,0.42475835112030097,200,1,0.005,0.004996748405978976
crmpo_baseline,CrMPO,0.65,0.45,90.00821883745884,0.4500914632944935,200,1,0.005,0.005000559605643239
crmpo_baseline,CrMPO,0.65,0.475,95.00853512080742,0.474398040386002,200,1,0.005,0.00499321497571544
crmpo_baseline,CrMPO,0.65,0.5,100.01679873687624,0.4999614545591005,200,1,0.005,0.004998774814562871
crmpo_baseline,CrMPO,0.65,0.525,105.00651451426326,1.0498318667916182,200,2,0.01,0.009997778439251188
crmpo_baseline,CrMPO,0.65,0.55,110.00876850113785,0.0,200,0,0.0,0.0
crmpo_baseline,CrMPO,0.65,0.575,115.0165729348894,0.0,200,0,0.0,0.0
crmpo_baseline,CrMPO,0.65,0.6,120.00905562133616,0.0,200,0,0.0,0.0
crmpo_baseline,CrMPO,0.65,0.625,125.01073330284729,0.6251077610080642,200,1,0.005,0.005000432718794607
crmpo_baseline,CrMPO,0.65,0.65,130.00467712888099,0.0,200,0,0.0,0.0
crmpo_baseline,CrMPO,0.65,0.675,135.01145824527242,0.0,200,0,0.0,0.0
crmpo_baseline,CrMPO,0.65,0.7,139.999249680852,0.0,200,0,0.0,0.0
crmpo_baseline,CrMPO,0.65,0.725,145.00051270253743,0.0,200,0,0.0,0.0
crmpo_baseline,CrMPO,0.65,0.75,149.9986545531746,0.7502684852942809,200,1,0.005,0.005001834766646593
crmpo_baseline,CrMPO,0.65,0.775,155.01264538842332,0.0,200,0,0.0,0.0
crmpo_baseline,CrMPO,0.65,0.8,160.00295715920288,0.0,200,0,0.0,0.0
crmpo_baseline,CrMPO,0.65,0.825,165.00545395123868,0.0,200,0,0.0,0.0
crmpo_baseline,CrMPO,0.65,0.85,170.0075455487177,0.0,200,0,0.0,0.0
crmpo_baseline,CrMPO,0.65,0.875,175.00915497057053,0.0,200,0,0.0,0.0
crmpo_baseline,CrMPO,0.65,0.9,180.004382727982,0.0,200,0,0.0,0.0
crmpo_baseline,CrMPO,0.65,0.925,185.00487003790084,0.0,200,0,0.0,0.0
crmpo_baseline,CrMPO,0.65,0.95,190.0007660120894,0.0,200,0,0.0,0.0
crmpo_baseline,CrMPO,0.65,0.975,194.991032586332,0.0,200,0,0.0,0.0
crmpo_baseline,CrMPO,0.75,0.025,5.138373648231289,4.804629471727872,200,187,0.935,0.9350486750572728
crmpo_baseline,CrMPO,0.75,0.05,10.075334648598474,7.148171249028942,200,142,0.71,0.7094723399607661
crmpo_baseline,CrMPO,0.75,0.075,15.035916775257727,6.242114033434379,200,83,0.415,0.41514688640110436
crmpo_baseline,CrMPO,0.75,0.1,20.037829572537902,6.716039590748074,200,67,0.335,0.3351680163979681
crmpo_baseline,CrMPO,0.75,0.125,25.039632328693976,5.880942548951493,200,47,0.235,0.23486537149398443
crmpo_baseline,CrMPO,0.75,0.15,30.033260265541394,5.856371747370077,200,39,0.195,0.19499620406144766
crmpo_baseline,CrMPO,0.75,0.175,35.016746311651254,5.077614184607315,200,29,0.145,0.14500531087086813
crmpo_baseline,CrMPO,0.75,0.2,40.02253205137834,5.801997667140675,200,29,0.145,0.14496828085970287
crmpo_baseline,CrMPO,0.75,0.225,45.00906016193033,5.3996067065292435,200,24,0.12,0.11996710633598948
crmpo_baseline,CrMPO,0.75,0.25,50.019641059211686,5.754011489423588,200,23,0.115,0.11503504158720709
crmpo_baseline,CrMPO,0.75,0.275,55.01708138057265,2.2048038734951594,200,8,0.04,0.04007489707139769
crmpo_baseline,CrMPO,0.75,0.3,60.023040823659876,6.601719971745531,200,22,0.11,0.10998642989682166
crmpo_baseline,CrMPO,0.75,0.325,65.01500880278859,5.525646871369232,200,17,0.085,0.08499032720475813
crmpo_baseline,CrMPO,0.75,0.35,70.01551293640281,3.1511712653277693,200,9,0.045,0.04500675826213074
crmpo_baseline,CrMPO,0.75,0.375,75.01851704748707,3.0020358366777957,200,8,0.04,0.040017264467884554
crmpo_baseline,CrMPO,0.75,0.4,80.00882033477313,2.3987054565629924,200,6,0.03,0.029980512730050538
crmpo_baseline,CrMPO,0.75,0.425,85.00933691886799,1.701938967020855,200,4,0.02,0.02002061219046053
crmpo_baseline,CrMPO,0.75,0.45,90.01886704088695,1.8005744428805537,200,4,0.02,0.020002189563913586
crmpo_baseline,CrMPO,0.75,0.475,95.00132014225218,0.47507657069138065,200,1,0.005,0.005000736515871727
crmpo_baseline,CrMPO,0.75,0.5,100.00718352558071,0.500517208666967,200,1,0.005,0.00500481256467882
crmpo_baseline,CrMPO,0.75,0.525,105.00536339889901,0.5246073986508372,200,1,0.005,0.004996005743610785
crmpo_baseline,CrMPO,0.75,0.55,110.00820671740343,0.0,200,0,0.0,0.0
crmpo_baseline,CrMPO,0.75,0.575,115.00871900624622,0.0,200,0,0.0,0.0
crmpo_baseline,CrMPO,0.75,0.6,120.02210942566845,0.0,200,0,0.0,0.0
crmpo_baseline,CrMPO,0.75,0.625,125.01499618034613,0.0,200,0,0.0,0.0
crmpo_baseline,CrMPO,0.75,0.65,130.0128927752081,0.0,200,0,0.0,0.0
crmpo_baseline,CrMPO,0.75,0.675,135.0099351214667,0.0,200,0,0.0,0.0
crmpo_baseline,CrMPO,0.75,0.7,140.00646644264674,0.0,200,0,0.0,0.0
crmpo_baseline,CrMPO,0.75,0.725,145.00853159324353,0.0,200,0,0.0,0.0
crmpo_baseline,CrMPO,0.75,0.75,150.0068395137838,0.0,200,0,0.0,0.0
crmpo_baseline,CrMPO,0.75,0.775,155.00060462706108,0.0,200,0,0.0,0.0
crmpo_baseline,CrMPO,0.75,0.8,160.00756175183426,0.0,200,0,0.0,0.0
crmpo_baseline,CrMPO,0.75,0.825,164.9983607222085,0.0,200,0,0.0,0.0
crmpo_baseline,CrMPO,0.75,0.85,170.01241724908198,0.0,200,0,0.0,0.0
crmpo_baseline,CrMPO,0.75,0.875,175.00225113255732,0.0,200,0,0.0,0.0
crmpo_baseline,CrMPO,0.75,0.9,180.00105704030204,0.0,200,0,0.0,0.0
crmpo_baseline,CrMPO,0.75,0.925,184.99106269923914,0.0,200,0,0.0,0.0
crmpo_baseline,CrMPO,0.75,0.95,190.00567191697283,0.0,200,0,0.0,0.0
crmpo_baseline,CrMPO,0.75,0.975,195.00256202639815,0.0,200,0,0.0,0.0
crmpo_baseline,CrMPO,0.85,0.025,5.13928599962228,4.907300979577328,200,191,0.955,0.9548604572576809
crmpo_baseline,CrMPO,0.85,0.05,10.069983846104202,7.201855420807003,200,143,0.715,0.7151804343353739
crmpo_baseline,CrMPO,0.85,0.075,15.044098391390154,9.47429823389945,200,126,0.63,0.6297684306107476
crmpo_baseline,CrMPO,0.85,0.1,20.03954204735892,10.222132930041795,200,102,0.51,0.5100981302808266
crmpo_baseline,CrMPO,0.85,0.125,25.026874226062308,10.632381853372255,200,85,0.425,0.4248385858070914
crmpo_baseline,CrMPO,0.85,0.15,30.029731091413485,8.855045586081971,200,59,0.295,0.2948759534051881
crmpo_baseline,CrMPO,0.85,0.175,35.026906739627,10.684260119003786,200,61,0.305,0.30503007868851745
crmpo_baseline,CrMPO,0.85,0.2,40.02155451971718,12.204956594614966,200,61,0.305,0.30495958343152374
crmpo_baseline,CrMPO,0.85,0.225,45.01972009054702,11.257727866763723,200,50,0.25,0.25006214707957625
crmpo_baseline,CrMPO,0.85,0.25,50.00568378224259,9.752879487214335,200,39,0.195,0.19503541896726664
crmpo_baseline,CrMPO,0.85,0.275,55.01696463368136,11.5481053213883,200,42,0.21,0.20990080783770748
crmpo_baseline,CrMPO,0.85,0.3,60.016361502398375,10.800353384066284,200,36,0.18,0.17995681700288813
crmpo_baseline,CrMPO,0.85,0.325,65.0013929991261,10.073783514142447,200,31,0.155,0.15497796353807192
crmpo_baseline,CrMPO,0.85,0.35,70.01645307862583,12.951904128633611,200,37,0.185,0.18498372252717676
crmpo_baseline,CrMPO,0.85,0.375,75.01842557551983,12.002915515996555,200,32,0.16,0.15999956575886035
crmpo_baseline,CrMPO,0.85,0.4,79.99853754629332,5.599948320235404,200,14,0.07,0.07000063366151965
crmpo_baseline,CrMPO,0.85,0.425,85.01478467420462,5.101330427287581,200,12,0.06,0.06000521493804875
crmpo_baseline,CrMPO,0.85,0.45,90.00197485973466,5.851182549711574,200,13,0.065,0.0650117128966388
crmpo_baseline,CrMPO,0.85,0.475,95.00426231755634,0.9500795281379595,200,2,0.01,0.010000388455859726
crmpo_baseline,CrMPO,0.85,0.5,100.01331017374903,0.0,200,0,0.0,0.0
crmpo_baseline,CrMPO,0.85,0.525,105.00472466850594,0.5243671776717356,200,1,0.005,0.00499374841777009
crmpo_baseline,CrMPO,0.85,0.55,110.0070064521141,0.0,200,0,0.0,0.0
crmpo_baseline,CrMPO,0.85,0.575,114.99593396972632,0.0,200,0,0.0,0.0
crmpo_baseline,CrMPO,0.85,0.6,119.99956098087642,0.0,200,0,0.0,0.0
crmpo_baseline,CrMPO,0.85,0.625,125.00488554577936,0.0,200,0,0.0,0.0
crmpo_baseline,CrMPO,0.85,0.65,129.99939239619394,0.0,200,0,0.0,0.0
crmpo_baseline,CrMPO,0.85,0.675,135.00998452721964,0.0,200,0,0.0,0.0
crmpo_baseline,CrMPO,0.85,0.7,139.99887975420077,0.0,200,0,0.0,0.0
crmpo_baseline,CrMPO,0.85,0.725,145.01298486506562,0.0,200,0,0.0,0.0
crmpo_baseline,CrMPO,0.85,0.75,149.99579265224355,0.0,200,0,0.0,0.0
crmpo_baseline,CrMPO,0.85,0.775,154.99910127693283,0.0,200,0,0.0,0.0
crmpo_baseline,CrMPO,0.85,0.8,160.0097664650848,0.0,200,0,0.0,0.0
crmpo_baseline,CrMPO,0.85,0.825,165.00155844435173,0.0,200,0,0.0,0.0
crmpo_baseline,CrMPO,0.85,0.85,170.0056007051013,0.0,200,0,0.0,0.0
crmpo_baseline,CrMPO,0.85,0.875,175.00905603113486,0.0,200,0,0.0,0.0
crmpo_baseline,CrMPO,0.85,0.9,180.00272165484137,0.0,200,0,0.0,0.0
crmpo_baseline,CrMPO,0.85,0.925,185.00539039181373,0.0,200,0,0.0,0.0
crmpo_baseline,CrMPO,0.85,0.95,190.01041283334737,0.0,200,0,0.0,0.0
crmpo_baseline,CrMPO,0.85,0.975,195.01055103857462,0.0,200,0,0.0,0.0
crmpo_baseline,CrMPO,0.95,0.025,5.128455953251271,5.023510821993002,200,196,0.98,0.9795367002827162
crmpo_baseline,CrMPO,0.95,0.05,10.071211200156005,8.86276392795746,200,176,0.88,0.8800097378377064
crmpo_baseline,CrMPO,0.95,0.075,15.0416729425136,12.260986178907778,200,163,0.815,0.8151344751190194
crmpo_baseline,CrMPO,0.95,0.1,20.044912572932674,14.42410717350752,200,144,0.72,0.7195894280419503
crmpo_baseline,CrMPO,0.95,0.125,25.025488037708698,18.394929426757905,200,147,0.735,0.7350477800488929
crmpo_baseline,CrMPO,0.95,0.15,30.031469939889888,18.022623205148847,200,120,0.6,0.6001245773590971
crmpo_baseline,CrMPO,0.95,0.175,35.018460316683324,20.835368329100298,200,119,0.595,0.594982421862049
crmpo_baseline,CrMPO,0.95,0.2,40.015365440842345,24.80799825528889,200,124,0.62,0.6199618067205803
crmpo_baseline,CrMPO,0.95,0.225,45.01010456604076,27.90530272768954,200,124,0.62,0.6199786247273805
crmpo_baseline,CrMPO,0.95,0.25,50.012716779822625,28.50820264321115,200,114,0.57,0.5700190767223555
crmpo_baseline,CrMPO,0.95,0.275,55.01715187339122,31.083283838686146,200,113,0.565,0.5649744267063637
crmpo_baseline,CrMPO,0.95,0.3,60.00715607080882,30.901982171882953,200,103,0.515,0.5149716166421622
crmpo_baseline,CrMPO,0.95,0.325,65.01073443818066,29.258662729239436,200,90,0.45,0.45005894768135224
crmpo_baseline,CrMPO,0.95,0.35,70.00850127011198,33.25562181691714,200,95,0.475,0.47502262173286414
crmpo_baseline,CrMPO,0.95,0.375,75.0089620684588,36.00531331210825,200,96,0.48,0.4800134853118898
crmpo_baseline,CrMPO,0.95,0.4,80.01199210299862,38.00990987144085,200,95,0.475,0.47505266238729665
crmpo_baseline,CrMPO,0.95,0.425,85.00803248818757,39.099370904211945,200,92,0.46,0.4599491337438619
crmpo_baseline,CrMPO,0.95,0.45,90.00974883523592,35.098825927874415,200,78,0.39,0.38994471578987844
crmpo_baseline,CrMPO,0.95,0.475,95.00487325861859,10.453593743814523,200,22,0.11,0.11003218451076878
crmpo_baseline,CrMPO,0.95,0.5,100.01240147662162,0.0,200,0,0.0,0.0
crmpo_baseline,CrMPO,0.95,0.525,105.00505524266907,0.0,200,0,0.0,0.0
crmpo_baseline,CrMPO,0.95,0.55,110.01904494504704,0.0,200,0,0.0,0.0
crmpo_baseline,CrMPO,0.95,0.575,115.00358974063548,0.0,200,0,0.0,0.0
crmpo_baseline,CrMPO,0.95,0.6,120.00536340051129,0.0,200,0,0.0,0.0
crmpo_baseline,CrMPO,0.95,0.625,125.00099330385275,0.0,200,0,0.0,0.0
crmpo_baseline,CrMPO,0.95,0.65,130.0055551635547,0.0,200,0,0.0,0.0
crmpo_baseline,CrMPO,0.95,0.675,135.0025802742666,0.0,200,0,0.0,0.0
crmpo_baseline,CrMPO,0.95,0.7,140.01142425910413,0.0,200,0,0.0,0.0
crmpo_baseline,CrMPO,0.95,0.725,145.00520402881588,0.0,200,0,0.0,0.0
crmpo_baseline,CrMPO,0.95,0.75,150.0053593993614,0.0,200,0,0.0,0.0
crmpo_baseline,CrMPO,0.95,0.775,155.0142160304908,0.0,200,0,0.0,0.0
crmpo_baseline,CrMPO,0.95,0.8,160.00619247406277,0.0,200,0,0.0,0.0
crmpo_baseline,CrMPO,0.95,0.825,165.00181826459195,0.0,200,0,0.0,0.0
crmpo_baseline,CrMPO,0.95,0.85,170.00984350513855,0.0,200,0,0.0,0.0
crmpo_baseline,CrMPO,0.95,0.875,175.0143836168909,0.0,200,0,0.0,0.0
crmpo_baseline,CrMPO,0.95,0.9,179.99403344312117,0.0,200,0,0.0,0.0
crmpo_baseline,CrMPO,0.95,0.925,185.00154613393755,0.0,200,0,0.0,0.0
crmpo_baseline,CrMPO,0.95,0.95,190.00589407322687,0.0,200,0,0.0,0.0
crmpo_baseline,CrMPO,0.95,0.975,194.999957006212,0.0,200,0,0.0,0.0
smc,SMC,0.05,0.025,5.150775154323688,5.150775154323688,200,200,1.0,1.0
smc,SMC,0.05,0.05,10.07356157320267,10.07356157320267,200,200,1.0,1.0
smc,SMC,0.05,0.075,15.0434043963246,15.0434043963246,200,200,1.0,1.0
smc,SMC,0.05,0.1,20.033434849724042,20.033434849724042,200,200,1.0,1.0
smc,SMC,0.05,0.125,25.028879158423397,25.028879158423397,200,200,1.0,1.0
smc,SMC,0.05,0.15,30.03550192819835,30.03550192819835,200,200,1.0,1.0
smc,SMC,0.05,0.175,35.0207482666908,35.0207482666908,200,200,1.0,1.0
smc,SMC,0.05,0.2,40.01291481185509,40.01291481185509,200,200,1.0,1.0
smc,SMC,0.05,0.225,45.01771047158208,45.01771047158208,200,200,1.0,1.0
smc,SMC,0.05,0.25,50.01110616187902,50.01110616187902,200,200,1.0,1.0
smc,SMC,0.05,0.275,55.01374912511959,55.01374912511959,200,200,1.0,1.0
smc,SMC,0.05,0.3,60.01498862925155,60.01498862925155,200,200,1.0,1.0
smc,SMC,0.05,0.325,65.0155689397196,65.0155689397196,200,200,1.0,1.0
smc,SMC,0.05,0.35,70.01916245631176,70.01916245631176,200,200,1.0,1.0
smc,SMC,0.05,0.375,75.01429470481146,75.01429470481146,200,200,1.0,1.0
smc,SMC,0.05,0.4,80.01035417787244,80.01035417787244,200,200,1.0,1.0
smc,SMC,0.05,0.425,85.00718233545614,85.00718233545614,200,200,1.0,1.0
smc,SMC,0.05,0.45,90.01395769955089,90.01395769955089,200,200,1.0,1.0
smc,SMC,0.05,0.475,95.00575932667381,95.00575932667381,200,200,1.0,1.0
smc,SMC,0.05,0.5,100.01498087861673,100.01498087861673,200,200,1.0,1.0
smc,SMC,0.05,0.525,105.01841577701121,105.01841577701121,200,200,1.0,1.0
smc,SMC,0.05,0.55,110.00496092811977,110.00496092811977,200,200,1.0,1.0
smc,SMC,0.05,0.575,115.00983799283794,115.00983799283794,200,200,1.0,1.0
smc,SMC,0.05,0.6,120.01179642897297,120.01179642897297,200,200,1.0,1.0
smc,SMC,0.05,0.625,125.01201884481794,125.01201884481794,200,200,1.0,1.0
smc,SMC,0.05,0.65,129.99880651097772,129.99880651097772,200,200,1.0,1.0
smc,SMC,0.05,0.675,135.00566887028583,135.00566887028583,200,200,1.0,1.0
smc,SMC,0.05,0.7,140.01085780267155,140.01085780267155,200,200,1.0,1.0
smc,SMC,0.05,0.725,145.00330748260743,145.00330748260743,200,200,1.0,1.0
smc,SMC,0.05,0.75,149.99880840634685,149.2487452016573,200,199,0.995,0.9949995389119517
smc,SMC,0.05,0.775,155.00410862662332,155.00410862662332,200,200,1.0,1.0
smc,SMC,0.05,0.8,159.9963870813707,159.19610515020557,200,199,0.995,0.9949981249841715
smc,SMC,0.05,0.825,165.0089074783576,164.18386766832373,200,199,0.995,0.9950000286491074
smc,SMC,0.05,0.85,170.00517541628386,169.15521391298608,200,199,0.995,0.9950003786577878
smc,SMC,0.05,0.875,175.01398167579455,167.1389059738478,200,191,0.955,0.9550031624528436
smc,SMC,0.05,0.9,180.0008036048297,154.80095397783742,200,172,0.86,0.860001460425057
smc,SMC,0.05,0.925,185.0008705874767,103.59901981045513,200,112,0.56,0.559992066423649
smc,SMC,0.05,0.95,189.99766182501563,36.092258753422506,200,38,0.19,0.1899615942993173
smc,SMC,0.05,0.975,194.99701792278387,2.925236005720688,200,3,0.015,0.015001439698319085
smc,SMC,0.15,0.025,5.133075019022422,5.133075019022422,200,200,1.0,1.0
smc,SMC,0.15,0.05,10.064032423590758,10.064032423590758,200,200,1.0,1.0
smc,SMC,0.15,0.075,15.043832593327416,15.043832593327416,200,200,1.0,1.0
smc,SMC,0.15,0.1,20.04896671567419,20.04896671567419,200,200,1.0,1.0
smc,SMC,0.15,0.125,25.034283799570023,25.034283799570023,200,200,1.0,1.0
smc,SMC,0.15,0.15,30.026106068640118,30.026106068640118,200,200,1.0,1.0
smc,SMC,0.15,0.175,35.01678966234951,35.01678966234951,200,200,1.0,1.0
smc,SMC,0.15,0.2,40.01427295929859,40.01427295929859,200,200,1.0,1.0
smc,SMC,0.15,0.225,45.008695167739,45.008695167739,200,200,1.0,1.0
smc,SMC,0.15,0.25,50.02157952417979,50.02157952417979,200,200,1.0,1.0
smc,SMC,0.15,0.275,55.001586640933056,55.001586640933056,200,200,1.0,1.0
smc,SMC,0.15,0.3,60.0105721754941,60.0105721754941,200,200,1.0,1.0
smc,SMC,0.15,0.325,65.00865875556394,65.00865875556394,200,200,1.0,1.0
smc,SMC,0.15,0.35,70.02134275002804,70.02134275002804,200,200,1.0,1.0
smc,SMC,0.15,0.375,75.0068434500792,75.0068434500792,200,200,1.0,1.0
smc,SMC,0.15,0.4,79.99985223088021,79.99985223088021,200,200,1.0,1.0
smc,SMC,0.15,0.425,85.01396523835977,85.01396523835977,200,200,1.0,1.0
smc,SMC,0.15,0.45,90.00369872569703,90.00369872569703,200,200,1.0,1.0
smc,SMC,0.15,0.475,95.01131444738856,95.01131444738856,200,200,1.0,1.0
smc,SMC,0.15,0.5,99.99539908242073,99.99539908242073,200,200,1.0,1.0
smc,SMC,0.15,0.525,105.01238711880423,105.01238711880423,200,200,1.0,1.0
smc,SMC,0.15,0.55,110.00778426632338,110.00778426632338,200,200,1.0,1.0
smc,SMC,0.15,0.575,115.00905854506904,115.00905854506904,200,200,1.0,1.0
smc,SMC,0.15,0.6,119.99622963446068,119.99622963446068,200,200,1.0,1.0
smc,SMC,0.15,0.625,125.00826252404102,125.00826252404102,200,200,1.0,1.0
smc,SMC,0.15,0.65,130.00988743741223,130.00988743741223,200,200,1.0,1.0
smc,SMC,0.15,0.675,135.00577853861085,135.00577853861085,200,200,1.0,1.0
smc,SMC,0.15,0.7,140.00391398281565,138.60395942840583,200,198,0.99,0.990000604164669
smc,SMC,0.15,0.725,145.00152034732412,144.27655160196355,200,199,0.995,0.9950002679721975
smc,SMC,0.15,0.75,150.01220687200035,147.01161749260152,200,196,0.98,0.9799976985742292
smc,SMC,0.15,0.775,155.0019814655053,153.451444058179,200,198,0.99,0.9899966607351315
smc,SMC,0.15,0.8,160.01021129713106,152.01242943632107,200,190,0.95,0.9500170533119383
smc,SMC,0.15,0.825,165.00429107495765,157.57846082725356,200,191,0.955,0.954996138589325
smc,SMC,0.15,0.85,170.0092104679443,153.86062368105075,200,181,0.905,0.9050134593152621
smc,SMC,0.15,0.875,175.00963666037407,140.00787123297803,200,160,0.8,0.8000009251186498
smc,SMC,0.15,0.9,180.01119035103036,143.10570656235768,200,159,0.795,0.7949822801754423
smc,SMC,0.15,0.925,185.001385115156,80.46760247699874,200,87,0.435,0.4349567568205549
smc,SMC,0.15,0.95,189.99050705014633,25.646520076643846,200,27,0.135,0.13498842902648114
smc,SMC,0.15,0.975,195.00609973849208,0.0,200,0,0.0,0.0
smc,SMC,0.25,0.025,5.1322712080672455,5.1322712080672455,200,200,1.0,1.0
smc,SMC,0.25,0.05,10.071514649778374,10.071514649778374,200,200,1.0,1.0
smc,SMC,0.25,0.075,15.045002782388526,15.045002782388526,200,200,1.0,1.0
smc,SMC,0.25,0.1,20.022201245791617,20.022201245791617,200,200,1.0,1.0
smc,SMC,0.25,0.125,25.03017249781412,25.03017249781412,200,200,1.0,1.0
smc,SMC,0.25,0.15,30.021263333263633,30.021263333263633,200,200,1.0,1.0
smc,SMC,0.25,0.175,35.01151134600201,35.01151134600201,200,200,1.0,1.0
smc,SMC,0.25,0.2,40.02693585497304,40.02693585497304,200,200,1.0,1.0
smc,SMC,0.25,0.225,45.01656476839699,45.01656476839699,200,200,1.0,1.0
smc,SMC,0.25,0.25,50.01928028438367,50.01928028438367,200,200,1.0,1.0
smc,SMC,0.25,0.275,55.00885528028769,55.00885528028769,200,200,1.0,1.0
smc,SMC,0.25,0.3,60.0158736473339,60.0158736473339,200,200,1.0,1.0
smc,SMC,0.25,0.325,65.01640693405453,65.01640693405453,200,200,1.0,1.0
smc,SMC,0.25,0.35,70.00620176135585,70.00620176135585,200,200,1.0,1.0
smc,SMC,0.25,0.375,75.02164626155816,75.02164626155816,200,200,1.0,1.0
smc,SMC,0.25,0.4,80.01148416633471,80.01148416633471,200,200,1.0,1.0
smc,SMC,0.25,0.425,85.00793804439452,85.00793804439452,200,200,1.0,1.0
smc,SMC,0.25,0.45,90.01854956692674,90.01854956692674,200,200,1.0,1.0
smc,SMC,0.25,0.475,95.0066191984433,95.0066191984433,200,200,1.0,1.0
smc,SMC,0.25,0.5,100.00816184135975,100.00816184135975,200,200,1.0,1.0
smc,SMC,0.25,0.525,105.00111211090709,105.00111211090709,200,200,1.0,1.0
smc,SMC,0.25,0.55,110.00336420461748,110.00336420461748,200,200,1.0,1.0
smc,SMC,0.25,0.575,115.00689301199115,115.00689301199115,200,200,1.0,1.0
smc,SMC,0.25,0.6,120.01025171539915,120.01025171539915,200,200,1.0,1.0
smc,SMC,0.25,0.625,125.00035860001758,125.00035860001758,200,200,1.0,1.0
smc,SMC,0.25,0.65,130.00776760397898,126.75750866561019,200,195,0.975,0.9749995019661478
smc,SMC,0.25,0.675,135.00960278567936,132.98384101142875,200,197,0.985,0.984995424529421
smc,SMC,0.25,0.7,140.00309804117296,137.9027400935127,200,197,0.985,0.984997775213213
smc,SMC,0.25,0.725,145.00529227886912,132.67910904473902,200,183,0.915,0.9149949423195892
smc,SMC,0.25,0.75,150.00466425500338,137.2546737821953,200,183,0.915,0.9150027065082892
smc,SMC,0.25,0.775,155.00909580401375,139.50558010682917,200,180,0.9,0.8999831873299454
smc,SMC,0.25,0.8,160.01232576670694,140.8115343602328,200,176,0.88,0.8800042977034888
smc,SMC,0.25,0.825,165.00066882247498,132.00152926754527,200,160,0.8,0.8000060254880927
smc,SMC,0.25,0.85,169.99530903468138,134.29735515082865,200,158,0.79,0.7900062414276982
smc,SMC,0.25,0.875,174.99284691511403,118.99530395022398,200,136,0.68,0.6800009603132323
smc,SMC,0.25,0.9,179.9981223988979,96.30580226862956,200,107,0.535,0.5350378158679017
smc,SMC,0.25,0.925,185.002013321288,61.97183370700492,200,67,0.335,0.33497923938470936
smc,SMC,0.25,0.95,190.0220848347882,18.053285255049307,200,19,0.095,0.09500624767245061
smc,SMC,0.25,0.975,195.01091945254603,0.974788093415791,200,1,0.005,0.004998633390131756
smc,SMC,0.35,0.025,5.1338077926639,5.1338077926639,200,200,1.0,1.0
smc,SMC,0.35,0.05,10.073996898137175,10.073996898137175,200,200,1.0,1.0
smc,SMC,0.35,0.075,15.04803964022425,15.04803964022425,200,200,1.0,1.0
smc,SMC,0.35,0.1,20.051669754515828,20.051669754515828,200,200,1.0,1.0
smc,SMC,0.35,0.125,25.022964409667374,25.022964409667374,200,200,1.0,1.0
smc,SMC,0.35,0.15,30.03361905068292,30.03361905068292,200,200,1.0,1.0
smc,SMC,0.35,0.175,35.02166270972706,35.02166270972706,200,200,1.0,1.0
smc,SMC,0.35,0.2,40.03079116364508,40.03079116364508,200,200,1.0,1.0
smc,SMC,0.35,0.225,45.01430797406431,45.01430797406431,200,200,1.0,1.0
smc,SMC,0.35,0.25,50.01834550149353,50.01834550149353,200,200,1.0,1.0
smc,SMC,0.35,0.275,55.013989240599976,55.013989240599976,200,200,1.0,1.0
smc,SMC,0.35,0.3,60.016379429851696,60.016379429851696,200,200,1.0,1.0
smc,SMC,0.35,0.325,65.00530574168677,65.00530574168677,200,200,1.0,1.0
smc,SMC,0.35,0.35,70.01075008388545,70.01075008388545,200,200,1.0,1.0
smc,SMC,0.35,0.375,75.02295907306234,75.02295907306234,200,200,1.0,1.0
smc,SMC,0.35,0.4,80.00435515003136,80.00435515003136,200,200,1.0,1.0
smc,SMC,0.35,0.425,85.01019220914327,85.01019220914327,200,200,1.0,1.0
smc,SMC,0.35,0.45,90.00828740211077,90.00828740211077,200,200,1.0,1.0
smc,SMC,0.35,0.475,95.00070784166263,95.00070784166263,200,200,1.0,1.0
smc,SMC,0.35,0.5,100.00983934614776,100.00983934614776,200,200,1.0,1.0
smc,SMC,0.35,0.525,105.00276639868564,105.00276639868564,200,200,1.0,1.0
smc,SMC,0.35,0.55,110.00586062634527,109.45571267899939,200,199,0.995,0.9949989214736972
smc,SMC,0.35,0.575,115.01585594718905,114.44131613408042,200,199,0.995,0.995004690367453
smc,SMC,0.35,0.6,120.00650364631618,116.40589833047214,200,194,0.97,0.9699965817981352
smc,SMC,0.35,0.625,125.00962477163866,121.88476165788016,200,195,0.975,0.9750030198117398
smc,SMC,0.35,0.65,130.01314400407838,122.2107033065679,200,188,0.94,0.9399872931519467
smc,SMC,0.35,0.675,134.9977535060828,124.87489569745836,200,185,0.925,0.9250146202753787
smc,SMC,0.35,0.7,140.0085840075407,123.90483870943102,200,177,0.885,0.884980300227575
smc,SMC,0.35,0.725,144.99935044206734,118.17731469165375,200,163,0.815,0.8150196144421351
smc,SMC,0.35,0.75,150.00285301367725,119.25162900577793,200,159,0.795,0.7949957391470719
smc,SMC,0.35,0.775,155.00190074107897,111.60443964047495,200,144,0.72,0.7200198133499228
smc,SMC,0.35,0.8,159.99999489046215,100.00396584894222,200,125,0.625,0.6250248065158133
smc,SMC,0.35,0.825,165.01275368398288,99.83593184652447,200,121,0.605,0.6050194886009902
smc,SMC,0.35,0.85,170.00131419950827,96.90135622254718,200,114,0.57,0.5700035713184355
smc,SMC,0.35,0.875,175.00007754549546,83.99575482199691,200,96,0.48,0.47997552915460967
smc,SMC,0.35,0.9,180.0023913474589,66.6003766236097,200,74,0.37,0.3699971768433392
smc,SMC,0.35,0.925,184.99566351692567,38.85119974266186,200,42,0.21,0.2100114078571754
smc,SMC,0.35,0.95,189.9930718296149,11.39973417231008,200,12,0.06,0.06000078877893674
smc,SMC,0.35,0.975,194.99496080417416,1.949221498032066,200,2,0.01,0.0099962660060205
smc,SMC,0.45,0.025,5.126553775785154,5.126553775785154,200,200,1.0,1.0
smc,SMC,0.45,0.05,10.069362581783587,10.069362581783587,200,200,1.0,1.0
smc,SMC,0.45,0.075,15.035342264829888,15.035342264829888,200,200,1.0,1.0
smc,SMC,0.45,0.1,20.03390054937,20.03390054937,200,200,1.0,1.0
smc,SMC,0.45,0.125,25.033559070227792,25.033559070227792,200,200,1.0,1.0
smc,SMC,0.45,0.15,30.01854175508846,30.01854175508846,200,200,1.0,1.0
smc,SMC,0.45,0.175,35.012552708644726,35.012552708644726,200,200,1.0,1.0
smc,SMC,0.45,0.2,40.01175033713646,40.01175033713646,200,200,1.0,1.0
smc,SMC,0.45,0.225,45.00652457335122,45.00652457335122,200,200,1.0,1.0
smc,SMC,0.45,0.25,50.01913004584269,50.01913004584269,200,200,1.0,1.0
smc,SMC,0.45,0.275,55.01699618297141,55.01699618297141,200,200,1.0,1.0
smc,SMC,0.45,0.3,60.022957959605286,60.022957959605286,200,200,1.0,1.0
smc,SMC,0.45,0.325,65.00450508259031,65.00450508259031,200,200,1.0,1.0
smc,SMC,0.45,0.35,70.00645988915613,70.00645988915613,200,200,1.0,1.0
smc,SMC,0.45,0.375,75.01302637759639,75.01302637759639,200,200,1.0,1.0
smc,SMC,0.45,0.4,80.01267422173012,80.01267422173012,200,200,1.0,1.0
smc,SMC,0.45,0.425,85.00913911318607,85.00913911318607,200,200,1.0,1.0
smc,SMC,0.45,0.45,90.0093000378136,90.0093000378136,200,200,1.0,1.0
smc,SMC,0.45,0.475,95.01862818229374,95.01862818229374,200,200,1.0,1.0
smc,SMC,0.45,0.5,100.00626476286882,100.00626476286882,200,200,1.0,1.0
smc,SMC,0.45,0.525,105.01014699825596,103.96036392483366,200,198,0.99,0.9900030320551809
smc,SMC,0.45,0.55,109.99747987746603,106.69619736357257,200,194,0.97,0.9699876531937731
smc,SMC,0.45,0.575,115.00285624021468,110.97474678006492,200,193,0.965,0.9649738311565413
smc,SMC,0.45,0.6,119.99907713256947,112.19741878332398,200,187,0.935,0.9349856804263038
smc,SMC,0.45,0.625,125.0060659110216,111.88003192104503,200,179,0.895,0.8949968235995878
smc,SMC,0.45,0.65,130.0006764929461,111.15132767067756,200,171,0.855,0.8550057635793048
smc,SMC,0.45,0.675,135.00444729401696,104.63460671817859,200,155,0.775,0.7750456286103081
smc,SMC,0.45,0.7,140.0035028138311,97.30473231982377,200,139,0.695,0.6950164129051415
smc,SMC,0.45,0.725,144.998637909348,101.49668184275927,200,140,0.7,0.6999836916138081
smc,SMC,0.45,0.75,150.00536855654758,96.75199497018528,200,129,0.645,0.6449902153582766
smc,SMC,0.45,0.775,155.00112023646506,79.04881784795724,200,102,0.51,0.509988687355051
smc,SMC,0.45,0.8,159.99744508654936,71.20582798028553,200,89,0.445,0.4450435314249381
smc,SMC,0.45,0.825,165.0103768614829,64.35432277708607,200,78,0.39,0.3900016714167495
smc,SMC,0.45,0.85,169.99625782129976,63.75528010103775,200,75,0.375,0.3750393150892613
smc,SMC,0.45,0.875,175.0030044729032,54.25226656181745,200,62,0.31,0.31000762944168575
smc,SMC,0.45,0.9,180.00596097418997,35.99851799211217,200,40,0.2,0.1999851438101752
smc,SMC,0.45,0.925,185.0079567482784,15.726933456153493,200,17,0.085,0.08500679501883014
smc,SMC,0.45,0.95,189.99802098378183,3.801802732175407,200,4,0.02,0.020009696482575088
smc,SMC,0.45,0.975,194.99633348294967,0.0,200,0,0.0,0.0
smc,SMC,0.55,0.025,5.124474402775881,5.124474402775881,200,200,1.0,1.0
smc,SMC,0.55,0.05,10.075352360185155,10.075352360185155,200,200,1.0,1.0
smc,SMC,0.55,0.075,15.051404590515094,15.051404590515094,200,200,1.0,1.0
smc,SMC,0.55,0.1,20.046714447844685,20.046714447844685,200,200,1.0,1.0
smc,SMC,0.55,0.125,25.022651254851105,25.022651254851105,200,200,1.0,1.0
smc,SMC,0.55,0.15,30.028692419812756,30.028692419812756,200,200,1.0,1.0
smc,SMC,0.55,0.175,35.03076998229275,35.03076998229275,200,200,1.0,1.0
smc,SMC,0.55,0.2,40.03677878359392,40.03677878359392,200,200,1.0,1.0
smc,SMC,0.55,0.225,45.024463834604646,45.024463834604646,200,200,1.0,1.0
smc,SMC,0.55,0.25,50.00736092592127,50.00736092592127,200,200,1.0,1.0
smc,SMC,0.55,0.275,55.01789998073636,55.01789998073636,200,200,1.0,1.0
smc,SMC,0.55,0.3,60.011900875433284,60.011900875433284,200,200,1.0,1.0
smc,SMC,0.55,0.325,65.0226227580917,65.0226227580917,200,200,1.0,1.0
smc,SMC,0.55,0.35,70.01954450428609,70.01954450428609,200,200,1.0,1.0
smc,SMC,0.55,0.375,75.01086873459089,75.01086873459089,200,200,1.0,1.0
smc,SMC,0.55,0.4,80.01962019299215,80.01962019299215,200,200,1.0,1.0
smc,SMC,0.55,0.425,85.00102844070145,85.00102844070145,200,200,1.0,1.0
smc,SMC,0.55,0.45,90.01945575110848,90.01945575110848,200,200,1.0,1.0
smc,SMC,0.55,0.475,94.99549426052512,94.52084126640196,200,199,0.995,0.9950034157112607
smc,SMC,0.55,0.5,100.01137297827644,100.01137297827644,200,200,1.0,1.0
smc,SMC,0.55,0.525,105.00408148415423,102.37873991896082,200,195,0.975,0.97499771886877
smc,SMC,0.55,0.55,110.00416822567213,105.05331590511715,200,191,0.955,0.9549939570435333
smc,SMC,0.55,0.575,115.01208734700818,102.35969198341573,200,178,0.89,0.8899907335355254
smc,SMC,0.55,0.6,120.00189427074436,94.80304050511361,200,158,0.79,0.7900128667237709
smc,SMC,0.55,0.625,125.0009304695697,94.99891374390417,200,152,0.76,0.7599856528030466
smc,SMC,0.55,0.65,130.00517924267677,79.95169009906313,200,123,0.615,0.614988499418317
smc,SMC,0.55,0.675,135.0023642112327,74.92561033760022,200,111,0.555,0.5549948015752314
smc,SMC,0.55,0.7,140.0088109011809,69.30563459088911,200,99,0.495,0.4950090936762934
smc,SMC,0.55,0.725,145.0023504964728,63.07615335221,200,87,0.435,0.43500090264912183
smc,SMC,0.55,0.75,150.00804894368488,39.00360017316523,200,52,0.26,0.2600100491128161
smc,SMC,0.55,0.775,155.0033784669971,41.07573422659259,200,53,0.265,0.2649989608796709
smc,SMC,0.55,0.8,160.00840630247492,29.603319964439134,200,37,0.185,0.18501102941102943
smc,SMC,0.55,0.825,165.010690271622,32.17697466937731,200,39,0.195,0.1949993337789885
smc,SMC,0.55,0.85,170.00668072466885,31.45555096741482,200,37,0.185,0.18502538155167014
smc,SMC,0.55,0.875,174.99210120215812,24.5012711356321,200,28,0.14,0.14001358328355185
smc,SMC,0.55,0.9,180.0054526991952,7.201522225587373,200,8,0.04,0.040007244878419015
smc,SMC,0.55,0.925,185.0101386266575,4.62499036111917,200,5,0.025,0.024998577891194394
smc,SMC,0.55,0.95,190.00536075974048,0.9490784075493826,200,1,0.005,0.004995008581623552
smc,SMC,0.55,0.975,195.00515038158056,0.0,200,0,0.0,0.0
smc,SMC,0.65,0.025,5.134452592646109,5.134452592646109,200,200,1.0,1.0
smc,SMC,0.65,0.05,10.057287425516948,10.057287425516948,200,200,1.0,1.0
smc,SMC,0.65,0.075,15.058381625752313,15.058381625752313,200,200,1.0,1.0
smc,SMC,0.65,0.1,20.031013702646447,20.031013702646447,200,200,1.0,1.0
smc,SMC,0.65,0.125,25.03150854858651,25.03150854858651,200,200,1.0,1.0
smc,SMC,0.65,0.15,30.035612526129125,30.035612526129125,200,200,1.0,1.0
smc,SMC,0.65,0.175,35.016415465709876,35.016415465709876,200,200,1.0,1.0
smc,SMC,0.65,0.2,40.026863233060546,40.026863233060546,200,200,1.0,1.0
smc,SMC,0.65,0.225,45.01326276709878,45.01326276709878,200,200,1.0,1.0
smc,SMC,0.65,0.25,50.012048786003525,50.012048786003525,200,200,1.0,1.0
smc,SMC,0.65,0.275,55.009208984565205,55.009208984565205,200,200,1.0,1.0
smc,SMC,0.65,0.3,60.01246620859997,60.01246620859997,200,200,1.0,1.0
smc,SMC,0.65,0.325,65.00671464422862,65.00671464422862,200,200,1.0,1.0
smc,SMC,0.65,0.35,70.0326404833891,70.0326404833891,200,200,1.0,1.0
smc,SMC,0.65,0.375,75.00550312322389,75.00550312322389,200,200,1.0,1.0
smc,SMC,0.65,0.4,80.01577383118969,80.01577383118969,200,200,1.0,1.0
smc,SMC,0.65,0.425,85.00695184333205,85.00695184333205,200,200,1.0,1.0
smc,SMC,0.65,0.45,90.00821883745884,90.00821883745884,200,200,1.0,1.0
smc,SMC,0.65,0.475,95.00853512080742,92.15816865340287,200,194,0.97,0.9699988378540918
smc,SMC,0.65,0.5,100.01679873687624,97.51623698443386,200,195,0.975,0.9749985823979345
smc,SMC,0.65,0.525,105.00651451426326,91.88046993985817,200,175,0.875,0.8749978071825044
smc,SMC,0.65,0.55,110.00876850113785,90.75687868405119,200,165,0.825,0.8249967699903163
smc,SMC,0.65,0.575,115.0165729348894,82.81372616172561,200,144,0.72,0.720015594697003
smc,SMC,0.65,0.6,120.00905562133616,69.60132980204727,200,116,0.58,0.5799673153137703
smc,SMC,0.65,0.625,125.01073330284729,63.754919361884426,200,102,0.51,0.5099955634004134
smc,SMC,0.65,0.65,130.00467712888099,50.0532186194441,200,77,0.385,0.3850109067216368
smc,SMC,0.65,0.675,135.01145824527242,39.152798763266084,200,58,0.29,0.2899961179008824
smc,SMC,0.65,0.7,139.999249680852,29.40330040238395,200,42,0.21,0.2100246999138418
smc,SMC,0.65,0.725,145.00051270253743,31.17637834377483,200,43,0.215,0.21500874557410624
smc,SMC,0.65,0.75,149.9986545531746,24.75268832803406,200,33,0.165,0.16501940235243392
smc,SMC,0.65,0.775,155.01264538842332,17.052598323137605,200,22,0.11,0.11000778859304036
smc,SMC,0.65,0.8,160.00295715920288,15.19928815586918,200,19,0.095,0.0949937952755829
smc,SMC,0.65,0.825,165.00545395123868,10.722889501506168,200,13,0.065,0.06498506106758704
smc,SMC,0.65,0.85,170.0075455487177,8.502576657272432,200,10,0.05,0.050012936954236045
smc,SMC,0.65,0.875,175.00915497057053,8.749438257252962,200,10,0.05,0.04999417464031675
smc,SMC,0.65,0.9,180.004382727982,4.500219629791486,200,5,0.025,0.025000611438400933
smc,SMC,0.65,0.925,185.00487003790084,4.625182538223243,200,5,0.025,0.025000328571219286
smc,SMC,0.65,0.95,190.0007660120894,0.0,200,0,0.0,0.0
smc,SMC,0.65,0.975,194.991032586332,0.0,200,0,0.0,0.0
smc,SMC,0.75,0.025,5.138373648231289,5.138373648231289,200,200,1.0,1.0
smc,SMC,0.75,0.05,10.075334648598474,10.075334648598474,200,200,1.0,1.0
smc,SMC,0.75,0.075,15.035916775257727,15.035916775257727,200,200,1.0,1.0
smc,SMC,0.75,0.1,20.037829572537902,20.037829572537902,200,200,1.0,1.0
smc,SMC,0.75,0.125,25.039632328693976,25.039632328693976,200,200,1.0,1.0
smc,SMC,0.75,0.15,30.033260265541394,30.033260265541394,200,200,1.0,1.0
smc,SMC,0.75,0.175,35.016746311651254,35.016746311651254,200,200,1.0,1.0
smc,SMC,0.75,0.2,40.02253205137834,40.02253205137834,200,200,1.0,1.0
smc,SMC,0.75,0.225,45.00906016193033,45.00906016193033,200,200,1.0,1.0
smc,SMC,0.75,0.25,50.019641059211686,50.019641059211686,200,200,1.0,1.0
smc,SMC,0.75,0.275,55.01708138057265,55.01708138057265,200,200,1.0,1.0
smc,SMC,0.75,0.3,60.023040823659876,60.023040823659876,200,200,1.0,1.0
smc,SMC,0.75,0.325,65.01500880278859,65.01500880278859,200,200,1.0,1.0
smc,SMC,0.75,0.35,70.01551293640281,70.01551293640281,200,200,1.0,1.0
smc,SMC,0.75,0.375,75.01851704748707,75.01851704748707,200,200,1.0,1.0
smc,SMC,0.75,0.4,80.00882033477313,80.00882033477313,200,200,1.0,1.0
smc,SMC,0.75,0.425,85.00933691886799,85.00933691886799,200,200,1.0,1.0
smc,SMC,0.75,0.45,90.01886704088695,89.56852894987898,200,199,0.995,0.9949972921698357
smc,SMC,0.75,0.475,95.00132014225218,90.25042093795268,200,190,0.95,0.949991229625171
smc,SMC,0.75,0.5,100.00718352558071,88.00834463818626,200,176,0.88,0.880020229903532
smc,SMC,0.75,0.525,105.00536339889901,76.13026286527997,200,145,0.725,0.725013088865499
smc,SMC,0.75,0.55,110.00820671740343,62.15798467609225,200,113,0.565,0.5650304330091291
smc,SMC,0.75,0.575,115.00871900624622,50.02679839137233,200,87,0.435,0.43498265891175897
smc,SMC,0.75,0.6,120.02210942566845,39.007062361469124,200,65,0.325,0.3249989735068504
smc,SMC,0.75,0.625,125.01499618034613,26.247513323153562,200,42,0.21,0.20995491841066016
smc,SMC,0.75,0.65,130.0128927752081,22.748426408345246,200,35,0.175,0.17497054271130794
smc,SMC,0.75,0.675,135.0099351214667,15.523849145477643,200,23,0.115,0.11498301315018807
smc,SMC,0.75,0.7,140.00646644264674,13.299163794972712,200,19,0.095,0.09498963964225665
smc,SMC,0.75,0.725,145.00853159324353,7.253073313935935,200,10,0.05,0.050018252265881726
smc,SMC,0.75,0.75,150.0068395137838,7.500485138057762,200,10,0.05,0.0500009543722742
smc,SMC,0.75,0.775,155.00060462706108,3.873645596869242,200,5,0.025,0.024991164429257678
smc,SMC,0.75,0.8,160.00756175183426,3.99974386507614,200,5,0.025,0.024997217764492864
smc,SMC,0.75,0.825,164.9983607222085,5.776010065230897,200,7,0.035,0.03500646939732569
smc,SMC,0.75,0.85,170.01241724908198,1.6999172668942364,200,2,0.01,0.009998782997148495
smc,SMC,0.75,0.875,175.00225113255732,4.37587767850931,200,5,0.025,0.025004693655024786
smc,SMC,0.75,0.9,180.00105704030204,2.700444505418371,200,3,0.015,0.01500238137387018
smc,SMC,0.75,0.925,184.99106269923914,0.0,200,0,0.0,0.0
smc,SMC,0.75,0.95,190.00567191697283,0.0,200,0,0.0,0.0
smc,SMC,0.75,0.975,195.00256202639815,0.0,200,0,0.0,0.0
smc,SMC,0.85,0.025,5.13928599962228,5.13928599962228,200,200,1.0,1.0
smc,SMC,0.85,0.05,10.069983846104202,10.069983846104202,200,200,1.0,1.0
smc,SMC,0.85,0.075,15.044098391390154,15.044098391390154,200,200,1.0,1.0
smc,SMC,0.85,0.1,20.03954204735892,20.03954204735892,200,200,1.0,1.0
smc,SMC,0.85,0.125,25.026874226062308,25.026874226062308,200,200,1.0,1.0
smc,SMC,0.85,0.15,30.029731091413485,30.029731091413485,200,200,1.0,1.0
smc,SMC,0.85,0.175,35.026906739627,35.026906739627,200,200,1.0,1.0
smc,SMC,0.85,0.2,40.02155451971718,40.02155451971718,200,200,1.0,1.0
smc,SMC,0.85,0.225,45.01972009054702,45.01972009054702,200,200,1.0,1.0
smc,SMC,0.85,0.25,50.00568378224259,50.00568378224259,200,200,1.0,1.0
smc,SMC,0.85,0.275,55.01696463368136,55.01696463368136,200,200,1.0,1.0
smc,SMC,0.85,0.3,60.016361502398375,60.016361502398375,200,200,1.0,1.0
smc,SMC,0.85,0.325,65.0013929991261,65.0013929991261,200,200,1.0,1.0
smc,SMC,0.85,0.35,70.01645307862583,70.01645307862583,200,200,1.0,1.0
smc,SMC,0.85,0.375,75.01842557551983,75.01842557551983,200,200,1.0,1.0
smc,SMC,0.85,0.4,79.99853754629332,79.99853754629332,200,200,1.0,1.0
smc,SMC,0.85,0.425,85.01478467420462,85.01478467420462,200,200,1.0,1.0
smc,SMC,0.85,0.45,90.00197485973466,85.9511255394264,200,191,0.955,0.9549915507229548
smc,SMC,0.85,0.475,95.00426231755634,77.90344595062045,200,164,0.82,0.8199994826571508
smc,SMC,0.85,0.5,100.01331017374903,66.5098549005397,200,133,0.665,0.665010035014288
smc,SMC,0.85,0.525,105.00472466850594,43.048127114561176,200,82,0.41,0.409963715922895
smc,SMC,0.85,0.55,110.0070064521141,31.350845524416307,200,57,0.285,0.2849895341717465
smc,SMC,0.85,0.575,114.99593396972632,20.699646150368583,200,36,0.18,0.1800032873842126
smc,SMC,0.85,0.6,119.99956098087642,12.00002879903541,200,20,0.1,0.10000060584344787
smc,SMC,0.85,0.625,125.00488554577936,13.124496782627595,200,21,0.105,0.10499187072029384
smc,SMC,0.85,0.65,129.99939239619394,7.800725160684695,200,12,0.06,0.060005858619021364
smc,SMC,0.85,0.675,135.00998452721964,3.3737509296819588,200,5,0.025,0.02498889946174144
smc,SMC,0.85,0.7,139.99887975420077,1.4000194297224882,200,2,0.01,0.010000218803039954
smc,SMC,0.85,0.725,145.01298486506562,1.4502362267174167,200,2,0.01,0.010000733576147402
smc,SMC,0.85,0.75,149.99579265224355,2.248760799671645,200,3,0.015,0.014992159179326218
smc,SMC,0.85,0.775,154.99910127693283,0.7741591224905106,200,1,0.005,0.0049946039435889425
smc,SMC,0.85,0.8,160.0097664650848,0.0,200,0,0.0,0.0
smc,SMC,0.85,0.825,165.00155844435173,0.8249996327283826,200,1,0.005,0.004999950548992064
smc,SMC,0.85,0.85,170.0056007051013,0.8500290983435083,200,1,0.005,0.005000006439893729
smc,SMC,0.85,0.875,175.00905603113486,0.0,200,0,0.0,0.0
smc,SMC,0.85,0.9,180.00272165484137,0.0,200,0,0.0,0.0
smc,SMC,0.85,0.925,185.00539039181373,0.0,200,0,0.0,0.0
smc,SMC,0.85,0.95,190.01041283334737,0.0,200,0,0.0,0.0
smc,SMC,0.85,0.975,195.01055103857462,0.0,200,0,0.0,0.0
smc,SMC,0.95,0.025,5.128455953251271,5.128455953251271,200,200,1.0,1.0
smc,SMC,0.95,0.05,10.071211200156005,10.071211200156005,200,200,1.0,1.0
smc,SMC,0.95,0.075,15.0416729425136,15.0416729425136,200,200,1.0,1.0
smc,SMC,0.95,0.1,20.044912572932674,20.044912572932674,200,200,1.0,1.0
smc,SMC,0.95,0.125,25.025488037708698,25.025488037708698,200,200,1.0,1.0
smc,SMC,0.95,0.15,30.031469939889888,30.031469939889888,200,200,1.0,1.0
smc,SMC,0.95,0.175,35.018460316683324,35.018460316683324,200,200,1.0,1.0
smc,SMC,0.95,0.2,40.015365440842345,40.015365440842345,200,200,1.0,1.0
smc,SMC,0.95,0.225,45.01010456604076,45.01010456604076,200,200,1.0,1.0
smc,SMC,0.95,0.25,50.012716779822625,50.012716779822625,200,200,1.0,1.0
smc,SMC,0.95,0.275,55.01715187339122,55.01715187339122,200,200,1.0,1.0
smc,SMC,0.95,0.3,60.00715607080882,60.00715607080882,200,200,1.0,1.0
smc,SMC,0.95,0.325,65.01073443818066,65.01073443818066,200,200,1.0,1.0
smc,SMC,0.95,0.35,70.00850127011198,70.00850127011198,200,200,1.0,1.0
smc,SMC,0.95,0.375,75.0089620684588,75.0089620684588,200,200,1.0,1.0
smc,SMC,0.95,0.4,80.01199210299862,80.01199210299862,200,200,1.0,1.0
smc,SMC,0.95,0.425,85.00803248818757,85.00803248818757,200,200,1.0,1.0
smc,SMC,0.95,0.45,90.00974883523592,83.70856691197558,200,186,0.93,0.929994450547854
smc,SMC,0.95,0.475,95.00487325861859,50.82545298804432,200,107,0.535,0.5349773253177155
smc,SMC,0.95,0.5,100.01240147662162,18.503343411537443,200,37,0.185,0.1850104900826993
smc,SMC,0.95,0.525,105.00505524266907,8.403833292072857,200,16,0.08,0.08003265435793931
smc,SMC,0.95,0.55,110.01904494504704,4.9503025056900505,200,9,0.045,0.04499495981048242
smc,SMC,0.95,0.575,115.00358974063548,4.599411666211656,200,8,0.04,0.039993635647240115
smc,SMC,0.95,0.6,120.00536340051129,1.8006247105162227,200,3,0.015,0.015004535293199664
smc,SMC,0.95,0.625,125.00099330385275,0.0,200,0,0.0,0.0
smc,SMC,0.95,0.65,130.0055551635547,0.0,200,0,0.0,0.0
smc,SMC,0.95,0.675,135.0025802742666,1.3500308892219,200,2,0.01,0.010000037676903831
smc,SMC,0.95,0.7,140.01142425910413,0.0,200,0,0.0,0.0
smc,SMC,0.95,0.725,145.00520402881588,0.0,200,0,0.0,0.0
smc,SMC,0.95,0.75,150.0053593993614,0.0,200,0,0.0,0.0
smc,SMC,0.95,0.775,155.0142160304908,0.0,200,0,0.0,0.0
smc,SMC,0.95,0.8,160.00619247406277,0.0,200,0,0.0,0.0
smc,SMC,0.95,0.825,165.00181826459195,0.0,200,0,0.0,0.0
smc,SMC,0.95,0.85,170.00984350513855,0.0,200,0,0.0,0.0
smc,SMC,0.95,0.875,175.0143836168909,0.0,200,0,0.0,0.0
smc,SMC,0.95,0.9,179.99403344312117,0.0,200,0,0.0,0.0
smc,SMC,0.95,0.925,185.00154613393755,0.0,200,0,0.0,0.0
smc,SMC,0.95,0.95,190.00589407322687,0.0,200,0,0.0,0.0
smc,SMC,0.95,0.975,194.999957006212,0.0,200,0,0.0,0.0
smc_no,SMC-NO,0.05,0.025,5.150775154323688,5.150775154323688,200,200,1.0,1.0
smc_no,SMC-NO,0.05,0.05,10.07356157320267,10.07356157320267,200,200,1.0,1.0
smc_no,SMC-NO,0.05,0.075,15.0434043963246,15.0434043963246,200,200,1.0,1.0
smc_no,SMC-NO,0.05,0.1,20.033434849724042,20.033434849724042,200,200,1.0,1.0
smc_no,SMC-NO,0.05,0.125,25.028879158423397,25.028879158423397,200,200,1.0,1.0
smc_no,SMC-NO,0.05,0.15,30.03550192819835,30.03550192819835,200,200,1.0,1.0
smc_no,SMC-NO,0.05,0.175,35.0207482666908,35.0207482666908,200,200,1.0,1.0
smc_no,SMC-NO,0.05,0.2,40.01291481185509,40.01291481185509,200,200,1.0,1.0
smc_no,SMC-NO,0.05,0.225,45.01771047158208,45.01771047158208,200,200,1.0,1.0
smc_no,SMC-NO,0.05,0.25,50.01110616187902,50.01110616187902,200,200,1.0,1.0
smc_no,SMC-NO,0.05,0.275,55.01374912511959,55.01374912511959,200,200,1.0,1.0
smc_no,SMC-NO,0.05,0.3,60.01498862925155,60.01498862925155,200,200,1.0,1.0
smc_no,SMC-NO,0.05,0.325,65.0155689397196,65.0155689397196,200,200,1.0,1.0
smc_no,SMC-NO,0.05,0.35,70.01916245631176,70.01916245631176,200,200,1.0,1.0
smc_no,SMC-NO,0.05,0.375,75.01429470481146,75.01429470481146,200,200,1.0,1.0
smc_no,SMC-NO,0.05,0.4,80.01035417787244,80.01035417787244,200,200,1.0,1.0
smc_no,SMC-NO,0.05,0.425,85.00718233545614,85.00718233545614,200,200,1.0,1.0
smc_no,SMC-NO,0.05,0.45,90.01395769955089,90.01395769955089,200,200,1.0,1.0
smc_no,SMC-NO,0.05,0.475,95.00575932667381,95.00575932667381,200,200,1.0,1.0
smc_no,SMC-NO,0.05,0.5,100.01498087861673,100.01498087861673,200,200,1.0,1.0
smc_no,SMC-NO,0.05,0.525,105.01841577701121,105.01841577701121,200,200,1.0,1.0
smc_no,SMC-NO,0.05,0.55,110.00496092811977,110.00496092811977,200,200,1.0,1.0
smc_no,SMC-NO,0.05,0.575,115.00983799283794,115.00983799283794,200,200,1.0,1.0
smc_no,SMC-NO,0.05,0.6,120.01179642897297,119.41143915565375,200,199,0.995,0.9949975144845488
smc_no,SMC-NO,0.05,0.625,125.01201884481794,125.01201884481794,200,200,1.0,1.0
smc_no,SMC-NO,0.05,0.65,129.99880651097772,126.7485526125152,200,195,0.975,0.9749978173977463
smc_no,SMC-NO,0.05,0.675,135.00566887028583,132.97948231814743,200,197,0.985,0.9849918409419891
smc_no,SMC-NO,0.05,0.7,140.01085780267155,134.41316437265166,200,192,0.96,0.9600195762109452
smc_no,SMC-NO,0.05,0.725,145.00330748260743,142.10211821408726,200,196,0.98,0.9799922545293103
smc_no,SMC-NO,0.05,0.75,149.99880840634685,143.25065852532003,200,191,0.955,0.9550119767435347
smc_no,SMC-NO,0.05,0.775,155.00410862662332,147.25374843383435,200,190,0.95,0.9499990015654477
smc_no,SMC-NO,0.05,0.8,159.9963870813707,154.39730648483607,200,193,0.965,0.9650049560576198
smc_no,SMC-NO,0.05,0.825,165.0089074783576,152.63176294683655,200,185,0.925,0.924991052176111
smc_no,SMC-NO,0.05,0.85,170.00517541628386,158.95395469747612,200,187,0.935,0.9349947982951277
smc_no,SMC-NO,0.05,0.875,175.01398167579455,157.51269658590041,200,180,0.9,0.9000006461065809
smc_no,SMC-NO,0.05,0.9,180.0008036048297,143.99941080057062,200,160,0.8,0.7999931551233745
smc_no,SMC-NO,0.05,0.925,185.0008705874767,98.97465873436308,200,107,0.535,0.5349956376965449
smc_no,SMC-NO,0.05,0.95,189.99766182501563,35.143034754907,200,37,0.185,0.18496561703624065
smc_no,SMC-NO,0.05,0.975,194.99701792278387,2.925236005720688,200,3,0.015,0.015001439698319085
smc_no,SMC-NO,0.15,0.025,5.133075019022422,5.133075019022422,200,200,1.0,1.0
smc_no,SMC-NO,0.15,0.05,10.064032423590758,10.064032423590758,200,200,1.0,1.0
smc_no,SMC-NO,0.15,0.075,15.043832593327416,15.043832593327416,200,200,1.0,1.0
smc_no,SMC-NO,0.15,0.1,20.04896671567419,20.04896671567419,200,200,1.0,1.0
smc_no,SMC-NO,0.15,0.125,25.034283799570023,25.034283799570023,200,200,1.0,1.0
smc_no,SMC-NO,0.15,0.15,30.026106068640118,30.026106068640118,200,200,1.0,1.0
smc_no,SMC-NO,0.15,0.175,35.01678966234951,35.01678966234951,200,200,1.0,1.0
smc_no,SMC-NO,0.15,0.2,40.01427295929859,40.01427295929859,200,200,1.0,1.0
smc_no,SMC-NO,0.15,0.225,45.008695167739,45.008695167739,200,200,1.0,1.0
smc_no,SMC-NO,0.15,0.25,50.02157952417979,50.02157952417979,200,200,1.0,1.0
smc_no,SMC-NO,0.15,0.275,55.001586640933056,55.001586640933056,200,200,1.0,1.0
smc_no,SMC-NO,0.15,0.3,60.0105721754941,60.0105721754941,200,200,1.0,1.0
smc_no,SMC-NO,0.15,0.325,65.00865875556394,65.00865875556394,200,200,1.0,1.0
smc_no,SMC-NO,0.15,0.35,70.02134275002804,70.02134275002804,200,200,1.0,1.0
smc_no,SMC-NO,0.15,0.375,75.0068434500792,75.0068434500792,200,200,1.0,1.0
smc_no,SMC-NO,0.15,0.4,79.99985223088021,79.99985223088021,200,200,1.0,1.0
smc_no,SMC-NO,0.15,0.425,85.01396523835977,85.01396523835977,200,200,1.0,1.0
smc_no,SMC-NO,0.15,0.45,90.00369872569703,90.00369872569703,200,200,1.0,1.0
smc_no,SMC-NO,0.15,0.475,95.01131444738856,95.01131444738856,200,200,1.0,1.0
smc_no,SMC-NO,0.15,0.5,99.99539908242073,99.99539908242073,200,200,1.0,1.0
smc_no,SMC-NO,0.15,0.525,105.01238711880423,105.01238711880423,200,200,1.0,1.0
smc_no,SMC-NO,0.15,0.55,110.00778426632338,109.45784776148642,200,199,0.995,0.9950009309931596
smc_no,SMC-NO,0.15,0.575,115.00905854506904,113.28351576050774,200,197,0.985,0.9849964619622975
smc_no,SMC-NO,0.15,0.6,119.99622963446068,116.99662727377412,200,195,0.975,0.9750025282475615
smc_no,SMC-NO,0.15,0.625,125.00826252404102,119.38242966499577,200,191,0.955,0.9549963118800783
smc_no,SMC-NO,0.15,0.65,130.00988743741223,123.50787450331227,200,190,0.95,0.9499883196404575
smc_no,SMC-NO,0.15,0.675,135.00577853861085,122.18033726758587,200,181,0.905,0.9050007976706198
smc_no,SMC-NO,0.15,0.7,140.00391398281565,121.10700830866578,200,173,0.865,0.8650258758018058
smc_no,SMC-NO,0.15,0.725,145.00152034732412,132.67562749623283,200,183,0.915,0.9149947336995715
smc_no,SMC-NO,0.15,0.75,150.01220687200035,123.75821892655951,200,165,0.825,0.8249876560522681
smc_no,SMC-NO,0.15,0.775,155.0019814655053,129.4236488271427,200,167,0.835,0.8349806086572197
smc_no,SMC-NO,0.15,0.8,160.01021129713106,127.20872679971853,200,159,0.795,0.7950038048727915
smc_no,SMC-NO,0.15,0.825,165.00429107495765,140.25291124586306,200,170,0.85,0.8499955384926893
smc_no,SMC-NO,0.15,0.85,170.0092104679443,127.50773234465593,200,150,0.75,0.7500048497001747
smc_no,SMC-NO,0.15,0.875,175.00963666037407,105.87983697512072,200,121,0.605,0.6049943248587647
smc_no,SMC-NO,0.15,0.9,180.01119035103036,125.1055121858578,200,139,0.695,0.6949874168483421
smc_no,SMC-NO,0.15,0.925,185.001385115156,64.74354358283541,200,70,0.35,0.34996248024054055
smc_no,SMC-NO,0.15,0.95,189.99050705014633,19.000024300759428,200,20,0.1,0.10000512444416255
smc_no,SMC-NO,0.15,0.975,195.00609973849208,0.0,200,0,0.0,0.0
smc_no,SMC-NO,0.25,0.025,5.1322712080672455,5.1322712080672455,200,200,1.0,1.0
smc_no,SMC-NO,0.25,0.05,10.071514649778374,10.071514649778374,200,200,1.0,1.0
smc_no,SMC-NO,0.25,0.075,15.045002782388526,15.045002782388526,200,200,1.0,1.0
smc_no,SMC-NO,0.25,0.1,20.022201245791617,20.022201245791617,200,200,1.0,1.0
smc_no,SMC-NO,0.25,0.125,25.03017249781412,25.03017249781412,200,200,1.0,1.0
smc_no,SMC-NO,0.25,0.15,30.021263333263633,30.021263333263633,200,200,1.0,1.0
smc_no,SMC-NO,0.25,0.175,35.01151134600201,35.01151134600201,200,200,1.0,1.0
smc_no,SMC-NO,0.25,0.2,40.02693585497304,40.02693585497304,200,200,1.0,1.0
smc_no,SMC-NO,0.25,0.225,45.01656476839699,45.01656476839699,200,200,1.0,1.0
smc_no,SMC-NO,0.25,0.25,50.01928028438367,50.01928028438367,200,200,1.0,1.0
smc_no,SMC-NO,0.25,0.275,55.00885528028769,55.00885528028769,200,200,1.0,1.0
smc_no,SMC-NO,0.25,0.3,60.0158736473339,60.0158736473339,200,200,1.0,1.0
smc_no,SMC-NO,0.25,0.325,65.01640693405453,65.01640693405453,200,200,1.0,1.0
smc_no,SMC-NO,0.25,0.35,70.00620176135585,70.00620176135585,200,200,1.0,1.0
smc_no,SMC-NO,0.25,0.375,75.02164626155816,75.02164626155816,200,200,1.0,1.0
smc_no,SMC-NO,0.25,0.4,80.01148416633471,80.01148416633471,200,200,1.0,1.0
smc_no,SMC-NO,0.25,0.425,85.00793804439452,85.00793804439452,200,200,1.0,1.0
smc_no,SMC-NO,0.25,0.45,90.01854956692674,90.01854956692674,200,200,1.0,1.0
smc_no,SMC-NO,0.25,0.475,95.0066191984433,95.0066191984433,200,200,1.0,1.0
smc_no,SMC-NO,0.25,0.5,100.00816184135975,100.00816184135975,200,200,1.0,1.0
smc_no,SMC-NO,0.25,0.525,105.00111211090709,102.9012345338456,200,196,0.98,0.9800013777488042
smc_no,SMC-NO,0.25,0.55,110.00336420461748,108.35475478756855,200,197,0.985,0.9850131000177199
smc_no,SMC-NO,0.25,0.575,115.00689301199115,109.83188312657505,200,191,0.955,0.9550026111489115
smc_no,SMC-NO,0.25,0.6,120.01025171539915,111.00963333242899,200,185,0.925,0.925001254023574
smc_no,SMC-NO,0.25,0.625,125.00035860001758,113.75207936976719,200,182,0.91,0.9100140243097766
smc_no,SMC-NO,0.25,0.65,130.00776760397898,109.85867865173536,200,169,0.845,0.8450162684615858
smc_no,SMC-NO,0.25,0.675,135.00960278567936,116.10630422058036,200,172,0.86,0.8599855256584452
smc_no,SMC-NO,0.25,0.7,140.00309804117296,111.30624861906097,200,159,0.795,0.79502703994684
smc_no,SMC-NO,0.25,0.725,145.00529227886912,103.67698508058507,200,143,0.715,0.7149875942541263
smc_no,SMC-NO,0.25,0.75,150.00466425500338,102.00103104959376,200,136,0.68,0.6799857294850186
smc_no,SMC-NO,0.25,0.775,155.00909580401375,97.6536677141806,200,126,0.63,0.6299866934108778
smc_no,SMC-NO,0.25,0.8,160.01232576670694,99.21001743397204,200,124,0.62,0.6200148454726995
smc_no,SMC-NO,0.25,0.825,165.00066882247498,87.45233466024145,200,106,0.53,0.5300120010685038
smc_no,SMC-NO,0.25,0.85,169.99530903468138,92.64348795944049,200,109,0.545,0.5449767319199376
smc_no,SMC-NO,0.25,0.875,174.99284691511403,81.3724912546046,200,93,0.465,0.46500467127137474
smc_no,SMC-NO,0.25,0.9,179.9981223988979,57.60508385269071,200,64,0.32,0.320031581913009
smc_no,SMC-NO,0.25,0.925,185.002013321288,39.77337226406705,200,43,0.215,0.2149888617427839
smc_no,SMC-NO,0.25,0.95,190.0220848347882,10.449591240245484,200,11,0.055,0.054991456647424546
smc_no,SMC-NO,0.25,0.975,195.01091945254603,0.974788093415791,200,1,0.005,0.004998633390131756
smc_no,SMC-NO,0.35,0.025,5.1338077926639,5.1338077926639,200,200,1.0,1.0
smc_no,SMC-NO,0.35,0.05,10.073996898137175,10.073996898137175,200,200,1.0,1.0
smc_no,SMC-NO,0.35,0.075,15.04803964022425,15.04803964022425,200,200,1.0,1.0
smc_no,SMC-NO,0.35,0.1,20.051669754515828,20.051669754515828,200,200,1.0,1.0
smc_no,SMC-NO,0.35,0.125,25.022964409667374,25.022964409667374,200,200,1.0,1.0
smc_no,SMC-NO,0.35,0.15,30.03361905068292,30.03361905068292,200,200,1.0,1.0
smc_no,SMC-NO,0.35,0.175,35.02166270972706,35.02166270972706,200,200,1.0,1.0
smc_no,SMC-NO,0.35,0.2,40.03079116364508,40.03079116364508,200,200,1.0,1.0
smc_no,SMC-NO,0.35,0.225,45.01430797406431,45.01430797406431,200,200,1.0,1.0
smc_no,SMC-NO,0.35,0.25,50.01834550149353,50.01834550149353,200,200,1.0,1.0
smc_no,SMC-NO,0.35,0.275,55.013989240599976,55.013989240599976,200,200,1.0,1.0
smc_no,SMC-NO,0.35,0.3,60.016379429851696,60.016379429851696,200,200,1.0,1.0
smc_no,SMC-NO,0.35,0.325,65.00530574168677,65.00530574168677,200,200,1.0,1.0
smc_no,SMC-NO,0.35,0.35,70.01075008388545,70.01075008388545,200,200,1.0,1.0
smc_no,SMC-NO,0.35,0.375,75.02295907306234,75.02295907306234,200,200,1.0,1.0
smc_no,SMC-NO,0.35,0.4,80.00435515003136,80.00435515003136,200,200,1.0,1.0
smc_no,SMC-NO,0.35,0.425,85.01019220914327,85.01019220914327,200,200,1.0,1.0
smc_no,SMC-NO,0.35,0.45,90.00828740211077,90.00828740211077,200,200,1.0,1.0
smc_no,SMC-NO,0.35,0.475,95.00070784166263,95.00070784166263,200,200,1.0,1.0
smc_no,SMC-NO,0.35,0.5,100.00983934614776,99.51004750863156,200,199,0.995,0.9950025733389457
smc_no,SMC-NO,0.35,0.525,105.00276639868564,99.75429426023557,200,190,0.95,0.9500158679770196
smc_no,SMC-NO,0.35,0.55,110.00586062634527,105.05497609227987,200,191,0.955,0.954994356610854
smc_no,SMC-NO,0.35,0.575,115.01585594718905,104.66714836570316,200,182,0.91,0.9100236441640044
smc_no,SMC-NO,0.35,0.6,120.00650364631618,96.60436204736753,200,161,0.805,0.8049927221617957
smc_no,SMC-NO,0.35,0.625,125.00962477163866,99.38024319873261,200,159,0.795,0.7949807335257224
smc_no,SMC-NO,0.35,0.65,130.01314400407838,96.20781368405699,200,148,0.74,0.7399852870340482
smc_no,SMC-NO,0.35,0.675,134.9977535060828,93.82853843072621,200,139,0.695,0.695037776510099
smc_no,SMC-NO,0.35,0.7,140.0085840075407,86.8039874076704,200,124,0.62,0.6199904671773214
smc_no,SMC-NO,0.35,0.725,144.99935044206734,80.48064067000675,200,111,0.555,0.5550413875968484
smc_no,SMC-NO,0.35,0.75,150.00285301367725,72.75500796476791,200,97,0.485,0.48502416122801423
smc_no,SMC-NO,0.35,0.775,155.00190074107897,73.62738286649248,200,95,0.475,0.47500954836342585
smc_no,SMC-NO,0.35,0.8,159.99999489046215,60.8034927894801,200,76,0.38,0.38002184207010054
smc_no,SMC-NO,0.35,0.825,165.01275368398288,56.9276272248123,200,69,0.345,0.3449892566112484
smc_no,SMC-NO,0.35,0.85,170.00131419950827,55.25427378228141,200,65,0.325,0.3250226272806145
smc_no,SMC-NO,0.35,0.875,175.00007754549546,52.49565426417786,200,60,0.3,0.29997503429980116
smc_no,SMC-NO,0.35,0.9,180.0023913474589,38.70278156316617,200,43,0.215,0.21501259662966438
smc_no,SMC-NO,0.35,0.925,184.99566351692567,17.577914128354458,200,19,0.095,0.0950179793092621
smc_no,SMC-NO,0.35,0.95,189.9930718296149,6.650734146949091,200,7,0.035,0.03500514036066244
smc_no,SMC-NO,0.35,0.975,194.99496080417416,0.9744786855770403,200,1,0.005,0.004997455737103234
smc_no,SMC-NO,0.45,0.025,5.126553775785154,5.126553775785154,200,200,1.0,1.0
smc_no,SMC-NO,0.45,0.05,10.069362581783587,10.069362581783587,200,200,1.0,1.0
smc_no,SMC-NO,0.45,0.075,15.035342264829888,15.035342264829888,200,200,1.0,1.0
smc_no,SMC-NO,0.45,0.1,20.03390054937,20.03390054937,200,200,1.0,1.0
smc_no,SMC-NO,0.45,0.125,25.033559070227792,25.033559070227792,200,200,1.0,1.0
smc_no,SMC-NO,0.45,0.15,30.01854175508846,30.01854175508846,200,200,1.0,1.0
smc_no,SMC-NO,0.45,0.175,35.012552708644726,35.012552708644726,200,200,1.0,1.0
smc_no,SMC-NO,0.45,0.2,40.01175033713646,40.01175033713646,200,200,1.0,1.0
smc_no,SMC-NO,0.45,0.225,45.00652457335122,45.00652457335122,200,200,1.0,1.0
smc_no,SMC-NO,0.45,0.25,50.01913004584269,50.01913004584269,200,200,1.0,1.0
smc_no,SMC-NO,0.45,0.275,55.01699618297141,55.01699618297141,200,200,1.0,1.0
smc_no,SMC-NO,0.45,0.3,60.022957959605286,60.022957959605286,200,200,1.0,1.0
smc_no,SMC-NO,0.45,0.325,65.00450508259031,65.00450508259031,200,200,1.0,1.0
smc_no,SMC-NO,0.45,0.35,70.00645988915613,70.00645988915613,200,200,1.0,1.0
smc_no,SMC-NO,0.45,0.375,75.01302637759639,75.01302637759639,200,200,1.0,1.0
smc_no,SMC-NO,0.45,0.4,80.01267422173012,80.01267422173012,200,200,1.0,1.0
smc_no,SMC-NO,0.45,0.425,85.00913911318607,85.00913911318607,200,200,1.0,1.0
smc_no,SMC-NO,0.45,0.45,90.0093000378136,90.0093000378136,200,200,1.0,1.0
smc_no,SMC-NO,0.45,0.475,95.01862818229374,94.06881469628544,200,198,0.99,0.9900039233971462
smc_no,SMC-NO,0.45,0.5,100.00626476286882,98.00564050734734,200,196,0.98,0.9799950107099261
smc_no,SMC-NO,0.45,0.525,105.01014699825596,95.55873074164792,200,182,0.91,0.909995209731827
smc_no,SMC-NO,0.45,0.55,109.99747987746603,90.74826862549801,200,165,0.825,0.8250031612232291
smc_no,SMC-NO,0.45,0.575,115.00285624021468,89.69814914587923,200,156,0.78,0.7799645337374951
smc_no,SMC-NO,0.45,0.6,119.99907713256947,83.99827945754747,200,140,0.7,0.6999910454707083
smc_no,SMC-NO,0.45,0.625,125.0060659110216,81.87779905823793,200,131,0.655,0.6549906075479405
smc_no,SMC-NO,0.45,0.65,130.0006764929461,72.14966111984924,200,111,0.555,0.554994505153703
smc_no,SMC-NO,0.45,0.675,135.00444729401696,66.83138409164637,200,99,0.495,0.4950309818023911
smc_no,SMC-NO,0.45,0.7,140.0035028138311,56.700428825314994,200,81,0.405,0.4049929300748431
smc_no,SMC-NO,0.45,0.725,144.998637909348,52.91940379010456,200,73,0.365,0.3649648338296071
smc_no,SMC-NO,0.45,0.75,150.00536855654758,48.7515047026911,200,65,0.325,0.32499839953603543
smc_no,SMC-NO,0.45,0.775,155.00112023646506,37.97497423053362,200,49,0.245,0.24499806306302907
smc_no,SMC-NO,0.45,0.8,159.99744508654936,40.00475906208715,200,50,0.25,0.25003373672902646
smc_no,SMC-NO,0.45,0.825,165.0103768614829,37.12510757209221,200,45,0.225,0.224986502535272
smc_no,SMC-NO,0.45,0.85,169.99625782129976,39.1023473076228,200,46,0.23,0.23001887105495714
smc_no,SMC-NO,0.45,0.875,175.0030044729032,25.37524063206339,200,29,0.145,0.14499888563908855
smc_no,SMC-NO,0.45,0.9,180.00596097418997,17.999378225600072,200,20,0.1,0.09999323426950789
smc_no,SMC-NO,0.45,0.925,185.0079567482784,9.250559279907801,200,10,0.05,0.050000872624597986
smc_no,SMC-NO,0.45,0.95,189.99802098378183,0.9504612567574332,200,1,0.005,0.005002479772347546
smc_no,SMC-NO,0.45,0.975,194.99633348294967,0.0,200,0,0.0,0.0
smc_no,SMC-NO,0.55,0.025,5.124474402775881,5.124474402775881,200,200,1.0,1.0
smc_no,SMC-NO,0.55,0.05,10.075352360185155,10.075352360185155,200,200,1.0,1.0
smc_no,SMC-NO,0.55,0.075,15.051404590515094,15.051404590515094,200,200,1.0,1.0
smc_no,SMC-NO,0.55,0.1,20.046714447844685,20.046714447844685,200,200,1.0,1.0
smc_no,SMC-NO,0.55,0.125,25.022651254851105,25.022651254851105,200,200,1.0,1.0
smc_no,SMC-NO,0.55,0.15,30.028692419812756,30.028692419812756,200,200,1.0,1.0
smc_no,SMC-NO,0.55,0.175,35.03076998229275,35.03076998229275,200,200,1.0,1.0
smc_no,SMC-NO,0.55,0.2,40.03677878359392,40.03677878359392,200,200,1.0,1.0
smc_no,SMC-NO,0.55,0.225,45.024463834604646,45.024463834604646,200,200,1.0,1.0
smc_no,SMC-NO,0.55,0.25,50.00736092592127,50.00736092592127,200,200,1.0,1.0
smc_no,SMC-NO,0.55,0.275,55.01789998073636,55.01789998073636,200,200,1.0,1.0
smc_no,SMC-NO,0.55,0.3,60.011900875433284,60.011900875433284,200,200,1.0,1.0
smc_no,SMC-NO,0.55,0.325,65.0226227580917,65.0226227580917,200,200,1.0,1.0
smc_no,SMC-NO,0.55,0.35,70.01954450428609,70.01954450428609,200,200,1.0,1.0
smc_no,SMC-NO,0.55,0.375,75.01086873459089,75.01086873459089,200,200,1.0,1.0
smc_no,SMC-NO,0.55,0.4,80.01962019299215,80.01962019299215,200,200,1.0,1.0
smc_no,SMC-NO,0.55,0.425,85.00102844070145,85.00102844070145,200,200,1.0,1.0
smc_no,SMC-NO,0.55,0.45,90.01945575110848,89.56950528749763,200,199,0.995,0.9950016309268199
smc_no,SMC-NO,0.55,0.475,94.99549426052512,93.56946183126469,200,197,0.985,0.984988420341816
smc_no,SMC-NO,0.55,0.5,100.01137297827644,94.01159242773609,200,188,0.94,0.9400090172560318
smc_no,SMC-NO,0.55,0.525,105.00408148415423,85.57947959698959,200,163,0.815,0.8150109823102835
smc_no,SMC-NO,0.55,0.55,110.00416822567213,81.40412175029344,200,148,0.74,0.7400094293090235
smc_no,SMC-NO,0.55,0.575,115.01208734700818,68.4303945629053,200,119,0.595,0.5949843720029258
smc_no,SMC-NO,0.55,0.6,120.00189427074436,54.605791455181006,200,91,0.455,0.45504107903481256
smc_no,SMC-NO,0.55,0.625,125.0009304695697,64.372882068792,200,103,0.515,0.5149792231703665
smc_no,SMC-NO,0.55,0.65,130.00517924267677,48.75185465803884,200,75,0.375,0.37499932650402495
smc_no,SMC-NO,0.55,0.675,135.0023642112327,39.82873552352105,200,59,0.295,0.2950225039111363
smc_no,SMC-NO,0.55,0.7,140.0088109011809,38.50488725695733,200,55,0.275,0.2750176007432441
smc_no,SMC-NO,0.55,0.725,145.0023504964728,33.35164627123114,200,46,0.23,0.2300076250973768
smc_no,SMC-NO,0.55,0.75,150.00804894368488,19.500500200075024,200,26,0.13,0.12999635911134197
smc_no,SMC-NO,0.55,0.775,155.0033784669971,25.57670511231565,200,33,0.165,0.1650074041306227
smc_no,SMC-NO,0.55,0.8,160.00840630247492,12.003765032980583,200,15,0.075,0.0750195899725983
smc_no,SMC-NO,0.55,0.825,165.010690271622,14.849839220303695,200,18,0.09,0.08999319496124501
smc_no,SMC-NO,0.55,0.85,170.00668072466885,16.154147300533772,200,19,0.095,0.09502066172738188
smc_no,SMC-NO,0.55,0.875,174.99210120215812,13.126069070932296,200,15,0.075,0.07500949460437942
smc_no,SMC-NO,0.55,0.9,180.0054526991952,3.601650509094415,200,4,0.02,0.020008563380094307
smc_no,SMC-NO,0.55,0.925,185.0101386266575,0.9238254099528734,200,1,0.005,0.004993377210624729
smc_no,SMC-NO,0.55,0.95,190.00536075974048,0.0,200,0,0.0,0.0
smc_no,SMC-NO,0.55,0.975,195.00515038158056,0.0,200,0,0.0,0.0
smc_no,SMC-NO,0.65,0.025,5.134452592646109,5.134452592646109,200,200,1.0,1.0
smc_no,SMC-NO,0.65,0.05,10.057287425516948,10.057287425516948,200,200,1.0,1.0
smc_no,SMC-NO,0.65,0.075,15.058381625752313,15.058381625752313,200,200,1.0,1.0
smc_no,SMC-NO,0.65,0.1,20.031013702646447,20.031013702646447,200,200,1.0,1.0
smc_no,SMC-NO,0.65,0.125,25.03150854858651,25.03150854858651,200,200,1.0,1.0
smc_no,SMC-NO,0.65,0.15,30.035612526129125,30.035612526129125,200,200,1.0,1.0
smc_no,SMC-NO,0.65,0.175,35.016415465709876,35.016415465709876,200,200,1.0,1.0
smc_no,SMC-NO,0.65,0.2,40.026863233060546,40.026863233060546,200,200,1.0,1.0
smc_no,SMC-NO,0.65,0.225,45.01326276709878,45.01326276709878,200,200,1.0,1.0
smc_no,SMC-NO,0.65,0.25,50.012048786003525,50.012048786003525,200,200,1.0,1.0
smc_no,SMC-NO,0.65,0.275,55.009208984565205,55.009208984565205,200,200,1.0,1.0
smc_no,SMC-NO,0.65,0.3,60.01246620859997,60.01246620859997,200,200,1.0,1.0
smc_no,SMC-NO,0.65,0.325,65.00671464422862,65.00671464422862,200,200,1.0,1.0
smc_no,SMC-NO,0.65,0.35,70.0326404833891,70.0326404833891,200,200,1.0,1.0
smc_no,SMC-NO,0.65,0.375,75.00550312322389,75.00550312322389,200,200,1.0,1.0
smc_no,SMC-NO,0.65,0.4,80.01577383118969,80.01577383118969,200,200,1.0,1.0
smc_no,SMC-NO,0.65,0.425,85.00695184333205,85.00695184333205,200,200,1.0,1.0
smc_no,SMC-NO,0.65,0.45,90.00821883745884,89.55869292575233,200,199,0.995,0.9950057237270933
smc_no,SMC-NO,0.65,0.475,95.00853512080742,88.35642479248588,200,186,0.93,0.9299840764846748
smc_no,SMC-NO,0.65,0.5,100.01679873687624,83.513895518885,200,167,0.835,0.834998685956676
smc_no,SMC-NO,0.65,0.525,105.00651451426326,68.25203372983924,200,130,0.65,0.6499790422104565
smc_no,SMC-NO,0.65,0.55,110.00876850113785,64.35581006806682,200,117,0.585,0.5850061858241888
smc_no,SMC-NO,0.65,0.575,115.0165729348894,54.6304832373167,200,95,0.475,0.4749792298910079
smc_no,SMC-NO,0.65,0.6,120.00905562133616,48.002987846854495,200,80,0.4,0.39999471371825496
smc_no,SMC-NO,0.65,0.625,125.01073330284729,37.50411599283387,200,60,0.3,0.3000071674003984
smc_no,SMC-NO,0.65,0.65,130.00467712888099,26.001800626989176,200,40,0.2,0.2000066551545074
smc_no,SMC-NO,0.65,0.675,135.01145824527242,20.926552129692677,200,31,0.155,0.15499834163464746
smc_no,SMC-NO,0.65,0.7,139.999249680852,11.902122887019203,200,17,0.085,0.08501561911332932
smc_no,SMC-NO,0.65,0.725,145.00051270253743,14.500260097086834,200,20,0.1,0.10000144017996349
smc_no,SMC-NO,0.65,0.75,149.9986545531746,10.500001797359973,200,14,0.07,0.07000063986332436
smc_no,SMC-NO,0.65,0.775,155.01264538842332,9.301399281423343,200,12,0.06,0.06000413229589327
smc_no,SMC-NO,0.65,0.8,160.00295715920288,6.399670410410984,200,8,0.04,0.03999720082700293
smc_no,SMC-NO,0.65,0.825,165.00545395123868,3.2999465917872444,200,4,0.02,0.019999015261413254
smc_no,SMC-NO,0.65,0.85,170.0075455487177,5.102614940257769,200,6,0.03,0.030014049810486523
smc_no,SMC-NO,0.65,0.875,175.00915497057053,4.374941833748691,200,5,0.025,0.02499835985428522
smc_no,SMC-NO,0.65,0.9,180.004382727982,1.7996753896225801,200,2,0.01,0.009997953173963566
smc_no,SMC-NO,0.65,0.925,185.00487003790084,1.8500212161544471,200,2,0.01,0.009999851440534752
smc_no,SMC-NO,0.65,0.95,190.0007660120894,0.0,200,0,0.0,0.0
smc_no,SMC-NO,0.65,0.975,194.991032586332,0.0,200,0,0.0,0.0
smc_no,SMC-NO,0.75,0.025,5.138373648231289,5.138373648231289,200,200,1.0,1.0
smc_no,SMC-NO,0.75,0.05,10.075334648598474,10.075334648598474,200,200,1.0,1.0
smc_no,SMC-NO,0.75,0.075,15.035916775257727,15.035916775257727,200,200,1.0,1.0
smc_no,SMC-NO,0.75,0.1,20.037829572537902,20.037829572537902,200,200,1.0,1.0
smc_no,SMC-NO,0.75,0.125,25.039632328693976,25.039632328693976,200,200,1.0,1.0
smc_no,SMC-NO,0.75,0.15,30.033260265541394,30.033260265541394,200,200,1.0,1.0
smc_no,SMC-NO,0.75,0.175,35.016746311651254,35.016746311651254,200,200,1.0,1.0
smc_no,SMC-NO,0.75,0.2,40.02253205137834,40.02253205137834,200,200,1.0,1.0
smc_no,SMC-NO,0.75,0.225,45.00906016193033,45.00906016193033,200,200,1.0,1.0
smc_no,SMC-NO,0.75,0.25,50.019641059211686,50.019641059211686,200,200,1.0,1.0
smc_no,SMC-NO,0.75,0.275,55.01708138057265,55.01708138057265,200,200,1.0,1.0
smc_no,SMC-NO,0.75,0.3,60.023040823659876,60.023040823659876,200,200,1.0,1.0
smc_no,SMC-NO,0.75,0.325,65.01500880278859,65.01500880278859,200,200,1.0,1.0
smc_no,SMC-NO,0.75,0.35,70.01551293640281,70.01551293640281,200,200,1.0,1.0
smc_no,SMC-NO,0.75,0.375,75.01851704748707,75.01851704748707,200,200,1.0,1.0
smc_no,SMC-NO,0.75,0.4,80.00882033477313,80.00882033477313,200,200,1.0,1.0
smc_no,SMC-NO,0.75,0.425,85.00933691886799,85.00933691886799,200,200,1.0,1.0
smc_no,SMC-NO,0.75,0.45,90.01886704088695,88.66831333865373,200,197,0.985,0.9849969928901706
smc_no,SMC-NO,0.75,0.475,95.00132014225218,83.12661180221941,200,175,0.875,0.8750048070673973
smc_no,SMC-NO,0.75,0.5,100.00718352558071,65.50395633988703,200,131,0.655,0.6549925118442301
smc_no,SMC-NO,0.75,0.525,105.00536339889901,53.03183648765476,200,101,0.505,0.5050393120034743
smc_no,SMC-NO,0.75,0.55,110.00820671740343,39.05105203788961,200,71,0.355,0.3549830799279059
smc_no,SMC-NO,0.75,0.575,115.00871900624622,29.899882685180295,200,52,0.26,0.2599792689070505
smc_no,SMC-NO,0.75,0.6,120.02210942566845,16.80510669753046,200,28,0.14,0.1400167583951532
smc_no,SMC-NO,0.75,0.625,125.01499618034613,13.74541523097095,200,22,0.11,0.10995013119179614
smc_no,SMC-NO,0.75,0.65,130.0128927752081,10.397786479318771,200,16,0.08,0.07997504137760025
smc_no,SMC-NO,0.75,0.675,135.0099351214667,6.7490055562212,200,10,0.05,0.04998895488801774
smc_no,SMC-NO,0.75,0.7,140.00646644264674,4.900695427986557,200,7,0.035,0.03500335057734003
smc_no,SMC-NO,0.75,0.725,145.00853159324353,3.626374533125392,200,5,0.025,0.025008008103258098
smc_no,SMC-NO,0.75,0.75,150.0068395137838,4.499934107392656,200,6,0.03,0.029998192895592385
smc_no,SMC-NO,0.75,0.775,155.00060462706108,3.098547376244688,200,4,0.02,0.019990550254303473
smc_no,SMC-NO,0.75,0.8,160.00756175183426,1.599652103224428,200,2,0.01,0.009997353160755168
smc_no,SMC-NO,0.75,0.825,164.9983607222085,3.30122974741648,200,4,0.02,0.02000765179100437
smc_no,SMC-NO,0.75,0.85,170.01241724908198,0.8501216371654842,200,1,0.005,0.005000350273944914
smc_no,SMC-NO,0.75,0.875,175.00225113255732,1.750668729936532,200,2,0.01,0.010003692630276334
smc_no,SMC-NO,0.75,0.9,180.00105704030204,0.9007629689581588,200,1,0.005,0.005004209329484543
smc_no,SMC-NO,0.75,0.925,184.99106269923914,0.0,200,0,0.0,0.0
smc_no,SMC-NO,0.75,0.95,190.00567191697283,0.0,200,0,0.0,0.0
smc_no,SMC-NO,0.75,0.975,195.00256202639815,0.0,200,0,0.0,0.0
smc_no,SMC-NO,0.85,0.025,5.13928599962228,5.13928599962228,200,200,1.0,1.0
smc_no,SMC-NO,0.85,0.05,10.069983846104202,10.069983846104202,200,200,1.0,1.0
smc_no,SMC-NO,0.85,0.075,15.044098391390154,15.044098391390154,200,200,1.0,1.0
smc_no,SMC-NO,0.85,0.1,20.03954204735892,20.03954204735892,200,200,1.0,1.0
smc_no,SMC-NO,0.85,0.125,25.026874226062308,25.026874226062308,200,200,1.0,1.0
smc_no,SMC-NO,0.85,0.15,30.029731091413485,30.029731091413485,200,200,1.0,1.0
smc_no,SMC-NO,0.85,0.175,35.026906739627,35.026906739627,200,200,1.0,1.0
smc_no,SMC-NO,0.85,0.2,40.02155451971718,40.02155451971718,200,200,1.0,1.0
smc_no,SMC-NO,0.85,0.225,45.01972009054702,45.01972009054702,200,200,1.0,1.0
smc_no,SMC-NO,0.85,0.25,50.00568378224259,50.00568378224259,200,200,1.0,1.0
smc_no,SMC-NO,0.85,0.275,55.01696463368136,55.01696463368136,200,200,1.0,1.0
smc_no,SMC-NO,0.85,0.3,60.016361502398375,60.016361502398375,200,200,1.0,1.0
smc_no,SMC-NO,0.85,0.325,65.0013929991261,65.0013929991261,200,200,1.0,1.0
smc_no,SMC-NO,0.85,0.35,70.01645307862583,70.01645307862583,200,200,1.0,1.0
smc_no,SMC-NO,0.85,0.375,75.01842557551983,75.01842557551983,200,200,1.0,1.0
smc_no,SMC-NO,0.85,0.4,79.99853754629332,79.99853754629332,200,200,1.0,1.0
smc_no,SMC-NO,0.85,0.425,85.01478467420462,85.01478467420462,200,200,1.0,1.0
smc_no,SMC-NO,0.85,0.45,90.00197485973466,85.05054885445928,200,189,0.945,0.9449853626768521
smc_no,SMC-NO,0.85,0.475,95.00426231755634,66.02440956936178,200,139,0.695,0.6949626044005478
smc_no,SMC-NO,0.85,0.5,100.01331017374903,45.00216893172049,200,90,0.45,0.4499617986200043
smc_no,SMC-NO,0.85,0.525,105.00472466850594,28.87554794283212,200,55,0.275,0.27499284469332796
smc_no,SMC-NO,0.85,0.55,110.0070064521141,19.25009916396887,200,35,0.175,0.17498975551478543
smc_no,SMC-NO,0.85,0.575,114.99593396972632,9.774166855223319,200,17,0.085,0.08499576043963827
smc_no,SMC-NO,0.85,0.6,119.99956098087642,6.000611331939355,200,10,0.05,0.050005277376770026
smc_no,SMC-NO,0.85,0.625,125.00488554577936,7.499274894773908,200,12,0.06,0.05999185441458221
smc_no,SMC-NO,0.85,0.65,129.99939239619394,4.550553899512883,200,7,0.035,0.03500442437180277
smc_no,SMC-NO,0.85,0.675,135.00998452721964,1.349698233226623,200,2,0.01,0.009997025315964742
smc_no,SMC-NO,0.85,0.7,139.99887975420077,1.4000194297224882,200,2,0.01,0.010000218803039954
smc_no,SMC-NO,0.85,0.725,145.01298486506562,1.4502362267174167,200,2,0.01,0.010000733576147402
smc_no,SMC-NO,0.85,0.75,149.99579265224355,1.4989890546681748,200,2,0.01,0.009993540673127365
smc_no,SMC-NO,0.85,0.775,154.99910127693283,0.0,200,0,0.0,0.0
smc_no,SMC-NO,0.85,0.8,160.0097664650848,0.0,200,0,0.0,0.0
smc_no,SMC-NO,0.85,0.825,165.00155844435173,0.0,200,0,0.0,0.0
smc_no,SMC-NO,0.85,0.85,170.0056007051013,0.8500290983435083,200,1,0.005,0.005000006439893729
smc_no,SMC-NO,0.85,0.875,175.00905603113486,0.0,200,0,0.0,0.0
smc_no,SMC-NO,0.85,0.9,180.00272165484137,0.0,200,0,0.0,0.0
smc_no,SMC-NO,0.85,0.925,185.00539039181373,0.0,200,0,0.0,0.0
smc_no,SMC-NO,0.85,0.95,190.01041283334737,0.0,200,0,0.0,0.0
smc_no,SMC-NO,0.85,0.975,195.01055103857462,0.0,200,0,0.0,0.0
smc_no,SMC-NO,0.95,0.025,5.128455953251271,5.128455953251271,200,200,1.0,1.0
smc_no,SMC-NO,0.95,0.05,10.071211200156005,10.071211200156005,200,200,1.0,1.0
smc_no,SMC-NO,0.95,0.075,15.0416729425136,15.0416729425136,200,200,1.0,1.0
smc_no,SMC-NO,0.95,0.1,20.044912572932674,20.044912572932674,200,200,1.0,1.0
smc_no,SMC-NO,0.95,0.125,25.025488037708698,25.025488037708698,200,200,1.0,1.0
smc_no,SMC-NO,0.95,0.15,30.031469939889888,30.031469939889888,200,200,1.0,1.0
smc_no,SMC-NO,0.95,0.175,35.018460316683324,35.018460316683324,200,200,1.0,1.0
smc_no,SMC-NO,0.95,0.2,40.015365440842345,40.015365440842345,200,200,1.0,1.0
smc_no,SMC-NO,0.95,0.225,45.01010456604076,45.01010456604076,200,200,1.0,1.0
smc_no,SMC-NO,0.95,0.25,50.012716779822625,50.012716779822625,200,200,1.0,1.0
smc_no,SMC-NO,0.95,0.275,55.01715187339122,55.01715187339122,200,200,1.0,1.0
smc_no,SMC-NO,0.95,0.3,60.00715607080882,60.00715607080882,200,200,1.0,1.0
smc_no,SMC-NO,0.95,0.325,65.01073443818066,65.01073443818066,200,200,1.0,1.0
smc_no,SMC-NO,0.95,0.35,70.00850127011198,70.00850127011198,200,200,1.0,1.0
smc_no,SMC-NO,0.95,0.375,75.0089620684588,75.0089620684588,200,200,1.0,1.0
smc_no,SMC-NO,0.95,0.4,80.01199210299862,80.01199210299862,200,200,1.0,1.0
smc_no,SMC-NO,0.95,0.425,85.00803248818757,85.00803248818757,200,200,1.0,1.0
smc_no,SMC-NO,0.95,0.45,90.00974883523592,81.90703488906715,200,182,0.91,0.9099795960879649
smc_no,SMC-NO,0.95,0.475,95.00487325861859,41.32732596629482,200,87,0.435,0.43500216934972563
smc_no,SMC-NO,0.95,0.5,100.01240147662162,14.003309770931537,200,28,0.14,0.14001573369083511
smc_no,SMC-NO,0.95,0.525,105.00505524266907,4.202056648334363,200,8,0.04,0.04001766046999656
smc_no,SMC-NO,0.95,0.55,110.01904494504704,3.8501166221462517,200,7,0.035,0.03499500131153956
smc_no,SMC-NO,0.95,0.575,115.00358974063548,3.4490959107608674,200,6,0.03,0.02999120217498881
smc_no,SMC-NO,0.95,0.6,120.00536340051129,1.2006493920076124,200,2,0.01,0.010004964428135693
smc_no,SMC-NO,0.95,0.625,125.00099330385275,0.0,200,0,0.0,0.0
smc_no,SMC-NO,0.95,0.65,130.0055551635547,0.0,200,0,0.0,0.0
smc_no,SMC-NO,0.95,0.675,135.0025802742666,1.3500308892219,200,2,0.01,0.010000037676903831
smc_no,SMC-NO,0.95,0.7,140.01142425910413,0.0,200,0,0.0,0.0
smc_no,SMC-NO,0.95,0.725,145.00520402881588,0.0,200,0,0.0,0.0
smc_no,SMC-NO,0.95,0.75,150.0053593993614,0.0,200,0,0.0,0.0
smc_no,SMC-NO,0.95,0.775,155.0142160304908,0.0,200,0,0.0,0.0
smc_no,SMC-NO,0.95,0.8,160.00619247406277,0.0,200,0,0.0,0.0
smc_no,SMC-NO,0.95,0.825,165.00181826459195,0.0,200,0,0.0,0.0
smc_no,SMC-NO,0.95,0.85,170.00984350513855,0.0,200,0,0.0,0.0
smc_no,SMC-NO,0.95,0.875,175.0143836168909,0.0,200,0,0.0,0.0
smc_no,SMC-NO,0.95,0.9,179.99403344312117,0.0,200,0,0.0,0.0
smc_no,SMC-NO,0.95,0.925,185.00154613393755,0.0,200,0,0.0,0.0
smc_no,SMC-NO,0.95,0.95,190.00589407322687,0.0,200,0,0.0,0.0
smc_no,SMC-NO,0.95,0.975,194.999957006212,0.0,200,0,0.0,0.0
ub_hl,UB-H&L,0.05,0.025,5.150775154323688,5.150775154323688,200,200,1.0,1.0
ub_hl,UB-H&L,0.05,0.05,10.07356157320267,10.07356157320267,200,200,1.0,1.0
ub_hl,UB-H&L,0.05,0.075,15.0434043963246,15.0434043963246,200,200,1.0,1.0
ub_hl,UB-H&L,0.05,0.1,20.033434849724042,20.033434849724042,200,200,1.0,1.0
ub_hl,UB-H&L,0.05,0.125,25.028879158423397,25.028879158423397,200,200,1.0,1.0
ub_hl,UB-H&L,0.05,0.15,30.03550192819835,30.03550192819835,200,200,1.0,1.0
ub_hl,UB-H&L,0.05,0.175,35.0207482666908,35.0207482666908,200,200,1.0,1.0
ub_hl,UB-H&L,0.05,0.2,40.01291481185509,40.01291481185509,200,200,1.0,1.0
ub_hl,UB-H&L,0.05,0.225,45.01771047158208,45.01771047158208,200,200,1.0,1.0
ub_hl,UB-H&L,0.05,0.25,50.01110616187902,50.01110616187902,200,200,1.0,1.0
ub_hl,UB-H&L,0.05,0.275,55.01374912511959,55.01374912511959,200,200,1.0,1.0
ub_hl,UB-H&L,0.05,0.3,60.01498862925155,60.01498862925155,200,200,1.0,1.0
ub_hl,UB-H&L,0.05,0.325,65.0155689397196,65.0155689397196,200,200,1.0,1.0
ub_hl,UB-H&L,0.05,0.35,70.01916245631176,70.01916245631176,200,200,1.0,1.0
ub_hl,UB-H&L,0.05,0.375,75.01429470481146,75.01429470481146,200,200,1.0,1.0
ub_hl,UB-H&L,0.05,0.4,80.01035417787244,80.01035417787244,200,200,1.0,1.0
ub_hl,UB-H&L,0.05,0.425,85.00718233545614,85.00718233545614,200,200,1.0,1.0
ub_hl,UB-H&L,0.05,0.45,90.01395769955089,90.01395769955089,200,200,1.0,1.0
ub_hl,UB-H&L,0.05,0.475,95.00575932667381,95.00575932667381,200,200,1.0,1.0
ub_hl,UB-H&L,0.05,0.5,100.01498087861673,100.01498087861673,200,200,1.0,1.0
ub_hl,UB-H&L,0.05,0.525,105.01841577701121,105.01841577701121,200,200,1.0,1.0
ub_hl,UB-H&L,0.05,0.55,110.00496092811977,110.00496092811977,200,200,1.0,1.0
ub_hl,UB-H&L,0.05,0.575,115.00983799283794,115.00983799283794,200,200,1.0,1.0
ub_hl,UB-H&L,0.05,0.6,120.01179642897297,120.01179642897297,200,200,1.0,1.0
ub_hl,UB-H&L,0.05,0.625,125.01201884481794,125.01201884481794,200,200,1.0,1.0
ub_hl,UB-H&L,0.05,0.65,129.99880651097772,129.99880651097772,200,200,1.0,1.0
ub_hl,UB-H&L,0.05,0.675,135.00566887028583,135.00566887028583,200,200,1.0,1.0
ub_hl,UB-H&L,0.05,0.7,140.01085780267155,140.01085780267155,200,200,1.0,1.0
ub_hl,UB-H&L,0.05,0.725,145.00330748260743,145.00330748260743,200,200,1.0,1.0
ub_hl,UB-H&L,0.05,0.75,149.99880840634685,149.99880840634685,200,200,1.0,1.0
ub_hl,UB-H&L,0.05,0.775,155.00410862662332,155.00410862662332,200,200,1.0,1.0
ub_hl,UB-H&L,0.05,0.8,159.9963870813707,159.9963870813707,200,200,1.0,1.0
ub_hl,UB-H&L,0.05,0.825,165.0089074783576,165.0089074783576,200,200,1.0,1.0
ub_hl,UB-H&L,0.05,0.85,170.00517541628386,170.00517541628386,200,200,1.0,1.0
ub_hl,UB-H&L,0.05,0.875,175.01398167579455,168.0138438154824,200,192,0.96,0.9600024078460223
ub_hl,UB-H&L,0.05,0.9,180.0008036048297,161.10157179233377,200,179,0.895,0.8950047364566941
ub_hl,UB-H&L,0.05,0.925,185.0008705874767,106.373179883997,200,115,0.575,0.5749874557141557
ub_hl,UB-H&L,0.05,0.95,189.99766182501563,40.84304286672657,200,43,0.215,0.21496602892062044
ub_hl,UB-H&L,0.05,0.975,194.99701792278387,3.9010083097132116,200,4,0.02,0.02000547675686998
ub_hl,UB-H&L,0.15,0.025,5.133075019022422,5.133075019022422,200,200,1.0,1.0
ub_hl,UB-H&L,0.15,0.05,10.064032423590758,10.064032423590758,200,200,1.0,1.0
ub_hl,UB-H&L,0.15,0.075,15.043832593327416,15.043832593327416,200,200,1.0,1.0
ub_hl,UB-H&L,0.15,0.1,20.04896671567419,20.04896671567419,200,200,1.0,1.0
ub_hl,UB-H&L,0.15,0.125,25.034283799570023,25.034283799570023,200,200,1.0,1.0
ub_hl,UB-H&L,0.15,0.15,30.026106068640118,30.026106068640118,200,200,1.0,1.0
ub_hl,UB-H&L,0.15,0.175,35.01678966234951,35.01678966234951,200,200,1.0,1.0
ub_hl,UB-H&L,0.15,0.2,40.01427295929859,40.01427295929859,200,200,1.0,1.0
ub_hl,UB-H&L,0.15,0.225,45.008695167739,45.008695167739,200,200,1.0,1.0
ub_hl,UB-H&L,0.15,0.25,50.02157952417979,50.02157952417979,200,200,1.0,1.0
ub_hl,UB-H&L,0.15,0.275,55.001586640933056,55.001586640933056,200,200,1.0,1.0
ub_hl,UB-H&L,0.15,0.3,60.0105721754941,60.0105721754941,200,200,1.0,1.0
ub_hl,UB-H&L,0.15,0.325,65.00865875556394,65.00865875556394,200,200,1.0,1.0
ub_hl,UB-H&L,0.15,0.35,70.02134275002804,70.02134275002804,200,200,1.0,1.0
ub_hl,UB-H&L,0.15,0.375,75.0068434500792,75.0068434500792,200,200,1.0,1.0
ub_hl,UB-H&L,0.15,0.4,79.99985223088021,79.99985223088021,200,200,1.0,1.0
ub_hl,UB-H&L,0.15,0.425,85.01396523835977,85.01396523835977,200,200,1.0,1.0
ub_hl,UB-H&L,0.15,0.45,90.00369872569703,90.00369872569703,200,200,1.0,1.0
ub_hl,UB-H&L,0.15,0.475,95.01131444738856,95.01131444738856,200,200,1.0,1.0
ub_hl,UB-H&L,0.15,0.5,99.99539908242073,99.99539908242073,200,200,1.0,1.0
ub_hl,UB-H&L,0.15,0.525,105.01238711880423,105.01238711880423,200,200,1.0,1.0
ub_hl,UB-H&L,0.15,0.55,110.00778426632338,110.00778426632338,200,200,1.0,1.0
ub_hl,UB-H&L,0.15,0.575,115.00905854506904,115.00905854506904,200,200,1.0,1.0
ub_hl,UB-H&L,0.15,0.6,119.99622963446068,119.99622963446068,200,200,1.0,1.0
ub_hl,UB-H&L,0.15,0.625,125.00826252404102,125.00826252404102,200,200,1.0,1.0
ub_hl,UB-H&L,0.15,0.65,130.00988743741223,130.00988743741223,200,200,1.0,1.0
ub_hl,UB-H&L,0.15,0.675,135.00577853861085,135.00577853861085,200,200,1.0,1.0
ub_hl,UB-H&L,0.15,0.7,140.00391398281565,140.00391398281565,200,200,1.0,1.0
ub_hl,UB-H&L,0.15,0.725,145.00152034732412,145.00152034732412,200,200,1.0,1.0
ub_hl,UB-H&L,0.15,0.75,150.01220687200035,150.01220687200035,200,200,1.0,1.0
ub_hl,UB-H&L,0.15,0.775,155.0019814655053,155.0019814655053,200,200,1.0,1.0
ub_hl,UB-H&L,0.15,0.8,160.01021129713106,160.01021129713106,200,200,1.0,1.0
ub_hl,UB-H&L,0.15,0.825,165.00429107495765,164.17909619328705,200,199,0.995,0.9949989489588744
ub_hl,UB-H&L,0.15,0.85,170.0092104679443,168.309538278941,200,198,0.99,0.9900024699583921
ub_hl,UB-H&L,0.15,0.875,175.00963666037407,167.13502612993994,200,191,0.955,0.9550047032797646
ub_hl,UB-H&L,0.15,0.9,180.01119035103036,162.008103416516,200,180,0.9,0.8999890679051259
ub_hl,UB-H&L,0.15,0.925,185.001385115156,108.21939601411269,200,117,0.585,0.5849653284852457
ub_hl,UB-H&L,0.15,0.95,189.99050705014633,32.297117525141374,200,34,0.17,0.16999332243803544
ub_hl,UB-H&L,0.15,0.975,195.00609973849208,0.0,200,0,0.0,0.0
ub_hl,UB-H&L,0.25,0.025,5.1322712080672455,5.1322712080672455,200,200,1.0,1.0
ub_hl,UB-H&L,0.25,0.05,10.071514649778374,10.071514649778374,200,200,1.0,1.0
ub_hl,UB-H&L,0.25,0.075,15.045002782388526,15.045002782388526,200,200,1.0,1.0
ub_hl,UB-H&L,0.25,0.1,20.022201245791617,20.022201245791617,200,200,1.0,1.0
ub_hl,UB-H&L,0.25,0.125,25.03017249781412,25.03017249781412,200,200,1.0,1.0
ub_hl,UB-H&L,0.25,0.15,30.021263333263633,30.021263333263633,200,200,1.0,1.0
ub_hl,UB-H&L,0.25,0.175,35.01151134600201,35.01151134600201,200,200,1.0,1.0
ub_hl,UB-H&L,0.25,0.2,40.02693585497304,40.02693585497304,200,200,1.0,1.0
ub_hl,UB-H&L,0.25,0.225,45.01656476839699,45.01656476839699,200,200,1.0,1.0
ub_hl,UB-H&L,0.25,0.25,50.01928028438367,50.01928028438367,200,200,1.0,1.0
ub_hl,UB-H&L,0.25,0.275,55.00885528028769,55.00885528028769,200,200,1.0,1.0
ub_hl,UB-H&L,0.25,0.3,60.0158736473339,60.0158736473339,200,200,1.0,1.0
ub_hl,UB-H&L,0.25,0.325,65.01640693405453,65.01640693405453,200,200,1.0,1.0
ub_hl,UB-H&L,0.25,0.35,70.00620176135585,70.00620176135585,200,200,1.0,1.0
ub_hl,UB-H&L,0.25,0.375,75.02164626155816,75.02164626155816,200,200,1.0,1.0
ub_hl,UB-H&L,0.25,0.4,80.01148416633471,80.01148416633471,200,200,1.0,1.0
ub_hl,UB-H&L,0.25,0.425,85.00793804439452,85.00793804439452,200,200,1.0,1.0
ub_hl,UB-H&L,0.25,0.45,90.01854956692674,90.01854956692674,200,200,1.0,1.0
ub_hl,UB-H&L,0.25,0.475,95.0066191984433,95.0066191984433,200,200,1.0,1.0
ub_hl,UB-H&L,0.25,0.5,100.00816184135975,100.00816184135975,200,200,1.0,1.0
ub_hl,UB-H&L,0.25,0.525,105.00111211090709,105.00111211090709,200,200,1.0,1.0
ub_hl,UB-H&L,0.25,0.55,110.00336420461748,110.00336420461748,200,200,1.0,1.0
ub_hl,UB-H&L,0.25,0.575,115.00689301199115,115.00689301199115,200,200,1.0,1.0
ub_hl,UB-H&L,0.25,0.6,120.01025171539915,120.01025171539915,200,200,1.0,1.0
ub_hl,UB-H&L,0.25,0.625,125.00035860001758,125.00035860001758,200,200,1.0,1.0
ub_hl,UB-H&L,0.25,0.65,130.00776760397898,130.00776760397898,200,200,1.0,1.0
ub_hl,UB-H&L,0.25,0.675,135.00960278567936,135.00960278567936,200,200,1.0,1.0
ub_hl,UB-H&L,0.25,0.7,140.00309804117296,140.00309804117296,200,200,1.0,1.0
ub_hl,UB-H&L,0.25,0.725,145.00529227886912,142.830372983667,200,197,0.985,0.9850011040216422
ub_hl,UB-H&L,0.25,0.75,150.00466425500338,149.25496436265064,200,199,0.995,0.9950021561257704
ub_hl,UB-H&L,0.25,0.775,155.00909580401375,152.68379448139828,200,197,0.985,0.9849989362846456
ub_hl,UB-H&L,0.25,0.8,160.01232576670694,157.612407634279,200,197,0.985,0.9850016670845286
ub_hl,UB-H&L,0.25,0.825,165.00066882247498,161.700769649491,200,196,0.98,0.9800006921394098
ub_hl,UB-H&L,0.25,0.85,169.99530903468138,166.59544472244283,200,196,0.98,0.980000246291826
ub_hl,UB-H&L,0.25,0.875,174.99284691511403,162.7464814597534,200,186,0.93,0.930017908324555
ub_hl,UB-H&L,0.25,0.9,179.9981223988979,147.60199827974662,200,164,0.82,0.8200196552753062
ub_hl,UB-H&L,0.25,0.925,185.002013321288,108.21956434718574,200,117,0.585,0.5849642520335373
ub_hl,UB-H&L,0.25,0.95,190.0220848347882,34.20674792119043,200,36,0.18,0.18001459120360122
ub_hl,UB-H&L,0.25,0.975,195.01091945254603,1.9495947364176434,200,2,0.01,0.009997361901019382
ub_hl,UB-H&L,0.35,0.025,5.1338077926639,5.1338077926639,200,200,1.0,1.0
ub_hl,UB-H&L,0.35,0.05,10.073996898137175,10.073996898137175,200,200,1.0,1.0
ub_hl,UB-H&L,0.35,0.075,15.04803964022425,15.04803964022425,200,200,1.0,1.0
ub_hl,UB-H&L,0.35,0.1,20.051669754515828,20.051669754515828,200,200,1.0,1.0
ub_hl,UB-H&L,0.35,0.125,25.022964409667374,25.022964409667374,200,200,1.0,1.0
ub_hl,UB-H&L,0.35,0.15,30.03361905068292,30.03361905068292,200,200,1.0,1.0
ub_hl,UB-H&L,0.35,0.175,35.02166270972706,35.02166270972706,200,200,1.0,1.0
ub_hl,UB-H&L,0.35,0.2,40.03079116364508,40.03079116364508,200,200,1.0,1.0
ub_hl,UB-H&L,0.35,0.225,45.01430797406431,45.01430797406431,200,200,1.0,1.0
ub_hl,UB-H&L,0.35,0.25,50.01834550149353,50.01834550149353,200,200,1.0,1.0
ub_hl,UB-H&L,0.35,0.275,55.013989240599976,55.013989240599976,200,200,1.0,1.0
ub_hl,UB-H&L,0.35,0.3,60.016379429851696,60.016379429851696,200,200,1.0,1.0
ub_hl,UB-H&L,0.35,0.325,65.00530574168677,65.00530574168677,200,200,1.0,1.0
ub_hl,UB-H&L,0.35,0.35,70.01075008388545,70.01075008388545,200,200,1.0,1.0
ub_hl,UB-H&L,0.35,0.375,75.02295907306234,75.02295907306234,200,200,1.0,1.0
ub_hl,UB-H&L,0.35,0.4,80.00435515003136,80.00435515003136,200,200,1.0,1.0
ub_hl,UB-H&L,0.35,0.425,85.01019220914327,85.01019220914327,200,200,1.0,1.0
ub_hl,UB-H&L,0.35,0.45,90.00828740211077,90.00828740211077,200,200,1.0,1.0
ub_hl,UB-H&L,0.35,0.475,95.00070784166263,95.00070784166263,200,200,1.0,1.0
ub_hl,UB-H&L,0.35,0.5,100.00983934614776,100.00983934614776,200,200,1.0,1.0
ub_hl,UB-H&L,0.35,0.525,105.00276639868564,105.00276639868564,200,200,1.0,1.0
ub_hl,UB-H&L,0.35,0.55,110.00586062634527,110.00586062634527,200,200,1.0,1.0
ub_hl,UB-H&L,0.35,0.575,115.01585594718905,115.01585594718905,200,200,1.0,1.0
ub_hl,UB-H&L,0.35,0.6,120.00650364631618,119.40658461088752,200,199,0.995,0.9950009456387735
ub_hl,UB-H&L,0.35,0.625,125.00962477163866,124.38463152605394,200,199,0.995,0.9950004389923862
ub_hl,UB-H&L,0.35,0.65,130.01314400407838,129.3632191966631,200,199,0.995,0.9950010838335323
ub_hl,UB-H&L,0.35,0.675,134.9977535060828,132.97295943011042,200,197,0.985,0.9850012757739621
ub_hl,UB-H&L,0.35,0.7,140.0085840075407,137.9079603272494,200,197,0.985,0.984996465072612
ub_hl,UB-H&L,0.35,0.725,144.99935044206734,140.6504497469224,200,194,0.97,0.9700074470548576
ub_hl,UB-H&L,0.35,0.75,150.00285301367725,147.0030779936395,200,196,0.98,0.9800018802324764
ub_hl,UB-H&L,0.35,0.775,155.00190074107897,146.47676399113107,200,189,0.945,0.9449997922013317
ub_hl,UB-H&L,0.35,0.8,159.99999489046215,152.0009148736441,200,190,0.95,0.9500057482983402
ub_hl,UB-H&L,0.35,0.825,165.01275368398288,151.81279446160107,200,184,0.92,0.9200064302444092
ub_hl,UB-H&L,0.35,0.85,170.00131419950827,153.00001235872094,200,180,0.9,0.8999931152247733
ub_hl,UB-H&L,0.35,0.875,175.00007754549546,150.50292117379638,200,172,0.86,0.8600163113337452
ub_hl,UB-H&L,0.35,0.9,180.0023913474589,135.0019279978135,200,150,0.75,0.7500007471412925
ub_hl,UB-H&L,0.35,0.925,184.99566351692567,98.04703411426793,200,106,0.53,0.5299963915386449
ub_hl,UB-H&L,0.35,0.95,189.9930718296149,41.797338083072496,200,44,0.22,0.21999401178457811
ub_hl,UB-H&L,0.35,0.975,194.99496080417416,4.8733909901425285,200,5,0.025,0.024992394521603484
ub_hl,UB-H&L,0.45,0.025,5.126553775785154,5.126553775785154,200,200,1.0,1.0
ub_hl,UB-H&L,0.45,0.05,10.069362581783587,10.069362581783587,200,200,1.0,1.0
ub_hl,UB-H&L,0.45,0.075,15.035342264829888,15.035342264829888,200,200,1.0,1.0
ub_hl,UB-H&L,0.45,0.1,20.03390054937,20.03390054937,200,200,1.0,1.0
ub_hl,UB-H&L,0.45,0.125,25.033559070227792,25.033559070227792,200,200,1.0,1.0
ub_hl,UB-H&L,0.45,0.15,30.01854175508846,30.01854175508846,200,200,1.0,1.0
ub_hl,UB-H&L,0.45,0.175,35.012552708644726,35.012552708644726,200,200,1.0,1.0
ub_hl,UB-H&L,0.45,0.2,40.01175033713646,40.01175033713646,200,200,1.0,1.0
ub_hl,UB-H&L,0.45,0.225,45.00652457335122,45.00652457335122,200,200,1.0,1.0
ub_hl,UB-H&L,0.45,0.25,50.01913004584269,50.01913004584269,200,200,1.0,1.0
ub_hl,UB-H&L,0.45,0.275,55.01699618297141,55.01699618297141,200,200,1.0,1.0
ub_hl,UB-H&L,0.45,0.3,60.022957959605286,60.022957959605286,200,200,1.0,1.0
ub_hl,UB-H&L,0.45,0.325,65.00450508259031,65.00450508259031,200,200,1.0,1.0
ub_hl,UB-H&L,0.45,0.35,70.00645988915613,70.00645988915613,200,200,1.0,1.0
ub_hl,UB-H&L,0.45,0.375,75.01302637759639,75.01302637759639,200,200,1.0,1.0
ub_hl,UB-H&L,0.45,0.4,80.01267422173012,80.01267422173012,200,200,1.0,1.0
ub_hl,UB-H&L,0.45,0.425,85.00913911318607,85.00913911318607,200,200,1.0,1.0
ub_hl,UB-H&L,0.45,0.45,90.0093000378136,90.0093000378136,200,200,1.0,1.0
ub_hl,UB-H&L,0.45,0.475,95.01862818229374,95.01862818229374,200,200,1.0,1.0
ub_hl,UB-H&L,0.45,0.5,100.00626476286882,100.00626476286882,200,200,1.0,1.0
ub_hl,UB-H&L,0.45,0.525,105.01014699825596,104.48535772772645,200,199,0.995,0.9950024898971123
ub_hl,UB-H&L,0.45,0.55,109.99747987746603,108.89708649700111,200,198,0.99,0.9899961946247248
ub_hl,UB-H&L,0.45,0.575,115.00285624021468,113.85194719602706,200,198,0.99,0.9899923438268033
ub_hl,UB-H&L,0.45,0.6,119.99907713256947,116.39930125317325,200,194,0.97,0.9700016369674297
ub_hl,UB-H&L,0.45,0.625,125.0060659110216,119.37965420436376,200,191,0.955,0.9549908905167637
ub_hl,UB-H&L,0.45,0.65,130.0006764929461,124.15257106085404,200,191,0.955,0.955014807692871
ub_hl,UB-H&L,0.45,0.675,135.00444729401696,125.55486227866356,200,186,0.93,0.9300053797874245
ub_hl,UB-H&L,0.45,0.7,140.0035028138311,123.90680446451091,200,177,0.885,0.8850264598684743
ub_hl,UB-H&L,0.45,0.725,144.998637909348,130.49890892614107,200,180,0.9,0.9000009297172016
ub_hl,UB-H&L,0.45,0.75,150.00536855654758,136.50362278226675,200,182,0.91,0.9099915829399727
ub_hl,UB-H&L,0.45,0.775,155.00112023646506,131.74878577125224,200,170,0.85,0.8499860231349312
ub_hl,UB-H&L,0.45,0.8,159.99744508654936,136.79673368996376,200,171,0.855,0.8549932382730526
ub_hl,UB-H&L,0.45,0.825,165.0103768614829,125.41027987292571,200,152,0.76,0.760014504895051
ub_hl,UB-H&L,0.45,0.85,169.99625782129976,127.49664875119707,200,150,0.75,0.7499967963131381
ub_hl,UB-H&L,0.45,0.875,175.0030044729032,118.9979617360401,200,136,0.68,0.6799766786544815
ub_hl,UB-H&L,0.45,0.9,180.00596097418997,104.39907338132865,200,116,0.58,0.5799756453415331
ub_hl,UB-H&L,0.45,0.925,185.0079567482784,75.8507914648568,200,82,0.41,0.4099866448882482
ub_hl,UB-H&L,0.45,0.95,189.99802098378183,26.597427368677714,200,28,0.14,0.1399879179317771
ub_hl,UB-H&L,0.45,0.975,194.99633348294967,0.9748050539026808,200,1,0.005,0.0049990942726516295
ub_hl,UB-H&L,0.55,0.025,5.124474402775881,5.124474402775881,200,200,1.0,1.0
ub_hl,UB-H&L,0.55,0.05,10.075352360185155,10.075352360185155,200,200,1.0,1.0
ub_hl,UB-H&L,0.55,0.075,15.051404590515094,15.051404590515094,200,200,1.0,1.0
ub_hl,UB-H&L,0.55,0.1,20.046714447844685,20.046714447844685,200,200,1.0,1.0
ub_hl,UB-H&L,0.55,0.125,25.022651254851105,25.022651254851105,200,200,1.0,1.0
ub_hl,UB-H&L,0.55,0.15,30.028692419812756,30.028692419812756,200,200,1.0,1.0
ub_hl,UB-H&L,0.55,0.175,35.03076998229275,35.03076998229275,200,200,1.0,1.0
ub_hl,UB-H&L,0.55,0.2,40.03677878359392,40.03677878359392,200,200,1.0,1.0
ub_hl,UB-H&L,0.55,0.225,45.024463834604646,45.024463834604646,200,200,1.0,1.0
ub_hl,UB-H&L,0.55,0.25,50.00736092592127,50.00736092592127,200,200,1.0,1.0
ub_hl,UB-H&L,0.55,0.275,55.01789998073636,55.01789998073636,200,200,1.0,1.0
ub_hl,UB-H&L,0.55,0.3,60.011900875433284,60.011900875433284,200,200,1.0,1.0
ub_hl,UB-H&L,0.55,0.325,65.0226227580917,65.0226227580917,200,200,1.0,1.0
ub_hl,UB-H&L,0.55,0.35,70.01954450428609,70.01954450428609,200,200,1.0,1.0
ub_hl,UB-H&L,0.55,0.375,75.01086873459089,75.01086873459089,200,200,1.0,1.0
ub_hl,UB-H&L,0.55,0.4,80.01962019299215,80.01962019299215,200,200,1.0,1.0
ub_hl,UB-H&L,0.55,0.425,85.00102844070145,85.00102844070145,200,200,1.0,1.0
ub_hl,UB-H&L,0.55,0.45,90.01945575110848,90.01945575110848,200,200,1.0,1.0
ub_hl,UB-H&L,0.55,0.475,94.99549426052512,94.99549426052512,200,200,1.0,1.0
ub_hl,UB-H&L,0.55,0.5,100.01137297827644,100.01137297827644,200,200,1.0,1.0
ub_hl,UB-H&L,0.55,0.525,105.00408148415423,103.95386774861355,200,198,0.99,0.9899983532002119
ub_hl,UB-H&L,0.55,0.55,110.00416822567213,106.70285406222756,200,194,0.97,0.9699891902580275
ub_hl,UB-H&L,0.55,0.575,115.01208734700818,109.26078127623373,200,190,0.95,0.9499938988723687
ub_hl,UB-H&L,0.55,0.6,120.00189427074436,110.40283397075649,200,184,0.92,0.9200090935370505
ub_hl,UB-H&L,0.55,0.625,125.0009304695697,115.62441651879095,200,185,0.925,0.9249884467615114
ub_hl,UB-H&L,0.55,0.65,130.00517924267677,113.75538911551259,200,175,0.875,0.8750065941847502
ub_hl,UB-H&L,0.55,0.675,135.0023642112327,106.65157848519345,200,158,0.79,0.789997857506555
ub_hl,UB-H&L,0.55,0.7,140.0088109011809,109.90656411218177,200,157,0.785,0.7849974826923893
ub_hl,UB-H&L,0.55,0.725,145.0023504964728,107.30232077469901,200,148,0.74,0.7400040096405828
ub_hl,UB-H&L,0.55,0.75,150.00804894368488,97.50496623723431,200,130,0.65,0.6499982295872606
ub_hl,UB-H&L,0.55,0.775,155.0033784669971,95.31993164856686,200,123,0.615,0.614953897078199
ub_hl,UB-H&L,0.55,0.8,160.00840630247492,91.20672675815636,200,114,0.57,0.570012094150491
ub_hl,UB-H&L,0.55,0.825,165.010690271622,91.58478734747861,200,111,0.555,0.5550233575577561
ub_hl,UB-H&L,0.55,0.85,170.00668072466885,83.31134698506868,200,98,0.49,0.490047488898357
ub_hl,UB-H&L,0.55,0.875,174.99210120215812,74.37175466898618,200,85,0.425,0.4250006380749086
ub_hl,UB-H&L,0.55,0.9,180.0054526991952,56.70643256863207,200,63,0.315,0.3150261934753358
ub_hl,UB-H&L,0.55,0.925,185.0101386266575,45.3292091815515,200,49,0.245,0.24500932499177192
ub_hl,UB-H&L,0.55,0.95,190.00536075974048,9.49609288163135,200,10,0.05,0.049978026112847664
ub_hl,UB-H&L,0.55,0.975,195.00515038158056,1.9506403613773862,200,2,0.01,0.01000301970261005
ub_hl,UB-H&L,0.65,0.025,5.134452592646109,5.134452592646109,200,200,1.0,1.0
ub_hl,UB-H&L,0.65,0.05,10.057287425516948,10.057287425516948,200,200,1.0,1.0
ub_hl,UB-H&L,0.65,0.075,15.058381625752313,15.058381625752313,200,200,1.0,1.0
ub_hl,UB-H&L,0.65,0.1,20.031013702646447,20.031013702646447,200,200,1.0,1.0
ub_hl,UB-H&L,0.65,0.125,25.03150854858651,25.03150854858651,200,200,1.0,1.0
ub_hl,UB-H&L,0.65,0.15,30.035612526129125,30.035612526129125,200,200,1.0,1.0
ub_hl,UB-H&L,0.65,0.175,35.016415465709876,35.016415465709876,200,200,1.0,1.0
ub_hl,UB-H&L,0.65,0.2,40.026863233060546,40.026863233060546,200,200,1.0,1.0
ub_hl,UB-H&L,0.65,0.225,45.01326276709878,45.01326276709878,200,200,1.0,1.0
ub_hl,UB-H&L,0.65,0.25,50.012048786003525,50.012048786003525,200,200,1.0,1.0
ub_hl,UB-H&L,0.65,0.275,55.009208984565205,55.009208984565205,200,200,1.0,1.0
ub_hl,UB-H&L,0.65,0.3,60.01246620859997,60.01246620859997,200,200,1.0,1.0
ub_hl,UB-H&L,0.65,0.325,65.00671464422862,65.00671464422862,200,200,1.0,1.0
ub_hl,UB-H&L,0.65,0.35,70.0326404833891,70.0326404833891,200,200,1.0,1.0
ub_hl,UB-H&L,0.65,0.375,75.00550312322389,75.00550312322389,200,200,1.0,1.0
ub_hl,UB-H&L,0.65,0.4,80.01577383118969,80.01577383118969,200,200,1.0,1.0
ub_hl,UB-H&L,0.65,0.425,85.00695184333205,85.00695184333205,200,200,1.0,1.0
ub_hl,UB-H&L,0.65,0.45,90.00821883745884,90.00821883745884,200,200,1.0,1.0
ub_hl,UB-H&L,0.65,0.475,95.00853512080742,94.53322074301923,200,199,0.995,0.9949971402339399
ub_hl,UB-H&L,0.65,0.5,100.01679873687624,99.5165607506488,200,199,0.995,0.9949984603332139
ub_hl,UB-H&L,0.65,0.525,105.00651451426326,96.60496454916986,200,184,0.92,0.9199902024749884
ub_hl,UB-H&L,0.65,0.55,110.00876850113785,100.65761769095721,200,183,0.915,0.9149963140430581
ub_hl,UB-H&L,0.65,0.575,115.0165729348894,97.18993076592076,200,169,0.845,0.845008056542771
ub_hl,UB-H&L,0.65,0.6,120.00905562133616,94.80553067821037,200,158,0.79,0.7899864738320223
ub_hl,UB-H&L,0.65,0.625,125.01073330284729,90.62816143179143,200,145,0.725,0.7249630414713139
ub_hl,UB-H&L,0.65,0.65,130.00467712888099,83.85236257815916,200,129,0.645,0.6449949681043519
ub_hl,UB-H&L,0.65,0.675,135.01145824527242,70.88323457300247,200,105,0.525,0.5250164355993431
ub_hl,UB-H&L,0.65,0.7,139.999249680852,74.89779434817454,200,107,0.535,0.5349871125660646
ub_hl,UB-H&L,0.65,0.725,145.00051270253743,65.24938660552249,200,90,0.45,0.4499941785680366
ub_hl,UB-H&L,0.65,0.75,149.9986545531746,60.74996734127074,200,81,0.405,0.40500341501219833
ub_hl,UB-H&L,0.65,0.775,155.01264538842332,58.904185249015526,200,76,0.38,0.3799960003354321
ub_hl,UB-H&L,0.65,0.8,160.00295715920288,51.999696582977904,200,65,0.325,0.3249920970600451
ub_hl,UB-H&L,0.65,0.825,165.00545395123868,50.324470162320054,200,61,0.305,0.3049867077556819
ub_hl,UB-H&L,0.65,0.85,170.0075455487177,36.55578888046222,200,43,0.215,0.21502450825035127
ub_hl,UB-H&L,0.65,0.875,175.00915497057053,38.503352318114494,200,44,0.22,0.22000764659762628
ub_hl,UB-H&L,0.65,0.9,180.004382727982,33.30109583957828,200,37,0.185,0.1850015834886756
ub_hl,UB-H&L,0.65,0.925,185.00487003790084,22.203454274864303,200,24,0.12,0.12001551240416328
ub_hl,UB-H&L,0.65,0.95,190.0007660120894,5.699609752978063,200,6,0.03,0.029997825127796626
ub_hl,UB-H&L,0.65,0.975,194.991032586332,0.0,200,0,0.0,0.0
ub_hl,UB-H&L,0.75,0.025,5.138373648231289,5.138373648231289,200,200,1.0,1.0
ub_hl,UB-H&L,0.75,0.05,10.075334648598474,10.075334648598474,200,200,1.0,1.0
ub_hl,UB-H&L,0.75,0.075,15.035916775257727,15.035916775257727,200,200,1.0,1.0
ub_hl,UB-H&L,0.75,0.1,20.037829572537902,20.037829572537902,200,200,1.0,1.0
ub_hl,UB-H&L,0.75,0.125,25.039632328693976,25.039632328693976,200,200,1.0,1.0
ub_hl,UB-H&L,0.75,0.15,30.033260265541394,30.033260265541394,200,200,1.0,1.0
ub_hl,UB-H&L,0.75,0.175,35.016746311651254,35.016746311651254,200,200,1.0,1.0
ub_hl,UB-H&L,0.75,0.2,40.02253205137834,40.02253205137834,200,200,1.0,1.0
ub_hl,UB-H&L,0.75,0.225,45.00906016193033,45.00906016193033,200,200,1.0,1.0
ub_hl,UB-H&L,0.75,0.25,50.019641059211686,50.019641059211686,200,200,1.0,1.0
ub_hl,UB-H&L,0.75,0.275,55.01708138057265,55.01708138057265,200,200,1.0,1.0
ub_hl,UB-H&L,0.75,0.3,60.023040823659876,60.023040823659876,200,200,1.0,1.0
ub_hl,UB-H&L,0.75,0.325,65.01500880278859,65.01500880278859,200,200,1.0,1.0
ub_hl,UB-H&L,0.75,0.35,70.01551293640281,70.01551293640281,200,200,1.0,1.0
ub_hl,UB-H&L,0.75,0.375,75.01851704748707,75.01851704748707,200,200,1.0,1.0
ub_hl,UB-H&L,0.75,0.4,80.00882033477313,80.00882033477313,200,200,1.0,1.0
ub_hl,UB-H&L,0.75,0.425,85.00933691886799,85.00933691886799,200,200,1.0,1.0
ub_hl,UB-H&L,0.75,0.45,90.01886704088695,89.56852894987898,200,199,0.995,0.9949972921698357
ub_hl,UB-H&L,0.75,0.475,95.00132014225218,92.62586328804547,200,195,0.975,0.9749955384762046
ub_hl,UB-H&L,0.75,0.5,100.00718352558071,92.50834285228854,200,185,0.925,0.9250169796915233
ub_hl,UB-H&L,0.75,0.525,105.00536339889901,86.10439923939934,200,164,0.82,0.820000011926078
ub_hl,UB-H&L,0.75,0.55,110.00820671740343,80.30646019551716,200,146,0.73,0.7300042659709367
ub_hl,UB-H&L,0.75,0.575,115.00871900624622,69.00399957324403,200,120,0.6,0.5999892892424649
ub_hl,UB-H&L,0.75,0.6,120.02210942566845,68.40810706326799,200,114,0.57,0.5699625459893637
ub_hl,UB-H&L,0.75,0.625,125.01499618034613,49.997827162307864,200,80,0.4,0.39993463736287443
ub_hl,UB-H&L,0.75,0.65,130.0128927752081,44.19894415567842,200,68,0.34,0.33995816270389634
ub_hl,UB-H&L,0.75,0.675,135.0099351214667,40.4975789003296,200,60,0.3,0.29995999082507857
ub_hl,UB-H&L,0.75,0.7,140.00646644264674,34.300314254858044,200,49,0.245,0.24499092882191317
ub_hl,UB-H&L,0.75,0.725,145.00853159324353,29.004218177061794,200,40,0.2,0.20001732214225942
ub_hl,UB-H&L,0.75,0.75,150.0068395137838,23.253122079882413,200,31,0.155,0.1550137457415449
ub_hl,UB-H&L,0.75,0.775,155.00060462706108,21.697214097172193,200,28,0.14,0.1399814803908458
ub_hl,UB-H&L,0.75,0.8,160.00756175183426,20.002818067083144,200,25,0.125,0.12501170474747167
ub_hl,UB-H&L,0.75,0.825,164.9983607222085,18.151828892730318,200,22,0.11,0.11001217717120697
ub_hl,UB-H&L,0.75,0.85,170.01241724908198,13.602199522909238,200,16,0.08,0.08000709444052496
ub_hl,UB-H&L,0.75,0.875,175.00225113255732,16.62512976403791,200,19,0.095,0.09499951947158114
ub_hl,UB-H&L,0.75,0.9,180.00105704030204,13.49702297506817,200,15,0.075,0.07498302063885214
ub_hl,UB-H&L,0.75,0.925,184.99106269923914,8.326325250081982,200,9,0.045,0.04500933790309119
ub_hl,UB-H&L,0.75,0.95,190.00567191697283,0.9507963846688445,200,1,0.005,0.005004042116618056
ub_hl,UB-H&L,0.75,0.975,195.00256202639815,0.0,200,0,0.0,0.0
ub_hl,UB-H&L,0.85,0.025,5.13928599962228,5.13928599962228,200,200,1.0,1.0
ub_hl,UB-H&L,0.85,0.05,10.069983846104202,10.069983846104202,200,200,1.0,1.0
ub_hl,UB-H&L,0.85,0.075,15.044098391390154,15.044098391390154,200,200,1.0,1.0
ub_hl,UB-H&L,0.85,0.1,20.03954204735892,20.03954204735892,200,200,1.0,1.0
ub_hl,UB-H&L,0.85,0.125,25.026874226062308,25.026874226062308,200,200,1.0,1.0
ub_hl,UB-H&L,0.85,0.15,30.029731091413485,30.029731091413485,200,200,1.0,1.0
ub_hl,UB-H&L,0.85,0.175,35.026906739627,35.026906739627,200,200,1.0,1.0
ub_hl,UB-H&L,0.85,0.2,40.02155451971718,40.02155451971718,200,200,1.0,1.0
ub_hl,UB-H&L,0.85,0.225,45.01972009054702,45.01972009054702,200,200,1.0,1.0
ub_hl,UB-H&L,0.85,0.25,50.00568378224259,50.00568378224259,200,200,1.0,1.0
ub_hl,UB-H&L,0.85,0.275,55.01696463368136,55.01696463368136,200,200,1.0,1.0
ub_hl,UB-H&L,0.85,0.3,60.016361502398375,60.016361502398375,200,200,1.0,1.0
ub_hl,UB-H&L,0.85,0.325,65.0013929991261,65.0013929991261,200,200,1.0,1.0
ub_hl,UB-H&L,0.85,0.35,70.01645307862583,70.01645307862583,200,200,1.0,1.0
ub_hl,UB-H&L,0.85,0.375,75.01842557551983,75.01842557551983,200,200,1.0,1.0
ub_hl,UB-H&L,0.85,0.4,79.99853754629332,79.99853754629332,200,200,1.0,1.0
ub_hl,UB-H&L,0.85,0.425,85.01478467420462,85.01478467420462,200,200,1.0,1.0
ub_hl,UB-H&L,0.85,0.45,90.00197485973466,86.40025201065703,200,192,0.96,0.9599817353486876
ub_hl,UB-H&L,0.85,0.475,95.00426231755634,83.12870739239946,200,175,0.875,0.874999767005587
ub_hl,UB-H&L,0.85,0.5,100.01331017374903,77.01029603909708,200,154,0.77,0.7700004719902805
ub_hl,UB-H&L,0.85,0.525,105.00472466850594,58.798898144181976,200,112,0.56,0.5599643095089941
ub_hl,UB-H&L,0.85,0.55,110.0070064521141,47.85207593713068,200,87,0.435,0.4349911653850941
ub_hl,UB-H&L,0.85,0.575,114.99593396972632,34.49814224963715,200,60,0.3,0.29999445248837303
ub_hl,UB-H&L,0.85,0.6,119.99956098087642,28.19988877142517,200,47,0.235,0.23499993284074772
ub_hl,UB-H&L,0.85,0.625,125.00488554577936,26.250982592907835,200,42,0.21,0.20999965303991408
ub_hl,UB-H&L,0.85,0.65,129.99939239619394,20.149172072207964,200,31,0.155,0.15499435574898796
ub_hl,UB-H&L,0.85,0.675,135.00998452721964,10.800518683229944,200,16,0.08,0.07999792549455799
ub_hl,UB-H&L,0.85,0.7,139.99887975420077,8.399718492985201,200,12,0.06,0.05999846932870305
ub_hl,UB-H&L,0.85,0.725,145.01298486506562,4.349907690489353,200,6,0.03,0.02999667715644179
ub_hl,UB-H&L,0.85,0.75,149.99579265224355,10.49989700505405,200,14,0.07,0.07000127683179384
ub_hl,UB-H&L,0.85,0.775,154.99910127693283,3.874800172455258,200,5,0.025,0.024998855738732666
ub_hl,UB-H&L,0.85,0.8,160.0097664650848,4.000029249629862,200,5,0.025,0.024998656882001608
ub_hl,UB-H&L,0.85,0.825,165.00155844435173,1.6497984408219337,200,2,0.01,0.009998683990480872
ub_hl,UB-H&L,0.85,0.85,170.0056007051013,3.399299451703187,200,4,0.02,0.019995220378649474
ub_hl,UB-H&L,0.85,0.875,175.00905603113486,2.6243357484358487,200,3,0.015,0.01499542828211683
ub_hl,UB-H&L,0.85,0.9,180.00272165484137,1.7987755469465427,200,2,0.01,0.009993046385130381
ub_hl,UB-H&L,0.85,0.925,185.00539039181373,0.0,200,0,0.0,0.0
ub_hl,UB-H&L,0.85,0.95,190.01041283334737,0.0,200,0,0.0,0.0
ub_hl,UB-H&L,0.85,0.975,195.01055103857462,0.0,200,0,0.0,0.0
ub_hl,UB-H&L,0.95,0.025,5.128455953251271,5.128455953251271,200,200,1.0,1.0
ub_hl,UB-H&L,0.95,0.05,10.071211200156005,10.071211200156005,200,200,1.0,1.0
ub_hl,UB-H&L,0.95,0.075,15.0416729425136,15.0416729425136,200,200,1.0,1.0
ub_hl,UB-H&L,0.95,0.1,20.044912572932674,20.044912572932674,200,200,1.0,1.0
ub_hl,UB-H&L,0.95,0.125,25.025488037708698,25.025488037708698,200,200,1.0,1.0
ub_hl,UB-H&L,0.95,0.15,30.031469939889888,30.031469939889888,200,200,1.0,1.0
ub_hl,UB-H&L,0.95,0.175,35.018460316683324,35.018460316683324,200,200,1.0,1.0
ub_hl,UB-H&L,0.95,0.2,40.015365440842345,40.015365440842345,200,200,1.0,1.0
ub_hl,UB-H&L,0.95,0.225,45.01010456604076,45.01010456604076,200,200,1.0,1.0
ub_hl,UB-H&L,0.95,0.25,50.012716779822625,50.012716779822625,200,200,1.0,1.0
ub_hl,UB-H&L,0.95,0.275,55.01715187339122,55.01715187339122,200,200,1.0,1.0
ub_hl,UB-H&L,0.95,0.3,60.00715607080882,60.00715607080882,200,200,1.0,1.0
ub_hl,UB-H&L,0.95,0.325,65.01073443818066,65.01073443818066,200,200,1.0,1.0
ub_hl,UB-H&L,0.95,0.35,70.00850127011198,70.00850127011198,200,200,1.0,1.0
ub_hl,UB-H&L,0.95,0.375,75.0089620684588,75.0089620684588,200,200,1.0,1.0
ub_hl,UB-H&L,0.95,0.4,80.01199210299862,80.01199210299862,200,200,1.0,1.0
ub_hl,UB-H&L,0.95,0.425,85.00803248818757,85.00803248818757,200,200,1.0,1.0
ub_hl,UB-H&L,0.95,0.45,90.00974883523592,85.05834497037547,200,189,0.945,0.944990360167274
ub_hl,UB-H&L,0.95,0.475,95.00487325861859,55.101351450085964,200,116,0.58,0.5799844740605169
ub_hl,UB-H&L,0.95,0.5,100.01240147662162,23.005378019630378,200,46,0.23,0.23002525366824628
ub_hl,UB-H&L,0.95,0.525,105.00505524266907,15.23042630591471,200,29,0.145,0.14504469590265773
ub_hl,UB-H&L,0.95,0.55,110.01904494504704,9.35320356406476,200,17,0.085,0.08501440426733892
ub_hl,UB-H&L,0.95,0.575,115.00358974063548,9.200909753603579,200,16,0.08,0.08000541352104004
ub_hl,UB-H&L,0.95,0.6,120.00536340051129,3.0004619372570653,200,5,0.025,0.02500273197992984
ub_hl,UB-H&L,0.95,0.625,125.00099330385275,0.0,200,0,0.0,0.0
ub_hl,UB-H&L,0.95,0.65,130.0055551635547,1.2996557994675524,200,2,0.01,0.0099969251147192
ub_hl,UB-H&L,0.95,0.675,135.0025802742666,4.049835721752628,200,6,0.03,0.029998209764029112
ub_hl,UB-H&L,0.95,0.7,140.01142425910413,0.0,200,0,0.0,0.0
ub_hl,UB-H&L,0.95,0.725,145.00520402881588,0.0,200,0,0.0,0.0
ub_hl,UB-H&L,0.95,0.75,150.0053593993614,0.0,200,0,0.0,0.0
ub_hl,UB-H&L,0.95,0.775,155.0142160304908,0.7754406245250787,200,1,0.005,0.005002383938596652
ub_hl,UB-H&L,0.95,0.8,160.00619247406277,0.0,200,0,0.0,0.0
ub_hl,UB-H&L,0.95,0.825,165.00181826459195,0.0,200,0,0.0,0.0
ub_hl,UB-H&L,0.95,0.85,170.00984350513855,0.0,200,0,0.0,0.0
ub_hl,UB-H&L,0.95,0.875,175.0143836168909,0.0,200,0,0.0,0.0
ub_hl,UB-H&L,0.95,0.9,179.99403344312117,0.0,200,0,0.0,0.0
ub_hl,UB-H&L,0.95,0.925,185.00154613393755,0.0,200,0,0.0,0.0
ub_hl,UB-H&L,0.95,0.95,190.00589407322687,0.0,200,0,0.0,0.0
ub_hl,UB-H&L,0.95,0.975,194.999957006212,0.0,200,0,0.0,0.0
