workload,total_util,num_tasks,cf,cp,seed,taskset_seed,scenario_seed,method,q_network_type,amc_rtb_schedulable,attempts,end_time,agent_period,dqn_runtime_semantics,c_amc_sem_xf,reward_mode,forbid_decreasing_hi_budgets,enable_deploy_cap_mask,deploy_cap_mask_ratio,deploy_cap_mask_criticality,mode_changes,lo_cancellations,deadline_misses,budget_overruns,hdm,jne,ldm,nid,tid,total_time,tid_ratio,nid_per_1e6_time,mean_degraded_interval,safety_feasible,jne_plus_ldm,lo_job_losses_total,lo_budget_cancellations,lo_release_dropped_in_degraded_mode,lo_active_dropped_on_mode_switch,jne_residual_not_in_cancellations,active_drop_share_of_jne,accepted_actions,rejected_actions,step_count,selected_action_count,noop_actions,explicit_noop_actions,noop_action_rate,explicit_noop_action_rate,accepted_action_rate,rejection_rate,total_reward,check_safety,safety_checked_actions,safety_accepted_actions,safety_rejected_actions,valid_action_count_mean,masked_action_count_mean,masked_decrease_hi_forbidden_count,masked_decrease_hi_forbidden_rate,masked_action_count_max,mask_rejection_rate_mean,selected_invalid_mask_actions,selected_explicit_noop_actions,selected_explicit_noop_rate,action_space_type,action_count,budget_increase_ratio,budget_decrease_ratio,budget_floor_ratio,no_safe_action_steps,masked_budget_floor_violation_count,masked_budget_floor_violation_rate,masked_deploy_cap_increase_count,masked_deploy_cap_increase_rate,observation_mode,state_dim,tree_runtime_policy_type,tree_state_encoding,tree_fixed_point_scale,tree_fixed_point_config_hash,tree_artifact_schema_version,integer_equivalence_verified,mean_over_increase_excess,over_increase_action_count,mean_budget_soft_cap_increase_excess,soft_cap_increase_action_count,mean_budget_soft_cap_penalty_value,mean_budget_soft_cap_dwell_excess_mean,mean_budget_soft_cap_dwell_excess_max,max_budget_soft_cap_dwell_excess_max,soft_cap_dwell_state_count,soft_cap_dwell_state_rate,mean_budget_soft_cap_dwell_penalty_value,mean_budget_soft_cap_dwell_max_penalty_value,mean_budget_soft_cap_dwell_total_penalty_value,safe_recovery_decrease_count,unsafe_decrease_full_count,mean_budget_over_drift_deadzone,mean_increase_concentration_excess,pingpong_action_count,mean_active_lo_under_hi_pressure,mean_active_lo_work_ratio,mean_active_lo_job_rate,mean_active_lo_under_hi_pressure_penalty_value,final_budget_ratio_by_task_json,max_budget_ratio_by_task_json,min_budget_ratio_by_task_json,increase_count_by_task_json,decrease_count_by_task_json,recovery_decrease_count_by_task_json,over_increase_count_by_task_json,consecutive_increase_max_by_task_json,over_budget_dwell_steps_by_task_json,soft_cap_dwell_steps_by_task_json,released_lo_jobs,cancelled_lo_jobs,completed_lo_jobs,lo_deadline_misses,hi_deadline_misses,lc_service_loss,lc_qos,min_lc_service,budget_adjust_count,mean_abs_budget_change,lo_equiv_jne,lo_equiv_jne_rate,lo_quality_qos,lo_quality_loss,lo_full_quality_completed,lo_full_quality_ratio,lo_degraded_released,lo_degraded_completed,lo_degraded_cancelled,lo_degraded_deadline_missed,lo_degraded_not_completed,lo_degraded_release_ratio,lo_degraded_completion_ratio,lo_degraded_among_completed_ratio,lo_degraded_quality_sum,lo_degraded_budget_sum,lo_degraded_original_budget_sum,lo_degraded_budget_ratio_mean,lo_degraded_exec_time_sum,lo_degraded_exec_time_ratio,lo_zero_service_jobs,lo_zero_service_ratio,lo_full_quality_service_sum,lo_total_service_sum,noop_q_mean,noop_q_std,noop_q_rank_mean,noop_q_rank_median,noop_q_rank_min,noop_q_rank_max,noop_q_margin_to_best_mean,noop_q_is_best_rate,noop_valid_rate,noop_q_sample_count,tree_id,tree_method,tree_depth,tree_node_count,tree_leaf_count,tree_max_depth_param,tree_min_samples_leaf,tree_raw_top1_invalid_count,tree_raw_top1_invalid_rate,tree_fallback_count,tree_fallback_rate,tree_no_valid_action_count,tree_no_valid_action_rate,tree_selected_action_count,tree_selected_action_match_teacher_count,tree_selected_action_match_teacher_rate,tree_raw_action_match_teacher_rate,tree_q_regret_mean,tree_q_regret_p95
mc_fairgen,0.65,12,2.0,0.5,1550,185,101550,c_amc_sem_baseline,,True,1,50000000,25000,C_AMC_SEM,0.5,interval_qos_v2_single_recovery_full_C5_overinc016_abs005,True,True,4.0,lo,1172,1994,0,3166,0,1994,0,1172,11639517,50000000,0.23279034,23.439999999999998,9931.328498293515,1,1994,1994,1994,0,0,0,0.0,0,0,0,0,0,0,0.0,0.0,0.0,0.0,0.0,True,0,0,0,0.0,0.0,0,0.0,0,0.0,0,0,0.0,single,24,0.02,0.02,0.9,0,0,0.0,0,0.0,,,,,,,,,,,,,,,,,,,,,,,,,,,,,,,,,,,,,,,,,18000,1994,16006,0,0,0.11077777777777778,0.8892222222222222,0.8654999999999999,0,,2944.0,0.16355555555555557,0.8364444444444444,0.16355555555555557,14106,0.7836666666666666,1900,1900,0,0,0,0.10555555555555556,0.10555555555555556,0.11870548544295889,950.0,627000.0,1252100.0,0.5007587253414009,627000.0,0.06378853216483323,1994,0.11077777777777778,14106.0,15056.0,,,,,,,,,,,,,,,,,,,,,,,,,,,,,
mc_fairgen,0.65,12,2.0,0.5,1550,185,101550,dqn_agent,mlp,True,1,50000000,25000,C_AMC_SEM,0.5,interval_qos_v2_single_recovery_full_C5_overinc016_abs005,True,True,4.0,lo,1172,1389,0,2561,0,1389,0,1172,11676253,50000000,0.23352506,23.439999999999998,9962.673208191127,1,1389,1389,1389,0,0,0,0.0,2000,0,2000,2000,0,0,0.0,0.0,1.0,0.0,-1028.1063526023624,True,2000,2000,0,9.1125,14.8875,12000,0.25,15,0.6203125,0,0,0.0,single,24,0.02,0.02,0.9,0,0,0.0,3775,0.07864583333333333,v11_full_10d,128,,,,,,,0.26806876446230665,1076,0.0,0,0.0,0.0,0.0,0.0,0,0.0,0.0,0.0,0.0,916,0,0.5122371511793123,2.063,822,0.08154898094554133,0.8328333333333333,0.8328333333333333,0.0,"{""mc_hi_0"": 1.0, ""mc_hi_1"": 1.0, ""mc_hi_2"": 1.0, ""mc_hi_3"": 1.0, ""mc_hi_4"": 1.0, ""mc_hi_5"": 1.0, ""mc_lo_0"": 1.0, ""mc_lo_1"": 1.0, ""mc_lo_2"": 1.0, ""mc_lo_3"": 4.029411764705882, ""mc_lo_4"": 1.4785714285714286, ""mc_lo_5"": 4.043478260869565}","{""mc_hi_0"": 1.0, ""mc_hi_1"": 1.0, ""mc_hi_2"": 1.0, ""mc_hi_3"": 1.0, ""mc_hi_4"": 1.0, ""mc_hi_5"": 1.0, ""mc_lo_0"": 1.0, ""mc_lo_1"": 1.0, ""mc_lo_2"": 1.0, ""mc_lo_3"": 4.029411764705882, ""mc_lo_4"": 2.1323809523809523, ""mc_lo_5"": 4.043478260869565}","{""mc_hi_0"": 1.0, ""mc_hi_1"": 1.0, ""mc_hi_2"": 1.0, ""mc_hi_3"": 1.0, ""mc_hi_4"": 1.0, ""mc_hi_5"": 1.0, ""mc_lo_0"": 1.0, ""mc_lo_1"": 1.0, ""mc_lo_2"": 1.0, ""mc_lo_3"": 1.0, ""mc_lo_4"": 1.0, ""mc_lo_5"": 1.0}","{""mc_hi_0"": 0, ""mc_hi_1"": 0, ""mc_hi_2"": 0, ""mc_hi_3"": 0, ""mc_hi_4"": 0, ""mc_hi_5"": 0, ""mc_lo_0"": 0, ""mc_lo_1"": 0, ""mc_lo_2"": 0, ""mc_lo_3"": 62, ""mc_lo_4"": 954, ""mc_lo_5"": 68}","{""mc_hi_0"": 0, ""mc_hi_1"": 0, ""mc_hi_2"": 0, ""mc_hi_3"": 0, ""mc_hi_4"": 0, ""mc_hi_5"": 0, ""mc_lo_0"": 0, ""mc_lo_1"": 0, ""mc_lo_2"": 0, ""mc_lo_3"": 0, ""mc_lo_4"": 916, ""mc_lo_5"": 0}","{""mc_hi_0"": 0, ""mc_hi_1"": 0, ""mc_hi_2"": 0, ""mc_hi_3"": 0, ""mc_hi_4"": 0, ""mc_hi_5"": 0, ""mc_lo_0"": 0, ""mc_lo_1"": 0, ""mc_lo_2"": 0, ""mc_lo_3"": 0, ""mc_lo_4"": 916, ""mc_lo_5"": 0}","{""mc_hi_0"": 0, ""mc_hi_1"": 0, ""mc_hi_2"": 0, ""mc_hi_3"": 0, ""mc_hi_4"": 0, ""mc_hi_5"": 0, ""mc_lo_0"": 0, ""mc_lo_1"": 0, ""mc_lo_2"": 0, ""mc_lo_3"": 60, ""mc_lo_4"": 951, ""mc_lo_5"": 65}","{""mc_hi_0"": 0, ""mc_hi_1"": 0, ""mc_hi_2"": 0, ""mc_hi_3"": 0, ""mc_hi_4"": 0, ""mc_hi_5"": 0, ""mc_lo_0"": 0, ""mc_lo_1"": 0, ""mc_lo_2"": 0, ""mc_lo_3"": 62, ""mc_lo_4"": 18, ""mc_lo_5"": 60}","{""mc_hi_0"": 0, ""mc_hi_1"": 0, ""mc_hi_2"": 0, ""mc_hi_3"": 0, ""mc_hi_4"": 0, ""mc_hi_5"": 0, ""mc_lo_0"": 0, ""mc_lo_1"": 0, ""mc_lo_2"": 0, ""mc_lo_3"": 1998, ""mc_lo_4"": 1909, ""mc_lo_5"": 1936}","{""mc_hi_0"": 0, ""mc_hi_1"": 0, ""mc_hi_2"": 0, ""mc_hi_3"": 0, ""mc_hi_4"": 0, ""mc_hi_5"": 0, ""mc_lo_0"": 0, ""mc_lo_1"": 0, ""mc_lo_2"": 0, ""mc_lo_3"": 0, ""mc_lo_4"": 0, ""mc_lo_5"": 0}",18000,1389,16611,0,0,0.07716666666666666,0.9228333333333334,0.875,2000,59.049,2339.5,0.1299722222222222,0.8700277777777777,0.12997222222222227,14710,0.8172222222222222,1901,1901,0,0,0,0.10561111111111111,0.10561111111111111,0.11444223707181987,950.5,627330.0,1252759.0,0.5007587253414009,627330.0,0.06320495137189393,1389,0.07716666666666666,14710.0,15660.5,,,,,,,,,,0,,,,,,,,,,,,,,,,,,,
mc_fairgen,0.65,12,2.0,0.5,1550,185,101550,bc_tree_agent,,True,1,50000000,25000,C_AMC_SEM,0.5,interval_qos_v2_single_recovery_full_C5_overinc016_abs005,True,True,4.0,lo,1172,1372,0,2544,0,1372,0,1172,11676478,50000000,0.23352956,,,,1372,,,,,,,2000,0,2000,2000,0,0,0.0,0.0,1.0,0.0,-1056.5768692173224,True,2000,2000,0,8.906,15.094,,,16,0.6289166666666667,0,0,0.0,single,24,0.02,0.02,0.9,0,,,,,v11_full_10d,128,integer_tree_ranked_valid_or_none,fixed_point_int,1000000,bb255908bec90f8d54945322db333c5c2d2df5af1c5e76fc9016dc8c975a381e,viper_integer_ranked_artifact_v1,True,,,,,,,,,,,,,,,,,,,,,,,,,,,,,,,,,18000,1372,16628,0,0,0.07622222222222222,0.9237777777777778,0.875,2000,147.3805,2322.5,0.12902777777777777,0.8709722222222223,0.12902777777777774,14727,0.8181666666666667,1901,1901,0,0,0,0.10561111111111111,0.10561111111111111,0.11432523454414241,950.5,627330.0,1252759.0,0.5007587253414009,627330.0,0.06319613285966204,1372,0.07622222222222222,14727.0,15677.5,,,,,,,,,,,bc_iter_001,bc,3,11,6,3,10,262,0.131,262,0.131,0,0.0,2000,1054,0.527,0.396,0.010441261291503906,0.03680019378662109
mc_fairgen,0.65,12,2.0,0.5,1550,185,101550,viper_tree_agent,,True,1,50000000,25000,C_AMC_SEM,0.5,interval_qos_v2_single_recovery_full_C5_overinc016_abs005,True,True,4.0,lo,1172,1370,0,2542,0,1370,0,1172,11676652,50000000,0.23353304,,,,1370,,,,,,,2000,0,2000,2000,0,0,0.0,0.0,1.0,0.0,-1024.4828309480188,True,2000,2000,0,9.0965,14.9035,,,15,0.6209791666666666,0,0,0.0,single,24,0.02,0.02,0.9,0,,,,,v11_full_10d,128,integer_tree_ranked_valid_or_none,fixed_point_int,1000000,bb255908bec90f8d54945322db333c5c2d2df5af1c5e76fc9016dc8c975a381e,viper_integer_ranked_artifact_v1,True,,,,,,,,,,,,,,,,,,,,,,,,,,,,,,,,,18000,1370,16630,0,0,0.07611111111111112,0.9238888888888889,0.875,2000,62.965,2320.5,0.12891666666666668,0.8710833333333333,0.12891666666666668,14729,0.8182777777777778,1901,1901,0,0,0,0.10561111111111111,0.10561111111111111,0.11431148526758869,950.5,627330.0,1252759.0,0.5007587253414009,627330.0,0.06319321724321718,1370,0.07611111111111112,14729.0,15679.5,,,,,,,,,,,viper_iter_002,viper,3,11,6,3,10,0,0.0,0,0.0,0,0.0,2000,1066,0.533,0.533,0.004779186248779297,0.021343994140624996
mc_fairgen,0.65,12,2.0,0.5,1551,185,101551,c_amc_sem_baseline,,True,1,50000000,25000,C_AMC_SEM,0.5,interval_qos_v2_single_recovery_full_C5_overinc016_abs005,True,True,4.0,lo,1173,1925,0,3098,0,1925,0,1173,11569186,50000000,0.23138372,23.459999999999997,9862.903665814152,1,1925,1925,1925,0,0,0,0.0,0,0,0,0,0,0,0.0,0.0,0.0,0.0,0.0,True,0,0,0,0.0,0.0,0,0.0,0,0.0,0,0,0.0,single,24,0.02,0.02,0.9,0,0,0.0,0,0.0,,,,,,,,,,,,,,,,,,,,,,,,,,,,,,,,,,,,,,,,,18000,1925,16075,0,0,0.10694444444444444,0.8930555555555556,0.867,0,,2866.0,0.1592222222222222,0.8407777777777777,0.15922222222222226,14193,0.7885,1882,1882,0,0,0,0.10455555555555555,0.10455555555555555,0.11707620528771384,941.0,621060.0,1240238.0,0.5007587253414012,621060.0,0.0634065896257443,1925,0.10694444444444444,14193.0,15134.0,,,,,,,,,,,,,,,,,,,,,,,,,,,,,
mc_fairgen,0.65,12,2.0,0.5,1551,185,101551,dqn_agent,mlp,True,1,50000000,25000,C_AMC_SEM,0.5,interval_qos_v2_single_recovery_full_C5_overinc016_abs005,True,True,4.0,lo,1173,1332,0,2505,0,1332,0,1173,11606087,50000000,0.23212174,23.459999999999997,9894.36231884058,1,1332,1332,1332,0,0,0,0.0,2000,0,2000,2000,0,0,0.0,0.0,1.0,0.0,-1010.6675859821115,True,2000,2000,0,9.1115,14.8885,12000,0.25,15,0.6203541666666667,0,0,0.0,single,24,0.02,0.02,0.9,0,0,0.0,3777,0.0786875,v11_full_10d,128,,,,,,,0.2608632882718305,1079,0.0,0,0.0,0.0,0.0,0.0,0,0.0,0.0,0.0,0.0,913,0,0.5110465990744124,2.0105,851,0.081702312639907,0.8328333333333333,0.8328333333333333,0.0,"{""mc_hi_0"": 1.0, ""mc_hi_1"": 1.0, ""mc_hi_2"": 1.0, ""mc_hi_3"": 1.0, ""mc_hi_4"": 1.0, ""mc_hi_5"": 1.0, ""mc_lo_0"": 1.0, ""mc_lo_1"": 1.0, ""mc_lo_2"": 1.0, ""mc_lo_3"": 4.029411764705882, ""mc_lo_4"": 1.6452380952380952, ""mc_lo_5"": 4.043478260869565}","{""mc_hi_0"": 1.0, ""mc_hi_1"": 1.0, ""mc_hi_2"": 1.0, ""mc_hi_3"": 1.0, ""mc_hi_4"": 1.0, ""mc_hi_5"": 1.0, ""mc_lo_0"": 1.0, ""mc_lo_1"": 1.0, ""mc_lo_2"": 1.0, ""mc_lo_3"": 4.029411764705882, ""mc_lo_4"": 1.881904761904762, ""mc_lo_5"": 4.043478260869565}","{""mc_hi_0"": 1.0, ""mc_hi_1"": 1.0, ""mc_hi_2"": 1.0, ""mc_hi_3"": 1.0, ""mc_hi_4"": 1.0, ""mc_hi_5"": 1.0, ""mc_lo_0"": 1.0, ""mc_lo_1"": 1.0, ""mc_lo_2"": 1.0, ""mc_lo_3"": 1.0, ""mc_lo_4"": 1.0, ""mc_lo_5"": 1.0}","{""mc_hi_0"": 0, ""mc_hi_1"": 0, ""mc_hi_2"": 0, ""mc_hi_3"": 0, ""mc_hi_4"": 0, ""mc_hi_5"": 0, ""mc_lo_0"": 0, ""mc_lo_1"": 0, ""mc_lo_2"": 0, ""mc_lo_3"": 62, ""mc_lo_4"": 957, ""mc_lo_5"": 68}","{""mc_hi_0"": 0, ""mc_hi_1"": 0, ""mc_hi_2"": 0, ""mc_hi_3"": 0, ""mc_hi_4"": 0, ""mc_hi_5"": 0, ""mc_lo_0"": 0, ""mc_lo_1"": 0, ""mc_lo_2"": 0, ""mc_lo_3"": 0, ""mc_lo_4"": 913, ""mc_lo_5"": 0}","{""mc_hi_0"": 0, ""mc_hi_1"": 0, ""mc_hi_2"": 0, ""mc_hi_3"": 0, ""mc_hi_4"": 0, ""mc_hi_5"": 0, ""mc_lo_0"": 0, ""mc_lo_1"": 0, ""mc_lo_2"": 0, ""mc_lo_3"": 0, ""mc_lo_4"": 913, ""mc_lo_5"": 0}","{""mc_hi_0"": 0, ""mc_hi_1"": 0, ""mc_hi_2"": 0, ""mc_hi_3"": 0, ""mc_hi_4"": 0, ""mc_hi_5"": 0, ""mc_lo_0"": 0, ""mc_lo_1"": 0, ""mc_lo_2"": 0, ""mc_lo_3"": 60, ""mc_lo_4"": 954, ""mc_lo_5"": 65}","{""mc_hi_0"": 0, ""mc_hi_1"": 0, ""mc_hi_2"": 0, ""mc_hi_3"": 0, ""mc_hi_4"": 0, ""mc_hi_5"": 0, ""mc_lo_0"": 0, ""mc_lo_1"": 0, ""mc_lo_2"": 0, ""mc_lo_3"": 62, ""mc_lo_4"": 19, ""mc_lo_5"": 62}","{""mc_hi_0"": 0, ""mc_hi_1"": 0, ""mc_hi_2"": 0, ""mc_hi_3"": 0, ""mc_hi_4"": 0, ""mc_hi_5"": 0, ""mc_lo_0"": 0, ""mc_lo_1"": 0, ""mc_lo_2"": 0, ""mc_lo_3"": 1998, ""mc_lo_4"": 1911, ""mc_lo_5"": 1936}","{""mc_hi_0"": 0, ""mc_hi_1"": 0, ""mc_hi_2"": 0, ""mc_hi_3"": 0, ""mc_hi_4"": 0, ""mc_hi_5"": 0, ""mc_lo_0"": 0, ""mc_lo_1"": 0, ""mc_lo_2"": 0, ""mc_lo_3"": 0, ""mc_lo_4"": 0, ""mc_lo_5"": 0}",18000,1332,16668,0,0,0.074,0.926,0.877,2000,58.375,2273.0,0.12627777777777777,0.8737222222222222,0.12627777777777782,14786,0.8214444444444444,1882,1882,0,0,0,0.10455555555555555,0.10455555555555555,0.11291096712263018,941.0,621060.0,1240238.0,0.5007587253414012,621060.0,0.06285653849793459,1332,0.074,14786.0,15727.0,,,,,,,,,,0,,,,,,,,,,,,,,,,,,,
mc_fairgen,0.65,12,2.0,0.5,1551,185,101551,bc_tree_agent,,True,1,50000000,25000,C_AMC_SEM,0.5,interval_qos_v2_single_recovery_full_C5_overinc016_abs005,True,True,4.0,lo,1173,1324,0,2497,0,1324,0,1173,11605991,50000000,0.23211982,,,,1324,,,,,,,2000,0,2000,2000,0,0,0.0,0.0,1.0,0.0,-1041.4959086128117,True,2000,2000,0,8.911,15.089,,,16,0.6287083333333333,0,0,0.0,single,24,0.02,0.02,0.9,0,,,,,v11_full_10d,128,integer_tree_ranked_valid_or_none,fixed_point_int,1000000,bb255908bec90f8d54945322db333c5c2d2df5af1c5e76fc9016dc8c975a381e,viper_integer_ranked_artifact_v1,True,,,,,,,,,,,,,,,,,,,,,,,,,,,,,,,,,18000,1324,16676,0,0,0.07355555555555555,0.9264444444444444,0.877,2000,144.4185,2265.0,0.12583333333333332,0.8741666666666666,0.12583333333333335,14794,0.8218888888888889,1882,1882,0,0,0,0.10455555555555555,0.10455555555555555,0.11285680019189254,941.0,621060.0,1240238.0,0.5007587253414012,621060.0,0.06285806532255167,1324,0.07355555555555555,14794.0,15735.0,,,,,,,,,,,bc_iter_001,bc,3,11,6,3,10,254,0.127,254,0.127,0,0.0,2000,1067,0.5335,0.4065,0.010160139083862305,0.03558788299560547
mc_fairgen,0.65,12,2.0,0.5,1551,185,101551,viper_tree_agent,,True,1,50000000,25000,C_AMC_SEM,0.5,interval_qos_v2_single_recovery_full_C5_overinc016_abs005,True,True,4.0,lo,1173,1322,0,2495,0,1322,0,1173,11606064,50000000,0.23212128,,,,1322,,,,,,,2000,0,2000,2000,0,0,0.0,0.0,1.0,0.0,-1009.1165698673155,True,2000,2000,0,9.0965,14.9035,,,15,0.6209791666666666,0,0,0.0,single,24,0.02,0.02,0.9,0,,,,,v11_full_10d,128,integer_tree_ranked_valid_or_none,fixed_point_int,1000000,bb255908bec90f8d54945322db333c5c2d2df5af1c5e76fc9016dc8c975a381e,viper_integer_ranked_artifact_v1,True,,,,,,,,,,,,,,,,,,,,,,,,,,,,,,,,,18000,1322,16678,0,0,0.07344444444444445,0.9265555555555556,0.877,2000,62.965,2263.0,0.12572222222222224,0.8742777777777778,0.12572222222222218,14796,0.822,1882,1882,0,0,0,0.10455555555555555,0.10455555555555555,0.11284326657872647,941.0,621060.0,1240238.0,0.5007587253414012,621060.0,0.06285273448256704,1322,0.07344444444444445,14796.0,15737.0,,,,,,,,,,,viper_iter_002,viper,3,11,6,3,10,0,0.0,0,0.0,0,0.0,2000,1062,0.531,0.531,0.00469554328918457,0.020218276977539064
mc_fairgen,0.65,12,2.0,0.5,1552,185,101552,c_amc_sem_baseline,,True,1,50000000,25000,C_AMC_SEM,0.5,interval_qos_v2_single_recovery_full_C5_overinc016_abs005,True,True,4.0,lo,1235,1927,0,3162,0,1927,0,1235,12001698,50000000,0.24003396,24.7,9717.974089068826,1,1927,1927,1927,0,0,0,0.0,0,0,0,0,0,0,0.0,0.0,0.0,0.0,0.0,True,0,0,0,0.0,0.0,0,0.0,0,0.0,0,0,0.0,single,24,0.02,0.02,0.9,0,0,0.0,0,0.0,,,,,,,,,,,,,,,,,,,,,,,,,,,,,,,,,,,,,,,,,18000,1927,16073,0,0,0.10705555555555556,0.8929444444444444,0.865,0,,2900.0,0.16111111111111112,0.8388888888888889,0.1611111111111111,14127,0.7848333333333334,1946,1946,0,0,0,0.10811111111111112,0.10811111111111112,0.12107260623405712,973.0,642180.0,1282414.0,0.5007587253414002,642180.0,0.06545212601689904,1927,0.10705555555555556,14127.0,15100.0,,,,,,,,,,,,,,,,,,,,,,,,,,,,,
mc_fairgen,0.65,12,2.0,0.5,1552,185,101552,dqn_agent,mlp,True,1,50000000,25000,C_AMC_SEM,0.5,interval_qos_v2_single_recovery_full_C5_overinc016_abs005,True,True,4.0,lo,1235,1345,0,2580,0,1345,0,1235,12046453,50000000,0.24092906,24.7,9754.212955465588,1,1345,1345,1345,0,0,0,0.0,2000,0,2000,2000,0,0,0.0,0.0,1.0,0.0,-1034.4178227633693,True,2000,2000,0,9.1235,14.8765,12000,0.25,15,0.6198541666666667,0,0,0.0,single,24,0.02,0.02,0.9,0,0,0.0,3753,0.0781875,v11_full_10d,128,,,,,,,0.2531759073194495,1076,0.0,0,0.0,0.0,0.0,0.0,0,0.0,0.0,0.0,0.0,916,0,0.5086966974180978,1.8185,811,0.0835753559665438,0.8328333333333333,0.8328333333333333,0.0,"{""mc_hi_0"": 1.0, ""mc_hi_1"": 1.0, ""mc_hi_2"": 1.0, ""mc_hi_3"": 1.0, ""mc_hi_4"": 1.0, ""mc_hi_5"": 1.0, ""mc_lo_0"": 1.0, ""mc_lo_1"": 1.0, ""mc_lo_2"": 1.0, ""mc_lo_3"": 4.029411764705882, ""mc_lo_4"": 1.467142857142857, ""mc_lo_5"": 4.043478260869565}","{""mc_hi_0"": 1.0, ""mc_hi_1"": 1.0, ""mc_hi_2"": 1.0, ""mc_hi_3"": 1.0, ""mc_hi_4"": 1.0, ""mc_hi_5"": 1.0, ""mc_lo_0"": 1.0, ""mc_lo_1"": 1.0, ""mc_lo_2"": 1.0, ""mc_lo_3"": 4.029411764705882, ""mc_lo_4"": 1.9176190476190476, ""mc_lo_5"": 4.043478260869565}","{""mc_hi_0"": 1.0, ""mc_hi_1"": 1.0, ""mc_hi_2"": 1.0, ""mc_hi_3"": 1.0, ""mc_hi_4"": 1.0, ""mc_hi_5"": 1.0, ""mc_lo_0"": 1.0, ""mc_lo_1"": 1.0, ""mc_lo_2"": 1.0, ""mc_lo_3"": 1.0, ""mc_lo_4"": 1.0, ""mc_lo_5"": 1.0}","{""mc_hi_0"": 0, ""mc_hi_1"": 0, ""mc_hi_2"": 0, ""mc_hi_3"": 0, ""mc_hi_4"": 0, ""mc_hi_5"": 0, ""mc_lo_0"": 0, ""mc_lo_1"": 0, ""mc_lo_2"": 0, ""mc_lo_3"": 62, ""mc_lo_4"": 954, ""mc_lo_5"": 68}","{""mc_hi_0"": 0, ""mc_hi_1"": 0, ""mc_hi_2"": 0, ""mc_hi_3"": 0, ""mc_hi_4"": 0, ""mc_hi_5"": 0, ""mc_lo_0"": 0, ""mc_lo_1"": 0, ""mc_lo_2"": 0, ""mc_lo_3"": 0, ""mc_lo_4"": 916, ""mc_lo_5"": 0}","{""mc_hi_0"": 0, ""mc_hi_1"": 0, ""mc_hi_2"": 0, ""mc_hi_3"": 0, ""mc_hi_4"": 0, ""mc_hi_5"": 0, ""mc_lo_0"": 0, ""mc_lo_1"": 0, ""mc_lo_2"": 0, ""mc_lo_3"": 0, ""mc_lo_4"": 916, ""mc_lo_5"": 0}","{""mc_hi_0"": 0, ""mc_hi_1"": 0, ""mc_hi_2"": 0, ""mc_hi_3"": 0, ""mc_hi_4"": 0, ""mc_hi_5"": 0, ""mc_lo_0"": 0, ""mc_lo_1"": 0, ""mc_lo_2"": 0, ""mc_lo_3"": 60, ""mc_lo_4"": 951, ""mc_lo_5"": 65}","{""mc_hi_0"": 0, ""mc_hi_1"": 0, ""mc_hi_2"": 0, ""mc_hi_3"": 0, ""mc_hi_4"": 0, ""mc_hi_5"": 0, ""mc_lo_0"": 0, ""mc_lo_1"": 0, ""mc_lo_2"": 0, ""mc_lo_3"": 62, ""mc_lo_4"": 15, ""mc_lo_5"": 53}","{""mc_hi_0"": 0, ""mc_hi_1"": 0, ""mc_hi_2"": 0, ""mc_hi_3"": 0, ""mc_hi_4"": 0, ""mc_hi_5"": 0, ""mc_lo_0"": 0, ""mc_lo_1"": 0, ""mc_lo_2"": 0, ""mc_lo_3"": 1998, ""mc_lo_4"": 1925, ""mc_lo_5"": 1936}","{""mc_hi_0"": 0, ""mc_hi_1"": 0, ""mc_hi_2"": 0, ""mc_hi_3"": 0, ""mc_hi_4"": 0, ""mc_hi_5"": 0, ""mc_lo_0"": 0, ""mc_lo_1"": 0, ""mc_lo_2"": 0, ""mc_lo_3"": 0, ""mc_lo_4"": 0, ""mc_lo_5"": 0}",18000,1345,16655,0,0,0.07472222222222222,0.9252777777777778,0.865,2000,57.788,2318.5,0.12880555555555556,0.8711944444444445,0.1288055555555555,14708,0.8171111111111111,1947,1947,0,0,0,0.10816666666666666,0.10816666666666666,0.11690183128189732,973.5,642510.0,1283073.0,0.5007587253414002,642510.0,0.064880804456944,1345,0.07472222222222222,14708.0,15681.5,,,,,,,,,,0,,,,,,,,,,,,,,,,,,,
mc_fairgen,0.65,12,2.0,0.5,1552,185,101552,bc_tree_agent,,True,1,50000000,25000,C_AMC_SEM,0.5,interval_qos_v2_single_recovery_full_C5_overinc016_abs005,True,True,4.0,lo,1235,1330,0,2565,0,1330,0,1235,12047348,50000000,0.24094696,,,,1330,,,,,,,2000,0,2000,2000,0,0,0.0,0.0,1.0,0.0,-1065.4511992179648,True,2000,2000,0,8.9315,15.0685,,,16,0.6278541666666667,0,0,0.0,single,24,0.02,0.02,0.9,0,,,,,v11_full_10d,128,integer_tree_ranked_valid_or_none,fixed_point_int,1000000,bb255908bec90f8d54945322db333c5c2d2df5af1c5e76fc9016dc8c975a381e,viper_integer_ranked_artifact_v1,True,,,,,,,,,,,,,,,,,,,,,,,,,,,,,,,,,18000,1330,16670,0,0,0.07388888888888889,0.9261111111111111,0.865,2000,145.6185,2303.5,0.1279722222222222,0.8720277777777777,0.12797222222222226,14723,0.8179444444444445,1947,1947,0,0,0,0.10816666666666666,0.10816666666666666,0.11679664067186563,973.5,642510.0,1283073.0,0.5007587253414002,642510.0,0.06487579936090507,1330,0.07388888888888889,14723.0,15696.5,,,,,,,,,,,bc_iter_001,bc,3,11,6,3,10,201,0.1005,201,0.1005,0,0.0,2000,1024,0.512,0.4115,0.011174562454223633,0.03790206909179687
mc_fairgen,0.65,12,2.0,0.5,1552,185,101552,viper_tree_agent,,True,1,50000000,25000,C_AMC_SEM,0.5,interval_qos_v2_single_recovery_full_C5_overinc016_abs005,True,True,4.0,lo,1235,1329,0,2564,0,1329,0,1235,12047423,50000000,0.24094846,,,,1329,,,,,,,2000,0,2000,2000,0,0,0.0,0.0,1.0,0.0,-1034.7628142197307,True,2000,2000,0,9.0965,14.9035,,,15,0.6209791666666666,0,0,0.0,single,24,0.02,0.02,0.9,0,,,,,v11_full_10d,128,integer_tree_ranked_valid_or_none,fixed_point_int,1000000,bb255908bec90f8d54945322db333c5c2d2df5af1c5e76fc9016dc8c975a381e,viper_integer_ranked_artifact_v1,True,,,,,,,,,,,,,,,,,,,,,,,,,,,,,,,,,18000,1329,16671,0,0,0.07383333333333333,0.9261666666666667,0.865,2000,62.965,2302.5,0.12791666666666668,0.8720833333333333,0.12791666666666668,14724,0.818,1947,1947,0,0,0,0.10816666666666666,0.10816666666666666,0.1167896346949793,973.5,642510.0,1283073.0,0.5007587253414002,642510.0,0.06487530806456694,1329,0.07383333333333333,14724.0,15697.5,,,,,,,,,,,viper_iter_002,viper,3,11,6,3,10,0,0.0,0,0.0,0,0.0,2000,1055,0.5275,0.5275,0.004860076904296875,0.021602630615234375
mc_fairgen,0.65,12,2.0,0.5,1553,185,101553,c_amc_sem_baseline,,True,1,50000000,25000,C_AMC_SEM,0.5,interval_qos_v2_single_recovery_full_C5_overinc016_abs005,True,True,4.0,lo,1158,1956,0,3114,0,1956,0,1158,11728021,50000000,0.23456042,23.16,10127.82469775475,1,1956,1956,1956,0,0,0,0.0,0,0,0,0,0,0,0.0,0.0,0.0,0.0,0.0,True,0,0,0,0.0,0.0,0,0.0,0,0.0,0,0,0.0,single,24,0.02,0.02,0.9,0,0,0.0,0,0.0,,,,,,,,,,,,,,,,,,,,,,,,,,,,,,,,,,,,,,,,,18000,1956,16044,0,0,0.10866666666666666,0.8913333333333333,0.871,0,,2921.5,0.16230555555555556,0.8376944444444444,0.1623055555555556,14113,0.7840555555555555,1931,1931,0,0,0,0.10727777777777778,0.10727777777777778,0.12035651957117925,965.5,637230.0,1272529.0,0.5007587253414004,637230.0,0.06500205850562692,1956,0.10866666666666666,14113.0,15078.5,,,,,,,,,,,,,,,,,,,,,,,,,,,,,
mc_fairgen,0.65,12,2.0,0.5,1553,185,101553,dqn_agent,mlp,True,1,50000000,25000,C_AMC_SEM,0.5,interval_qos_v2_single_recovery_full_C5_overinc016_abs005,True,True,4.0,lo,1158,1400,0,2558,0,1400,0,1158,11771218,50000000,0.23542436,23.16,10165.12780656304,1,1400,1400,1400,0,0,0,0.0,2000,0,2000,2000,0,0,0.0,0.0,1.0,0.0,-1021.184537793952,True,2000,2000,0,9.106,14.894,12000,0.25,15,0.6205833333333334,0,0,0.0,single,24,0.02,0.02,0.9,0,0,0.0,3788,0.07891666666666666,v11_full_10d,128,,,,,,,0.2726511454146876,1077,0.0,0,0.0,0.0,0.0,0.0,0,0.0,0.0,0.0,0.0,915,0,0.5126720864795193,1.602,831,0.0805696814066767,0.8328333333333333,0.8328333333333333,0.0,"{""mc_hi_0"": 1.0, ""mc_hi_1"": 1.0, ""mc_hi_2"": 1.0, ""mc_hi_3"": 1.0, ""mc_hi_4"": 1.0, ""mc_hi_5"": 1.0, ""mc_lo_0"": 1.0, ""mc_lo_1"": 1.0, ""mc_lo_2"": 1.0, ""mc_lo_3"": 4.029411764705882, ""mc_lo_4"": 1.5533333333333332, ""mc_lo_5"": 4.043478260869565}","{""mc_hi_0"": 1.0, ""mc_hi_1"": 1.0, ""mc_hi_2"": 1.0, ""mc_hi_3"": 1.0, ""mc_hi_4"": 1.0, ""mc_hi_5"": 1.0, ""mc_lo_0"": 1.0, ""mc_lo_1"": 1.0, ""mc_lo_2"": 1.0, ""mc_lo_3"": 4.029411764705882, ""mc_lo_4"": 2.222857142857143, ""mc_lo_5"": 4.043478260869565}","{""mc_hi_0"": 1.0, ""mc_hi_1"": 1.0, ""mc_hi_2"": 1.0, ""mc_hi_3"": 1.0, ""mc_hi_4"": 1.0, ""mc_hi_5"": 1.0, ""mc_lo_0"": 1.0, ""mc_lo_1"": 1.0, ""mc_lo_2"": 1.0, ""mc_lo_3"": 1.0, ""mc_lo_4"": 1.0, ""mc_lo_5"": 1.0}","{""mc_hi_0"": 0, ""mc_hi_1"": 0, ""mc_hi_2"": 0, ""mc_hi_3"": 0, ""mc_hi_4"": 0, ""mc_hi_5"": 0, ""mc_lo_0"": 0, ""mc_lo_1"": 0, ""mc_lo_2"": 0, ""mc_lo_3"": 62, ""mc_lo_4"": 955, ""mc_lo_5"": 68}","{""mc_hi_0"": 0, ""mc_hi_1"": 0, ""mc_hi_2"": 0, ""mc_hi_3"": 0, ""mc_hi_4"": 0, ""mc_hi_5"": 0, ""mc_lo_0"": 0, ""mc_lo_1"": 0, ""mc_lo_2"": 0, ""mc_lo_3"": 0, ""mc_lo_4"": 915, ""mc_lo_5"": 0}","{""mc_hi_0"": 0, ""mc_hi_1"": 0, ""mc_hi_2"": 0, ""mc_hi_3"": 0, ""mc_hi_4"": 0, ""mc_hi_5"": 0, ""mc_lo_0"": 0, ""mc_lo_1"": 0, ""mc_lo_2"": 0, ""mc_lo_3"": 0, ""mc_lo_4"": 915, ""mc_lo_5"": 0}","{""mc_hi_0"": 0, ""mc_hi_1"": 0, ""mc_hi_2"": 0, ""mc_hi_3"": 0, ""mc_hi_4"": 0, ""mc_hi_5"": 0, ""mc_lo_0"": 0, ""mc_lo_1"": 0, ""mc_lo_2"": 0, ""mc_lo_3"": 60, ""mc_lo_4"": 952, ""mc_lo_5"": 65}","{""mc_hi_0"": 0, ""mc_hi_1"": 0, ""mc_hi_2"": 0, ""mc_hi_3"": 0, ""mc_hi_4"": 0, ""mc_hi_5"": 0, ""mc_lo_0"": 0, ""mc_lo_1"": 0, ""mc_lo_2"": 0, ""mc_lo_3"": 62, ""mc_lo_4"": 16, ""mc_lo_5"": 41}","{""mc_hi_0"": 0, ""mc_hi_1"": 0, ""mc_hi_2"": 0, ""mc_hi_3"": 0, ""mc_hi_4"": 0, ""mc_hi_5"": 0, ""mc_lo_0"": 0, ""mc_lo_1"": 0, ""mc_lo_2"": 0, ""mc_lo_3"": 1998, ""mc_lo_4"": 1909, ""mc_lo_5"": 1936}","{""mc_hi_0"": 0, ""mc_hi_1"": 0, ""mc_hi_2"": 0, ""mc_hi_3"": 0, ""mc_hi_4"": 0, ""mc_hi_5"": 0, ""mc_lo_0"": 0, ""mc_lo_1"": 0, ""mc_lo_2"": 0, ""mc_lo_3"": 0, ""mc_lo_4"": 0, ""mc_lo_5"": 0}",18000,1400,16600,0,0,0.07777777777777778,0.9222222222222223,0.882,2000,59.4055,2365.5,0.13141666666666665,0.8685833333333334,0.13141666666666663,14669,0.8149444444444445,1931,1931,0,0,0,0.10727777777777778,0.10727777777777778,0.11632530120481928,965.5,637230.0,1272529.0,0.5007587253414004,637230.0,0.06440362393814067,1400,0.07777777777777778,14669.0,15634.5,,,,,,,,,,0,,,,,,,,,,,,,,,,,,,
mc_fairgen,0.65,12,2.0,0.5,1553,185,101553,bc_tree_agent,,True,1,50000000,25000,C_AMC_SEM,0.5,interval_qos_v2_single_recovery_full_C5_overinc016_abs005,True,True,4.0,lo,1158,1383,0,2541,0,1383,0,1158,11771440,50000000,0.2354288,,,,1383,,,,,,,2000,0,2000,2000,0,0,0.0,0.0,1.0,0.0,-1052.1496700518555,True,2000,2000,0,8.9025,15.0975,,,16,0.6290625,0,0,0.0,single,24,0.02,0.02,0.9,0,,,,,v11_full_10d,128,integer_tree_ranked_valid_or_none,fixed_point_int,1000000,bb255908bec90f8d54945322db333c5c2d2df5af1c5e76fc9016dc8c975a381e,viper_integer_ranked_artifact_v1,True,,,,,,,,,,,,,,,,,,,,,,,,,,,,,,,,,18000,1383,16617,0,0,0.07683333333333334,0.9231666666666667,0.882,2000,149.7945,2348.5,0.1304722222222222,0.8695277777777778,0.1304722222222222,14686,0.8158888888888889,1931,1931,0,0,0,0.10727777777777778,0.10727777777777778,0.11620629475837997,965.5,637230.0,1272529.0,0.5007587253414004,637230.0,0.06439559915404416,1383,0.07683333333333334,14686.0,15651.5,,,,,,,,,,,bc_iter_001,bc,3,11,6,3,10,250,0.125,250,0.125,0,0.0,2000,1042,0.521,0.396,0.010576255798339844,0.036032104492187494
mc_fairgen,0.65,12,2.0,0.5,1553,185,101553,viper_tree_agent,,True,1,50000000,25000,C_AMC_SEM,0.5,interval_qos_v2_single_recovery_full_C5_overinc016_abs005,True,True,4.0,lo,1158,1383,0,2541,0,1383,0,1158,11771440,50000000,0.2354288,,,,1383,,,,,,,2000,0,2000,2000,0,0,0.0,0.0,1.0,0.0,-1020.1444853356994,True,2000,2000,0,9.0965,14.9035,,,15,0.6209791666666666,0,0,0.0,single,24,0.02,0.02,0.9,0,,,,,v11_full_10d,128,integer_tree_ranked_valid_or_none,fixed_point_int,1000000,bb255908bec90f8d54945322db333c5c2d2df5af1c5e76fc9016dc8c975a381e,viper_integer_ranked_artifact_v1,True,,,,,,,,,,,,,,,,,,,,,,,,,,,,,,,,,18000,1383,16617,0,0,0.07683333333333334,0.9231666666666667,0.882,2000,62.965,2348.5,0.1304722222222222,0.8695277777777778,0.1304722222222222,14686,0.8158888888888889,1931,1931,0,0,0,0.10727777777777778,0.10727777777777778,0.11620629475837997,965.5,637230.0,1272529.0,0.5007587253414004,637230.0,0.06439559915404416,1383,0.07683333333333334,14686.0,15651.5,,,,,,,,,,,viper_iter_002,viper,3,11,6,3,10,0,0.0,0,0.0,0,0.0,2000,1054,0.527,0.527,0.0047255859375,0.020523643493652342
mc_fairgen,0.65,12,2.0,0.5,1554,185,101554,c_amc_sem_baseline,,True,1,50000000,25000,C_AMC_SEM,0.5,interval_qos_v2_single_recovery_full_C5_overinc016_abs005,True,True,4.0,lo,1178,1883,0,3061,0,1883,0,1178,12019887,50000000,0.24039774,23.560000000000002,10203.63921901528,1,1883,1883,1883,0,0,0,0.0,0,0,0,0,0,0,0.0,0.0,0.0,0.0,0.0,True,0,0,0,0.0,0.0,0,0.0,0,0.0,0,0,0.0,single,24,0.02,0.02,0.9,0,0,0.0,0,0.0,,,,,,,,,,,,,,,,,,,,,,,,,,,,,,,,,,,,,,,,,18000,1883,16117,0,0,0.10461111111111111,0.8953888888888889,0.866,0,,2866.5,0.15925,0.84075,0.15925,14150,0.7861111111111111,1967,1967,0,0,0,0.10927777777777778,0.10927777777777778,0.1220450456040206,983.5,649110.0,1296253.0,0.5007587253413999,649110.0,0.06630297798031431,1883,0.10461111111111111,14150.0,15133.5,,,,,,,,,,,,,,,,,,,,,,,,,,,,,
mc_fairgen,0.65,12,2.0,0.5,1554,185,101554,dqn_agent,mlp,True,1,50000000,25000,C_AMC_SEM,0.5,interval_qos_v2_single_recovery_full_C5_overinc016_abs005,True,True,4.0,lo,1178,1292,0,2470,0,1292,0,1178,12066425,50000000,0.2413285,23.560000000000002,10243.145161290322,1,1292,1292,1292,0,0,0,0.0,2000,0,2000,2000,0,0,0.0,0.0,1.0,0.0,-997.7808099018471,True,2000,2000,0,9.1115,14.8885,12000,0.25,15,0.6203541666666667,0,0,0.0,single,24,0.02,0.02,0.9,0,0,0.0,3777,0.0786875,v11_full_10d,128,,,,,,,0.2529013835099257,1072,0.0,0,0.0,0.0,0.0,0.0,0,0.0,0.0,0.0,0.0,920,0,0.5094026161551578,1.8265,846,0.08286406092615323,0.8328333333333333,0.8328333333333333,0.0,"{""mc_hi_0"": 1.0, ""mc_hi_1"": 1.0, ""mc_hi_2"": 1.0, ""mc_hi_3"": 1.0, ""mc_hi_4"": 1.0, ""mc_hi_5"": 1.0, ""mc_lo_0"": 1.0, ""mc_lo_1"": 1.0, ""mc_lo_2"": 1.0, ""mc_lo_3"": 4.029411764705882, ""mc_lo_4"": 1.2457142857142858, ""mc_lo_5"": 4.043478260869565}","{""mc_hi_0"": 1.0, ""mc_hi_1"": 1.0, ""mc_hi_2"": 1.0, ""mc_hi_3"": 1.0, ""mc_hi_4"": 1.0, ""mc_hi_5"": 1.0, ""mc_lo_0"": 1.0, ""mc_lo_1"": 1.0, ""mc_lo_2"": 1.0, ""mc_lo_3"": 4.029411764705882, ""mc_lo_4"": 1.9033333333333333, ""mc_lo_5"": 4.043478260869565}","{""mc_hi_0"": 1.0, ""mc_hi_1"": 1.0, ""mc_hi_2"": 1.0, ""mc_hi_3"": 1.0, ""mc_hi_4"": 1.0, ""mc_hi_5"": 1.0, ""mc_lo_0"": 1.0, ""mc_lo_1"": 1.0, ""mc_lo_2"": 1.0, ""mc_lo_3"": 1.0, ""mc_lo_4"": 1.0, ""mc_lo_5"": 1.0}","{""mc_hi_0"": 0, ""mc_hi_1"": 0, ""mc_hi_2"": 0, ""mc_hi_3"": 0, ""mc_hi_4"": 0, ""mc_hi_5"": 0, ""mc_lo_0"": 0, ""mc_lo_1"": 0, ""mc_lo_2"": 0, ""mc_lo_3"": 62, ""mc_lo_4"": 950, ""mc_lo_5"": 68}","{""mc_hi_0"": 0, ""mc_hi_1"": 0, ""mc_hi_2"": 0, ""mc_hi_3"": 0, ""mc_hi_4"": 0, ""mc_hi_5"": 0, ""mc_lo_0"": 0, ""mc_lo_1"": 0, ""mc_lo_2"": 0, ""mc_lo_3"": 0, ""mc_lo_4"": 920, ""mc_lo_5"": 0}","{""mc_hi_0"": 0, ""mc_hi_1"": 0, ""mc_hi_2"": 0, ""mc_hi_3"": 0, ""mc_hi_4"": 0, ""mc_hi_5"": 0, ""mc_lo_0"": 0, ""mc_lo_1"": 0, ""mc_lo_2"": 0, ""mc_lo_3"": 0, ""mc_lo_4"": 920, ""mc_lo_5"": 0}","{""mc_hi_0"": 0, ""mc_hi_1"": 0, ""mc_hi_2"": 0, ""mc_hi_3"": 0, ""mc_hi_4"": 0, ""mc_hi_5"": 0, ""mc_lo_0"": 0, ""mc_lo_1"": 0, ""mc_lo_2"": 0, ""mc_lo_3"": 60, ""mc_lo_4"": 947, ""mc_lo_5"": 65}","{""mc_hi_0"": 0, ""mc_hi_1"": 0, ""mc_hi_2"": 0, ""mc_hi_3"": 0, ""mc_hi_4"": 0, ""mc_hi_5"": 0, ""mc_lo_0"": 0, ""mc_lo_1"": 0, ""mc_lo_2"": 0, ""mc_lo_3"": 62, ""mc_lo_4"": 18, ""mc_lo_5"": 53}","{""mc_hi_0"": 0, ""mc_hi_1"": 0, ""mc_hi_2"": 0, ""mc_hi_3"": 0, ""mc_hi_4"": 0, ""mc_hi_5"": 0, ""mc_lo_0"": 0, ""mc_lo_1"": 0, ""mc_lo_2"": 0, ""mc_lo_3"": 1998, ""mc_lo_4"": 1919, ""mc_lo_5"": 1936}","{""mc_hi_0"": 0, ""mc_hi_1"": 0, ""mc_hi_2"": 0, ""mc_hi_3"": 0, ""mc_hi_4"": 0, ""mc_hi_5"": 0, ""mc_lo_0"": 0, ""mc_lo_1"": 0, ""mc_lo_2"": 0, ""mc_lo_3"": 0, ""mc_lo_4"": 0, ""mc_lo_5"": 0}",18000,1292,16708,0,0,0.07177777777777777,0.9282222222222223,0.872,2000,57.8105,2275.5,0.12641666666666668,0.8735833333333334,0.12641666666666662,14741,0.8189444444444445,1967,1967,0,0,0,0.10927777777777778,0.10927777777777778,0.11772803447450324,983.5,649110.0,1296253.0,0.5007587253413999,649110.0,0.06564611836264861,1292,0.07177777777777777,14741.0,15724.5,,,,,,,,,,0,,,,,,,,,,,,,,,,,,,
mc_fairgen,0.65,12,2.0,0.5,1554,185,101554,bc_tree_agent,,True,1,50000000,25000,C_AMC_SEM,0.5,interval_qos_v2_single_recovery_full_C5_overinc016_abs005,True,True,4.0,lo,1178,1282,0,2460,0,1282,0,1178,12065860,50000000,0.2413172,,,,1282,,,,,,,2000,0,2000,2000,0,0,0.0,0.0,1.0,0.0,-1029.560823968085,True,2000,2000,0,8.8925,15.1075,,,16,0.6294791666666667,0,0,0.0,single,24,0.02,0.02,0.9,0,,,,,v11_full_10d,128,integer_tree_ranked_valid_or_none,fixed_point_int,1000000,bb255908bec90f8d54945322db333c5c2d2df5af1c5e76fc9016dc8c975a381e,viper_integer_ranked_artifact_v1,True,,,,,,,,,,,,,,,,,,,,,,,,,,,,,,,,,18000,1282,16718,0,0,0.07122222222222223,0.9287777777777778,0.872,2000,149.4885,2265.5,0.12586111111111112,0.8741388888888889,0.1258611111111111,14751,0.8195,1967,1967,0,0,0,0.10927777777777778,0.10927777777777778,0.11765761454719464,983.5,649110.0,1296253.0,0.5007587253413999,649110.0,0.06564674906954676,1282,0.07122222222222223,14751.0,15734.5,,,,,,,,,,,bc_iter_001,bc,3,11,6,3,10,269,0.1345,269,0.1345,0,0.0,2000,1051,0.5255,0.391,0.011130365371704101,0.03875885009765624
mc_fairgen,0.65,12,2.0,0.5,1554,185,101554,viper_tree_agent,,True,1,50000000,25000,C_AMC_SEM,0.5,interval_qos_v2_single_recovery_full_C5_overinc016_abs005,True,True,4.0,lo,1178,1282,0,2460,0,1282,0,1178,12066154,50000000,0.24132308,,,,1282,,,,,,,2000,0,2000,2000,0,0,0.0,0.0,1.0,0.0,-997.750273129593,True,2000,2000,0,9.0965,14.9035,,,15,0.6209791666666666,0,0,0.0,single,24,0.02,0.02,0.9,0,,,,,v11_full_10d,128,integer_tree_ranked_valid_or_none,fixed_point_int,1000000,bb255908bec90f8d54945322db333c5c2d2df5af1c5e76fc9016dc8c975a381e,viper_integer_ranked_artifact_v1,True,,,,,,,,,,,,,,,,,,,,,,,,,,,,,,,,,18000,1282,16718,0,0,0.07122222222222223,0.9287777777777778,0.872,2000,62.965,2265.5,0.12586111111111112,0.8741388888888889,0.1258611111111111,14751,0.8195,1967,1967,0,0,0,0.10927777777777778,0.10927777777777778,0.11765761454719464,983.5,649110.0,1296253.0,0.5007587253413999,649110.0,0.065643575740911,1282,0.07122222222222223,14751.0,15734.5,,,,,,,,,,,viper_iter_002,viper,3,11,6,3,10,0,0.0,0,0.0,0,0.0,2000,1073,0.5365,0.5365,0.004756666183471679,0.02105579376220703
mc_fairgen,0.65,12,2.0,0.5,1555,185,101555,c_amc_sem_baseline,,True,1,50000000,25000,C_AMC_SEM,0.5,interval_qos_v2_single_recovery_full_C5_overinc016_abs005,True,True,4.0,lo,1146,1832,0,2978,0,1832,0,1146,11272222,50000000,0.22544444,22.92,9836.14485165794,1,1832,1832,1832,0,0,0,0.0,0,0,0,0,0,0,0.0,0.0,0.0,0.0,0.0,True,0,0,0,0.0,0.0,0,0.0,0,0.0,0,0,0.0,single,24,0.02,0.02,0.9,0,0,0.0,0,0.0,,,,,,,,,,,,,,,,,,,,,,,,,,,,,,,,,,,,,,,,,18000,1832,16168,0,0,0.10177777777777777,0.8982222222222223,0.881,0,,2752.5,0.15291666666666667,0.8470833333333333,0.1529166666666667,14327,0.7959444444444445,1841,1841,0,0,0,0.10227777777777777,0.10227777777777777,0.11386689757545769,920.5,607530.0,1213219.0,0.5007587253414019,607530.0,0.06203663094928718,1832,0.10177777777777777,14327.0,15247.5,,,,,,,,,,,,,,,,,,,,,,,,,,,,,
mc_fairgen,0.65,12,2.0,0.5,1555,185,101555,dqn_agent,mlp,True,1,50000000,25000,C_AMC_SEM,0.5,interval_qos_v2_single_recovery_full_C5_overinc016_abs005,True,True,4.0,lo,1146,1303,0,2449,0,1303,0,1146,11306945,50000000,0.2261389,22.92,9866.444153577662,1,1303,1303,1303,0,0,0,0.0,2000,0,2000,2000,0,0,0.0,0.0,1.0,0.0,-994.1067273464448,True,2000,2000,0,9.1065,14.8935,12000,0.25,15,0.6205625,0,0,0.0,single,24,0.02,0.02,0.9,0,0,0.0,3787,0.07889583333333333,v11_full_10d,128,,,,,,,0.29127495493849714,1073,0.0,0,0.0,0.0,0.0,0.0,0,0.0,0.0,0.0,0.0,919,0,0.5165440136706857,1.9045,795,0.08135009918811338,0.8328333333333333,0.8328333333333333,0.0,"{""mc_hi_0"": 1.0, ""mc_hi_1"": 1.0, ""mc_hi_2"": 1.0, ""mc_hi_3"": 1.0, ""mc_hi_4"": 1.0, ""mc_hi_5"": 1.0, ""mc_lo_0"": 1.0, ""mc_lo_1"": 1.0, ""mc_lo_2"": 1.0, ""mc_lo_3"": 4.029411764705882, ""mc_lo_4"": 1.2957142857142858, ""mc_lo_5"": 4.043478260869565}","{""mc_hi_0"": 1.0, ""mc_hi_1"": 1.0, ""mc_hi_2"": 1.0, ""mc_hi_3"": 1.0, ""mc_hi_4"": 1.0, ""mc_hi_5"": 1.0, ""mc_lo_0"": 1.0, ""mc_lo_1"": 1.0, ""mc_lo_2"": 1.0, ""mc_lo_3"": 4.029411764705882, ""mc_lo_4"": 2.337142857142857, ""mc_lo_5"": 4.043478260869565}","{""mc_hi_0"": 1.0, ""mc_hi_1"": 1.0, ""mc_hi_2"": 1.0, ""mc_hi_3"": 1.0, ""mc_hi_4"": 1.0, ""mc_hi_5"": 1.0, ""mc_lo_0"": 1.0, ""mc_lo_1"": 1.0, ""mc_lo_2"": 1.0, ""mc_lo_3"": 1.0, ""mc_lo_4"": 1.0, ""mc_lo_5"": 1.0}","{""mc_hi_0"": 0, ""mc_hi_1"": 0, ""mc_hi_2"": 0, ""mc_hi_3"": 0, ""mc_hi_4"": 0, ""mc_hi_5"": 0, ""mc_lo_0"": 0, ""mc_lo_1"": 0, ""mc_lo_2"": 0, ""mc_lo_3"": 62, ""mc_lo_4"": 951, ""mc_lo_5"": 68}","{""mc_hi_0"": 0, ""mc_hi_1"": 0, ""mc_hi_2"": 0, ""mc_hi_3"": 0, ""mc_hi_4"": 0, ""mc_hi_5"": 0, ""mc_lo_0"": 0, ""mc_lo_1"": 0, ""mc_lo_2"": 0, ""mc_lo_3"": 0, ""mc_lo_4"": 919, ""mc_lo_5"": 0}","{""mc_hi_0"": 0, ""mc_hi_1"": 0, ""mc_hi_2"": 0, ""mc_hi_3"": 0, ""mc_hi_4"": 0, ""mc_hi_5"": 0, ""mc_lo_0"": 0, ""mc_lo_1"": 0, ""mc_lo_2"": 0, ""mc_lo_3"": 0, ""mc_lo_4"": 919, ""mc_lo_5"": 0}","{""mc_hi_0"": 0, ""mc_hi_1"": 0, ""mc_hi_2"": 0, ""mc_hi_3"": 0, ""mc_hi_4"": 0, ""mc_hi_5"": 0, ""mc_lo_0"": 0, ""mc_lo_1"": 0, ""mc_lo_2"": 0, ""mc_lo_3"": 60, ""mc_lo_4"": 948, ""mc_lo_5"": 65}","{""mc_hi_0"": 0, ""mc_hi_1"": 0, ""mc_hi_2"": 0, ""mc_hi_3"": 0, ""mc_hi_4"": 0, ""mc_hi_5"": 0, ""mc_lo_0"": 0, ""mc_lo_1"": 0, ""mc_lo_2"": 0, ""mc_lo_3"": 62, ""mc_lo_4"": 21, ""mc_lo_5"": 51}","{""mc_hi_0"": 0, ""mc_hi_1"": 0, ""mc_hi_2"": 0, ""mc_hi_3"": 0, ""mc_hi_4"": 0, ""mc_hi_5"": 0, ""mc_lo_0"": 0, ""mc_lo_1"": 0, ""mc_lo_2"": 0, ""mc_lo_3"": 1998, ""mc_lo_4"": 1893, ""mc_lo_5"": 1936}","{""mc_hi_0"": 0, ""mc_hi_1"": 0, ""mc_hi_2"": 0, ""mc_hi_3"": 0, ""mc_hi_4"": 0, ""mc_hi_5"": 0, ""mc_lo_0"": 0, ""mc_lo_1"": 0, ""mc_lo_2"": 0, ""mc_lo_3"": 0, ""mc_lo_4"": 0, ""mc_lo_5"": 0}",18000,1303,16697,0,0,0.07238888888888889,0.9276111111111112,0.881,2000,61.034,2224.0,0.12355555555555556,0.8764444444444445,0.12355555555555553,14855,0.8252777777777778,1842,1842,0,0,0,0.10233333333333333,0.10233333333333333,0.11031921902138109,921.0,607860.0,1213878.0,0.5007587253414019,607860.0,0.061601967338978644,1303,0.07238888888888889,14855.0,15776.0,,,,,,,,,,0,,,,,,,,,,,,,,,,,,,
mc_fairgen,0.65,12,2.0,0.5,1555,185,101555,bc_tree_agent,,True,1,50000000,25000,C_AMC_SEM,0.5,interval_qos_v2_single_recovery_full_C5_overinc016_abs005,True,True,4.0,lo,1146,1293,0,2439,0,1293,0,1146,11307278,50000000,0.22614556,,,,1293,,,,,,,2000,0,2000,2000,0,0,0.0,0.0,1.0,0.0,-1025.4715544287235,True,2000,2000,0,8.909,15.091,,,16,0.6287916666666666,0,0,0.0,single,24,0.02,0.02,0.9,0,,,,,v11_full_10d,128,integer_tree_ranked_valid_or_none,fixed_point_int,1000000,bb255908bec90f8d54945322db333c5c2d2df5af1c5e76fc9016dc8c975a381e,viper_integer_ranked_artifact_v1,True,,,,,,,,,,,,,,,,,,,,,,,,,,,,,,,,,18000,1293,16707,0,0,0.07183333333333333,0.9281666666666667,0.881,2000,144.6955,2214.0,0.123,0.877,0.123,14865,0.8258333333333333,1842,1842,0,0,0,0.10233333333333333,0.10233333333333333,0.11025318728676603,921.0,607860.0,1213878.0,0.5007587253414019,607860.0,0.06159641166904732,1293,0.07183333333333333,14865.0,15786.0,,,,,,,,,,,bc_iter_001,bc,3,11,6,3,10,238,0.119,238,0.119,0,0.0,2000,1065,0.5325,0.4135,0.009751331329345704,0.035199165344238274
mc_fairgen,0.65,12,2.0,0.5,1555,185,101555,viper_tree_agent,,True,1,50000000,25000,C_AMC_SEM,0.5,interval_qos_v2_single_recovery_full_C5_overinc016_abs005,True,True,4.0,lo,1146,1293,0,2439,0,1293,0,1146,11307278,50000000,0.22614556,,,,1293,,,,,,,2000,0,2000,2000,0,0,0.0,0.0,1.0,0.0,-993.8105658971823,True,2000,2000,0,9.0965,14.9035,,,15,0.6209791666666666,0,0,0.0,single,24,0.02,0.02,0.9,0,,,,,v11_full_10d,128,integer_tree_ranked_valid_or_none,fixed_point_int,1000000,bb255908bec90f8d54945322db333c5c2d2df5af1c5e76fc9016dc8c975a381e,viper_integer_ranked_artifact_v1,True,,,,,,,,,,,,,,,,,,,,,,,,,,,,,,,,,18000,1293,16707,0,0,0.07183333333333333,0.9281666666666667,0.881,2000,62.965,2214.0,0.123,0.877,0.123,14865,0.8258333333333333,1842,1842,0,0,0,0.10233333333333333,0.10233333333333333,0.11025318728676603,921.0,607860.0,1213878.0,0.5007587253414019,607860.0,0.06159641166904732,1293,0.07183333333333333,14865.0,15786.0,,,,,,,,,,,viper_iter_002,viper,3,11,6,3,10,0,0.0,0,0.0,0,0.0,2000,1028,0.514,0.514,0.004962701797485352,0.02118682861328125
mc_fairgen,0.65,12,2.0,0.5,1556,185,101556,c_amc_sem_baseline,,True,1,50000000,25000,C_AMC_SEM,0.5,interval_qos_v2_single_recovery_full_C5_overinc016_abs005,True,True,4.0,lo,1172,1893,0,3065,0,1893,0,1172,11624338,50000000,0.23248676,23.439999999999998,9918.377133105801,1,1893,1893,1893,0,0,0,0.0,0,0,0,0,0,0,0.0,0.0,0.0,0.0,0.0,True,0,0,0,0.0,0.0,0,0.0,0,0.0,0,0,0.0,single,24,0.02,0.02,0.9,0,0,0.0,0,0.0,,,,,,,,,,,,,,,,,,,,,,,,,,,,,,,,,,,,,,,,,18000,1893,16107,0,0,0.10516666666666667,0.8948333333333334,0.852,0,,2841.5,0.15786111111111112,0.8421388888888889,0.15786111111111112,14210,0.7894444444444444,1897,1897,0,0,0,0.10538888888888889,0.10538888888888889,0.11777488048674489,948.5,626010.0,1250123.0,0.500758725341401,626010.0,0.06388115274862127,1893,0.10516666666666667,14210.0,15158.5,,,,,,,,,,,,,,,,,,,,,,,,,,,,,
mc_fairgen,0.65,12,2.0,0.5,1556,185,101556,dqn_agent,mlp,True,1,50000000,25000,C_AMC_SEM,0.5,interval_qos_v2_single_recovery_full_C5_overinc016_abs005,True,True,4.0,lo,1172,1361,0,2533,0,1361,0,1172,11662843,50000000,0.23325686,23.439999999999998,9951.231228668941,1,1361,1361,1361,0,0,0,0.0,2000,0,2000,2000,0,0,0.0,0.0,1.0,0.0,-1026.2616083212322,True,2000,2000,0,9.106,14.894,12000,0.25,15,0.6205833333333334,0,0,0.0,single,24,0.02,0.02,0.9,0,0,0.0,3788,0.07891666666666666,v11_full_10d,128,,,,,,,0.27285900255754475,1076,0.0,0,0.0,0.0,0.0,0.0,0,0.0,0.0,0.0,0.0,916,0,0.5129268777148541,1.732,811,0.08196531389174733,0.8328333333333333,0.8328333333333333,0.0,"{""mc_hi_0"": 1.0, ""mc_hi_1"": 1.0, ""mc_hi_2"": 1.0, ""mc_hi_3"": 1.0, ""mc_hi_4"": 1.0, ""mc_hi_5"": 1.0, ""mc_lo_0"": 1.0, ""mc_lo_1"": 1.0, ""mc_lo_2"": 1.0, ""mc_lo_3"": 4.029411764705882, ""mc_lo_4"": 1.4780952380952381, ""mc_lo_5"": 4.043478260869565}","{""mc_hi_0"": 1.0, ""mc_hi_1"": 1.0, ""mc_hi_2"": 1.0, ""mc_hi_3"": 1.0, ""mc_hi_4"": 1.0, ""mc_hi_5"": 1.0, ""mc_lo_0"": 1.0, ""mc_lo_1"": 1.0, ""mc_lo_2"": 1.0, ""mc_lo_3"": 4.029411764705882, ""mc_lo_4"": 1.95, ""mc_lo_5"": 4.043478260869565}","{""mc_hi_0"": 1.0, ""mc_hi_1"": 1.0, ""mc_hi_2"": 1.0, ""mc_hi_3"": 1.0, ""mc_hi_4"": 1.0, ""mc_hi_5"": 1.0, ""mc_lo_0"": 1.0, ""mc_lo_1"": 1.0, ""mc_lo_2"": 1.0, ""mc_lo_3"": 1.0, ""mc_lo_4"": 1.0, ""mc_lo_5"": 1.0}","{""mc_hi_0"": 0, ""mc_hi_1"": 0, ""mc_hi_2"": 0, ""mc_hi_3"": 0, ""mc_hi_4"": 0, ""mc_hi_5"": 0, ""mc_lo_0"": 0, ""mc_lo_1"": 0, ""mc_lo_2"": 0, ""mc_lo_3"": 62, ""mc_lo_4"": 954, ""mc_lo_5"": 68}","{""mc_hi_0"": 0, ""mc_hi_1"": 0, ""mc_hi_2"": 0, ""mc_hi_3"": 0, ""mc_hi_4"": 0, ""mc_hi_5"": 0, ""mc_lo_0"": 0, ""mc_lo_1"": 0, ""mc_lo_2"": 0, ""mc_lo_3"": 0, ""mc_lo_4"": 916, ""mc_lo_5"": 0}","{""mc_hi_0"": 0, ""mc_hi_1"": 0, ""mc_hi_2"": 0, ""mc_hi_3"": 0, ""mc_hi_4"": 0, ""mc_hi_5"": 0, ""mc_lo_0"": 0, ""mc_lo_1"": 0, ""mc_lo_2"": 0, ""mc_lo_3"": 0, ""mc_lo_4"": 916, ""mc_lo_5"": 0}","{""mc_hi_0"": 0, ""mc_hi_1"": 0, ""mc_hi_2"": 0, ""mc_hi_3"": 0, ""mc_hi_4"": 0, ""mc_hi_5"": 0, ""mc_lo_0"": 0, ""mc_lo_1"": 0, ""mc_lo_2"": 0, ""mc_lo_3"": 60, ""mc_lo_4"": 951, ""mc_lo_5"": 65}","{""mc_hi_0"": 0, ""mc_hi_1"": 0, ""mc_hi_2"": 0, ""mc_hi_3"": 0, ""mc_hi_4"": 0, ""mc_hi_5"": 0, ""mc_lo_0"": 0, ""mc_lo_1"": 0, ""mc_lo_2"": 0, ""mc_lo_3"": 62, ""mc_lo_4"": 14, ""mc_lo_5"": 46}","{""mc_hi_0"": 0, ""mc_hi_1"": 0, ""mc_hi_2"": 0, ""mc_hi_3"": 0, ""mc_hi_4"": 0, ""mc_hi_5"": 0, ""mc_lo_0"": 0, ""mc_lo_1"": 0, ""mc_lo_2"": 0, ""mc_lo_3"": 1998, ""mc_lo_4"": 1918, ""mc_lo_5"": 1936}","{""mc_hi_0"": 0, ""mc_hi_1"": 0, ""mc_hi_2"": 0, ""mc_hi_3"": 0, ""mc_hi_4"": 0, ""mc_hi_5"": 0, ""mc_lo_0"": 0, ""mc_lo_1"": 0, ""mc_lo_2"": 0, ""mc_lo_3"": 0, ""mc_lo_4"": 0, ""mc_lo_5"": 0}",18000,1361,16639,0,0,0.07561111111111112,0.9243888888888889,0.852,2000,59.4555,2311.0,0.12838888888888889,0.8716111111111111,0.12838888888888889,14739,0.8188333333333333,1900,1900,0,0,0,0.10555555555555556,0.10555555555555556,0.11418955466073683,950.0,627000.0,1252100.0,0.5007587253414009,627000.0,0.06347451604477838,1361,0.07561111111111112,14739.0,15689.0,,,,,,,,,,0,,,,,,,,,,,,,,,,,,,
mc_fairgen,0.65,12,2.0,0.5,1556,185,101556,bc_tree_agent,,True,1,50000000,25000,C_AMC_SEM,0.5,interval_qos_v2_single_recovery_full_C5_overinc016_abs005,True,True,4.0,lo,1172,1351,0,2523,0,1351,0,1172,11663407,50000000,0.23326814,,,,1351,,,,,,,2000,0,2000,2000,0,0,0.0,0.0,1.0,0.0,-1059.1001297280995,True,2000,2000,0,8.916,15.084,,,16,0.6285,0,0,0.0,single,24,0.02,0.02,0.9,0,,,,,v11_full_10d,128,integer_tree_ranked_valid_or_none,fixed_point_int,1000000,bb255908bec90f8d54945322db333c5c2d2df5af1c5e76fc9016dc8c975a381e,viper_integer_ranked_artifact_v1,True,,,,,,,,,,,,,,,,,,,,,,,,,,,,,,,,,18000,1351,16649,0,0,0.07505555555555556,0.9249444444444445,0.852,2000,147.351,2301.0,0.12783333333333333,0.8721666666666666,0.12783333333333335,14749,0.8193888888888889,1900,1900,0,0,0,0.10555555555555556,0.10555555555555556,0.1141209682263199,950.0,627000.0,1252100.0,0.5007587253414009,627000.0,0.06346768609064664,1351,0.07505555555555556,14749.0,15699.0,,,,,,,,,,,bc_iter_001,bc,3,11,6,3,10,227,0.1135,227,0.1135,0,0.0,2000,1066,0.533,0.4195,0.009819303512573242,0.03543148040771484
mc_fairgen,0.65,12,2.0,0.5,1556,185,101556,viper_tree_agent,,True,1,50000000,25000,C_AMC_SEM,0.5,interval_qos_v2_single_recovery_full_C5_overinc016_abs005,True,True,4.0,lo,1172,1351,0,2523,0,1351,0,1172,11663407,50000000,0.23326814,,,,1351,,,,,,,2000,0,2000,2000,0,0,0.0,0.0,1.0,0.0,-1027.2176785651375,True,2000,2000,0,9.0965,14.9035,,,15,0.6209791666666666,0,0,0.0,single,24,0.02,0.02,0.9,0,,,,,v11_full_10d,128,integer_tree_ranked_valid_or_none,fixed_point_int,1000000,bb255908bec90f8d54945322db333c5c2d2df5af1c5e76fc9016dc8c975a381e,viper_integer_ranked_artifact_v1,True,,,,,,,,,,,,,,,,,,,,,,,,,,,,,,,,,18000,1351,16649,0,0,0.07505555555555556,0.9249444444444445,0.852,2000,62.965,2301.0,0.12783333333333333,0.8721666666666666,0.12783333333333335,14749,0.8193888888888889,1900,1900,0,0,0,0.10555555555555556,0.10555555555555556,0.1141209682263199,950.0,627000.0,1252100.0,0.5007587253414009,627000.0,0.06346768609064664,1351,0.07505555555555556,14749.0,15699.0,,,,,,,,,,,viper_iter_002,viper,3,11,6,3,10,0,0.0,0,0.0,0,0.0,2000,1043,0.5215,0.5215,0.0047716064453125,0.02046623229980469
mc_fairgen,0.65,12,2.0,0.5,1557,185,101557,c_amc_sem_baseline,,True,1,50000000,25000,C_AMC_SEM,0.5,interval_qos_v2_single_recovery_full_C5_overinc016_abs005,True,True,4.0,lo,1145,1950,0,3095,0,1950,0,1145,11715267,50000000,0.23430534,22.900000000000002,10231.67423580786,1,1950,1950,1950,0,0,0,0.0,0,0,0,0,0,0,0.0,0.0,0.0,0.0,0.0,True,0,0,0,0.0,0.0,0,0.0,0,0.0,0,0,0.0,single,24,0.02,0.02,0.9,0,0,0.0,0,0.0,,,,,,,,,,,,,,,,,,,,,,,,,,,,,,,,,,,,,,,,,18000,1950,16050,0,0,0.10833333333333334,0.8916666666666666,0.865,0,,2915.0,0.16194444444444445,0.8380555555555556,0.16194444444444445,14120,0.7844444444444445,1930,1930,0,0,0,0.10722222222222222,0.10722222222222222,0.12024922118380062,965.0,636900.0,1271870.0,0.5007587253414004,636900.0,0.06505937625740345,1950,0.10833333333333334,14120.0,15085.0,,,,,,,,,,,,,,,,,,,,,,,,,,,,,
mc_fairgen,0.65,12,2.0,0.5,1557,185,101557,dqn_agent,mlp,True,1,50000000,25000,C_AMC_SEM,0.5,interval_qos_v2_single_recovery_full_C5_overinc016_abs005,True,True,4.0,lo,1145,1422,0,2567,0,1422,0,1145,11760921,50000000,0.23521842,22.900000000000002,10271.54672489083,1,1422,1422,1422,0,0,0,0.0,2000,0,2000,2000,0,0,0.0,0.0,1.0,0.0,-1027.232759469572,True,2000,2000,0,9.1045,14.8955,12000,0.25,15,0.6206458333333333,0,0,0.0,single,24,0.02,0.02,0.9,0,0,0.0,3791,0.07897916666666667,v11_full_10d,128,,,,,,,0.2735754311289733,1073,0.0,0,0.0,0.0,0.0,0.0,0,0.0,0.0,0.0,0.0,919,0,0.5134222158791053,2.043,813,0.08189350480651238,0.8328333333333333,0.8328333333333333,0.0,"{""mc_hi_0"": 1.0, ""mc_hi_1"": 1.0, ""mc_hi_2"": 1.0, ""mc_hi_3"": 1.0, ""mc_hi_4"": 1.0, ""mc_hi_5"": 1.0, ""mc_lo_0"": 1.0, ""mc_lo_1"": 1.0, ""mc_lo_2"": 1.0, ""mc_lo_3"": 4.029411764705882, ""mc_lo_4"": 1.3057142857142856, ""mc_lo_5"": 4.043478260869565}","{""mc_hi_0"": 1.0, ""mc_hi_1"": 1.0, ""mc_hi_2"": 1.0, ""mc_hi_3"": 1.0, ""mc_hi_4"": 1.0, ""mc_hi_5"": 1.0, ""mc_lo_0"": 1.0, ""mc_lo_1"": 1.0, ""mc_lo_2"": 1.0, ""mc_lo_3"": 4.029411764705882, ""mc_lo_4"": 2.176190476190476, ""mc_lo_5"": 4.043478260869565}","{""mc_hi_0"": 1.0, ""mc_hi_1"": 1.0, ""mc_hi_2"": 1.0, ""mc_hi_3"": 1.0, ""mc_hi_4"": 1.0, ""mc_hi_5"": 1.0, ""mc_lo_0"": 1.0, ""mc_lo_1"": 1.0, ""mc_lo_2"": 1.0, ""mc_lo_3"": 1.0, ""mc_lo_4"": 1.0, ""mc_lo_5"": 1.0}","{""mc_hi_0"": 0, ""mc_hi_1"": 0, ""mc_hi_2"": 0, ""mc_hi_3"": 0, ""mc_hi_4"": 0, ""mc_hi_5"": 0, ""mc_lo_0"": 0, ""mc_lo_1"": 0, ""mc_lo_2"": 0, ""mc_lo_3"": 62, ""mc_lo_4"": 951, ""mc_lo_5"": 68}","{""mc_hi_0"": 0, ""mc_hi_1"": 0, ""mc_hi_2"": 0, ""mc_hi_3"": 0, ""mc_hi_4"": 0, ""mc_hi_5"": 0, ""mc_lo_0"": 0, ""mc_lo_1"": 0, ""mc_lo_2"": 0, ""mc_lo_3"": 0, ""mc_lo_4"": 919, ""mc_lo_5"": 0}","{""mc_hi_0"": 0, ""mc_hi_1"": 0, ""mc_hi_2"": 0, ""mc_hi_3"": 0, ""mc_hi_4"": 0, ""mc_hi_5"": 0, ""mc_lo_0"": 0, ""mc_lo_1"": 0, ""mc_lo_2"": 0, ""mc_lo_3"": 0, ""mc_lo_4"": 919, ""mc_lo_5"": 0}","{""mc_hi_0"": 0, ""mc_hi_1"": 0, ""mc_hi_2"": 0, ""mc_hi_3"": 0, ""mc_hi_4"": 0, ""mc_hi_5"": 0, ""mc_lo_0"": 0, ""mc_lo_1"": 0, ""mc_lo_2"": 0, ""mc_lo_3"": 60, ""mc_lo_4"": 948, ""mc_lo_5"": 65}","{""mc_hi_0"": 0, ""mc_hi_1"": 0, ""mc_hi_2"": 0, ""mc_hi_3"": 0, ""mc_hi_4"": 0, ""mc_hi_5"": 0, ""mc_lo_0"": 0, ""mc_lo_1"": 0, ""mc_lo_2"": 0, ""mc_lo_3"": 62, ""mc_lo_4"": 15, ""mc_lo_5"": 59}","{""mc_hi_0"": 0, ""mc_hi_1"": 0, ""mc_hi_2"": 0, ""mc_hi_3"": 0, ""mc_hi_4"": 0, ""mc_hi_5"": 0, ""mc_lo_0"": 0, ""mc_lo_1"": 0, ""mc_lo_2"": 0, ""mc_lo_3"": 1998, ""mc_lo_4"": 1908, ""mc_lo_5"": 1935}","{""mc_hi_0"": 0, ""mc_hi_1"": 0, ""mc_hi_2"": 0, ""mc_hi_3"": 0, ""mc_hi_4"": 0, ""mc_hi_5"": 0, ""mc_lo_0"": 0, ""mc_lo_1"": 0, ""mc_lo_2"": 0, ""mc_lo_3"": 0, ""mc_lo_4"": 0, ""mc_lo_5"": 0}",18000,1422,16578,0,0,0.079,0.921,0.865,2000,59.5635,2387.0,0.13261111111111112,0.8673888888888889,0.13261111111111112,14648,0.8137777777777778,1930,1930,0,0,0,0.10722222222222222,0.10722222222222222,0.11641935094703824,965.0,636900.0,1271870.0,0.5007587253414004,636900.0,0.0645173576915651,1422,0.079,14648.0,15613.0,,,,,,,,,,0,,,,,,,,,,,,,,,,,,,
mc_fairgen,0.65,12,2.0,0.5,1557,185,101557,bc_tree_agent,,True,1,50000000,25000,C_AMC_SEM,0.5,interval_qos_v2_single_recovery_full_C5_overinc016_abs005,True,True,4.0,lo,1145,1409,0,2554,0,1409,0,1145,11762402,50000000,0.23524804,,,,1409,,,,,,,2000,0,2000,2000,0,0,0.0,0.0,1.0,0.0,-1054.7535433044332,True,2000,2000,0,8.9355,15.0645,,,16,0.6276875,0,0,0.0,single,24,0.02,0.02,0.9,0,,,,,v11_full_10d,128,integer_tree_ranked_valid_or_none,fixed_point_int,1000000,bb255908bec90f8d54945322db333c5c2d2df5af1c5e76fc9016dc8c975a381e,viper_integer_ranked_artifact_v1,True,,,,,,,,,,,,,,,,,,,,,,,,,,,,,,,,,18000,1409,16591,0,0,0.07827777777777778,0.9217222222222222,0.865,2000,141.2595,2374.0,0.1318888888888889,0.8681111111111111,0.13188888888888894,14661,0.8145,1930,1930,0,0,0,0.10722222222222222,0.10722222222222222,0.1163281297088783,965.0,636900.0,1271870.0,0.5007587253414004,636900.0,0.06450646477530754,1409,0.07827777777777778,14661.0,15626.0,,,,,,,,,,,bc_iter_001,bc,3,11,6,3,10,208,0.104,208,0.104,0,0.0,2000,1060,0.53,0.426,0.010031990051269531,0.03676490783691406
mc_fairgen,0.65,12,2.0,0.5,1557,185,101557,viper_tree_agent,,True,1,50000000,25000,C_AMC_SEM,0.5,interval_qos_v2_single_recovery_full_C5_overinc016_abs005,True,True,4.0,lo,1145,1409,0,2554,0,1409,0,1145,11762402,50000000,0.23524804,,,,1409,,,,,,,2000,0,2000,2000,0,0,0.0,0.0,1.0,0.0,-1025.8935372245173,True,2000,2000,0,9.0965,14.9035,,,15,0.6209791666666666,0,0,0.0,single,24,0.02,0.02,0.9,0,,,,,v11_full_10d,128,integer_tree_ranked_valid_or_none,fixed_point_int,1000000,bb255908bec90f8d54945322db333c5c2d2df5af1c5e76fc9016dc8c975a381e,viper_integer_ranked_artifact_v1,True,,,,,,,,,,,,,,,,,,,,,,,,,,,,,,,,,18000,1409,16591,0,0,0.07827777777777778,0.9217222222222222,0.865,2000,62.965,2374.0,0.1318888888888889,0.8681111111111111,0.13188888888888894,14661,0.8145,1930,1930,0,0,0,0.10722222222222222,0.10722222222222222,0.1163281297088783,965.0,636900.0,1271870.0,0.5007587253414004,636900.0,0.06450646477530754,1409,0.07827777777777778,14661.0,15626.0,,,,,,,,,,,viper_iter_002,viper,3,11,6,3,10,0,0.0,0,0.0,0,0.0,2000,1055,0.5275,0.5275,0.0046521778106689456,0.020991897583007804
mc_fairgen,0.65,12,2.0,0.5,1558,185,101558,c_amc_sem_baseline,,True,1,50000000,25000,C_AMC_SEM,0.5,interval_qos_v2_single_recovery_full_C5_overinc016_abs005,True,True,4.0,lo,1251,1896,0,3147,0,1896,0,1251,12318673,50000000,0.24637346,25.02,9847.060751398882,1,1896,1896,1896,0,0,0,0.0,0,0,0,0,0,0,0.0,0.0,0.0,0.0,0.0,True,0,0,0,0.0,0.0,0,0.0,0,0.0,0,0,0.0,single,24,0.02,0.02,0.9,0,0,0.0,0,0.0,,,,,,,,,,,,,,,,,,,,,,,,,,,,,,,,,,,,,,,,,18000,1896,16104,0,0,0.10533333333333333,0.8946666666666667,0.8694999999999999,0,,2899.0,0.16105555555555556,0.8389444444444445,0.1610555555555555,14098,0.7832222222222223,2006,2006,0,0,0,0.11144444444444444,0.11144444444444444,0.12456532538499751,1003.0,661980.0,1321954.0,0.5007587253413993,661980.0,0.06762807683844105,1896,0.10533333333333333,14098.0,15101.0,,,,,,,,,,,,,,,,,,,,,,,,,,,,,
mc_fairgen,0.65,12,2.0,0.5,1558,185,101558,dqn_agent,mlp,True,1,50000000,25000,C_AMC_SEM,0.5,interval_qos_v2_single_recovery_full_C5_overinc016_abs005,True,True,4.0,lo,1251,1330,0,2581,0,1330,0,1251,12364068,50000000,0.24728136,25.02,9883.347721822542,1,1330,1330,1330,0,0,0,0.0,2000,0,2000,2000,0,0,0.0,0.0,1.0,0.0,-1032.6289000938484,True,2000,2000,0,9.103,14.897,12000,0.25,15,0.6207083333333333,0,0,0.0,single,24,0.02,0.02,0.9,0,0,0.0,3794,0.07904166666666666,v11_full_10d,128,,,,,,,0.25324852636706857,1076,0.0,0,0.0,0.0,0.0,0.0,0,0.0,0.0,0.0,0.0,916,0,0.510017779198636,2.2295,844,0.08348164548376245,0.8328333333333333,0.8328333333333333,0.0,"{""mc_hi_0"": 1.0, ""mc_hi_1"": 1.0, ""mc_hi_2"": 1.0, ""mc_hi_3"": 1.0, ""mc_hi_4"": 1.0, ""mc_hi_5"": 1.0, ""mc_lo_0"": 1.0, ""mc_lo_1"": 1.0, ""mc_lo_2"": 1.0, ""mc_lo_3"": 4.029411764705882, ""mc_lo_4"": 1.477142857142857, ""mc_lo_5"": 4.043478260869565}","{""mc_hi_0"": 1.0, ""mc_hi_1"": 1.0, ""mc_hi_2"": 1.0, ""mc_hi_3"": 1.0, ""mc_hi_4"": 1.0, ""mc_hi_5"": 1.0, ""mc_lo_0"": 1.0, ""mc_lo_1"": 1.0, ""mc_lo_2"": 1.0, ""mc_lo_3"": 4.029411764705882, ""mc_lo_4"": 2.091904761904762, ""mc_lo_5"": 4.043478260869565}","{""mc_hi_0"": 1.0, ""mc_hi_1"": 1.0, ""mc_hi_2"": 1.0, ""mc_hi_3"": 1.0, ""mc_hi_4"": 1.0, ""mc_hi_5"": 1.0, ""mc_lo_0"": 1.0, ""mc_lo_1"": 1.0, ""mc_lo_2"": 1.0, ""mc_lo_3"": 1.0, ""mc_lo_4"": 1.0, ""mc_lo_5"": 1.0}","{""mc_hi_0"": 0, ""mc_hi_1"": 0, ""mc_hi_2"": 0, ""mc_hi_3"": 0, ""mc_hi_4"": 0, ""mc_hi_5"": 0, ""mc_lo_0"": 0, ""mc_lo_1"": 0, ""mc_lo_2"": 0, ""mc_lo_3"": 62, ""mc_lo_4"": 954, ""mc_lo_5"": 68}","{""mc_hi_0"": 0, ""mc_hi_1"": 0, ""mc_hi_2"": 0, ""mc_hi_3"": 0, ""mc_hi_4"": 0, ""mc_hi_5"": 0, ""mc_lo_0"": 0, ""mc_lo_1"": 0, ""mc_lo_2"": 0, ""mc_lo_3"": 0, ""mc_lo_4"": 916, ""mc_lo_5"": 0}","{""mc_hi_0"": 0, ""mc_hi_1"": 0, ""mc_hi_2"": 0, ""mc_hi_3"": 0, ""mc_hi_4"": 0, ""mc_hi_5"": 0, ""mc_lo_0"": 0, ""mc_lo_1"": 0, ""mc_lo_2"": 0, ""mc_lo_3"": 0, ""mc_lo_4"": 916, ""mc_lo_5"": 0}","{""mc_hi_0"": 0, ""mc_hi_1"": 0, ""mc_hi_2"": 0, ""mc_hi_3"": 0, ""mc_hi_4"": 0, ""mc_hi_5"": 0, ""mc_lo_0"": 0, ""mc_lo_1"": 0, ""mc_lo_2"": 0, ""mc_lo_3"": 60, ""mc_lo_4"": 951, ""mc_lo_5"": 65}","{""mc_hi_0"": 0, ""mc_hi_1"": 0, ""mc_hi_2"": 0, ""mc_hi_3"": 0, ""mc_hi_4"": 0, ""mc_hi_5"": 0, ""mc_lo_0"": 0, ""mc_lo_1"": 0, ""mc_lo_2"": 0, ""mc_lo_3"": 62, ""mc_lo_4"": 18, ""mc_lo_5"": 68}","{""mc_hi_0"": 0, ""mc_hi_1"": 0, ""mc_hi_2"": 0, ""mc_hi_3"": 0, ""mc_hi_4"": 0, ""mc_hi_5"": 0, ""mc_lo_0"": 0, ""mc_lo_1"": 0, ""mc_lo_2"": 0, ""mc_lo_3"": 1998, ""mc_lo_4"": 1913, ""mc_lo_5"": 1936}","{""mc_hi_0"": 0, ""mc_hi_1"": 0, ""mc_hi_2"": 0, ""mc_hi_3"": 0, ""mc_hi_4"": 0, ""mc_hi_5"": 0, ""mc_lo_0"": 0, ""mc_lo_1"": 0, ""mc_lo_2"": 0, ""mc_lo_3"": 0, ""mc_lo_4"": 0, ""mc_lo_5"": 0}",18000,1330,16670,0,0,0.07388888888888889,0.9261111111111111,0.8694999999999999,2000,57.7935,2333.5,0.1296388888888889,0.8703611111111111,0.12963888888888886,14663,0.8146111111111111,2007,2007,0,0,0,0.1115,0.1115,0.12039592081583683,1003.5,662310.0,1322613.0,0.5007587253413993,662310.0,0.06707299412444177,1330,0.07388888888888889,14663.0,15666.5,,,,,,,,,,0,,,,,,,,,,,,,,,,,,,
mc_fairgen,0.65,12,2.0,0.5,1558,185,101558,bc_tree_agent,,True,1,50000000,25000,C_AMC_SEM,0.5,interval_qos_v2_single_recovery_full_C5_overinc016_abs005,True,True,4.0,lo,1251,1314,0,2565,0,1314,0,1251,12366887,50000000,0.24733774,,,,1314,,,,,,,2000,0,2000,2000,0,0,0.0,0.0,1.0,0.0,-1058.717051650894,True,2000,2000,0,8.9345,15.0655,,,16,0.6277291666666667,0,0,0.0,single,24,0.02,0.02,0.9,0,,,,,v11_full_10d,128,integer_tree_ranked_valid_or_none,fixed_point_int,1000000,bb255908bec90f8d54945322db333c5c2d2df5af1c5e76fc9016dc8c975a381e,viper_integer_ranked_artifact_v1,True,,,,,,,,,,,,,,,,,,,,,,,,,,,,,,,,,18000,1314,16686,0,0,0.073,0.927,0.8694999999999999,2000,141.926,2317.5,0.12875,0.87125,0.12875000000000003,14679,0.8155,2007,2007,0,0,0,0.1115,0.1115,0.1202804746494067,1003.5,662310.0,1322613.0,0.5007587253413993,662310.0,0.06705250720249278,1314,0.073,14679.0,15682.5,,,,,,,,,,,bc_iter_001,bc,3,11,6,3,10,199,0.0995,199,0.0995,0,0.0,2000,1072,0.536,0.4365,0.01035781478881836,0.037179183959960935
mc_fairgen,0.65,12,2.0,0.5,1558,185,101558,viper_tree_agent,,True,1,50000000,25000,C_AMC_SEM,0.5,interval_qos_v2_single_recovery_full_C5_overinc016_abs005,True,True,4.0,lo,1251,1310,0,2561,0,1310,0,1251,12366959,50000000,0.24733918,,,,1310,,,,,,,2000,0,2000,2000,0,0,0.0,0.0,1.0,0.0,-1027.3939895099845,True,2000,2000,0,9.0965,14.9035,,,15,0.6209791666666666,0,0,0.0,single,24,0.02,0.02,0.9,0,,,,,v11_full_10d,128,integer_tree_ranked_valid_or_none,fixed_point_int,1000000,bb255908bec90f8d54945322db333c5c2d2df5af1c5e76fc9016dc8c975a381e,viper_integer_ranked_artifact_v1,True,,,,,,,,,,,,,,,,,,,,,,,,,,,,,,,,,18000,1310,16690,0,0,0.07277777777777777,0.9272222222222222,0.8694999999999999,2000,62.965,2313.5,0.12852777777777777,0.8714722222222222,0.1285277777777778,14683,0.8157222222222222,2007,2007,0,0,0,0.1115,0.1115,0.12025164769322948,1003.5,662310.0,1322613.0,0.5007587253413993,662310.0,0.06704416527174797,1310,0.07277777777777777,14683.0,15686.5,,,,,,,,,,,viper_iter_002,viper,3,11,6,3,10,0,0.0,0,0.0,0,0.0,2000,1100,0.55,0.55,0.005035482406616211,0.0221343994140625
mc_fairgen,0.65,12,2.0,0.5,1559,185,101559,c_amc_sem_baseline,,True,1,50000000,25000,C_AMC_SEM,0.5,interval_qos_v2_single_recovery_full_C5_overinc016_abs005,True,True,4.0,lo,1184,1887,0,3071,0,1887,0,1184,11563990,50000000,0.2312798,23.68,9766.883445945947,1,1887,1887,1887,0,0,0,0.0,0,0,0,0,0,0,0.0,0.0,0.0,0.0,0.0,True,0,0,0,0.0,0.0,0,0.0,0,0.0,0,0,0.0,single,24,0.02,0.02,0.9,0,0,0.0,0,0.0,,,,,,,,,,,,,,,,,,,,,,,,,,,,,,,,,,,,,,,,,18000,1887,16113,0,0,0.10483333333333333,0.8951666666666667,0.874,0,,2830.0,0.15722222222222224,0.8427777777777777,0.15722222222222226,14227,0.7903888888888889,1886,1886,0,0,0,0.10477777777777778,0.10477777777777778,0.11704834605597965,943.0,622380.0,1242874.0,0.5007587253414011,622380.0,0.06346501353212607,1887,0.10483333333333333,14227.0,15170.0,,,,,,,,,,,,,,,,,,,,,,,,,,,,,
mc_fairgen,0.65,12,2.0,0.5,1559,185,101559,dqn_agent,mlp,True,1,50000000,25000,C_AMC_SEM,0.5,interval_qos_v2_single_recovery_full_C5_overinc016_abs005,True,True,4.0,lo,1184,1330,0,2514,0,1330,0,1184,11607786,50000000,0.23215572,23.68,9803.87331081081,1,1330,1330,1330,0,0,0,0.0,2000,0,2000,2000,0,0,0.0,0.0,1.0,0.0,-1013.3164083702698,True,2000,2000,0,9.1065,14.8935,12000,0.25,15,0.6205625,0,0,0.0,single,24,0.02,0.02,0.9,0,0,0.0,3787,0.07889583333333333,v11_full_10d,128,,,,,,,0.25538138350992573,1076,0.0,0,0.0,0.0,0.0,0.0,0,0.0,0.0,0.0,0.0,916,0,0.5103983054236187,1.952,841,0.08173060055851047,0.8328333333333333,0.8328333333333333,0.0,"{""mc_hi_0"": 1.0, ""mc_hi_1"": 1.0, ""mc_hi_2"": 1.0, ""mc_hi_3"": 1.0, ""mc_hi_4"": 1.0, ""mc_hi_5"": 1.0, ""mc_lo_0"": 1.0, ""mc_lo_1"": 1.0, ""mc_lo_2"": 1.0, ""mc_lo_3"": 4.029411764705882, ""mc_lo_4"": 1.4785714285714286, ""mc_lo_5"": 4.043478260869565}","{""mc_hi_0"": 1.0, ""mc_hi_1"": 1.0, ""mc_hi_2"": 1.0, ""mc_hi_3"": 1.0, ""mc_hi_4"": 1.0, ""mc_hi_5"": 1.0, ""mc_lo_0"": 1.0, ""mc_lo_1"": 1.0, ""mc_lo_2"": 1.0, ""mc_lo_3"": 4.029411764705882, ""mc_lo_4"": 1.9933333333333334, ""mc_lo_5"": 4.043478260869565}","{""mc_hi_0"": 1.0, ""mc_hi_1"": 1.0, ""mc_hi_2"": 1.0, ""mc_hi_3"": 1.0, ""mc_hi_4"": 1.0, ""mc_hi_5"": 1.0, ""mc_lo_0"": 1.0, ""mc_lo_1"": 1.0, ""mc_lo_2"": 1.0, ""mc_lo_3"": 1.0, ""mc_lo_4"": 1.0, ""mc_lo_5"": 1.0}","{""mc_hi_0"": 0, ""mc_hi_1"": 0, ""mc_hi_2"": 0, ""mc_hi_3"": 0, ""mc_hi_4"": 0, ""mc_hi_5"": 0, ""mc_lo_0"": 0, ""mc_lo_1"": 0, ""mc_lo_2"": 0, ""mc_lo_3"": 62, ""mc_lo_4"": 954, ""mc_lo_5"": 68}","{""mc_hi_0"": 0, ""mc_hi_1"": 0, ""mc_hi_2"": 0, ""mc_hi_3"": 0, ""mc_hi_4"": 0, ""mc_hi_5"": 0, ""mc_lo_0"": 0, ""mc_lo_1"": 0, ""mc_lo_2"": 0, ""mc_lo_3"": 0, ""mc_lo_4"": 916, ""mc_lo_5"": 0}","{""mc_hi_0"": 0, ""mc_hi_1"": 0, ""mc_hi_2"": 0, ""mc_hi_3"": 0, ""mc_hi_4"": 0, ""mc_hi_5"": 0, ""mc_lo_0"": 0, ""mc_lo_1"": 0, ""mc_lo_2"": 0, ""mc_lo_3"": 0, ""mc_lo_4"": 916, ""mc_lo_5"": 0}","{""mc_hi_0"": 0, ""mc_hi_1"": 0, ""mc_hi_2"": 0, ""mc_hi_3"": 0, ""mc_hi_4"": 0, ""mc_hi_5"": 0, ""mc_lo_0"": 0, ""mc_lo_1"": 0, ""mc_lo_2"": 0, ""mc_lo_3"": 60, ""mc_lo_4"": 951, ""mc_lo_5"": 65}","{""mc_hi_0"": 0, ""mc_hi_1"": 0, ""mc_hi_2"": 0, ""mc_hi_3"": 0, ""mc_hi_4"": 0, ""mc_hi_5"": 0, ""mc_lo_0"": 0, ""mc_lo_1"": 0, ""mc_lo_2"": 0, ""mc_lo_3"": 62, ""mc_lo_4"": 12, ""mc_lo_5"": 60}","{""mc_hi_0"": 0, ""mc_hi_1"": 0, ""mc_hi_2"": 0, ""mc_hi_3"": 0, ""mc_hi_4"": 0, ""mc_hi_5"": 0, ""mc_lo_0"": 0, ""mc_lo_1"": 0, ""mc_lo_2"": 0, ""mc_lo_3"": 1998, ""mc_lo_4"": 1912, ""mc_lo_5"": 1936}","{""mc_hi_0"": 0, ""mc_hi_1"": 0, ""mc_hi_2"": 0, ""mc_hi_3"": 0, ""mc_hi_4"": 0, ""mc_hi_5"": 0, ""mc_lo_0"": 0, ""mc_lo_1"": 0, ""mc_lo_2"": 0, ""mc_lo_3"": 0, ""mc_lo_4"": 0, ""mc_lo_5"": 0}",18000,1330,16670,0,0,0.07388888888888889,0.9261111111111111,0.876,2000,57.984,2273.0,0.12627777777777777,0.8737222222222222,0.12627777777777782,14784,0.8213333333333334,1886,1886,0,0,0,0.10477777777777778,0.10477777777777778,0.1131373725254949,943.0,622380.0,1242874.0,0.5007587253414011,622380.0,0.06287556451170515,1330,0.07388888888888889,14784.0,15727.0,,,,,,,,,,0,,,,,,,,,,,,,,,,,,,
mc_fairgen,0.65,12,2.0,0.5,1559,185,101559,bc_tree_agent,,True,1,50000000,25000,C_AMC_SEM,0.5,interval_qos_v2_single_recovery_full_C5_overinc016_abs005,True,True,4.0,lo,1184,1324,0,2508,0,1324,0,1184,11607365,50000000,0.2321473,,,,1324,,,,,,,2000,0,2000,2000,0,0,0.0,0.0,1.0,0.0,-1043.4160020202726,True,2000,2000,0,8.9115,15.0885,,,16,0.6286875,0,0,0.0,single,24,0.02,0.02,0.9,0,,,,,v11_full_10d,128,integer_tree_ranked_valid_or_none,fixed_point_int,1000000,bb255908bec90f8d54945322db333c5c2d2df5af1c5e76fc9016dc8c975a381e,viper_integer_ranked_artifact_v1,True,,,,,,,,,,,,,,,,,,,,,,,,,,,,,,,,,18000,1324,16676,0,0,0.07355555555555555,0.9264444444444444,0.876,2000,144.5055,2267.0,0.12594444444444444,0.8740555555555556,0.12594444444444441,14790,0.8216666666666667,1886,1886,0,0,0,0.10477777777777778,0.10477777777777778,0.11309666586711442,943.0,622380.0,1242874.0,0.5007587253414011,622380.0,0.06287999849665096,1324,0.07355555555555555,14790.0,15733.0,,,,,,,,,,,bc_iter_001,bc,3,11,6,3,10,230,0.115,230,0.115,0,0.0,2000,1066,0.533,0.418,0.01035942268371582,0.03625984191894531
mc_fairgen,0.65,12,2.0,0.5,1559,185,101559,viper_tree_agent,,True,1,50000000,25000,C_AMC_SEM,0.5,interval_qos_v2_single_recovery_full_C5_overinc016_abs005,True,True,4.0,lo,1184,1322,0,2506,0,1322,0,1184,11608101,50000000,0.23216202,,,,1322,,,,,,,2000,0,2000,2000,0,0,0.0,0.0,1.0,0.0,-1012.090941839414,True,2000,2000,0,9.0965,14.9035,,,15,0.6209791666666666,0,0,0.0,single,24,0.02,0.02,0.9,0,,,,,v11_full_10d,128,integer_tree_ranked_valid_or_none,fixed_point_int,1000000,bb255908bec90f8d54945322db333c5c2d2df5af1c5e76fc9016dc8c975a381e,viper_integer_ranked_artifact_v1,True,,,,,,,,,,,,,,,,,,,,,,,,,,,,,,,,,18000,1322,16678,0,0,0.07344444444444445,0.9265555555555556,0.876,2000,62.965,2265.0,0.12583333333333332,0.8741666666666666,0.12583333333333335,14792,0.8217777777777778,1886,1886,0,0,0,0.10477777777777778,0.10477777777777778,0.11308310348962705,943.0,622380.0,1242874.0,0.5007587253414011,622380.0,0.06287432590273118,1322,0.07344444444444445,14792.0,15735.0,,,,,,,,,,,viper_iter_002,viper,3,11,6,3,10,0,0.0,0,0.0,0,0.0,2000,1041,0.5205,0.5205,0.004739404678344727,0.019926261901855466
mc_fairgen,0.65,12,2.0,0.5,1560,185,101560,c_amc_sem_baseline,,True,1,50000000,25000,C_AMC_SEM,0.5,interval_qos_v2_single_recovery_full_C5_overinc016_abs005,True,True,4.0,lo,1212,1934,0,3146,0,1934,0,1212,12252481,50000000,0.24504962,24.24,10109.307755775577,1,1934,1934,1934,0,0,0,0.0,0,0,0,0,0,0,0.0,0.0,0.0,0.0,0.0,True,0,0,0,0.0,0.0,0,0.0,0,0.0,0,0,0.0,single,24,0.02,0.02,0.9,0,0,0.0,0,0.0,,,,,,,,,,,,,,,,,,,,,,,,,,,,,,,,,,,,,,,,,18000,1934,16066,0,0,0.10744444444444444,0.8925555555555555,0.8705,0,,2943.5,0.16352777777777777,0.8364722222222222,0.16352777777777783,14047,0.7803888888888889,2019,2019,0,0,0,0.11216666666666666,0.11216666666666666,0.12566911490103325,1009.5,666270.0,1330521.0,0.5007587253413991,666270.0,0.06814596678504191,1934,0.10744444444444444,14047.0,15056.5,,,,,,,,,,,,,,,,,,,,,,,,,,,,,
mc_fairgen,0.65,12,2.0,0.5,1560,185,101560,dqn_agent,mlp,True,1,50000000,25000,C_AMC_SEM,0.5,interval_qos_v2_single_recovery_full_C5_overinc016_abs005,True,True,4.0,lo,1212,1364,0,2576,0,1364,0,1212,12292178,50000000,0.24584356,24.24,10142.061056105611,1,1364,1364,1364,0,0,0,0.0,2000,0,2000,2000,0,0,0.0,0.0,1.0,0.0,-1036.9042818009561,True,2000,2000,0,9.111,14.889,12000,0.25,15,0.620375,0,0,0.0,single,24,0.02,0.02,0.9,0,0,0.0,3778,0.07870833333333334,v11_full_10d,128,,,,,,,0.2551111454146876,1076,0.0,0,0.0,0.0,0.0,0.0,0,0.0,0.0,0.0,0.0,916,0,0.509752301282832,1.6685,845,0.08192832027345137,0.8328333333333333,0.8328333333333333,0.0,"{""mc_hi_0"": 1.0, ""mc_hi_1"": 1.0, ""mc_hi_2"": 1.0, ""mc_hi_3"": 1.0, ""mc_hi_4"": 1.0, ""mc_hi_5"": 1.0, ""mc_lo_0"": 1.0, ""mc_lo_1"": 1.0, ""mc_lo_2"": 1.0, ""mc_lo_3"": 4.029411764705882, ""mc_lo_4"": 1.463809523809524, ""mc_lo_5"": 4.043478260869565}","{""mc_hi_0"": 1.0, ""mc_hi_1"": 1.0, ""mc_hi_2"": 1.0, ""mc_hi_3"": 1.0, ""mc_hi_4"": 1.0, ""mc_hi_5"": 1.0, ""mc_lo_0"": 1.0, ""mc_lo_1"": 1.0, ""mc_lo_2"": 1.0, ""mc_lo_3"": 4.029411764705882, ""mc_lo_4"": 1.9304761904761905, ""mc_lo_5"": 4.043478260869565}","{""mc_hi_0"": 1.0, ""mc_hi_1"": 1.0, ""mc_hi_2"": 1.0, ""mc_hi_3"": 1.0, ""mc_hi_4"": 1.0, ""mc_hi_5"": 1.0, ""mc_lo_0"": 1.0, ""mc_lo_1"": 1.0, ""mc_lo_2"": 1.0, ""mc_lo_3"": 1.0, ""mc_lo_4"": 1.0, ""mc_lo_5"": 1.0}","{""mc_hi_0"": 0, ""mc_hi_1"": 0, ""mc_hi_2"": 0, ""mc_hi_3"": 0, ""mc_hi_4"": 0, ""mc_hi_5"": 0, ""mc_lo_0"": 0, ""mc_lo_1"": 0, ""mc_lo_2"": 0, ""mc_lo_3"": 62, ""mc_lo_4"": 954, ""mc_lo_5"": 68}","{""mc_hi_0"": 0, ""mc_hi_1"": 0, ""mc_hi_2"": 0, ""mc_hi_3"": 0, ""mc_hi_4"": 0, ""mc_hi_5"": 0, ""mc_lo_0"": 0, ""mc_lo_1"": 0, ""mc_lo_2"": 0, ""mc_lo_3"": 0, ""mc_lo_4"": 916, ""mc_lo_5"": 0}","{""mc_hi_0"": 0, ""mc_hi_1"": 0, ""mc_hi_2"": 0, ""mc_hi_3"": 0, ""mc_hi_4"": 0, ""mc_hi_5"": 0, ""mc_lo_0"": 0, ""mc_lo_1"": 0, ""mc_lo_2"": 0, ""mc_lo_3"": 0, ""mc_lo_4"": 916, ""mc_lo_5"": 0}","{""mc_hi_0"": 0, ""mc_hi_1"": 0, ""mc_hi_2"": 0, ""mc_hi_3"": 0, ""mc_hi_4"": 0, ""mc_hi_5"": 0, ""mc_lo_0"": 0, ""mc_lo_1"": 0, ""mc_lo_2"": 0, ""mc_lo_3"": 60, ""mc_lo_4"": 951, ""mc_lo_5"": 65}","{""mc_hi_0"": 0, ""mc_hi_1"": 0, ""mc_hi_2"": 0, ""mc_hi_3"": 0, ""mc_hi_4"": 0, ""mc_hi_5"": 0, ""mc_lo_0"": 0, ""mc_lo_1"": 0, ""mc_lo_2"": 0, ""mc_lo_3"": 62, ""mc_lo_4"": 17, ""mc_lo_5"": 48}","{""mc_hi_0"": 0, ""mc_hi_1"": 0, ""mc_hi_2"": 0, ""mc_hi_3"": 0, ""mc_hi_4"": 0, ""mc_hi_5"": 0, ""mc_lo_0"": 0, ""mc_lo_1"": 0, ""mc_lo_2"": 0, ""mc_lo_3"": 1998, ""mc_lo_4"": 1906, ""mc_lo_5"": 1936}","{""mc_hi_0"": 0, ""mc_hi_1"": 0, ""mc_hi_2"": 0, ""mc_hi_3"": 0, ""mc_hi_4"": 0, ""mc_hi_5"": 0, ""mc_lo_0"": 0, ""mc_lo_1"": 0, ""mc_lo_2"": 0, ""mc_lo_3"": 0, ""mc_lo_4"": 0, ""mc_lo_5"": 0}",18000,1364,16636,0,0,0.07577777777777778,0.9242222222222223,0.8705,2000,57.9345,2373.5,0.13186111111111112,0.8681388888888889,0.1318611111111111,14617,0.8120555555555555,2019,2019,0,0,0,0.11216666666666666,0.11216666666666666,0.12136330848761721,1009.5,666270.0,1330521.0,0.5007587253413991,666270.0,0.06755570174300139,1364,0.07577777777777778,14617.0,15626.5,,,,,,,,,,0,,,,,,,,,,,,,,,,,,,
mc_fairgen,0.65,12,2.0,0.5,1560,185,101560,bc_tree_agent,,True,1,50000000,25000,C_AMC_SEM,0.5,interval_qos_v2_single_recovery_full_C5_overinc016_abs005,True,True,4.0,lo,1212,1355,0,2567,0,1355,0,1212,12292674,50000000,0.24585348,,,,1355,,,,,,,2000,0,2000,2000,0,0,0.0,0.0,1.0,0.0,-1068.7925240803377,True,2000,2000,0,8.9135,15.0865,,,16,0.6286041666666666,0,0,0.0,single,24,0.02,0.02,0.9,0,,,,,v11_full_10d,128,integer_tree_ranked_valid_or_none,fixed_point_int,1000000,bb255908bec90f8d54945322db333c5c2d2df5af1c5e76fc9016dc8c975a381e,viper_integer_ranked_artifact_v1,True,,,,,,,,,,,,,,,,,,,,,,,,,,,,,,,,,18000,1355,16645,0,0,0.07527777777777778,0.9247222222222222,0.8705,2000,145.8085,2364.5,0.13136111111111112,0.8686388888888888,0.13136111111111115,14626,0.8125555555555556,2019,2019,0,0,0,0.11216666666666666,0.11216666666666666,0.12129768699309101,1009.5,666270.0,1330521.0,0.5007587253413991,666270.0,0.06755157160540604,1355,0.07527777777777778,14626.0,15635.5,,,,,,,,,,,bc_iter_001,bc,3,11,6,3,10,228,0.114,228,0.114,0,0.0,2000,1045,0.5225,0.4085,0.01052760124206543,0.03588542938232422
mc_fairgen,0.65,12,2.0,0.5,1560,185,101560,viper_tree_agent,,True,1,50000000,25000,C_AMC_SEM,0.5,interval_qos_v2_single_recovery_full_C5_overinc016_abs005,True,True,4.0,lo,1212,1352,0,2564,0,1352,0,1212,12292939,50000000,0.24585878,,,,1352,,,,,,,2000,0,2000,2000,0,0,0.0,0.0,1.0,0.0,-1036.1673484722749,True,2000,2000,0,9.0965,14.9035,,,15,0.6209791666666666,0,0,0.0,single,24,0.02,0.02,0.9,0,,,,,v11_full_10d,128,integer_tree_ranked_valid_or_none,fixed_point_int,1000000,bb255908bec90f8d54945322db333c5c2d2df5af1c5e76fc9016dc8c975a381e,viper_integer_ranked_artifact_v1,True,,,,,,,,,,,,,,,,,,,,,,,,,,,,,,,,,18000,1352,16648,0,0,0.07511111111111111,0.9248888888888889,0.8705,2000,62.965,2361.5,0.13119444444444445,0.8688055555555556,0.1311944444444444,14629,0.8127222222222222,2019,2019,0,0,0,0.11216666666666666,0.11216666666666666,0.1212758289283998,1009.5,666270.0,1330521.0,0.5007587253413991,666270.0,0.06754619564886806,1352,0.07511111111111111,14629.0,15638.5,,,,,,,,,,,viper_iter_002,viper,3,11,6,3,10,0,0.0,0,0.0,0,0.0,2000,1061,0.5305,0.5305,0.0049173469543457035,0.021335220336914054
mc_fairgen,0.65,12,2.0,0.5,1561,185,101561,c_amc_sem_baseline,,True,1,50000000,25000,C_AMC_SEM,0.5,interval_qos_v2_single_recovery_full_C5_overinc016_abs005,True,True,4.0,lo,1189,2012,0,3201,0,2012,0,1189,11825057,50000000,0.23650114,23.779999999999998,9945.38015138772,1,2012,2012,2012,0,0,0,0.0,0,0,0,0,0,0,0.0,0.0,0.0,0.0,0.0,True,0,0,0,0.0,0.0,0,0.0,0,0.0,0,0,0.0,single,24,0.02,0.02,0.9,0,0,0.0,0,0.0,,,,,,,,,,,,,,,,,,,,,,,,,,,,,,,,,,,,,,,,,18000,2012,15988,0,0,0.11177777777777778,0.8882222222222222,0.862,0,,2980.5,0.16558333333333333,0.8344166666666667,0.1655833333333333,14051,0.7806111111111111,1937,1937,0,0,0,0.10761111111111112,0.10761111111111112,0.12115336502376782,968.5,639210.0,1276483.0,0.5007587253414003,639210.0,0.06521241448656025,2012,0.11177777777777778,14051.0,15019.5,,,,,,,,,,,,,,,,,,,,,,,,,,,,,
mc_fairgen,0.65,12,2.0,0.5,1561,185,101561,dqn_agent,mlp,True,1,50000000,25000,C_AMC_SEM,0.5,interval_qos_v2_single_recovery_full_C5_overinc016_abs005,True,True,4.0,lo,1189,1382,0,2571,0,1382,0,1189,11871942,50000000,0.23743884,23.779999999999998,9984.812447434819,1,1382,1382,1382,0,0,0,0.0,2000,0,2000,2000,0,0,0.0,0.0,1.0,0.0,-1024.919821836359,True,2000,2000,0,9.1105,14.8895,12000,0.25,15,0.6203958333333334,0,0,0.0,single,24,0.02,0.02,0.9,0,0,0.0,3779,0.07872916666666667,v11_full_10d,128,,,,,,,0.24046971684325905,1072,0.0,0,0.0,0.0,0.0,0.0,0,0.0,0.0,0.0,0.0,920,0,0.508018835961921,2.0195,854,0.08193730913394814,0.8328333333333333,0.8328333333333333,0.0,"{""mc_hi_0"": 1.0, ""mc_hi_1"": 1.0, ""mc_hi_2"": 1.0, ""mc_hi_3"": 1.0, ""mc_hi_4"": 1.0, ""mc_hi_5"": 1.0, ""mc_lo_0"": 1.0, ""mc_lo_1"": 1.0, ""mc_lo_2"": 1.0, ""mc_lo_3"": 4.029411764705882, ""mc_lo_4"": 1.250952380952381, ""mc_lo_5"": 4.043478260869565}","{""mc_hi_0"": 1.0, ""mc_hi_1"": 1.0, ""mc_hi_2"": 1.0, ""mc_hi_3"": 1.0, ""mc_hi_4"": 1.0, ""mc_hi_5"": 1.0, ""mc_lo_0"": 1.0, ""mc_lo_1"": 1.0, ""mc_lo_2"": 1.0, ""mc_lo_3"": 4.029411764705882, ""mc_lo_4"": 1.9390476190476191, ""mc_lo_5"": 4.043478260869565}","{""mc_hi_0"": 1.0, ""mc_hi_1"": 1.0, ""mc_hi_2"": 1.0, ""mc_hi_3"": 1.0, ""mc_hi_4"": 1.0, ""mc_hi_5"": 1.0, ""mc_lo_0"": 1.0, ""mc_lo_1"": 1.0, ""mc_lo_2"": 1.0, ""mc_lo_3"": 1.0, ""mc_lo_4"": 1.0, ""mc_lo_5"": 1.0}","{""mc_hi_0"": 0, ""mc_hi_1"": 0, ""mc_hi_2"": 0, ""mc_hi_3"": 0, ""mc_hi_4"": 0, ""mc_hi_5"": 0, ""mc_lo_0"": 0, ""mc_lo_1"": 0, ""mc_lo_2"": 0, ""mc_lo_3"": 62, ""mc_lo_4"": 950, ""mc_lo_5"": 68}","{""mc_hi_0"": 0, ""mc_hi_1"": 0, ""mc_hi_2"": 0, ""mc_hi_3"": 0, ""mc_hi_4"": 0, ""mc_hi_5"": 0, ""mc_lo_0"": 0, ""mc_lo_1"": 0, ""mc_lo_2"": 0, ""mc_lo_3"": 0, ""mc_lo_4"": 920, ""mc_lo_5"": 0}","{""mc_hi_0"": 0, ""mc_hi_1"": 0, ""mc_hi_2"": 0, ""mc_hi_3"": 0, ""mc_hi_4"": 0, ""mc_hi_5"": 0, ""mc_lo_0"": 0, ""mc_lo_1"": 0, ""mc_lo_2"": 0, ""mc_lo_3"": 0, ""mc_lo_4"": 920, ""mc_lo_5"": 0}","{""mc_hi_0"": 0, ""mc_hi_1"": 0, ""mc_hi_2"": 0, ""mc_hi_3"": 0, ""mc_hi_4"": 0, ""mc_hi_5"": 0, ""mc_lo_0"": 0, ""mc_lo_1"": 0, ""mc_lo_2"": 0, ""mc_lo_3"": 60, ""mc_lo_4"": 947, ""mc_lo_5"": 65}","{""mc_hi_0"": 0, ""mc_hi_1"": 0, ""mc_hi_2"": 0, ""mc_hi_3"": 0, ""mc_hi_4"": 0, ""mc_hi_5"": 0, ""mc_lo_0"": 0, ""mc_lo_1"": 0, ""mc_lo_2"": 0, ""mc_lo_3"": 62, ""mc_lo_4"": 17, ""mc_lo_5"": 62}","{""mc_hi_0"": 0, ""mc_hi_1"": 0, ""mc_hi_2"": 0, ""mc_hi_3"": 0, ""mc_hi_4"": 0, ""mc_hi_5"": 0, ""mc_lo_0"": 0, ""mc_lo_1"": 0, ""mc_lo_2"": 0, ""mc_lo_3"": 1998, ""mc_lo_4"": 1888, ""mc_lo_5"": 1936}","{""mc_hi_0"": 0, ""mc_hi_1"": 0, ""mc_hi_2"": 0, ""mc_hi_3"": 0, ""mc_hi_4"": 0, ""mc_hi_5"": 0, ""mc_lo_0"": 0, ""mc_lo_1"": 0, ""mc_lo_2"": 0, ""mc_lo_3"": 0, ""mc_lo_4"": 0, ""mc_lo_5"": 0}",18000,1382,16618,0,0,0.07677777777777778,0.9232222222222222,0.872,2000,56.779,2351.0,0.13061111111111112,0.8693888888888889,0.13061111111111112,14680,0.8155555555555556,1938,1938,0,0,0,0.10766666666666666,0.10766666666666666,0.11662053195330364,969.0,639540.0,1277142.0,0.5007587253414003,639540.0,0.06458010410934005,1382,0.07677777777777778,14680.0,15649.0,,,,,,,,,,0,,,,,,,,,,,,,,,,,,,
mc_fairgen,0.65,12,2.0,0.5,1561,185,101561,bc_tree_agent,,True,1,50000000,25000,C_AMC_SEM,0.5,interval_qos_v2_single_recovery_full_C5_overinc016_abs005,True,True,4.0,lo,1189,1362,0,2551,0,1362,0,1189,11873603,50000000,0.23747206,,,,1362,,,,,,,2000,0,2000,2000,0,0,0.0,0.0,1.0,0.0,-1049.118923968933,True,2000,2000,0,8.9225,15.0775,,,16,0.6282291666666666,0,0,0.0,single,24,0.02,0.02,0.9,0,,,,,v11_full_10d,128,integer_tree_ranked_valid_or_none,fixed_point_int,1000000,bb255908bec90f8d54945322db333c5c2d2df5af1c5e76fc9016dc8c975a381e,viper_integer_ranked_artifact_v1,True,,,,,,,,,,,,,,,,,,,,,,,,,,,,,,,,,18000,1362,16638,0,0,0.07566666666666666,0.9243333333333333,0.872,2000,145.4615,2331.0,0.1295,0.8705,0.12949999999999995,14700,0.8166666666666667,1938,1938,0,0,0,0.10766666666666666,0.10766666666666666,0.11648034619545619,969.0,639540.0,1277142.0,0.5007587253414003,639540.0,0.06456079399055846,1362,0.07566666666666666,14700.0,15669.0,,,,,,,,,,,bc_iter_001,bc,3,11,6,3,10,232,0.116,232,0.116,0,0.0,2000,1057,0.5285,0.4125,0.011021970748901367,0.037716674804687496
mc_fairgen,0.65,12,2.0,0.5,1561,185,101561,viper_tree_agent,,True,1,50000000,25000,C_AMC_SEM,0.5,interval_qos_v2_single_recovery_full_C5_overinc016_abs005,True,True,4.0,lo,1189,1360,0,2549,0,1360,0,1189,11873714,50000000,0.23747428,,,,1360,,,,,,,2000,0,2000,2000,0,0,0.0,0.0,1.0,0.0,-1017.8776528141827,True,2000,2000,0,9.0965,14.9035,,,15,0.6209791666666666,0,0,0.0,single,24,0.02,0.02,0.9,0,,,,,v11_full_10d,128,integer_tree_ranked_valid_or_none,fixed_point_int,1000000,bb255908bec90f8d54945322db333c5c2d2df5af1c5e76fc9016dc8c975a381e,viper_integer_ranked_artifact_v1,True,,,,,,,,,,,,,,,,,,,,,,,,,,,,,,,,,18000,1360,16640,0,0,0.07555555555555556,0.9244444444444444,0.872,2000,62.965,2329.0,0.1293888888888889,0.8706111111111111,0.1293888888888889,14702,0.8167777777777778,1938,1938,0,0,0,0.10766666666666666,0.10766666666666666,0.11646634615384616,969.0,639540.0,1277142.0,0.5007587253414003,639540.0,0.06455863030801272,1360,0.07555555555555556,14702.0,15671.0,,,,,,,,,,,viper_iter_002,viper,3,11,6,3,10,0,0.0,0,0.0,0,0.0,2000,1071,0.5355,0.5355,0.004760765075683594,0.02098197937011717
mc_fairgen,0.65,12,2.0,0.5,1562,185,101562,c_amc_sem_baseline,,True,1,50000000,25000,C_AMC_SEM,0.5,interval_qos_v2_single_recovery_full_C5_overinc016_abs005,True,True,4.0,lo,1182,1938,0,3120,0,1938,0,1182,11800815,50000000,0.2360163,23.64,9983.769035532994,1,1938,1938,1938,0,0,0,0.0,0,0,0,0,0,0,0.0,0.0,0.0,0.0,0.0,True,0,0,0,0.0,0.0,0,0.0,0,0.0,0,0,0.0,single,24,0.02,0.02,0.9,0,0,0.0,0,0.0,,,,,,,,,,,,,,,,,,,,,,,,,,,,,,,,,,,,,,,,,18000,1938,16062,0,0,0.10766666666666666,0.8923333333333333,0.864,0,,2902.5,0.16125,0.83875,0.16125,14133,0.7851666666666667,1929,1929,0,0,0,0.10716666666666666,0.10716666666666666,0.12009712364587224,964.5,636570.0,1271211.0,0.5007587253414004,636570.0,0.06493383954057398,1938,0.10766666666666666,14133.0,15097.5,,,,,,,,,,,,,,,,,,,,,,,,,,,,,
mc_fairgen,0.65,12,2.0,0.5,1562,185,101562,dqn_agent,mlp,True,1,50000000,25000,C_AMC_SEM,0.5,interval_qos_v2_single_recovery_full_C5_overinc016_abs005,True,True,4.0,lo,1182,1372,0,2554,0,1372,0,1182,11838181,50000000,0.23676362,23.64,10015.381556683587,1,1372,1372,1372,0,0,0,0.0,2000,0,2000,2000,0,0,0.0,0.0,1.0,0.0,-1027.7884108892829,True,2000,2000,0,9.114,14.886,12000,0.25,15,0.62025,0,0,0.0,single,24,0.02,0.02,0.9,0,0,0.0,3772,0.07858333333333334,v11_full_10d,128,,,,,,,0.27454233589087806,1076,0.0,0,0.0,0.0,0.0,0.0,0,0.0,0.0,0.0,0.0,916,0,0.5129655975216174,1.9715,851,0.08221531170957055,0.8328333333333333,0.8328333333333333,0.0,"{""mc_hi_0"": 1.0, ""mc_hi_1"": 1.0, ""mc_hi_2"": 1.0, ""mc_hi_3"": 1.0, ""mc_hi_4"": 1.0, ""mc_hi_5"": 1.0, ""mc_lo_0"": 1.0, ""mc_lo_1"": 1.0, ""mc_lo_2"": 1.0, ""mc_lo_3"": 4.029411764705882, ""mc_lo_4"": 1.4633333333333334, ""mc_lo_5"": 4.043478260869565}","{""mc_hi_0"": 1.0, ""mc_hi_1"": 1.0, ""mc_hi_2"": 1.0, ""mc_hi_3"": 1.0, ""mc_hi_4"": 1.0, ""mc_hi_5"": 1.0, ""mc_lo_0"": 1.0, ""mc_lo_1"": 1.0, ""mc_lo_2"": 1.0, ""mc_lo_3"": 4.029411764705882, ""mc_lo_4"": 2.317142857142857, ""mc_lo_5"": 4.043478260869565}","{""mc_hi_0"": 1.0, ""mc_hi_1"": 1.0, ""mc_hi_2"": 1.0, ""mc_hi_3"": 1.0, ""mc_hi_4"": 1.0, ""mc_hi_5"": 1.0, ""mc_lo_0"": 1.0, ""mc_lo_1"": 1.0, ""mc_lo_2"": 1.0, ""mc_lo_3"": 1.0, ""mc_lo_4"": 1.0, ""mc_lo_5"": 1.0}","{""mc_hi_0"": 0, ""mc_hi_1"": 0, ""mc_hi_2"": 0, ""mc_hi_3"": 0, ""mc_hi_4"": 0, ""mc_hi_5"": 0, ""mc_lo_0"": 0, ""mc_lo_1"": 0, ""mc_lo_2"": 0, ""mc_lo_3"": 62, ""mc_lo_4"": 954, ""mc_lo_5"": 68}","{""mc_hi_0"": 0, ""mc_hi_1"": 0, ""mc_hi_2"": 0, ""mc_hi_3"": 0, ""mc_hi_4"": 0, ""mc_hi_5"": 0, ""mc_lo_0"": 0, ""mc_lo_1"": 0, ""mc_lo_2"": 0, ""mc_lo_3"": 0, ""mc_lo_4"": 916, ""mc_lo_5"": 0}","{""mc_hi_0"": 0, ""mc_hi_1"": 0, ""mc_hi_2"": 0, ""mc_hi_3"": 0, ""mc_hi_4"": 0, ""mc_hi_5"": 0, ""mc_lo_0"": 0, ""mc_lo_1"": 0, ""mc_lo_2"": 0, ""mc_lo_3"": 0, ""mc_lo_4"": 916, ""mc_lo_5"": 0}","{""mc_hi_0"": 0, ""mc_hi_1"": 0, ""mc_hi_2"": 0, ""mc_hi_3"": 0, ""mc_hi_4"": 0, ""mc_hi_5"": 0, ""mc_lo_0"": 0, ""mc_lo_1"": 0, ""mc_lo_2"": 0, ""mc_lo_3"": 60, ""mc_lo_4"": 951, ""mc_lo_5"": 65}","{""mc_hi_0"": 0, ""mc_hi_1"": 0, ""mc_hi_2"": 0, ""mc_hi_3"": 0, ""mc_hi_4"": 0, ""mc_hi_5"": 0, ""mc_lo_0"": 0, ""mc_lo_1"": 0, ""mc_lo_2"": 0, ""mc_lo_3"": 62, ""mc_lo_4"": 19, ""mc_lo_5"": 60}","{""mc_hi_0"": 0, ""mc_hi_1"": 0, ""mc_hi_2"": 0, ""mc_hi_3"": 0, ""mc_hi_4"": 0, ""mc_hi_5"": 0, ""mc_lo_0"": 0, ""mc_lo_1"": 0, ""mc_lo_2"": 0, ""mc_lo_3"": 1998, ""mc_lo_4"": 1911, ""mc_lo_5"": 1936}","{""mc_hi_0"": 0, ""mc_hi_1"": 0, ""mc_hi_2"": 0, ""mc_hi_3"": 0, ""mc_hi_4"": 0, ""mc_hi_5"": 0, ""mc_lo_0"": 0, ""mc_lo_1"": 0, ""mc_lo_2"": 0, ""mc_lo_3"": 0, ""mc_lo_4"": 0, ""mc_lo_5"": 0}",18000,1372,16628,0,0,0.07622222222222222,0.9237777777777778,0.864,2000,59.581,2336.5,0.12980555555555556,0.8701944444444445,0.1298055555555555,14699,0.8166111111111111,1929,1929,0,0,0,0.10716666666666666,0.10716666666666666,0.11600914120760164,964.5,636570.0,1271211.0,0.5007587253414004,636570.0,0.064410297755338,1372,0.07622222222222222,14699.0,15663.5,,,,,,,,,,0,,,,,,,,,,,,,,,,,,,
mc_fairgen,0.65,12,2.0,0.5,1562,185,101562,bc_tree_agent,,True,1,50000000,25000,C_AMC_SEM,0.5,interval_qos_v2_single_recovery_full_C5_overinc016_abs005,True,True,4.0,lo,1182,1371,0,2553,0,1371,0,1182,11837294,50000000,0.23674588,,,,1371,,,,,,,2000,0,2000,2000,0,0,0.0,0.0,1.0,0.0,-1060.5139841547439,True,2000,2000,0,8.934,15.066,,,16,0.62775,0,0,0.0,single,24,0.02,0.02,0.9,0,,,,,v11_full_10d,128,integer_tree_ranked_valid_or_none,fixed_point_int,1000000,bb255908bec90f8d54945322db333c5c2d2df5af1c5e76fc9016dc8c975a381e,viper_integer_ranked_artifact_v1,True,,,,,,,,,,,,,,,,,,,,,,,,,,,,,,,,,18000,1371,16629,0,0,0.07616666666666666,0.9238333333333333,0.864,2000,142.9195,2335.5,0.12975,0.87025,0.12975000000000003,14700,0.8166666666666667,1929,1929,0,0,0,0.10716666666666666,0.10716666666666666,0.11600216489265741,964.5,636570.0,1271211.0,0.5007587253414004,636570.0,0.06440870758535795,1371,0.07616666666666666,14700.0,15664.5,,,,,,,,,,,bc_iter_001,bc,3,11,6,3,10,206,0.103,206,0.103,0,0.0,2000,1065,0.5325,0.4295,0.009850301742553712,0.03468074798583984
mc_fairgen,0.65,12,2.0,0.5,1562,185,101562,viper_tree_agent,,True,1,50000000,25000,C_AMC_SEM,0.5,interval_qos_v2_single_recovery_full_C5_overinc016_abs005,True,True,4.0,lo,1182,1366,0,2548,0,1366,0,1182,11838091,50000000,0.23676182,,,,1366,,,,,,,2000,0,2000,2000,0,0,0.0,0.0,1.0,0.0,-1027.667465874036,True,2000,2000,0,9.0965,14.9035,,,15,0.6209791666666666,0,0,0.0,single,24,0.02,0.02,0.9,0,,,,,v11_full_10d,128,integer_tree_ranked_valid_or_none,fixed_point_int,1000000,bb255908bec90f8d54945322db333c5c2d2df5af1c5e76fc9016dc8c975a381e,viper_integer_ranked_artifact_v1,True,,,,,,,,,,,,,,,,,,,,,,,,,,,,,,,,,18000,1366,16634,0,0,0.0758888888888889,0.9241111111111111,0.864,2000,62.965,2330.5,0.1294722222222222,0.8705277777777778,0.1294722222222222,14705,0.8169444444444445,1929,1929,0,0,0,0.10716666666666666,0.10716666666666666,0.11596729589996393,964.5,636570.0,1271211.0,0.5007587253414004,636570.0,0.0644011097422954,1366,0.0758888888888889,14705.0,15669.5,,,,,,,,,,,viper_iter_002,viper,3,11,6,3,10,0,0.0,0,0.0,0,0.0,2000,1038,0.519,0.519,0.004811979293823242,0.021375465393066402
mc_fairgen,0.65,12,2.0,0.5,1563,185,101563,c_amc_sem_baseline,,True,1,50000000,25000,C_AMC_SEM,0.5,interval_qos_v2_single_recovery_full_C5_overinc016_abs005,True,True,4.0,lo,1187,1941,0,3128,0,1941,0,1187,11658091,50000000,0.23316182,23.74,9821.475147430498,1,1941,1941,1941,0,0,0,0.0,0,0,0,0,0,0,0.0,0.0,0.0,0.0,0.0,True,0,0,0,0.0,0.0,0,0.0,0,0.0,0,0,0.0,single,24,0.02,0.02,0.9,0,0,0.0,0,0.0,,,,,,,,,,,,,,,,,,,,,,,,,,,,,,,,,,,,,,,,,18000,1941,16059,0,0,0.10783333333333334,0.8921666666666667,0.865,0,,2892.0,0.16066666666666668,0.8393333333333334,0.16066666666666662,14157,0.7865,1902,1902,0,0,0,0.10566666666666667,0.10566666666666667,0.11843825892023165,951.0,627660.0,1253418.0,0.5007587253414009,627660.0,0.06413690714924292,1941,0.10783333333333334,14157.0,15108.0,,,,,,,,,,,,,,,,,,,,,,,,,,,,,
mc_fairgen,0.65,12,2.0,0.5,1563,185,101563,dqn_agent,mlp,True,1,50000000,25000,C_AMC_SEM,0.5,interval_qos_v2_single_recovery_full_C5_overinc016_abs005,True,True,4.0,lo,1187,1361,0,2548,0,1361,0,1187,11695864,50000000,0.23391728,23.74,9853.297388374052,1,1361,1361,1361,0,0,0,0.0,2000,0,2000,2000,0,0,0.0,0.0,1.0,0.0,-1020.7968210792952,True,2000,2000,0,9.1205,14.8795,12000,0.25,15,0.6199791666666666,0,0,0.0,single,24,0.02,0.02,0.9,0,0,0.0,3759,0.0783125,v11_full_10d,128,,,,,,,0.2677423358908781,1081,0.0,0,0.0,0.0,0.0,0.0,0,0.0,0.0,0.0,0.0,911,0,0.5099520062517761,1.514,822,0.08141679358448133,0.8328333333333333,0.8328333333333333,0.0,"{""mc_hi_0"": 1.0, ""mc_hi_1"": 1.0, ""mc_hi_2"": 1.0, ""mc_hi_3"": 1.0, ""mc_hi_4"": 1.0, ""mc_hi_5"": 1.0, ""mc_lo_0"": 1.0, ""mc_lo_1"": 1.0, ""mc_lo_2"": 1.0, ""mc_lo_3"": 4.029411764705882, ""mc_lo_4"": 1.801904761904762, ""mc_lo_5"": 4.043478260869565}","{""mc_hi_0"": 1.0, ""mc_hi_1"": 1.0, ""mc_hi_2"": 1.0, ""mc_hi_3"": 1.0, ""mc_hi_4"": 1.0, ""mc_hi_5"": 1.0, ""mc_lo_0"": 1.0, ""mc_lo_1"": 1.0, ""mc_lo_2"": 1.0, ""mc_lo_3"": 4.029411764705882, ""mc_lo_4"": 1.9942857142857142, ""mc_lo_5"": 4.043478260869565}","{""mc_hi_0"": 1.0, ""mc_hi_1"": 1.0, ""mc_hi_2"": 1.0, ""mc_hi_3"": 1.0, ""mc_hi_4"": 1.0, ""mc_hi_5"": 1.0, ""mc_lo_0"": 1.0, ""mc_lo_1"": 1.0, ""mc_lo_2"": 1.0, ""mc_lo_3"": 1.0, ""mc_lo_4"": 1.0, ""mc_lo_5"": 1.0}","{""mc_hi_0"": 0, ""mc_hi_1"": 0, ""mc_hi_2"": 0, ""mc_hi_3"": 0, ""mc_hi_4"": 0, ""mc_hi_5"": 0, ""mc_lo_0"": 0, ""mc_lo_1"": 0, ""mc_lo_2"": 0, ""mc_lo_3"": 62, ""mc_lo_4"": 959, ""mc_lo_5"": 68}","{""mc_hi_0"": 0, ""mc_hi_1"": 0, ""mc_hi_2"": 0, ""mc_hi_3"": 0, ""mc_hi_4"": 0, ""mc_hi_5"": 0, ""mc_lo_0"": 0, ""mc_lo_1"": 0, ""mc_lo_2"": 0, ""mc_lo_3"": 0, ""mc_lo_4"": 911, ""mc_lo_5"": 0}","{""mc_hi_0"": 0, ""mc_hi_1"": 0, ""mc_hi_2"": 0, ""mc_hi_3"": 0, ""mc_hi_4"": 0, ""mc_hi_5"": 0, ""mc_lo_0"": 0, ""mc_lo_1"": 0, ""mc_lo_2"": 0, ""mc_lo_3"": 0, ""mc_lo_4"": 911, ""mc_lo_5"": 0}","{""mc_hi_0"": 0, ""mc_hi_1"": 0, ""mc_hi_2"": 0, ""mc_hi_3"": 0, ""mc_hi_4"": 0, ""mc_hi_5"": 0, ""mc_lo_0"": 0, ""mc_lo_1"": 0, ""mc_lo_2"": 0, ""mc_lo_3"": 60, ""mc_lo_4"": 956, ""mc_lo_5"": 65}","{""mc_hi_0"": 0, ""mc_hi_1"": 0, ""mc_hi_2"": 0, ""mc_hi_3"": 0, ""mc_hi_4"": 0, ""mc_hi_5"": 0, ""mc_lo_0"": 0, ""mc_lo_1"": 0, ""mc_lo_2"": 0, ""mc_lo_3"": 62, ""mc_lo_4"": 20, ""mc_lo_5"": 33}","{""mc_hi_0"": 0, ""mc_hi_1"": 0, ""mc_hi_2"": 0, ""mc_hi_3"": 0, ""mc_hi_4"": 0, ""mc_hi_5"": 0, ""mc_lo_0"": 0, ""mc_lo_1"": 0, ""mc_lo_2"": 0, ""mc_lo_3"": 1998, ""mc_lo_4"": 1908, ""mc_lo_5"": 1936}","{""mc_hi_0"": 0, ""mc_hi_1"": 0, ""mc_hi_2"": 0, ""mc_hi_3"": 0, ""mc_hi_4"": 0, ""mc_hi_5"": 0, ""mc_lo_0"": 0, ""mc_lo_1"": 0, ""mc_lo_2"": 0, ""mc_lo_3"": 0, ""mc_lo_4"": 0, ""mc_lo_5"": 0}",18000,1361,16639,0,0,0.07561111111111112,0.9243888888888889,0.87,2000,58.8895,2312.5,0.1284722222222222,0.8715277777777778,0.1284722222222222,14736,0.8186666666666667,1903,1903,0,0,0,0.10572222222222222,0.10572222222222222,0.11436985395756956,951.5,627990.0,1254077.0,0.5007587253414009,627990.0,0.0636262107282997,1361,0.07561111111111112,14736.0,15687.5,,,,,,,,,,0,,,,,,,,,,,,,,,,,,,
mc_fairgen,0.65,12,2.0,0.5,1563,185,101563,bc_tree_agent,,True,1,50000000,25000,C_AMC_SEM,0.5,interval_qos_v2_single_recovery_full_C5_overinc016_abs005,True,True,4.0,lo,1187,1352,0,2539,0,1352,0,1187,11695147,50000000,0.23390294,,,,1352,,,,,,,2000,0,2000,2000,0,0,0.0,0.0,1.0,0.0,-1053.1422312180136,True,2000,2000,0,8.9465,15.0535,,,16,0.6272291666666666,0,0,0.0,single,24,0.02,0.02,0.9,0,,,,,v11_full_10d,128,integer_tree_ranked_valid_or_none,fixed_point_int,1000000,bb255908bec90f8d54945322db333c5c2d2df5af1c5e76fc9016dc8c975a381e,viper_integer_ranked_artifact_v1,True,,,,,,,,,,,,,,,,,,,,,,,,,,,,,,,,,18000,1352,16648,0,0,0.07511111111111111,0.9248888888888889,0.87,2000,145.155,2303.5,0.1279722222222222,0.8720277777777777,0.12797222222222226,14745,0.8191666666666667,1903,1903,0,0,0,0.10572222222222222,0.10572222222222222,0.11430802498798655,951.5,627990.0,1254077.0,0.5007587253414009,627990.0,0.06363549494459621,1352,0.07511111111111111,14745.0,15696.5,,,,,,,,,,,bc_iter_001,bc,3,11,6,3,10,201,0.1005,201,0.1005,0,0.0,2000,1040,0.52,0.4195,0.010522577285766601,0.035474205017089845
mc_fairgen,0.65,12,2.0,0.5,1563,185,101563,viper_tree_agent,,True,1,50000000,25000,C_AMC_SEM,0.5,interval_qos_v2_single_recovery_full_C5_overinc016_abs005,True,True,4.0,lo,1187,1351,0,2538,0,1351,0,1187,11695338,50000000,0.23390676,,,,1351,,,,,,,2000,0,2000,2000,0,0,0.0,0.0,1.0,0.0,-1021.5659043179962,True,2000,2000,0,9.0965,14.9035,,,15,0.6209791666666666,0,0,0.0,single,24,0.02,0.02,0.9,0,,,,,v11_full_10d,128,integer_tree_ranked_valid_or_none,fixed_point_int,1000000,bb255908bec90f8d54945322db333c5c2d2df5af1c5e76fc9016dc8c975a381e,viper_integer_ranked_artifact_v1,True,,,,,,,,,,,,,,,,,,,,,,,,,,,,,,,,,18000,1351,16649,0,0,0.07505555555555556,0.9249444444444445,0.87,2000,62.965,2302.5,0.12791666666666668,0.8720833333333333,0.12791666666666668,14746,0.8192222222222222,1903,1903,0,0,0,0.10572222222222222,0.10572222222222222,0.1143011592287825,951.5,627990.0,1254077.0,0.5007587253414009,627990.0,0.06363187764651523,1351,0.07505555555555556,14746.0,15697.5,,,,,,,,,,,viper_iter_002,viper,3,11,6,3,10,0,0.0,0,0.0,0,0.0,2000,1061,0.5305,0.5305,0.004801620483398437,0.01998634338378906
mc_fairgen,0.65,12,2.0,0.5,1564,185,101564,c_amc_sem_baseline,,True,1,50000000,25000,C_AMC_SEM,0.5,interval_qos_v2_single_recovery_full_C5_overinc016_abs005,True,True,4.0,lo,1165,2006,0,3171,0,2006,0,1165,11630687,50000000,0.23261374,23.3,9983.422317596567,1,2006,2006,2006,0,0,0,0.0,0,0,0,0,0,0,0.0,0.0,0.0,0.0,0.0,True,0,0,0,0.0,0.0,0,0.0,0,0.0,0,0,0.0,single,24,0.02,0.02,0.9,0,0,0.0,0,0.0,,,,,,,,,,,,,,,,,,,,,,,,,,,,,,,,,,,,,,,,,18000,2006,15994,0,0,0.11144444444444444,0.8885555555555555,0.86,0,,2963.0,0.16461111111111112,0.8353888888888888,0.16461111111111115,14080,0.7822222222222223,1914,1914,0,0,0,0.10633333333333334,0.10633333333333334,0.11966987620357634,957.0,631620.0,1261326.0,0.5007587253414006,631620.0,0.06440101761805553,2006,0.11144444444444444,14080.0,15037.0,,,,,,,,,,,,,,,,,,,,,,,,,,,,,
mc_fairgen,0.65,12,2.0,0.5,1564,185,101564,dqn_agent,mlp,True,1,50000000,25000,C_AMC_SEM,0.5,interval_qos_v2_single_recovery_full_C5_overinc016_abs005,True,True,4.0,lo,1165,1410,0,2575,0,1410,0,1165,11671285,50000000,0.2334257,23.3,10018.270386266095,1,1410,1410,1410,0,0,0,0.0,2000,0,2000,2000,0,0,0.0,0.0,1.0,0.0,-1040.7008214127743,True,2000,2000,0,9.1095,14.8905,12000,0.25,15,0.6204375,0,0,0.0,single,24,0.02,0.02,0.9,0,0,0.0,3781,0.07877083333333333,v11_full_10d,128,,,,,,,0.2638818597004019,1075,0.0,0,0.0,0.0,0.0,0.0,0,0.0,0.0,0.0,0.0,917,0,0.5113347969695125,1.9385,834,0.08157174021462897,0.8328333333333333,0.8328333333333333,0.0,"{""mc_hi_0"": 1.0, ""mc_hi_1"": 1.0, ""mc_hi_2"": 1.0, ""mc_hi_3"": 1.0, ""mc_hi_4"": 1.0, ""mc_hi_5"": 1.0, ""mc_lo_0"": 1.0, ""mc_lo_1"": 1.0, ""mc_lo_2"": 1.0, ""mc_lo_3"": 4.029411764705882, ""mc_lo_4"": 1.4123809523809523, ""mc_lo_5"": 4.043478260869565}","{""mc_hi_0"": 1.0, ""mc_hi_1"": 1.0, ""mc_hi_2"": 1.0, ""mc_hi_3"": 1.0, ""mc_hi_4"": 1.0, ""mc_hi_5"": 1.0, ""mc_lo_0"": 1.0, ""mc_lo_1"": 1.0, ""mc_lo_2"": 1.0, ""mc_lo_3"": 4.029411764705882, ""mc_lo_4"": 2.125238095238095, ""mc_lo_5"": 4.043478260869565}","{""mc_hi_0"": 1.0, ""mc_hi_1"": 1.0, ""mc_hi_2"": 1.0, ""mc_hi_3"": 1.0, ""mc_hi_4"": 1.0, ""mc_hi_5"": 1.0, ""mc_lo_0"": 1.0, ""mc_lo_1"": 1.0, ""mc_lo_2"": 1.0, ""mc_lo_3"": 1.0, ""mc_lo_4"": 1.0, ""mc_lo_5"": 1.0}","{""mc_hi_0"": 0, ""mc_hi_1"": 0, ""mc_hi_2"": 0, ""mc_hi_3"": 0, ""mc_hi_4"": 0, ""mc_hi_5"": 0, ""mc_lo_0"": 0, ""mc_lo_1"": 0, ""mc_lo_2"": 0, ""mc_lo_3"": 62, ""mc_lo_4"": 953, ""mc_lo_5"": 68}","{""mc_hi_0"": 0, ""mc_hi_1"": 0, ""mc_hi_2"": 0, ""mc_hi_3"": 0, ""mc_hi_4"": 0, ""mc_hi_5"": 0, ""mc_lo_0"": 0, ""mc_lo_1"": 0, ""mc_lo_2"": 0, ""mc_lo_3"": 0, ""mc_lo_4"": 917, ""mc_lo_5"": 0}","{""mc_hi_0"": 0, ""mc_hi_1"": 0, ""mc_hi_2"": 0, ""mc_hi_3"": 0, ""mc_hi_4"": 0, ""mc_hi_5"": 0, ""mc_lo_0"": 0, ""mc_lo_1"": 0, ""mc_lo_2"": 0, ""mc_lo_3"": 0, ""mc_lo_4"": 917, ""mc_lo_5"": 0}","{""mc_hi_0"": 0, ""mc_hi_1"": 0, ""mc_hi_2"": 0, ""mc_hi_3"": 0, ""mc_hi_4"": 0, ""mc_hi_5"": 0, ""mc_lo_0"": 0, ""mc_lo_1"": 0, ""mc_lo_2"": 0, ""mc_lo_3"": 60, ""mc_lo_4"": 950, ""mc_lo_5"": 65}","{""mc_hi_0"": 0, ""mc_hi_1"": 0, ""mc_hi_2"": 0, ""mc_hi_3"": 0, ""mc_hi_4"": 0, ""mc_hi_5"": 0, ""mc_lo_0"": 0, ""mc_lo_1"": 0, ""mc_lo_2"": 0, ""mc_lo_3"": 62, ""mc_lo_4"": 16, ""mc_lo_5"": 59}","{""mc_hi_0"": 0, ""mc_hi_1"": 0, ""mc_hi_2"": 0, ""mc_hi_3"": 0, ""mc_hi_4"": 0, ""mc_hi_5"": 0, ""mc_lo_0"": 0, ""mc_lo_1"": 0, ""mc_lo_2"": 0, ""mc_lo_3"": 1998, ""mc_lo_4"": 1928, ""mc_lo_5"": 1936}","{""mc_hi_0"": 0, ""mc_hi_1"": 0, ""mc_hi_2"": 0, ""mc_hi_3"": 0, ""mc_hi_4"": 0, ""mc_hi_5"": 0, ""mc_lo_0"": 0, ""mc_lo_1"": 0, ""mc_lo_2"": 0, ""mc_lo_3"": 0, ""mc_lo_4"": 0, ""mc_lo_5"": 0}",18000,1410,16590,0,0,0.07833333333333334,0.9216666666666666,0.873,2000,58.7135,2367.5,0.13152777777777777,0.8684722222222222,0.1315277777777778,14675,0.8152777777777778,1915,1915,0,0,0,0.1063888888888889,0.1063888888888889,0.11543098251959011,957.5,631950.0,1261985.0,0.5007587253414006,631950.0,0.06379612537092003,1410,0.07833333333333334,14675.0,15632.5,,,,,,,,,,0,,,,,,,,,,,,,,,,,,,
mc_fairgen,0.65,12,2.0,0.5,1564,185,101564,bc_tree_agent,,True,1,50000000,25000,C_AMC_SEM,0.5,interval_qos_v2_single_recovery_full_C5_overinc016_abs005,True,True,4.0,lo,1165,1390,0,2555,0,1390,0,1165,11671650,50000000,0.233433,,,,1390,,,,,,,2000,0,2000,2000,0,0,0.0,0.0,1.0,0.0,-1067.9847210758937,True,2000,2000,0,8.904,15.096,,,16,0.629,0,0,0.0,single,24,0.02,0.02,0.9,0,,,,,v11_full_10d,128,integer_tree_ranked_valid_or_none,fixed_point_int,1000000,bb255908bec90f8d54945322db333c5c2d2df5af1c5e76fc9016dc8c975a381e,viper_integer_ranked_artifact_v1,True,,,,,,,,,,,,,,,,,,,,,,,,,,,,,,,,,18000,1390,16610,0,0,0.07722222222222222,0.9227777777777778,0.873,2000,147.791,2347.5,0.13041666666666665,0.8695833333333334,0.13041666666666663,14695,0.8163888888888889,1915,1915,0,0,0,0.1063888888888889,0.1063888888888889,0.11529199277543649,957.5,631950.0,1261985.0,0.5007587253414006,631950.0,0.06378455425653776,1390,0.07722222222222222,14695.0,15652.5,,,,,,,,,,,bc_iter_001,bc,3,11,6,3,10,241,0.1205,241,0.1205,0,0.0,2000,1036,0.518,0.3975,0.010484363555908203,0.03674335479736328
mc_fairgen,0.65,12,2.0,0.5,1564,185,101564,viper_tree_agent,,True,1,50000000,25000,C_AMC_SEM,0.5,interval_qos_v2_single_recovery_full_C5_overinc016_abs005,True,True,4.0,lo,1165,1390,0,2555,0,1390,0,1165,11671650,50000000,0.233433,,,,1390,,,,,,,2000,0,2000,2000,0,0,0.0,0.0,1.0,0.0,-1036.6958296983146,True,2000,2000,0,9.0965,14.9035,,,15,0.6209791666666666,0,0,0.0,single,24,0.02,0.02,0.9,0,,,,,v11_full_10d,128,integer_tree_ranked_valid_or_none,fixed_point_int,1000000,bb255908bec90f8d54945322db333c5c2d2df5af1c5e76fc9016dc8c975a381e,viper_integer_ranked_artifact_v1,True,,,,,,,,,,,,,,,,,,,,,,,,,,,,,,,,,18000,1390,16610,0,0,0.07722222222222222,0.9227777777777778,0.873,2000,62.965,2347.5,0.13041666666666665,0.8695833333333334,0.13041666666666663,14695,0.8163888888888889,1915,1915,0,0,0,0.1063888888888889,0.1063888888888889,0.11529199277543649,957.5,631950.0,1261985.0,0.5007587253414006,631950.0,0.06378455425653776,1390,0.07722222222222222,14695.0,15652.5,,,,,,,,,,,viper_iter_002,viper,3,11,6,3,10,0,0.0,0,0.0,0,0.0,2000,1046,0.523,0.523,0.0050034446716308596,0.02146892547607421
mc_fairgen,0.65,12,2.0,0.5,1565,185,101565,c_amc_sem_baseline,,True,1,50000000,25000,C_AMC_SEM,0.5,interval_qos_v2_single_recovery_full_C5_overinc016_abs005,True,True,4.0,lo,1160,1953,0,3113,0,1953,0,1160,11195816,50000000,0.22391632,23.200000000000003,9651.565517241379,1,1953,1953,1953,0,0,0,0.0,0,0,0,0,0,0,0.0,0.0,0.0,0.0,0.0,True,0,0,0,0.0,0.0,0,0.0,0,0.0,0,0,0.0,single,24,0.02,0.02,0.9,0,0,0.0,0,0.0,,,,,,,,,,,,,,,,,,,,,,,,,,,,,,,,,,,,,,,,,18000,1953,16047,0,0,0.1085,0.8915,0.879,0,,2860.5,0.15891666666666668,0.8410833333333333,0.1589166666666667,14232,0.7906666666666666,1815,1815,0,0,0,0.10083333333333333,0.10083333333333333,0.11310525331837727,907.5,598950.0,1196085.0,0.5007587253414023,598950.0,0.06097389651448592,1953,0.1085,14232.0,15139.5,,,,,,,,,,,,,,,,,,,,,,,,,,,,,
mc_fairgen,0.65,12,2.0,0.5,1565,185,101565,dqn_agent,mlp,True,1,50000000,25000,C_AMC_SEM,0.5,interval_qos_v2_single_recovery_full_C5_overinc016_abs005,True,True,4.0,lo,1160,1402,0,2562,0,1402,0,1160,11231849,50000000,0.22463698,23.200000000000003,9682.628448275862,1,1402,1402,1402,0,0,0,0.0,2000,0,2000,2000,0,0,0.0,0.0,1.0,0.0,-1029.9970422873753,True,2000,2000,0,9.116,14.884,12000,0.25,15,0.6201666666666666,0,0,0.0,single,24,0.02,0.02,0.9,0,0,0.0,3768,0.0785,v11_full_10d,128,,,,,,,0.2652116216051638,1075,0.0,0,0.0,0.0,0.0,0.0,0,0.0,0.0,0.0,0.0,917,0,0.510986005561645,1.6465,863,0.08162057500377586,0.8328333333333333,0.8328333333333333,0.0,"{""mc_hi_0"": 1.0, ""mc_hi_1"": 1.0, ""mc_hi_2"": 1.0, ""mc_hi_3"": 1.0, ""mc_hi_4"": 1.0, ""mc_hi_5"": 1.0, ""mc_lo_0"": 1.0, ""mc_lo_1"": 1.0, ""mc_lo_2"": 1.0, ""mc_lo_3"": 4.029411764705882, ""mc_lo_4"": 1.4185714285714286, ""mc_lo_5"": 4.043478260869565}","{""mc_hi_0"": 1.0, ""mc_hi_1"": 1.0, ""mc_hi_2"": 1.0, ""mc_hi_3"": 1.0, ""mc_hi_4"": 1.0, ""mc_hi_5"": 1.0, ""mc_lo_0"": 1.0, ""mc_lo_1"": 1.0, ""mc_lo_2"": 1.0, ""mc_lo_3"": 4.029411764705882, ""mc_lo_4"": 1.9357142857142857, ""mc_lo_5"": 4.043478260869565}","{""mc_hi_0"": 1.0, ""mc_hi_1"": 1.0, ""mc_hi_2"": 1.0, ""mc_hi_3"": 1.0, ""mc_hi_4"": 1.0, ""mc_hi_5"": 1.0, ""mc_lo_0"": 1.0, ""mc_lo_1"": 1.0, ""mc_lo_2"": 1.0, ""mc_lo_3"": 1.0, ""mc_lo_4"": 1.0, ""mc_lo_5"": 1.0}","{""mc_hi_0"": 0, ""mc_hi_1"": 0, ""mc_hi_2"": 0, ""mc_hi_3"": 0, ""mc_hi_4"": 0, ""mc_hi_5"": 0, ""mc_lo_0"": 0, ""mc_lo_1"": 0, ""mc_lo_2"": 0, ""mc_lo_3"": 62, ""mc_lo_4"": 953, ""mc_lo_5"": 68}","{""mc_hi_0"": 0, ""mc_hi_1"": 0, ""mc_hi_2"": 0, ""mc_hi_3"": 0, ""mc_hi_4"": 0, ""mc_hi_5"": 0, ""mc_lo_0"": 0, ""mc_lo_1"": 0, ""mc_lo_2"": 0, ""mc_lo_3"": 0, ""mc_lo_4"": 917, ""mc_lo_5"": 0}","{""mc_hi_0"": 0, ""mc_hi_1"": 0, ""mc_hi_2"": 0, ""mc_hi_3"": 0, ""mc_hi_4"": 0, ""mc_hi_5"": 0, ""mc_lo_0"": 0, ""mc_lo_1"": 0, ""mc_lo_2"": 0, ""mc_lo_3"": 0, ""mc_lo_4"": 917, ""mc_lo_5"": 0}","{""mc_hi_0"": 0, ""mc_hi_1"": 0, ""mc_hi_2"": 0, ""mc_hi_3"": 0, ""mc_hi_4"": 0, ""mc_hi_5"": 0, ""mc_lo_0"": 0, ""mc_lo_1"": 0, ""mc_lo_2"": 0, ""mc_lo_3"": 60, ""mc_lo_4"": 950, ""mc_lo_5"": 65}","{""mc_hi_0"": 0, ""mc_hi_1"": 0, ""mc_hi_2"": 0, ""mc_hi_3"": 0, ""mc_hi_4"": 0, ""mc_hi_5"": 0, ""mc_lo_0"": 0, ""mc_lo_1"": 0, ""mc_lo_2"": 0, ""mc_lo_3"": 62, ""mc_lo_4"": 15, ""mc_lo_5"": 47}","{""mc_hi_0"": 0, ""mc_hi_1"": 0, ""mc_hi_2"": 0, ""mc_hi_3"": 0, ""mc_hi_4"": 0, ""mc_hi_5"": 0, ""mc_lo_0"": 0, ""mc_lo_1"": 0, ""mc_lo_2"": 0, ""mc_lo_3"": 1998, ""mc_lo_4"": 1926, ""mc_lo_5"": 1936}","{""mc_hi_0"": 0, ""mc_hi_1"": 0, ""mc_hi_2"": 0, ""mc_hi_3"": 0, ""mc_hi_4"": 0, ""mc_hi_5"": 0, ""mc_lo_0"": 0, ""mc_lo_1"": 0, ""mc_lo_2"": 0, ""mc_lo_3"": 0, ""mc_lo_4"": 0, ""mc_lo_5"": 0}",18000,1402,16598,0,0,0.07788888888888888,0.9221111111111111,0.882,2000,58.826,2309.5,0.12830555555555556,0.8716944444444444,0.12830555555555556,14783,0.8212777777777778,1815,1815,0,0,0,0.10083333333333333,0.10083333333333333,0.10935052415953729,907.5,598950.0,1196085.0,0.5007587253414023,598950.0,0.060455464474503784,1402,0.07788888888888888,14783.0,15690.5,,,,,,,,,,0,,,,,,,,,,,,,,,,,,,
mc_fairgen,0.65,12,2.0,0.5,1565,185,101565,bc_tree_agent,,True,1,50000000,25000,C_AMC_SEM,0.5,interval_qos_v2_single_recovery_full_C5_overinc016_abs005,True,True,4.0,lo,1160,1393,0,2553,0,1393,0,1160,11233033,50000000,0.22466066,,,,1393,,,,,,,2000,0,2000,2000,0,0,0.0,0.0,1.0,0.0,-1063.1542407329916,True,2000,2000,0,8.921,15.079,,,16,0.6282916666666667,0,0,0.0,single,24,0.02,0.02,0.9,0,,,,,v11_full_10d,128,integer_tree_ranked_valid_or_none,fixed_point_int,1000000,bb255908bec90f8d54945322db333c5c2d2df5af1c5e76fc9016dc8c975a381e,viper_integer_ranked_artifact_v1,True,,,,,,,,,,,,,,,,,,,,,,,,,,,,,,,,,18000,1393,16607,0,0,0.07738888888888888,0.9226111111111112,0.882,2000,145.938,2300.5,0.12780555555555556,0.8721944444444445,0.1278055555555555,14792,0.8217777777777778,1815,1815,0,0,0,0.10083333333333333,0.10083333333333333,0.10929126272053953,907.5,598950.0,1196085.0,0.5007587253414023,598950.0,0.0604537559299336,1393,0.07738888888888888,14792.0,15699.5,,,,,,,,,,,bc_iter_001,bc,3,11,6,3,10,207,0.1035,207,0.1035,0,0.0,2000,1056,0.528,0.4245,0.010057725906372071,0.03411369323730468
mc_fairgen,0.65,12,2.0,0.5,1565,185,101565,viper_tree_agent,,True,1,50000000,25000,C_AMC_SEM,0.5,interval_qos_v2_single_recovery_full_C5_overinc016_abs005,True,True,4.0,lo,1160,1390,0,2550,0,1390,0,1160,11233486,50000000,0.22466972,,,,1390,,,,,,,2000,0,2000,2000,0,0,0.0,0.0,1.0,0.0,-1030.8816461870838,True,2000,2000,0,9.0965,14.9035,,,15,0.6209791666666666,0,0,0.0,single,24,0.02,0.02,0.9,0,,,,,v11_full_10d,128,integer_tree_ranked_valid_or_none,fixed_point_int,1000000,bb255908bec90f8d54945322db333c5c2d2df5af1c5e76fc9016dc8c975a381e,viper_integer_ranked_artifact_v1,True,,,,,,,,,,,,,,,,,,,,,,,,,,,,,,,,,18000,1390,16610,0,0,0.07722222222222222,0.9227777777777778,0.882,2000,62.965,2297.5,0.12763888888888889,0.8723611111111111,0.12763888888888886,14795,0.8219444444444445,1815,1815,0,0,0,0.10083333333333333,0.10083333333333333,0.10927152317880795,907.5,598950.0,1196085.0,0.5007587253414023,598950.0,0.0604480940154318,1390,0.07722222222222222,14795.0,15702.5,,,,,,,,,,,viper_iter_002,viper,3,11,6,3,10,0,0.0,0,0.0,0,0.0,2000,1029,0.5145,0.5145,0.004754413604736328,0.020556259155273433
mc_fairgen,0.65,12,2.0,0.5,1566,185,101566,c_amc_sem_baseline,,True,1,50000000,25000,C_AMC_SEM,0.5,interval_qos_v2_single_recovery_full_C5_overinc016_abs005,True,True,4.0,lo,1150,1871,0,3021,0,1871,0,1150,11355454,50000000,0.22710908,23.0,9874.307826086957,1,1871,1871,1871,0,0,0,0.0,0,0,0,0,0,0,0.0,0.0,0.0,0.0,0.0,True,0,0,0,0.0,0.0,0,0.0,0,0.0,0,0,0.0,single,24,0.02,0.02,0.9,0,0,0.0,0,0.0,,,,,,,,,,,,,,,,,,,,,,,,,,,,,,,,,,,,,,,,,18000,1871,16129,0,0,0.10394444444444445,0.8960555555555556,0.859,0,,2795.5,0.15530555555555556,0.8446944444444444,0.15530555555555559,14280,0.7933333333333333,1849,1849,0,0,0,0.10272222222222223,0.10272222222222223,0.11463822927645856,924.5,610170.0,1218491.0,0.5007587253414018,610170.0,0.062291159437171395,1871,0.10394444444444445,14280.0,15204.5,,,,,,,,,,,,,,,,,,,,,,,,,,,,,
mc_fairgen,0.65,12,2.0,0.5,1566,185,101566,dqn_agent,mlp,True,1,50000000,25000,C_AMC_SEM,0.5,interval_qos_v2_single_recovery_full_C5_overinc016_abs005,True,True,4.0,lo,1150,1274,0,2424,0,1274,0,1150,11403292,50000000,0.22806584,23.0,9915.906086956522,1,1274,1274,1274,0,0,0,0.0,2000,0,2000,2000,0,0,0.0,0.0,1.0,0.0,-985.934250867325,True,2000,2000,0,9.1045,14.8955,12000,0.25,15,0.6206458333333333,0,0,0.0,single,24,0.02,0.02,0.9,0,0,0.0,3791,0.07897916666666667,v11_full_10d,128,,,,,,,0.2500540025575448,1074,0.0,0,0.0,0.0,0.0,0.0,0,0.0,0.0,0.0,0.0,918,0,0.5094225342020867,2.038,897,0.08253204145171224,0.8328333333333333,0.8328333333333333,0.0,"{""mc_hi_0"": 1.0, ""mc_hi_1"": 1.0, ""mc_hi_2"": 1.0, ""mc_hi_3"": 1.0, ""mc_hi_4"": 1.0, ""mc_hi_5"": 1.0, ""mc_lo_0"": 1.0, ""mc_lo_1"": 1.0, ""mc_lo_2"": 1.0, ""mc_lo_3"": 4.029411764705882, ""mc_lo_4"": 1.370952380952381, ""mc_lo_5"": 4.043478260869565}","{""mc_hi_0"": 1.0, ""mc_hi_1"": 1.0, ""mc_hi_2"": 1.0, ""mc_hi_3"": 1.0, ""mc_hi_4"": 1.0, ""mc_hi_5"": 1.0, ""mc_lo_0"": 1.0, ""mc_lo_1"": 1.0, ""mc_lo_2"": 1.0, ""mc_lo_3"": 4.029411764705882, ""mc_lo_4"": 1.9366666666666668, ""mc_lo_5"": 4.043478260869565}","{""mc_hi_0"": 1.0, ""mc_hi_1"": 1.0, ""mc_hi_2"": 1.0, ""mc_hi_3"": 1.0, ""mc_hi_4"": 1.0, ""mc_hi_5"": 1.0, ""mc_lo_0"": 1.0, ""mc_lo_1"": 1.0, ""mc_lo_2"": 1.0, ""mc_lo_3"": 1.0, ""mc_lo_4"": 1.0, ""mc_lo_5"": 1.0}","{""mc_hi_0"": 0, ""mc_hi_1"": 0, ""mc_hi_2"": 0, ""mc_hi_3"": 0, ""mc_hi_4"": 0, ""mc_hi_5"": 0, ""mc_lo_0"": 0, ""mc_lo_1"": 0, ""mc_lo_2"": 0, ""mc_lo_3"": 62, ""mc_lo_4"": 952, ""mc_lo_5"": 68}","{""mc_hi_0"": 0, ""mc_hi_1"": 0, ""mc_hi_2"": 0, ""mc_hi_3"": 0, ""mc_hi_4"": 0, ""mc_hi_5"": 0, ""mc_lo_0"": 0, ""mc_lo_1"": 0, ""mc_lo_2"": 0, ""mc_lo_3"": 0, ""mc_lo_4"": 918, ""mc_lo_5"": 0}","{""mc_hi_0"": 0, ""mc_hi_1"": 0, ""mc_hi_2"": 0, ""mc_hi_3"": 0, ""mc_hi_4"": 0, ""mc_hi_5"": 0, ""mc_lo_0"": 0, ""mc_lo_1"": 0, ""mc_lo_2"": 0, ""mc_lo_3"": 0, ""mc_lo_4"": 918, ""mc_lo_5"": 0}","{""mc_hi_0"": 0, ""mc_hi_1"": 0, ""mc_hi_2"": 0, ""mc_hi_3"": 0, ""mc_hi_4"": 0, ""mc_hi_5"": 0, ""mc_lo_0"": 0, ""mc_lo_1"": 0, ""mc_lo_2"": 0, ""mc_lo_3"": 60, ""mc_lo_4"": 949, ""mc_lo_5"": 65}","{""mc_hi_0"": 0, ""mc_hi_1"": 0, ""mc_hi_2"": 0, ""mc_hi_3"": 0, ""mc_hi_4"": 0, ""mc_hi_5"": 0, ""mc_lo_0"": 0, ""mc_lo_1"": 0, ""mc_lo_2"": 0, ""mc_lo_3"": 62, ""mc_lo_4"": 14, ""mc_lo_5"": 65}","{""mc_hi_0"": 0, ""mc_hi_1"": 0, ""mc_hi_2"": 0, ""mc_hi_3"": 0, ""mc_hi_4"": 0, ""mc_hi_5"": 0, ""mc_lo_0"": 0, ""mc_lo_1"": 0, ""mc_lo_2"": 0, ""mc_lo_3"": 1998, ""mc_lo_4"": 1917, ""mc_lo_5"": 1936}","{""mc_hi_0"": 0, ""mc_hi_1"": 0, ""mc_hi_2"": 0, ""mc_hi_3"": 0, ""mc_hi_4"": 0, ""mc_hi_5"": 0, ""mc_lo_0"": 0, ""mc_lo_1"": 0, ""mc_lo_2"": 0, ""mc_lo_3"": 0, ""mc_lo_4"": 0, ""mc_lo_5"": 0}",18000,1274,16726,0,0,0.07077777777777777,0.9292222222222222,0.891,2000,57.557,2200.0,0.12222222222222222,0.8777777777777778,0.12222222222222223,14874,0.8263333333333334,1852,1852,0,0,0,0.10288888888888889,0.10288888888888889,0.11072581609470286,926.0,611160.0,1220468.0,0.5007587253414018,611160.0,0.06181006522238213,1274,0.07077777777777777,14874.0,15800.0,,,,,,,,,,0,,,,,,,,,,,,,,,,,,,
mc_fairgen,0.65,12,2.0,0.5,1566,185,101566,bc_tree_agent,,True,1,50000000,25000,C_AMC_SEM,0.5,interval_qos_v2_single_recovery_full_C5_overinc016_abs005,True,True,4.0,lo,1150,1265,0,2415,0,1265,0,1150,11404075,50000000,0.2280815,,,,1265,,,,,,,2000,0,2000,2000,0,0,0.0,0.0,1.0,0.0,-1015.2493285308168,True,2000,2000,0,8.9105,15.0895,,,16,0.6287291666666667,0,0,0.0,single,24,0.02,0.02,0.9,0,,,,,v11_full_10d,128,integer_tree_ranked_valid_or_none,fixed_point_int,1000000,bb255908bec90f8d54945322db333c5c2d2df5af1c5e76fc9016dc8c975a381e,viper_integer_ranked_artifact_v1,True,,,,,,,,,,,,,,,,,,,,,,,,,,,,,,,,,18000,1265,16735,0,0,0.07027777777777777,0.9297222222222222,0.891,2000,148.5745,2191.0,0.12172222222222222,0.8782777777777778,0.12172222222222218,14883,0.8268333333333333,1852,1852,0,0,0,0.10288888888888889,0.10288888888888889,0.11066626829997012,926.0,611160.0,1220468.0,0.5007587253414018,611160.0,0.06180252719307151,1265,0.07027777777777777,14883.0,15809.0,,,,,,,,,,,bc_iter_001,bc,3,11,6,3,10,231,0.1155,231,0.1155,0,0.0,2000,1034,0.517,0.4015,0.010762445449829102,0.03702278137207031
mc_fairgen,0.65,12,2.0,0.5,1566,185,101566,viper_tree_agent,,True,1,50000000,25000,C_AMC_SEM,0.5,interval_qos_v2_single_recovery_full_C5_overinc016_abs005,True,True,4.0,lo,1150,1264,0,2414,0,1264,0,1150,11404075,50000000,0.2280815,,,,1264,,,,,,,2000,0,2000,2000,0,0,0.0,0.0,1.0,0.0,-983.1617209680458,True,2000,2000,0,9.0965,14.9035,,,15,0.6209791666666666,0,0,0.0,single,24,0.02,0.02,0.9,0,,,,,v11_full_10d,128,integer_tree_ranked_valid_or_none,fixed_point_int,1000000,bb255908bec90f8d54945322db333c5c2d2df5af1c5e76fc9016dc8c975a381e,viper_integer_ranked_artifact_v1,True,,,,,,,,,,,,,,,,,,,,,,,,,,,,,,,,,18000,1264,16736,0,0,0.07022222222222223,0.9297777777777778,0.891,2000,62.965,2190.0,0.12166666666666667,0.8783333333333333,0.1216666666666667,14884,0.8268888888888889,1852,1852,0,0,0,0.10288888888888889,0.10288888888888889,0.11065965583173996,926.0,611160.0,1220468.0,0.5007587253414018,611160.0,0.06180149601363362,1264,0.07022222222222223,14884.0,15810.0,,,,,,,,,,,viper_iter_002,viper,3,11,6,3,10,0,0.0,0,0.0,0,0.0,2000,1062,0.531,0.531,0.0047038688659667965,0.020637321472167965
mc_fairgen,0.65,12,2.0,0.5,1567,185,101567,c_amc_sem_baseline,,True,1,50000000,25000,C_AMC_SEM,0.5,interval_qos_v2_single_recovery_full_C5_overinc016_abs005,True,True,4.0,lo,1196,1909,0,3105,0,1909,0,1196,11955175,50000000,0.2391035,23.92,9995.965719063544,1,1909,1909,1909,0,0,0,0.0,0,0,0,0,0,0,0.0,0.0,0.0,0.0,0.0,True,0,0,0,0.0,0.0,0,0.0,0,0.0,0,0,0.0,single,24,0.02,0.02,0.9,0,0,0.0,0,0.0,,,,,,,,,,,,,,,,,,,,,,,,,,,,,,,,,,,,,,,,,18000,1909,16091,0,0,0.10605555555555556,0.8939444444444444,0.877,0,,2889.0,0.1605,0.8395,0.16049999999999998,14131,0.7850555555555555,1960,1960,0,0,0,0.10888888888888888,0.10888888888888888,0.12180722142812753,980.0,646800.0,1291640.0,0.5007587253414,646800.0,0.06595678484535795,1909,0.10605555555555556,14131.0,15111.0,,,,,,,,,,,,,,,,,,,,,,,,,,,,,
mc_fairgen,0.65,12,2.0,0.5,1567,185,101567,dqn_agent,mlp,True,1,50000000,25000,C_AMC_SEM,0.5,interval_qos_v2_single_recovery_full_C5_overinc016_abs005,True,True,4.0,lo,1196,1373,0,2569,0,1373,0,1196,12000384,50000000,0.24000768,23.92,10033.765886287625,1,1373,1373,1373,0,0,0,0.0,2000,0,2000,2000,0,0,0.0,0.0,1.0,0.0,-1037.7448343061417,True,2000,2000,0,9.111,14.889,12000,0.25,15,0.620375,0,0,0.0,single,24,0.02,0.02,0.9,0,0,0.0,3778,0.07870833333333334,v11_full_10d,128,,,,,,,0.26443424065278287,1076,0.0,0,0.0,0.0,0.0,0.0,0,0.0,0.0,0.0,0.0,916,0,0.5110547477976698,1.5855,799,0.08106978181328195,0.8328333333333333,0.8328333333333333,0.0,"{""mc_hi_0"": 1.0, ""mc_hi_1"": 1.0, ""mc_hi_2"": 1.0, ""mc_hi_3"": 1.0, ""mc_hi_4"": 1.0, ""mc_hi_5"": 1.0, ""mc_lo_0"": 1.0, ""mc_lo_1"": 1.0, ""mc_lo_2"": 1.0, ""mc_lo_3"": 4.029411764705882, ""mc_lo_4"": 1.4766666666666666, ""mc_lo_5"": 4.043478260869565}","{""mc_hi_0"": 1.0, ""mc_hi_1"": 1.0, ""mc_hi_2"": 1.0, ""mc_hi_3"": 1.0, ""mc_hi_4"": 1.0, ""mc_hi_5"": 1.0, ""mc_lo_0"": 1.0, ""mc_lo_1"": 1.0, ""mc_lo_2"": 1.0, ""mc_lo_3"": 4.029411764705882, ""mc_lo_4"": 2.124285714285714, ""mc_lo_5"": 4.043478260869565}","{""mc_hi_0"": 1.0, ""mc_hi_1"": 1.0, ""mc_hi_2"": 1.0, ""mc_hi_3"": 1.0, ""mc_hi_4"": 1.0, ""mc_hi_5"": 1.0, ""mc_lo_0"": 1.0, ""mc_lo_1"": 1.0, ""mc_lo_2"": 1.0, ""mc_lo_3"": 1.0, ""mc_lo_4"": 1.0, ""mc_lo_5"": 1.0}","{""mc_hi_0"": 0, ""mc_hi_1"": 0, ""mc_hi_2"": 0, ""mc_hi_3"": 0, ""mc_hi_4"": 0, ""mc_hi_5"": 0, ""mc_lo_0"": 0, ""mc_lo_1"": 0, ""mc_lo_2"": 0, ""mc_lo_3"": 62, ""mc_lo_4"": 954, ""mc_lo_5"": 68}","{""mc_hi_0"": 0, ""mc_hi_1"": 0, ""mc_hi_2"": 0, ""mc_hi_3"": 0, ""mc_hi_4"": 0, ""mc_hi_5"": 0, ""mc_lo_0"": 0, ""mc_lo_1"": 0, ""mc_lo_2"": 0, ""mc_lo_3"": 0, ""mc_lo_4"": 916, ""mc_lo_5"": 0}","{""mc_hi_0"": 0, ""mc_hi_1"": 0, ""mc_hi_2"": 0, ""mc_hi_3"": 0, ""mc_hi_4"": 0, ""mc_hi_5"": 0, ""mc_lo_0"": 0, ""mc_lo_1"": 0, ""mc_lo_2"": 0, ""mc_lo_3"": 0, ""mc_lo_4"": 916, ""mc_lo_5"": 0}","{""mc_hi_0"": 0, ""mc_hi_1"": 0, ""mc_hi_2"": 0, ""mc_hi_3"": 0, ""mc_hi_4"": 0, ""mc_hi_5"": 0, ""mc_lo_0"": 0, ""mc_lo_1"": 0, ""mc_lo_2"": 0, ""mc_lo_3"": 60, ""mc_lo_4"": 951, ""mc_lo_5"": 65}","{""mc_hi_0"": 0, ""mc_hi_1"": 0, ""mc_hi_2"": 0, ""mc_hi_3"": 0, ""mc_hi_4"": 0, ""mc_hi_5"": 0, ""mc_lo_0"": 0, ""mc_lo_1"": 0, ""mc_lo_2"": 0, ""mc_lo_3"": 62, ""mc_lo_4"": 13, ""mc_lo_5"": 41}","{""mc_hi_0"": 0, ""mc_hi_1"": 0, ""mc_hi_2"": 0, ""mc_hi_3"": 0, ""mc_hi_4"": 0, ""mc_hi_5"": 0, ""mc_lo_0"": 0, ""mc_lo_1"": 0, ""mc_lo_2"": 0, ""mc_lo_3"": 1998, ""mc_lo_4"": 1910, ""mc_lo_5"": 1936}","{""mc_hi_0"": 0, ""mc_hi_1"": 0, ""mc_hi_2"": 0, ""mc_hi_3"": 0, ""mc_hi_4"": 0, ""mc_hi_5"": 0, ""mc_lo_0"": 0, ""mc_lo_1"": 0, ""mc_lo_2"": 0, ""mc_lo_3"": 0, ""mc_lo_4"": 0, ""mc_lo_5"": 0}",18000,1373,16627,0,0,0.07627777777777778,0.9237222222222222,0.877,2000,58.725,2353.5,0.13075,0.86925,0.13075000000000003,14666,0.8147777777777778,1961,1961,0,0,0,0.10894444444444444,0.10894444444444444,0.11794069886329464,980.5,647130.0,1292299.0,0.5007587253414,647130.0,0.06540868679272745,1373,0.07627777777777778,14666.0,15646.5,,,,,,,,,,0,,,,,,,,,,,,,,,,,,,
mc_fairgen,0.65,12,2.0,0.5,1567,185,101567,bc_tree_agent,,True,1,50000000,25000,C_AMC_SEM,0.5,interval_qos_v2_single_recovery_full_C5_overinc016_abs005,True,True,4.0,lo,1196,1362,0,2558,0,1362,0,1196,11999576,50000000,0.23999152,,,,1362,,,,,,,2000,0,2000,2000,0,0,0.0,0.0,1.0,0.0,-1068.3780913515513,True,2000,2000,0,8.9215,15.0785,,,16,0.6282708333333333,0,0,0.0,single,24,0.02,0.02,0.9,0,,,,,v11_full_10d,128,integer_tree_ranked_valid_or_none,fixed_point_int,1000000,bb255908bec90f8d54945322db333c5c2d2df5af1c5e76fc9016dc8c975a381e,viper_integer_ranked_artifact_v1,True,,,,,,,,,,,,,,,,,,,,,,,,,,,,,,,,,18000,1362,16638,0,0,0.07566666666666666,0.9243333333333333,0.877,2000,139.982,2342.5,0.1301388888888889,0.8698611111111111,0.13013888888888892,14677,0.8153888888888889,1961,1961,0,0,0,0.10894444444444444,0.10894444444444444,0.11786272388508234,980.5,647130.0,1292299.0,0.5007587253414,647130.0,0.06541197271686056,1362,0.07566666666666666,14677.0,15657.5,,,,,,,,,,,bc_iter_001,bc,3,11,6,3,10,236,0.118,236,0.118,0,0.0,2000,1062,0.531,0.413,0.01027701187133789,0.03651485443115234
mc_fairgen,0.65,12,2.0,0.5,1567,185,101567,viper_tree_agent,,True,1,50000000,25000,C_AMC_SEM,0.5,interval_qos_v2_single_recovery_full_C5_overinc016_abs005,True,True,4.0,lo,1196,1359,0,2555,0,1359,0,1196,12000382,50000000,0.24000764,,,,1359,,,,,,,2000,0,2000,2000,0,0,0.0,0.0,1.0,0.0,-1036.264067581359,True,2000,2000,0,9.0965,14.9035,,,15,0.6209791666666666,0,0,0.0,single,24,0.02,0.02,0.9,0,,,,,v11_full_10d,128,integer_tree_ranked_valid_or_none,fixed_point_int,1000000,bb255908bec90f8d54945322db333c5c2d2df5af1c5e76fc9016dc8c975a381e,viper_integer_ranked_artifact_v1,True,,,,,,,,,,,,,,,,,,,,,,,,,,,,,,,,,18000,1359,16641,0,0,0.0755,0.9245,0.877,2000,62.965,2339.5,0.1299722222222222,0.8700277777777777,0.12997222222222227,14680,0.8155555555555556,1961,1961,0,0,0,0.10894444444444444,0.10894444444444444,0.11784147587284419,980.5,647130.0,1292299.0,0.5007587253414,647130.0,0.06540275048718798,1359,0.0755,14680.0,15660.5,,,,,,,,,,,viper_iter_002,viper,3,11,6,3,10,0,0.0,0,0.0,0,0.0,2000,1042,0.521,0.521,0.005061241149902343,0.021797561645507807
mc_fairgen,0.65,12,2.0,0.5,1568,185,101568,c_amc_sem_baseline,,True,1,50000000,25000,C_AMC_SEM,0.5,interval_qos_v2_single_recovery_full_C5_overinc016_abs005,True,True,4.0,lo,1219,1876,0,3095,0,1876,0,1219,12206164,50000000,0.24412328,24.38,10013.260049220673,1,1876,1876,1876,0,0,0,0.0,0,0,0,0,0,0,0.0,0.0,0.0,0.0,0.0,True,0,0,0,0.0,0.0,0,0.0,0,0.0,0,0,0.0,single,24,0.02,0.02,0.9,0,0,0.0,0,0.0,,,,,,,,,,,,,,,,,,,,,,,,,,,,,,,,,,,,,,,,,18000,1876,16124,0,0,0.10422222222222222,0.8957777777777778,0.876,0,,2880.0,0.16,0.84,0.16000000000000003,14116,0.7842222222222223,2008,2008,0,0,0,0.11155555555555556,0.11155555555555556,0.12453485487472091,1004.0,662640.0,1323272.0,0.5007587253413993,662640.0,0.06776484910141319,1876,0.10422222222222222,14116.0,15120.0,,,,,,,,,,,,,,,,,,,,,,,,,,,,,
mc_fairgen,0.65,12,2.0,0.5,1568,185,101568,dqn_agent,mlp,True,1,50000000,25000,C_AMC_SEM,0.5,interval_qos_v2_single_recovery_full_C5_overinc016_abs005,True,True,4.0,lo,1219,1335,0,2554,0,1335,0,1219,12251617,50000000,0.24503234,24.38,10050.547169811322,1,1335,1335,1335,0,0,0,0.0,2000,0,2000,2000,0,0,0.0,0.0,1.0,0.0,-1017.480279423534,True,2000,2000,0,9.1065,14.8935,12000,0.25,15,0.6205625,0,0,0.0,single,24,0.02,0.02,0.9,0,0,0.0,3787,0.07889583333333333,v11_full_10d,128,,,,,,,0.25816947874802093,1076,0.0,0,0.0,0.0,0.0,0.0,0,0.0,0.0,0.0,0.0,916,0,0.5105909977976698,1.669,851,0.08148085688322902,0.8328333333333333,0.8328333333333333,0.0,"{""mc_hi_0"": 1.0, ""mc_hi_1"": 1.0, ""mc_hi_2"": 1.0, ""mc_hi_3"": 1.0, ""mc_hi_4"": 1.0, ""mc_hi_5"": 1.0, ""mc_lo_0"": 1.0, ""mc_lo_1"": 1.0, ""mc_lo_2"": 1.0, ""mc_lo_3"": 4.029411764705882, ""mc_lo_4"": 1.4719047619047618, ""mc_lo_5"": 4.043478260869565}","{""mc_hi_0"": 1.0, ""mc_hi_1"": 1.0, ""mc_hi_2"": 1.0, ""mc_hi_3"": 1.0, ""mc_hi_4"": 1.0, ""mc_hi_5"": 1.0, ""mc_lo_0"": 1.0, ""mc_lo_1"": 1.0, ""mc_lo_2"": 1.0, ""mc_lo_3"": 4.029411764705882, ""mc_lo_4"": 1.960952380952381, ""mc_lo_5"": 4.043478260869565}","{""mc_hi_0"": 1.0, ""mc_hi_1"": 1.0, ""mc_hi_2"": 1.0, ""mc_hi_3"": 1.0, ""mc_hi_4"": 1.0, ""mc_hi_5"": 1.0, ""mc_lo_0"": 1.0, ""mc_lo_1"": 1.0, ""mc_lo_2"": 1.0, ""mc_lo_3"": 1.0, ""mc_lo_4"": 1.0, ""mc_lo_5"": 1.0}","{""mc_hi_0"": 0, ""mc_hi_1"": 0, ""mc_hi_2"": 0, ""mc_hi_3"": 0, ""mc_hi_4"": 0, ""mc_hi_5"": 0, ""mc_lo_0"": 0, ""mc_lo_1"": 0, ""mc_lo_2"": 0, ""mc_lo_3"": 62, ""mc_lo_4"": 954, ""mc_lo_5"": 68}","{""mc_hi_0"": 0, ""mc_hi_1"": 0, ""mc_hi_2"": 0, ""mc_hi_3"": 0, ""mc_hi_4"": 0, ""mc_hi_5"": 0, ""mc_lo_0"": 0, ""mc_lo_1"": 0, ""mc_lo_2"": 0, ""mc_lo_3"": 0, ""mc_lo_4"": 916, ""mc_lo_5"": 0}","{""mc_hi_0"": 0, ""mc_hi_1"": 0, ""mc_hi_2"": 0, ""mc_hi_3"": 0, ""mc_hi_4"": 0, ""mc_hi_5"": 0, ""mc_lo_0"": 0, ""mc_lo_1"": 0, ""mc_lo_2"": 0, ""mc_lo_3"": 0, ""mc_lo_4"": 916, ""mc_lo_5"": 0}","{""mc_hi_0"": 0, ""mc_hi_1"": 0, ""mc_hi_2"": 0, ""mc_hi_3"": 0, ""mc_hi_4"": 0, ""mc_hi_5"": 0, ""mc_lo_0"": 0, ""mc_lo_1"": 0, ""mc_lo_2"": 0, ""mc_lo_3"": 60, ""mc_lo_4"": 951, ""mc_lo_5"": 65}","{""mc_hi_0"": 0, ""mc_hi_1"": 0, ""mc_hi_2"": 0, ""mc_hi_3"": 0, ""mc_hi_4"": 0, ""mc_hi_5"": 0, ""mc_lo_0"": 0, ""mc_lo_1"": 0, ""mc_lo_2"": 0, ""mc_lo_3"": 62, ""mc_lo_4"": 14, ""mc_lo_5"": 48}","{""mc_hi_0"": 0, ""mc_hi_1"": 0, ""mc_hi_2"": 0, ""mc_hi_3"": 0, ""mc_hi_4"": 0, ""mc_hi_5"": 0, ""mc_lo_0"": 0, ""mc_lo_1"": 0, ""mc_lo_2"": 0, ""mc_lo_3"": 1998, ""mc_lo_4"": 1904, ""mc_lo_5"": 1936}","{""mc_hi_0"": 0, ""mc_hi_1"": 0, ""mc_hi_2"": 0, ""mc_hi_3"": 0, ""mc_hi_4"": 0, ""mc_hi_5"": 0, ""mc_lo_0"": 0, ""mc_lo_1"": 0, ""mc_lo_2"": 0, ""mc_lo_3"": 0, ""mc_lo_4"": 0, ""mc_lo_5"": 0}",18000,1335,16665,0,0,0.07416666666666667,0.9258333333333333,0.877,2000,58.198,2339.5,0.1299722222222222,0.8700277777777777,0.12997222222222227,14656,0.8142222222222222,2009,2009,0,0,0,0.1116111111111111,0.1116111111111111,0.12055205520552055,1004.5,662970.0,1323931.0,0.5007587253413992,662970.0,0.06721394609542299,1335,0.07416666666666667,14656.0,15660.5,,,,,,,,,,0,,,,,,,,,,,,,,,,,,,
mc_fairgen,0.65,12,2.0,0.5,1568,185,101568,bc_tree_agent,,True,1,50000000,25000,C_AMC_SEM,0.5,interval_qos_v2_single_recovery_full_C5_overinc016_abs005,True,True,4.0,lo,1219,1333,0,2552,0,1333,0,1219,12250853,50000000,0.24501706,,,,1333,,,,,,,2000,0,2000,2000,0,0,0.0,0.0,1.0,0.0,-1051.5323935698189,True,2000,2000,0,8.9165,15.0835,,,16,0.6284791666666667,0,0,0.0,single,24,0.02,0.02,0.9,0,,,,,v11_full_10d,128,integer_tree_ranked_valid_or_none,fixed_point_int,1000000,bb255908bec90f8d54945322db333c5c2d2df5af1c5e76fc9016dc8c975a381e,viper_integer_ranked_artifact_v1,True,,,,,,,,,,,,,,,,,,,,,,,,,,,,,,,,,18000,1333,16667,0,0,0.07405555555555556,0.9259444444444445,0.877,2000,143.8945,2337.5,0.12986111111111112,0.8701388888888889,0.1298611111111111,14658,0.8143333333333334,2009,2009,0,0,0,0.1116111111111111,0.1116111111111111,0.12053758924821503,1004.5,662970.0,1323931.0,0.5007587253413992,662970.0,0.0672241419205397,1333,0.07405555555555556,14658.0,15662.5,,,,,,,,,,,bc_iter_001,bc,3,11,6,3,10,233,0.1165,233,0.1165,0,0.0,2000,1058,0.529,0.4125,0.010462465286254883,0.03687095642089843
mc_fairgen,0.65,12,2.0,0.5,1568,185,101568,viper_tree_agent,,True,1,50000000,25000,C_AMC_SEM,0.5,interval_qos_v2_single_recovery_full_C5_overinc016_abs005,True,True,4.0,lo,1219,1328,0,2547,0,1328,0,1219,12252037,50000000,0.24504074,,,,1328,,,,,,,2000,0,2000,2000,0,0,0.0,0.0,1.0,0.0,-1018.1274953296421,True,2000,2000,0,9.0965,14.9035,,,15,0.6209791666666666,0,0,0.0,single,24,0.02,0.02,0.9,0,,,,,v11_full_10d,128,integer_tree_ranked_valid_or_none,fixed_point_int,1000000,bb255908bec90f8d54945322db333c5c2d2df5af1c5e76fc9016dc8c975a381e,viper_integer_ranked_artifact_v1,True,,,,,,,,,,,,,,,,,,,,,,,,,,,,,,,,,18000,1328,16672,0,0,0.07377777777777778,0.9262222222222223,0.877,2000,62.965,2332.5,0.12958333333333333,0.8704166666666666,0.12958333333333338,14663,0.8146111111111111,2009,2009,0,0,0,0.1116111111111111,0.1116111111111111,0.1205014395393474,1004.5,662970.0,1323931.0,0.5007587253413992,662970.0,0.06721035512091568,1328,0.07377777777777778,14663.0,15667.5,,,,,,,,,,,viper_iter_002,viper,3,11,6,3,10,0,0.0,0,0.0,0,0.0,2000,1052,0.526,0.526,0.004806861877441406,0.021127128601074217
mc_fairgen,0.65,12,2.0,0.5,1569,185,101569,c_amc_sem_baseline,,True,1,50000000,25000,C_AMC_SEM,0.5,interval_qos_v2_single_recovery_full_C5_overinc016_abs005,True,True,4.0,lo,1211,1952,0,3163,0,1952,0,1211,12097054,50000000,0.24194108,24.22,9989.30966143683,1,1952,1952,1952,0,0,0,0.0,0,0,0,0,0,0,0.0,0.0,0.0,0.0,0.0,True,0,0,0,0.0,0.0,0,0.0,0,0.0,0,0,0.0,single,24,0.02,0.02,0.9,0,0,0.0,0,0.0,,,,,,,,,,,,,,,,,,,,,,,,,,,,,,,,,,,,,,,,,18000,1952,16048,0,0,0.10844444444444444,0.8915555555555555,0.8714999999999999,0,,2940.0,0.16333333333333333,0.8366666666666667,0.16333333333333333,14072,0.7817777777777778,1976,1976,0,0,0,0.10977777777777778,0.10977777777777778,0.12313060817547358,988.0,652080.0,1302184.0,0.5007587253413998,652080.0,0.0666348520877551,1952,0.10844444444444444,14072.0,15060.0,,,,,,,,,,,,,,,,,,,,,,,,,,,,,
mc_fairgen,0.65,12,2.0,0.5,1569,185,101569,dqn_agent,mlp,True,1,50000000,25000,C_AMC_SEM,0.5,interval_qos_v2_single_recovery_full_C5_overinc016_abs005,True,True,4.0,lo,1211,1372,0,2583,0,1372,0,1211,12142967,50000000,0.24285934,24.22,10027.222956234516,1,1372,1372,1372,0,0,0,0.0,2000,0,2000,2000,0,0,0.0,0.0,1.0,0.0,-1030.9938658149622,True,2000,2000,0,9.1195,14.8805,12000,0.25,15,0.6200208333333334,0,0,0.0,single,24,0.02,0.02,0.9,0,0,0.0,3761,0.07835416666666667,v11_full_10d,128,,,,,,,0.2510830501765924,1075,0.0,0,0.0,0.0,0.0,0.0,0,0.0,0.0,0.0,0.0,917,0,0.5085343932428044,1.623,835,0.08336521896190904,0.8328333333333333,0.8328333333333333,0.0,"{""mc_hi_0"": 1.0, ""mc_hi_1"": 1.0, ""mc_hi_2"": 1.0, ""mc_hi_3"": 1.0, ""mc_hi_4"": 1.0, ""mc_hi_5"": 1.0, ""mc_lo_0"": 1.0, ""mc_lo_1"": 1.0, ""mc_lo_2"": 1.0, ""mc_lo_3"": 4.029411764705882, ""mc_lo_4"": 1.42, ""mc_lo_5"": 4.043478260869565}","{""mc_hi_0"": 1.0, ""mc_hi_1"": 1.0, ""mc_hi_2"": 1.0, ""mc_hi_3"": 1.0, ""mc_hi_4"": 1.0, ""mc_hi_5"": 1.0, ""mc_lo_0"": 1.0, ""mc_lo_1"": 1.0, ""mc_lo_2"": 1.0, ""mc_lo_3"": 4.029411764705882, ""mc_lo_4"": 2.001904761904762, ""mc_lo_5"": 4.043478260869565}","{""mc_hi_0"": 1.0, ""mc_hi_1"": 1.0, ""mc_hi_2"": 1.0, ""mc_hi_3"": 1.0, ""mc_hi_4"": 1.0, ""mc_hi_5"": 1.0, ""mc_lo_0"": 1.0, ""mc_lo_1"": 1.0, ""mc_lo_2"": 1.0, ""mc_lo_3"": 1.0, ""mc_lo_4"": 1.0, ""mc_lo_5"": 1.0}","{""mc_hi_0"": 0, ""mc_hi_1"": 0, ""mc_hi_2"": 0, ""mc_hi_3"": 0, ""mc_hi_4"": 0, ""mc_hi_5"": 0, ""mc_lo_0"": 0, ""mc_lo_1"": 0, ""mc_lo_2"": 0, ""mc_lo_3"": 62, ""mc_lo_4"": 953, ""mc_lo_5"": 68}","{""mc_hi_0"": 0, ""mc_hi_1"": 0, ""mc_hi_2"": 0, ""mc_hi_3"": 0, ""mc_hi_4"": 0, ""mc_hi_5"": 0, ""mc_lo_0"": 0, ""mc_lo_1"": 0, ""mc_lo_2"": 0, ""mc_lo_3"": 0, ""mc_lo_4"": 917, ""mc_lo_5"": 0}","{""mc_hi_0"": 0, ""mc_hi_1"": 0, ""mc_hi_2"": 0, ""mc_hi_3"": 0, ""mc_hi_4"": 0, ""mc_hi_5"": 0, ""mc_lo_0"": 0, ""mc_lo_1"": 0, ""mc_lo_2"": 0, ""mc_lo_3"": 0, ""mc_lo_4"": 917, ""mc_lo_5"": 0}","{""mc_hi_0"": 0, ""mc_hi_1"": 0, ""mc_hi_2"": 0, ""mc_hi_3"": 0, ""mc_hi_4"": 0, ""mc_hi_5"": 0, ""mc_lo_0"": 0, ""mc_lo_1"": 0, ""mc_lo_2"": 0, ""mc_lo_3"": 60, ""mc_lo_4"": 950, ""mc_lo_5"": 65}","{""mc_hi_0"": 0, ""mc_hi_1"": 0, ""mc_hi_2"": 0, ""mc_hi_3"": 0, ""mc_hi_4"": 0, ""mc_hi_5"": 0, ""mc_lo_0"": 0, ""mc_lo_1"": 0, ""mc_lo_2"": 0, ""mc_lo_3"": 62, ""mc_lo_4"": 21, ""mc_lo_5"": 46}","{""mc_hi_0"": 0, ""mc_hi_1"": 0, ""mc_hi_2"": 0, ""mc_hi_3"": 0, ""mc_hi_4"": 0, ""mc_hi_5"": 0, ""mc_lo_0"": 0, ""mc_lo_1"": 0, ""mc_lo_2"": 0, ""mc_lo_3"": 1998, ""mc_lo_4"": 1921, ""mc_lo_5"": 1936}","{""mc_hi_0"": 0, ""mc_hi_1"": 0, ""mc_hi_2"": 0, ""mc_hi_3"": 0, ""mc_hi_4"": 0, ""mc_hi_5"": 0, ""mc_lo_0"": 0, ""mc_lo_1"": 0, ""mc_lo_2"": 0, ""mc_lo_3"": 0, ""mc_lo_4"": 0, ""mc_lo_5"": 0}",18000,1372,16628,0,0,0.07622222222222222,0.9237777777777778,0.874,2000,57.6365,2361.0,0.13116666666666665,0.8688333333333333,0.13116666666666665,14650,0.8138888888888889,1978,1978,0,0,0,0.10988888888888888,0.10988888888888888,0.11895597786865528,989.0,652740.0,1303502.0,0.5007587253413998,652740.0,0.06610457757540392,1372,0.07622222222222222,14650.0,15639.0,,,,,,,,,,0,,,,,,,,,,,,,,,,,,,
mc_fairgen,0.65,12,2.0,0.5,1569,185,101569,bc_tree_agent,,True,1,50000000,25000,C_AMC_SEM,0.5,interval_qos_v2_single_recovery_full_C5_overinc016_abs005,True,True,4.0,lo,1211,1359,0,2570,0,1359,0,1211,12143695,50000000,0.2428739,,,,1359,,,,,,,2000,0,2000,2000,0,0,0.0,0.0,1.0,0.0,-1060.364197180745,True,2000,2000,0,8.9285,15.0715,,,16,0.6279791666666666,0,0,0.0,single,24,0.02,0.02,0.9,0,,,,,v11_full_10d,128,integer_tree_ranked_valid_or_none,fixed_point_int,1000000,bb255908bec90f8d54945322db333c5c2d2df5af1c5e76fc9016dc8c975a381e,viper_integer_ranked_artifact_v1,True,,,,,,,,,,,,,,,,,,,,,,,,,,,,,,,,,18000,1359,16641,0,0,0.0755,0.9245,0.874,2000,144.4935,2348.0,0.13044444444444445,0.8695555555555555,0.13044444444444447,14663,0.8146111111111111,1978,1978,0,0,0,0.10988888888888888,0.10988888888888888,0.11886304909560723,989.0,652740.0,1303502.0,0.5007587253413998,652740.0,0.06610392820826191,1359,0.0755,14663.0,15652.0,,,,,,,,,,,bc_iter_001,bc,3,11,6,3,10,216,0.108,216,0.108,0,0.0,2000,1045,0.5225,0.4145,0.01077020263671875,0.03828983306884765
mc_fairgen,0.65,12,2.0,0.5,1569,185,101569,viper_tree_agent,,True,1,50000000,25000,C_AMC_SEM,0.5,interval_qos_v2_single_recovery_full_C5_overinc016_abs005,True,True,4.0,lo,1211,1359,0,2570,0,1359,0,1211,12143695,50000000,0.2428739,,,,1359,,,,,,,2000,0,2000,2000,0,0,0.0,0.0,1.0,0.0,-1030.1107596901206,True,2000,2000,0,9.0965,14.9035,,,15,0.6209791666666666,0,0,0.0,single,24,0.02,0.02,0.9,0,,,,,v11_full_10d,128,integer_tree_ranked_valid_or_none,fixed_point_int,1000000,bb255908bec90f8d54945322db333c5c2d2df5af1c5e76fc9016dc8c975a381e,viper_integer_ranked_artifact_v1,True,,,,,,,,,,,,,,,,,,,,,,,,,,,,,,,,,18000,1359,16641,0,0,0.0755,0.9245,0.874,2000,62.965,2348.0,0.13044444444444445,0.8695555555555555,0.13044444444444447,14663,0.8146111111111111,1978,1978,0,0,0,0.10988888888888888,0.10988888888888888,0.11886304909560723,989.0,652740.0,1303502.0,0.5007587253413998,652740.0,0.06610392820826191,1359,0.0755,14663.0,15652.0,,,,,,,,,,,viper_iter_002,viper,3,11,6,3,10,0,0.0,0,0.0,0,0.0,2000,1013,0.5065,0.5065,0.005474397659301758,0.02247276306152344
mc_fairgen,0.65,12,2.0,0.5,1570,185,101570,c_amc_sem_baseline,,True,1,50000000,25000,C_AMC_SEM,0.5,interval_qos_v2_single_recovery_full_C5_overinc016_abs005,True,True,4.0,lo,1182,1890,0,3072,0,1890,0,1182,11308275,50000000,0.2261655,23.64,9567.068527918782,1,1890,1890,1890,0,0,0,0.0,0,0,0,0,0,0,0.0,0.0,0.0,0.0,0.0,True,0,0,0,0.0,0.0,0,0.0,0,0.0,0,0,0.0,single,24,0.02,0.02,0.9,0,0,0.0,0,0.0,,,,,,,,,,,,,,,,,,,,,,,,,,,,,,,,,,,,,,,,,18000,1890,16110,0,0,0.105,0.895,0.8725,0,,2805.5,0.15586111111111112,0.8441388888888889,0.15586111111111112,14279,0.7932777777777777,1831,1831,0,0,0,0.10172222222222223,0.10172222222222223,0.11365611421477344,915.5,604230.0,1206629.0,0.5007587253414021,604230.0,0.06161956569847236,1890,0.105,14279.0,15194.5,,,,,,,,,,,,,,,,,,,,,,,,,,,,,
mc_fairgen,0.65,12,2.0,0.5,1570,185,101570,dqn_agent,mlp,True,1,50000000,25000,C_AMC_SEM,0.5,interval_qos_v2_single_recovery_full_C5_overinc016_abs005,True,True,4.0,lo,1182,1317,0,2499,0,1317,0,1182,11345635,50000000,0.2269127,23.64,9598.675972927242,1,1317,1317,1317,0,0,0,0.0,2000,0,2000,2000,0,0,0.0,0.0,1.0,0.0,-1007.4283529826895,True,2000,2000,0,9.1085,14.8915,12000,0.25,15,0.6204791666666667,0,0,0.0,single,24,0.02,0.02,0.9,0,0,0.0,3783,0.0788125,v11_full_10d,128,,,,,,,0.251994716843259,1075,0.0,0,0.0,0.0,0.0,0.0,0,0.0,0.0,0.0,0.0,917,0,0.5094365688811757,1.7305,833,0.08274895701779936,0.8328333333333333,0.8328333333333333,0.0,"{""mc_hi_0"": 1.0, ""mc_hi_1"": 1.0, ""mc_hi_2"": 1.0, ""mc_hi_3"": 1.0, ""mc_hi_4"": 1.0, ""mc_hi_5"": 1.0, ""mc_lo_0"": 1.0, ""mc_lo_1"": 1.0, ""mc_lo_2"": 1.0, ""mc_lo_3"": 4.029411764705882, ""mc_lo_4"": 1.4176190476190476, ""mc_lo_5"": 4.043478260869565}","{""mc_hi_0"": 1.0, ""mc_hi_1"": 1.0, ""mc_hi_2"": 1.0, ""mc_hi_3"": 1.0, ""mc_hi_4"": 1.0, ""mc_hi_5"": 1.0, ""mc_lo_0"": 1.0, ""mc_lo_1"": 1.0, ""mc_lo_2"": 1.0, ""mc_lo_3"": 4.029411764705882, ""mc_lo_4"": 2.012380952380952, ""mc_lo_5"": 4.043478260869565}","{""mc_hi_0"": 1.0, ""mc_hi_1"": 1.0, ""mc_hi_2"": 1.0, ""mc_hi_3"": 1.0, ""mc_hi_4"": 1.0, ""mc_hi_5"": 1.0, ""mc_lo_0"": 1.0, ""mc_lo_1"": 1.0, ""mc_lo_2"": 1.0, ""mc_lo_3"": 1.0, ""mc_lo_4"": 1.0, ""mc_lo_5"": 1.0}","{""mc_hi_0"": 0, ""mc_hi_1"": 0, ""mc_hi_2"": 0, ""mc_hi_3"": 0, ""mc_hi_4"": 0, ""mc_hi_5"": 0, ""mc_lo_0"": 0, ""mc_lo_1"": 0, ""mc_lo_2"": 0, ""mc_lo_3"": 62, ""mc_lo_4"": 953, ""mc_lo_5"": 68}","{""mc_hi_0"": 0, ""mc_hi_1"": 0, ""mc_hi_2"": 0, ""mc_hi_3"": 0, ""mc_hi_4"": 0, ""mc_hi_5"": 0, ""mc_lo_0"": 0, ""mc_lo_1"": 0, ""mc_lo_2"": 0, ""mc_lo_3"": 0, ""mc_lo_4"": 917, ""mc_lo_5"": 0}","{""mc_hi_0"": 0, ""mc_hi_1"": 0, ""mc_hi_2"": 0, ""mc_hi_3"": 0, ""mc_hi_4"": 0, ""mc_hi_5"": 0, ""mc_lo_0"": 0, ""mc_lo_1"": 0, ""mc_lo_2"": 0, ""mc_lo_3"": 0, ""mc_lo_4"": 917, ""mc_lo_5"": 0}","{""mc_hi_0"": 0, ""mc_hi_1"": 0, ""mc_hi_2"": 0, ""mc_hi_3"": 0, ""mc_hi_4"": 0, ""mc_hi_5"": 0, ""mc_lo_0"": 0, ""mc_lo_1"": 0, ""mc_lo_2"": 0, ""mc_lo_3"": 60, ""mc_lo_4"": 950, ""mc_lo_5"": 65}","{""mc_hi_0"": 0, ""mc_hi_1"": 0, ""mc_hi_2"": 0, ""mc_hi_3"": 0, ""mc_hi_4"": 0, ""mc_hi_5"": 0, ""mc_lo_0"": 0, ""mc_lo_1"": 0, ""mc_lo_2"": 0, ""mc_lo_3"": 62, ""mc_lo_4"": 12, ""mc_lo_5"": 51}","{""mc_hi_0"": 0, ""mc_hi_1"": 0, ""mc_hi_2"": 0, ""mc_hi_3"": 0, ""mc_hi_4"": 0, ""mc_hi_5"": 0, ""mc_lo_0"": 0, ""mc_lo_1"": 0, ""mc_lo_2"": 0, ""mc_lo_3"": 1998, ""mc_lo_4"": 1917, ""mc_lo_5"": 1936}","{""mc_hi_0"": 0, ""mc_hi_1"": 0, ""mc_hi_2"": 0, ""mc_hi_3"": 0, ""mc_hi_4"": 0, ""mc_hi_5"": 0, ""mc_lo_0"": 0, ""mc_lo_1"": 0, ""mc_lo_2"": 0, ""mc_lo_3"": 0, ""mc_lo_4"": 0, ""mc_lo_5"": 0}",18000,1317,16683,0,0,0.07316666666666667,0.9268333333333333,0.89,2000,57.716,2233.0,0.12405555555555556,0.8759444444444444,0.12405555555555559,14851,0.8250555555555555,1832,1832,0,0,0,0.10177777777777777,0.10177777777777777,0.10981238386381346,916.0,604560.0,1207288.0,0.5007587253414021,604560.0,0.061138742450822584,1317,0.07316666666666667,14851.0,15767.0,,,,,,,,,,0,,,,,,,,,,,,,,,,,,,
mc_fairgen,0.65,12,2.0,0.5,1570,185,101570,bc_tree_agent,,True,1,50000000,25000,C_AMC_SEM,0.5,interval_qos_v2_single_recovery_full_C5_overinc016_abs005,True,True,4.0,lo,1182,1311,0,2493,0,1311,0,1182,11345202,50000000,0.22690404,,,,1311,,,,,,,2000,0,2000,2000,0,0,0.0,0.0,1.0,0.0,-1039.0857455110418,True,2000,2000,0,8.9275,15.0725,,,16,0.6280208333333334,0,0,0.0,single,24,0.02,0.02,0.9,0,,,,,v11_full_10d,128,integer_tree_ranked_valid_or_none,fixed_point_int,1000000,bb255908bec90f8d54945322db333c5c2d2df5af1c5e76fc9016dc8c975a381e,viper_integer_ranked_artifact_v1,True,,,,,,,,,,,,,,,,,,,,,,,,,,,,,,,,,18000,1311,16689,0,0,0.07283333333333333,0.9271666666666667,0.89,2000,145.0935,2227.0,0.12372222222222222,0.8762777777777778,0.12372222222222218,14857,0.8253888888888888,1832,1832,0,0,0,0.10177777777777777,0.10177777777777777,0.10977290430822698,916.0,604560.0,1207288.0,0.5007587253414021,604560.0,0.06113665887795179,1311,0.07283333333333333,14857.0,15773.0,,,,,,,,,,,bc_iter_001,bc,3,11,6,3,10,225,0.1125,225,0.1125,0,0.0,2000,1041,0.5205,0.408,0.01053140640258789,0.03630962371826172
mc_fairgen,0.65,12,2.0,0.5,1570,185,101570,viper_tree_agent,,True,1,50000000,25000,C_AMC_SEM,0.5,interval_qos_v2_single_recovery_full_C5_overinc016_abs005,True,True,4.0,lo,1182,1309,0,2491,0,1309,0,1182,11345414,50000000,0.22690828,,,,1309,,,,,,,2000,0,2000,2000,0,0,0.0,0.0,1.0,0.0,-1007.0947084330905,True,2000,2000,0,9.0965,14.9035,,,15,0.6209791666666666,0,0,0.0,single,24,0.02,0.02,0.9,0,,,,,v11_full_10d,128,integer_tree_ranked_valid_or_none,fixed_point_int,1000000,bb255908bec90f8d54945322db333c5c2d2df5af1c5e76fc9016dc8c975a381e,viper_integer_ranked_artifact_v1,True,,,,,,,,,,,,,,,,,,,,,,,,,,,,,,,,,18000,1309,16691,0,0,0.07272222222222222,0.9272777777777778,0.89,2000,62.965,2225.0,0.12361111111111112,0.8763888888888889,0.12361111111111112,14859,0.8255,1832,1832,0,0,0,0.10177777777777777,0.10177777777777777,0.10975975076388472,916.0,604560.0,1207288.0,0.5007587253414021,604560.0,0.06113534821645084,1309,0.07272222222222222,14859.0,15775.0,,,,,,,,,,,viper_iter_002,viper,3,11,6,3,10,0,0.0,0,0.0,0,0.0,2000,1025,0.5125,0.5125,0.005009548187255859,0.021511268615722653
mc_fairgen,0.65,12,2.0,0.5,1571,185,101571,c_amc_sem_baseline,,True,1,50000000,25000,C_AMC_SEM,0.5,interval_qos_v2_single_recovery_full_C5_overinc016_abs005,True,True,4.0,lo,1209,1910,0,3119,0,1910,0,1209,11804314,50000000,0.23608628,24.18,9763.700578990902,1,1910,1910,1910,0,0,0,0.0,0,0,0,0,0,0,0.0,0.0,0.0,0.0,0.0,True,0,0,0,0.0,0.0,0,0.0,0,0.0,0,0,0.0,single,24,0.02,0.02,0.9,0,0,0.0,0,0.0,,,,,,,,,,,,,,,,,,,,,,,,,,,,,,,,,,,,,,,,,18000,1910,16090,0,0,0.10611111111111111,0.8938888888888888,0.872,0,,2870.5,0.1594722222222222,0.8405277777777778,0.15947222222222224,14169,0.7871666666666667,1921,1921,0,0,0,0.10672222222222222,0.10672222222222222,0.11939092604101927,960.5,633930.0,1265939.0,0.5007587253414005,633930.0,0.06468841131188502,1910,0.10611111111111111,14169.0,15129.5,,,,,,,,,,,,,,,,,,,,,,,,,,,,,
mc_fairgen,0.65,12,2.0,0.5,1571,185,101571,dqn_agent,mlp,True,1,50000000,25000,C_AMC_SEM,0.5,interval_qos_v2_single_recovery_full_C5_overinc016_abs005,True,True,4.0,lo,1209,1366,0,2575,0,1366,0,1209,11848449,50000000,0.23696898,24.18,9800.205955334988,1,1366,1366,1366,0,0,0,0.0,2000,0,2000,2000,0,0,0.0,0.0,1.0,0.0,-1029.0572120889494,True,2000,2000,0,9.106,14.894,12000,0.25,15,0.6205833333333334,0,0,0.0,single,24,0.02,0.02,0.9,0,0,0.0,3788,0.07891666666666666,v11_full_10d,128,,,,,,,0.2537516216051638,1073,0.0,0,0.0,0.0,0.0,0.0,0,0.0,0.0,0.0,0.0,919,0,0.5098996140847644,2.223,830,0.0834804561078365,0.8328333333333333,0.8328333333333333,0.0,"{""mc_hi_0"": 1.0, ""mc_hi_1"": 1.0, ""mc_hi_2"": 1.0, ""mc_hi_3"": 1.0, ""mc_hi_4"": 1.0, ""mc_hi_5"": 1.0, ""mc_lo_0"": 1.0, ""mc_lo_1"": 1.0, ""mc_lo_2"": 1.0, ""mc_lo_3"": 4.029411764705882, ""mc_lo_4"": 1.3085714285714285, ""mc_lo_5"": 4.043478260869565}","{""mc_hi_0"": 1.0, ""mc_hi_1"": 1.0, ""mc_hi_2"": 1.0, ""mc_hi_3"": 1.0, ""mc_hi_4"": 1.0, ""mc_hi_5"": 1.0, ""mc_lo_0"": 1.0, ""mc_lo_1"": 1.0, ""mc_lo_2"": 1.0, ""mc_lo_3"": 4.029411764705882, ""mc_lo_4"": 2.02, ""mc_lo_5"": 4.043478260869565}","{""mc_hi_0"": 1.0, ""mc_hi_1"": 1.0, ""mc_hi_2"": 1.0, ""mc_hi_3"": 1.0, ""mc_hi_4"": 1.0, ""mc_hi_5"": 1.0, ""mc_lo_0"": 1.0, ""mc_lo_1"": 1.0, ""mc_lo_2"": 1.0, ""mc_lo_3"": 1.0, ""mc_lo_4"": 1.0, ""mc_lo_5"": 1.0}","{""mc_hi_0"": 0, ""mc_hi_1"": 0, ""mc_hi_2"": 0, ""mc_hi_3"": 0, ""mc_hi_4"": 0, ""mc_hi_5"": 0, ""mc_lo_0"": 0, ""mc_lo_1"": 0, ""mc_lo_2"": 0, ""mc_lo_3"": 62, ""mc_lo_4"": 951, ""mc_lo_5"": 68}","{""mc_hi_0"": 0, ""mc_hi_1"": 0, ""mc_hi_2"": 0, ""mc_hi_3"": 0, ""mc_hi_4"": 0, ""mc_hi_5"": 0, ""mc_lo_0"": 0, ""mc_lo_1"": 0, ""mc_lo_2"": 0, ""mc_lo_3"": 0, ""mc_lo_4"": 919, ""mc_lo_5"": 0}","{""mc_hi_0"": 0, ""mc_hi_1"": 0, ""mc_hi_2"": 0, ""mc_hi_3"": 0, ""mc_hi_4"": 0, ""mc_hi_5"": 0, ""mc_lo_0"": 0, ""mc_lo_1"": 0, ""mc_lo_2"": 0, ""mc_lo_3"": 0, ""mc_lo_4"": 919, ""mc_lo_5"": 0}","{""mc_hi_0"": 0, ""mc_hi_1"": 0, ""mc_hi_2"": 0, ""mc_hi_3"": 0, ""mc_hi_4"": 0, ""mc_hi_5"": 0, ""mc_lo_0"": 0, ""mc_lo_1"": 0, ""mc_lo_2"": 0, ""mc_lo_3"": 60, ""mc_lo_4"": 948, ""mc_lo_5"": 65}","{""mc_hi_0"": 0, ""mc_hi_1"": 0, ""mc_hi_2"": 0, ""mc_hi_3"": 0, ""mc_hi_4"": 0, ""mc_hi_5"": 0, ""mc_lo_0"": 0, ""mc_lo_1"": 0, ""mc_lo_2"": 0, ""mc_lo_3"": 62, ""mc_lo_4"": 19, ""mc_lo_5"": 68}","{""mc_hi_0"": 0, ""mc_hi_1"": 0, ""mc_hi_2"": 0, ""mc_hi_3"": 0, ""mc_hi_4"": 0, ""mc_hi_5"": 0, ""mc_lo_0"": 0, ""mc_lo_1"": 0, ""mc_lo_2"": 0, ""mc_lo_3"": 1998, ""mc_lo_4"": 1915, ""mc_lo_5"": 1936}","{""mc_hi_0"": 0, ""mc_hi_1"": 0, ""mc_hi_2"": 0, ""mc_hi_3"": 0, ""mc_hi_4"": 0, ""mc_hi_5"": 0, ""mc_lo_0"": 0, ""mc_lo_1"": 0, ""mc_lo_2"": 0, ""mc_lo_3"": 0, ""mc_lo_4"": 0, ""mc_lo_5"": 0}",18000,1366,16634,0,0,0.0758888888888889,0.9241111111111111,0.878,2000,57.8895,2326.5,0.12925,0.87075,0.12924999999999998,14713,0.8173888888888889,1921,1921,0,0,0,0.10672222222222222,0.10672222222222222,0.11548635325237465,960.5,633930.0,1265939.0,0.5007587253414005,633930.0,0.0641054616906841,1366,0.0758888888888889,14713.0,15673.5,,,,,,,,,,0,,,,,,,,,,,,,,,,,,,
mc_fairgen,0.65,12,2.0,0.5,1571,185,101571,bc_tree_agent,,True,1,50000000,25000,C_AMC_SEM,0.5,interval_qos_v2_single_recovery_full_C5_overinc016_abs005,True,True,4.0,lo,1209,1357,0,2566,0,1357,0,1209,11848761,50000000,0.23697522,,,,1357,,,,,,,2000,0,2000,2000,0,0,0.0,0.0,1.0,0.0,-1056.7588592181887,True,2000,2000,0,8.921,15.079,,,16,0.6282916666666667,0,0,0.0,single,24,0.02,0.02,0.9,0,,,,,v11_full_10d,128,integer_tree_ranked_valid_or_none,fixed_point_int,1000000,bb255908bec90f8d54945322db333c5c2d2df5af1c5e76fc9016dc8c975a381e,viper_integer_ranked_artifact_v1,True,,,,,,,,,,,,,,,,,,,,,,,,,,,,,,,,,18000,1357,16643,0,0,0.0753888888888889,0.924611111111111,0.878,2000,141.951,2317.5,0.12875,0.87125,0.12875000000000003,14722,0.8178888888888889,1921,1921,0,0,0,0.10672222222222222,0.10672222222222222,0.11542390194075587,960.5,633930.0,1265939.0,0.5007587253414005,633930.0,0.06410120939172256,1357,0.0753888888888889,14722.0,15682.5,,,,,,,,,,,bc_iter_001,bc,3,11,6,3,10,217,0.1085,217,0.1085,0,0.0,2000,1055,0.5275,0.419,0.010416225433349609,0.03770065307617187
mc_fairgen,0.65,12,2.0,0.5,1571,185,101571,viper_tree_agent,,True,1,50000000,25000,C_AMC_SEM,0.5,interval_qos_v2_single_recovery_full_C5_overinc016_abs005,True,True,4.0,lo,1209,1356,0,2565,0,1356,0,1209,11848761,50000000,0.23697522,,,,1356,,,,,,,2000,0,2000,2000,0,0,0.0,0.0,1.0,0.0,-1027.6391339469055,True,2000,2000,0,9.0965,14.9035,,,15,0.6209791666666666,0,0,0.0,single,24,0.02,0.02,0.9,0,,,,,v11_full_10d,128,integer_tree_ranked_valid_or_none,fixed_point_int,1000000,bb255908bec90f8d54945322db333c5c2d2df5af1c5e76fc9016dc8c975a381e,viper_integer_ranked_artifact_v1,True,,,,,,,,,,,,,,,,,,,,,,,,,,,,,,,,,18000,1356,16644,0,0,0.07533333333333334,0.9246666666666666,0.878,2000,62.965,2316.5,0.12869444444444444,0.8713055555555556,0.12869444444444444,14723,0.8179444444444445,1921,1921,0,0,0,0.10672222222222222,0.10672222222222222,0.1154169670752223,960.5,633930.0,1265939.0,0.5007587253414005,633930.0,0.06409852606656204,1356,0.07533333333333334,14723.0,15683.5,,,,,,,,,,,viper_iter_002,viper,3,11,6,3,10,0,0.0,0,0.0,0,0.0,2000,1042,0.521,0.521,0.005038003921508789,0.021765899658203122
mc_fairgen,0.65,12,2.0,0.5,1572,185,101572,c_amc_sem_baseline,,True,1,50000000,25000,C_AMC_SEM,0.5,interval_qos_v2_single_recovery_full_C5_overinc016_abs005,True,True,4.0,lo,1165,1948,0,3113,0,1948,0,1165,11848955,50000000,0.2369791,23.3,10170.776824034334,1,1948,1948,1948,0,0,0,0.0,0,0,0,0,0,0,0.0,0.0,0.0,0.0,0.0,True,0,0,0,0.0,0.0,0,0.0,0,0.0,0,0,0.0,single,24,0.02,0.02,0.9,0,0,0.0,0,0.0,,,,,,,,,,,,,,,,,,,,,,,,,,,,,,,,,,,,,,,,,18000,1948,16052,0,0,0.10822222222222222,0.8917777777777778,0.8665,0,,2919.5,0.16219444444444445,0.8378055555555556,0.16219444444444442,14109,0.7838333333333334,1943,1943,0,0,0,0.10794444444444444,0.10794444444444444,0.12104410665337653,971.5,641190.0,1280437.0,0.5007587253414002,641190.0,0.06544635015057897,1948,0.10822222222222222,14109.0,15080.5,,,,,,,,,,,,,,,,,,,,,,,,,,,,,
mc_fairgen,0.65,12,2.0,0.5,1572,185,101572,dqn_agent,mlp,True,1,50000000,25000,C_AMC_SEM,0.5,interval_qos_v2_single_recovery_full_C5_overinc016_abs005,True,True,4.0,lo,1165,1369,0,2534,0,1369,0,1165,11890934,50000000,0.23781868,23.3,10206.810300429184,1,1369,1369,1369,0,0,0,0.0,2000,0,2000,2000,0,0,0.0,0.0,1.0,0.0,-1026.5433265780634,True,2000,2000,0,9.1085,14.8915,12000,0.25,15,0.6204791666666667,0,0,0.0,single,24,0.02,0.02,0.9,0,0,0.0,3783,0.0788125,v11_full_10d,128,,,,,,,0.26586828827183046,1081,0.0,0,0.0,0.0,0.0,0.0,0,0.0,0.0,0.0,0.0,911,0,0.5113842422766208,1.685,804,0.08055095926410528,0.8328333333333333,0.8328333333333333,0.0,"{""mc_hi_0"": 1.0, ""mc_hi_1"": 1.0, ""mc_hi_2"": 1.0, ""mc_hi_3"": 1.0, ""mc_hi_4"": 1.0, ""mc_hi_5"": 1.0, ""mc_lo_0"": 1.0, ""mc_lo_1"": 1.0, ""mc_lo_2"": 1.0, ""mc_lo_3"": 4.029411764705882, ""mc_lo_4"": 1.7947619047619048, ""mc_lo_5"": 4.043478260869565}","{""mc_hi_0"": 1.0, ""mc_hi_1"": 1.0, ""mc_hi_2"": 1.0, ""mc_hi_3"": 1.0, ""mc_hi_4"": 1.0, ""mc_hi_5"": 1.0, ""mc_lo_0"": 1.0, ""mc_lo_1"": 1.0, ""mc_lo_2"": 1.0, ""mc_lo_3"": 4.029411764705882, ""mc_lo_4"": 2.145238095238095, ""mc_lo_5"": 4.043478260869565}","{""mc_hi_0"": 1.0, ""mc_hi_1"": 1.0, ""mc_hi_2"": 1.0, ""mc_hi_3"": 1.0, ""mc_hi_4"": 1.0, ""mc_hi_5"": 1.0, ""mc_lo_0"": 1.0, ""mc_lo_1"": 1.0, ""mc_lo_2"": 1.0, ""mc_lo_3"": 1.0, ""mc_lo_4"": 1.0, ""mc_lo_5"": 1.0}","{""mc_hi_0"": 0, ""mc_hi_1"": 0, ""mc_hi_2"": 0, ""mc_hi_3"": 0, ""mc_hi_4"": 0, ""mc_hi_5"": 0, ""mc_lo_0"": 0, ""mc_lo_1"": 0, ""mc_lo_2"": 0, ""mc_lo_3"": 62, ""mc_lo_4"": 959, ""mc_lo_5"": 68}","{""mc_hi_0"": 0, ""mc_hi_1"": 0, ""mc_hi_2"": 0, ""mc_hi_3"": 0, ""mc_hi_4"": 0, ""mc_hi_5"": 0, ""mc_lo_0"": 0, ""mc_lo_1"": 0, ""mc_lo_2"": 0, ""mc_lo_3"": 0, ""mc_lo_4"": 911, ""mc_lo_5"": 0}","{""mc_hi_0"": 0, ""mc_hi_1"": 0, ""mc_hi_2"": 0, ""mc_hi_3"": 0, ""mc_hi_4"": 0, ""mc_hi_5"": 0, ""mc_lo_0"": 0, ""mc_lo_1"": 0, ""mc_lo_2"": 0, ""mc_lo_3"": 0, ""mc_lo_4"": 911, ""mc_lo_5"": 0}","{""mc_hi_0"": 0, ""mc_hi_1"": 0, ""mc_hi_2"": 0, ""mc_hi_3"": 0, ""mc_hi_4"": 0, ""mc_hi_5"": 0, ""mc_lo_0"": 0, ""mc_lo_1"": 0, ""mc_lo_2"": 0, ""mc_lo_3"": 60, ""mc_lo_4"": 956, ""mc_lo_5"": 65}","{""mc_hi_0"": 0, ""mc_hi_1"": 0, ""mc_hi_2"": 0, ""mc_hi_3"": 0, ""mc_hi_4"": 0, ""mc_hi_5"": 0, ""mc_lo_0"": 0, ""mc_lo_1"": 0, ""mc_lo_2"": 0, ""mc_lo_3"": 62, ""mc_lo_4"": 13, ""mc_lo_5"": 46}","{""mc_hi_0"": 0, ""mc_hi_1"": 0, ""mc_hi_2"": 0, ""mc_hi_3"": 0, ""mc_hi_4"": 0, ""mc_hi_5"": 0, ""mc_lo_0"": 0, ""mc_lo_1"": 0, ""mc_lo_2"": 0, ""mc_lo_3"": 1998, ""mc_lo_4"": 1915, ""mc_lo_5"": 1936}","{""mc_hi_0"": 0, ""mc_hi_1"": 0, ""mc_hi_2"": 0, ""mc_hi_3"": 0, ""mc_hi_4"": 0, ""mc_hi_5"": 0, ""mc_lo_0"": 0, ""mc_lo_1"": 0, ""mc_lo_2"": 0, ""mc_lo_3"": 0, ""mc_lo_4"": 0, ""mc_lo_5"": 0}",18000,1369,16631,0,0,0.07605555555555556,0.9239444444444445,0.872,2000,58.75,2342.0,0.13011111111111112,0.8698888888888889,0.13011111111111107,14685,0.8158333333333333,1946,1946,0,0,0,0.10811111111111112,0.10811111111111112,0.1170104022608382,973.0,642180.0,1282414.0,0.5007587253414002,642180.0,0.06493828900784612,1369,0.07605555555555556,14685.0,15658.0,,,,,,,,,,0,,,,,,,,,,,,,,,,,,,
mc_fairgen,0.65,12,2.0,0.5,1572,185,101572,bc_tree_agent,,True,1,50000000,25000,C_AMC_SEM,0.5,interval_qos_v2_single_recovery_full_C5_overinc016_abs005,True,True,4.0,lo,1165,1363,0,2528,0,1363,0,1165,11889193,50000000,0.23778386,,,,1363,,,,,,,2000,0,2000,2000,0,0,0.0,0.0,1.0,0.0,-1058.463391270625,True,2000,2000,0,8.911,15.089,,,16,0.6287083333333333,0,0,0.0,single,24,0.02,0.02,0.9,0,,,,,v11_full_10d,128,integer_tree_ranked_valid_or_none,fixed_point_int,1000000,bb255908bec90f8d54945322db333c5c2d2df5af1c5e76fc9016dc8c975a381e,viper_integer_ranked_artifact_v1,True,,,,,,,,,,,,,,,,,,,,,,,,,,,,,,,,,18000,1363,16637,0,0,0.07572222222222222,0.9242777777777778,0.872,2000,142.494,2336.0,0.12977777777777777,0.8702222222222222,0.12977777777777777,14691,0.8161666666666667,1946,1946,0,0,0,0.10811111111111112,0.10811111111111112,0.11696820340205566,973.0,642180.0,1282414.0,0.5007587253414002,642180.0,0.06494859374127687,1363,0.07572222222222222,14691.0,15664.0,,,,,,,,,,,bc_iter_001,bc,3,11,6,3,10,238,0.119,238,0.119,0,0.0,2000,1055,0.5275,0.4085,0.010447412490844727,0.0367664337158203
mc_fairgen,0.65,12,2.0,0.5,1572,185,101572,viper_tree_agent,,True,1,50000000,25000,C_AMC_SEM,0.5,interval_qos_v2_single_recovery_full_C5_overinc016_abs005,True,True,4.0,lo,1165,1356,0,2521,0,1356,0,1165,11891086,50000000,0.23782172,,,,1356,,,,,,,2000,0,2000,2000,0,0,0.0,0.0,1.0,0.0,-1024.6816660185405,True,2000,2000,0,9.0965,14.9035,,,15,0.6209791666666666,0,0,0.0,single,24,0.02,0.02,0.9,0,,,,,v11_full_10d,128,integer_tree_ranked_valid_or_none,fixed_point_int,1000000,bb255908bec90f8d54945322db333c5c2d2df5af1c5e76fc9016dc8c975a381e,viper_integer_ranked_artifact_v1,True,,,,,,,,,,,,,,,,,,,,,,,,,,,,,,,,,18000,1356,16644,0,0,0.07533333333333334,0.9246666666666666,0.872,2000,62.965,2329.0,0.1293888888888889,0.8706111111111111,0.1293888888888889,14698,0.8165555555555556,1946,1946,0,0,0,0.10811111111111112,0.10811111111111112,0.11691900985340062,973.0,642180.0,1282414.0,0.5007587253414002,642180.0,0.06492681250479611,1356,0.07533333333333334,14698.0,15671.0,,,,,,,,,,,viper_iter_002,viper,3,11,6,3,10,0,0.0,0,0.0,0,0.0,2000,1081,0.5405,0.5405,0.00499937629699707,0.021706581115722653
mc_fairgen,0.65,12,2.0,0.5,1573,185,101573,c_amc_sem_baseline,,True,1,50000000,25000,C_AMC_SEM,0.5,interval_qos_v2_single_recovery_full_C5_overinc016_abs005,True,True,4.0,lo,1181,1955,0,3136,0,1955,0,1181,11697548,50000000,0.23395096,23.62,9904.782387806943,1,1955,1955,1955,0,0,0,0.0,0,0,0,0,0,0,0.0,0.0,0.0,0.0,0.0,True,0,0,0,0.0,0.0,0,0.0,0,0.0,0,0,0.0,single,24,0.02,0.02,0.9,0,0,0.0,0,0.0,,,,,,,,,,,,,,,,,,,,,,,,,,,,,,,,,,,,,,,,,18000,1955,16045,0,0,0.10861111111111112,0.8913888888888889,0.871,0,,2908.5,0.16158333333333333,0.8384166666666667,0.1615833333333333,14138,0.7854444444444444,1907,1907,0,0,0,0.10594444444444444,0.10594444444444444,0.11885322530383297,953.5,629310.0,1256713.0,0.5007587253414008,629310.0,0.06420270142882152,1955,0.10861111111111112,14138.0,15091.5,,,,,,,,,,,,,,,,,,,,,,,,,,,,,
mc_fairgen,0.65,12,2.0,0.5,1573,185,101573,dqn_agent,mlp,True,1,50000000,25000,C_AMC_SEM,0.5,interval_qos_v2_single_recovery_full_C5_overinc016_abs005,True,True,4.0,lo,1181,1362,0,2543,0,1362,0,1181,11743948,50000000,0.23487896,23.62,9944.071126164268,1,1362,1362,1362,0,0,0,0.0,2000,0,2000,2000,0,0,0.0,0.0,1.0,0.0,-1030.8587659155166,True,2000,2000,0,9.102,14.898,12000,0.25,15,0.62075,0,0,0.0,single,24,0.02,0.02,0.9,0,0,0.0,3796,0.07908333333333334,v11_full_10d,128,,,,,,,0.2695949549384971,1079,0.0,0,0.0,0.0,0.0,0.0,0,0.0,0.0,0.0,0.0,913,0,0.5128107269212033,2.22,843,0.08200144576057564,0.8328333333333333,0.8328333333333333,0.0,"{""mc_hi_0"": 1.0, ""mc_hi_1"": 1.0, ""mc_hi_2"": 1.0, ""mc_hi_3"": 1.0, ""mc_hi_4"": 1.0, ""mc_hi_5"": 1.0, ""mc_lo_0"": 1.0, ""mc_lo_1"": 1.0, ""mc_lo_2"": 1.0, ""mc_lo_3"": 4.029411764705882, ""mc_lo_4"": 1.6576190476190475, ""mc_lo_5"": 4.043478260869565}","{""mc_hi_0"": 1.0, ""mc_hi_1"": 1.0, ""mc_hi_2"": 1.0, ""mc_hi_3"": 1.0, ""mc_hi_4"": 1.0, ""mc_hi_5"": 1.0, ""mc_lo_0"": 1.0, ""mc_lo_1"": 1.0, ""mc_lo_2"": 1.0, ""mc_lo_3"": 4.029411764705882, ""mc_lo_4"": 2.053809523809524, ""mc_lo_5"": 4.043478260869565}","{""mc_hi_0"": 1.0, ""mc_hi_1"": 1.0, ""mc_hi_2"": 1.0, ""mc_hi_3"": 1.0, ""mc_hi_4"": 1.0, ""mc_hi_5"": 1.0, ""mc_lo_0"": 1.0, ""mc_lo_1"": 1.0, ""mc_lo_2"": 1.0, ""mc_lo_3"": 1.0, ""mc_lo_4"": 1.0, ""mc_lo_5"": 1.0}","{""mc_hi_0"": 0, ""mc_hi_1"": 0, ""mc_hi_2"": 0, ""mc_hi_3"": 0, ""mc_hi_4"": 0, ""mc_hi_5"": 0, ""mc_lo_0"": 0, ""mc_lo_1"": 0, ""mc_lo_2"": 0, ""mc_lo_3"": 62, ""mc_lo_4"": 957, ""mc_lo_5"": 68}","{""mc_hi_0"": 0, ""mc_hi_1"": 0, ""mc_hi_2"": 0, ""mc_hi_3"": 0, ""mc_hi_4"": 0, ""mc_hi_5"": 0, ""mc_lo_0"": 0, ""mc_lo_1"": 0, ""mc_lo_2"": 0, ""mc_lo_3"": 0, ""mc_lo_4"": 913, ""mc_lo_5"": 0}","{""mc_hi_0"": 0, ""mc_hi_1"": 0, ""mc_hi_2"": 0, ""mc_hi_3"": 0, ""mc_hi_4"": 0, ""mc_hi_5"": 0, ""mc_lo_0"": 0, ""mc_lo_1"": 0, ""mc_lo_2"": 0, ""mc_lo_3"": 0, ""mc_lo_4"": 913, ""mc_lo_5"": 0}","{""mc_hi_0"": 0, ""mc_hi_1"": 0, ""mc_hi_2"": 0, ""mc_hi_3"": 0, ""mc_hi_4"": 0, ""mc_hi_5"": 0, ""mc_lo_0"": 0, ""mc_lo_1"": 0, ""mc_lo_2"": 0, ""mc_lo_3"": 60, ""mc_lo_4"": 954, ""mc_lo_5"": 65}","{""mc_hi_0"": 0, ""mc_hi_1"": 0, ""mc_hi_2"": 0, ""mc_hi_3"": 0, ""mc_hi_4"": 0, ""mc_hi_5"": 0, ""mc_lo_0"": 0, ""mc_lo_1"": 0, ""mc_lo_2"": 0, ""mc_lo_3"": 62, ""mc_lo_4"": 14, ""mc_lo_5"": 68}","{""mc_hi_0"": 0, ""mc_hi_1"": 0, ""mc_hi_2"": 0, ""mc_hi_3"": 0, ""mc_hi_4"": 0, ""mc_hi_5"": 0, ""mc_lo_0"": 0, ""mc_lo_1"": 0, ""mc_lo_2"": 0, ""mc_lo_3"": 1998, ""mc_lo_4"": 1914, ""mc_lo_5"": 1936}","{""mc_hi_0"": 0, ""mc_hi_1"": 0, ""mc_hi_2"": 0, ""mc_hi_3"": 0, ""mc_hi_4"": 0, ""mc_hi_5"": 0, ""mc_lo_0"": 0, ""mc_lo_1"": 0, ""mc_lo_2"": 0, ""mc_lo_3"": 0, ""mc_lo_4"": 0, ""mc_lo_5"": 0}",18000,1362,16638,0,0,0.07566666666666666,0.9243333333333333,0.871,2000,59.099,2316.5,0.12869444444444444,0.8713055555555556,0.12869444444444444,14729,0.8182777777777778,1909,1909,0,0,0,0.10605555555555556,0.10605555555555556,0.11473734823897103,954.5,629970.0,1258031.0,0.5007587253414008,629970.0,0.06370343284822713,1362,0.07566666666666666,14729.0,15683.5,,,,,,,,,,0,,,,,,,,,,,,,,,,,,,
mc_fairgen,0.65,12,2.0,0.5,1573,185,101573,bc_tree_agent,,True,1,50000000,25000,C_AMC_SEM,0.5,interval_qos_v2_single_recovery_full_C5_overinc016_abs005,True,True,4.0,lo,1181,1353,0,2534,0,1353,0,1181,11744102,50000000,0.23488204,,,,1353,,,,,,,2000,0,2000,2000,0,0,0.0,0.0,1.0,0.0,-1059.320439084708,True,2000,2000,0,8.9315,15.0685,,,16,0.6278541666666667,0,0,0.0,single,24,0.02,0.02,0.9,0,,,,,v11_full_10d,128,integer_tree_ranked_valid_or_none,fixed_point_int,1000000,bb255908bec90f8d54945322db333c5c2d2df5af1c5e76fc9016dc8c975a381e,viper_integer_ranked_artifact_v1,True,,,,,,,,,,,,,,,,,,,,,,,,,,,,,,,,,18000,1353,16647,0,0,0.07516666666666667,0.9248333333333333,0.871,2000,144.5825,2307.5,0.12819444444444444,0.8718055555555555,0.1281944444444445,14738,0.8187777777777778,1909,1909,0,0,0,0.10605555555555556,0.10605555555555556,0.11467531687391122,954.5,629970.0,1258031.0,0.5007587253414008,629970.0,0.06369858255815376,1353,0.07516666666666667,14738.0,15692.5,,,,,,,,,,,bc_iter_001,bc,3,11,6,3,10,236,0.118,236,0.118,0,0.0,2000,1080,0.54,0.422,0.009870553970336914,0.036293983459472656
mc_fairgen,0.65,12,2.0,0.5,1573,185,101573,viper_tree_agent,,True,1,50000000,25000,C_AMC_SEM,0.5,interval_qos_v2_single_recovery_full_C5_overinc016_abs005,True,True,4.0,lo,1181,1350,0,2531,0,1350,0,1181,11744354,50000000,0.23488708,,,,1350,,,,,,,2000,0,2000,2000,0,0,0.0,0.0,1.0,0.0,-1028.389509670142,True,2000,2000,0,9.0965,14.9035,,,15,0.6209791666666666,0,0,0.0,single,24,0.02,0.02,0.9,0,,,,,v11_full_10d,128,integer_tree_ranked_valid_or_none,fixed_point_int,1000000,bb255908bec90f8d54945322db333c5c2d2df5af1c5e76fc9016dc8c975a381e,viper_integer_ranked_artifact_v1,True,,,,,,,,,,,,,,,,,,,,,,,,,,,,,,,,,18000,1350,16650,0,0,0.075,0.925,0.871,2000,62.965,2304.5,0.12802777777777777,0.8719722222222223,0.12802777777777774,14741,0.8189444444444445,1909,1909,0,0,0,0.10605555555555556,0.10605555555555556,0.11465465465465466,954.5,629970.0,1258031.0,0.5007587253414008,629970.0,0.06369607718633546,1350,0.075,14741.0,15695.5,,,,,,,,,,,viper_iter_002,viper,3,11,6,3,10,0,0.0,0,0.0,0,0.0,2000,1059,0.5295,0.5295,0.004651395797729492,0.019581413269042967
mc_fairgen,0.65,12,2.0,0.5,1574,185,101574,c_amc_sem_baseline,,True,1,50000000,25000,C_AMC_SEM,0.5,interval_qos_v2_single_recovery_full_C5_overinc016_abs005,True,True,4.0,lo,1231,1962,0,3193,0,1962,0,1231,12223108,50000000,0.24446216,24.62,9929.413484971568,1,1962,1962,1962,0,0,0,0.0,0,0,0,0,0,0,0.0,0.0,0.0,0.0,0.0,True,0,0,0,0.0,0.0,0,0.0,0,0.0,0,0,0.0,single,24,0.02,0.02,0.9,0,0,0.0,0,0.0,,,,,,,,,,,,,,,,,,,,,,,,,,,,,,,,,,,,,,,,,18000,1962,16038,0,0,0.109,0.891,0.87,0,,2962.5,0.16458333333333333,0.8354166666666667,0.1645833333333333,14037,0.7798333333333334,2001,2001,0,0,0,0.11116666666666666,0.11116666666666666,0.12476618032173588,1000.5,660330.0,1318659.0,0.5007587253413994,660330.0,0.06748988387627192,1962,0.109,14037.0,15037.5,,,,,,,,,,,,,,,,,,,,,,,,,,,,,
mc_fairgen,0.65,12,2.0,0.5,1574,185,101574,dqn_agent,mlp,True,1,50000000,25000,C_AMC_SEM,0.5,interval_qos_v2_single_recovery_full_C5_overinc016_abs005,True,True,4.0,lo,1231,1367,0,2598,0,1367,0,1231,12264694,50000000,0.24529388,24.62,9963.195775792039,1,1367,1367,1367,0,0,0,0.0,2000,0,2000,2000,0,0,0.0,0.0,1.0,0.0,-1037.1905462868815,True,2000,2000,0,9.1065,14.8935,12000,0.25,15,0.6205625,0,0,0.0,single,24,0.02,0.02,0.9,0,0,0.0,3787,0.07889583333333333,v11_full_10d,128,,,,,,,0.25321519303373524,1072,0.0,0,0.0,0.0,0.0,0.0,0,0.0,0.0,0.0,0.0,920,0,0.5097300316140949,1.725,821,0.08221356968835777,0.8328333333333333,0.8328333333333333,0.0,"{""mc_hi_0"": 1.0, ""mc_hi_1"": 1.0, ""mc_hi_2"": 1.0, ""mc_hi_3"": 1.0, ""mc_hi_4"": 1.0, ""mc_hi_5"": 1.0, ""mc_lo_0"": 1.0, ""mc_lo_1"": 1.0, ""mc_lo_2"": 1.0, ""mc_lo_3"": 4.029411764705882, ""mc_lo_4"": 1.252857142857143, ""mc_lo_5"": 4.043478260869565}","{""mc_hi_0"": 1.0, ""mc_hi_1"": 1.0, ""mc_hi_2"": 1.0, ""mc_hi_3"": 1.0, ""mc_hi_4"": 1.0, ""mc_hi_5"": 1.0, ""mc_lo_0"": 1.0, ""mc_lo_1"": 1.0, ""mc_lo_2"": 1.0, ""mc_lo_3"": 4.029411764705882, ""mc_lo_4"": 2.126190476190476, ""mc_lo_5"": 4.043478260869565}","{""mc_hi_0"": 1.0, ""mc_hi_1"": 1.0, ""mc_hi_2"": 1.0, ""mc_hi_3"": 1.0, ""mc_hi_4"": 1.0, ""mc_hi_5"": 1.0, ""mc_lo_0"": 1.0, ""mc_lo_1"": 1.0, ""mc_lo_2"": 1.0, ""mc_lo_3"": 1.0, ""mc_lo_4"": 1.0, ""mc_lo_5"": 1.0}","{""mc_hi_0"": 0, ""mc_hi_1"": 0, ""mc_hi_2"": 0, ""mc_hi_3"": 0, ""mc_hi_4"": 0, ""mc_hi_5"": 0, ""mc_lo_0"": 0, ""mc_lo_1"": 0, ""mc_lo_2"": 0, ""mc_lo_3"": 62, ""mc_lo_4"": 950, ""mc_lo_5"": 68}","{""mc_hi_0"": 0, ""mc_hi_1"": 0, ""mc_hi_2"": 0, ""mc_hi_3"": 0, ""mc_hi_4"": 0, ""mc_hi_5"": 0, ""mc_lo_0"": 0, ""mc_lo_1"": 0, ""mc_lo_2"": 0, ""mc_lo_3"": 0, ""mc_lo_4"": 920, ""mc_lo_5"": 0}","{""mc_hi_0"": 0, ""mc_hi_1"": 0, ""mc_hi_2"": 0, ""mc_hi_3"": 0, ""mc_hi_4"": 0, ""mc_hi_5"": 0, ""mc_lo_0"": 0, ""mc_lo_1"": 0, ""mc_lo_2"": 0, ""mc_lo_3"": 0, ""mc_lo_4"": 920, ""mc_lo_5"": 0}","{""mc_hi_0"": 0, ""mc_hi_1"": 0, ""mc_hi_2"": 0, ""mc_hi_3"": 0, ""mc_hi_4"": 0, ""mc_hi_5"": 0, ""mc_lo_0"": 0, ""mc_lo_1"": 0, ""mc_lo_2"": 0, ""mc_lo_3"": 60, ""mc_lo_4"": 947, ""mc_lo_5"": 65}","{""mc_hi_0"": 0, ""mc_hi_1"": 0, ""mc_hi_2"": 0, ""mc_hi_3"": 0, ""mc_hi_4"": 0, ""mc_hi_5"": 0, ""mc_lo_0"": 0, ""mc_lo_1"": 0, ""mc_lo_2"": 0, ""mc_lo_3"": 62, ""mc_lo_4"": 12, ""mc_lo_5"": 50}","{""mc_hi_0"": 0, ""mc_hi_1"": 0, ""mc_hi_2"": 0, ""mc_hi_3"": 0, ""mc_hi_4"": 0, ""mc_hi_5"": 0, ""mc_lo_0"": 0, ""mc_lo_1"": 0, ""mc_lo_2"": 0, ""mc_lo_3"": 1998, ""mc_lo_4"": 1911, ""mc_lo_5"": 1936}","{""mc_hi_0"": 0, ""mc_hi_1"": 0, ""mc_hi_2"": 0, ""mc_hi_3"": 0, ""mc_hi_4"": 0, ""mc_hi_5"": 0, ""mc_lo_0"": 0, ""mc_lo_1"": 0, ""mc_lo_2"": 0, ""mc_lo_3"": 0, ""mc_lo_4"": 0, ""mc_lo_5"": 0}",18000,1367,16633,0,0,0.07594444444444444,0.9240555555555555,0.878,2000,57.842,2368.0,0.13155555555555556,0.8684444444444445,0.13155555555555554,14631,0.8128333333333333,2002,2002,0,0,0,0.11122222222222222,0.11122222222222222,0.12036313352973005,1001.0,660660.0,1319318.0,0.5007587253413993,660660.0,0.0669093251339888,1367,0.07594444444444444,14631.0,15632.0,,,,,,,,,,0,,,,,,,,,,,,,,,,,,,
mc_fairgen,0.65,12,2.0,0.5,1574,185,101574,bc_tree_agent,,True,1,50000000,25000,C_AMC_SEM,0.5,interval_qos_v2_single_recovery_full_C5_overinc016_abs005,True,True,4.0,lo,1231,1353,0,2584,0,1353,0,1231,12265358,50000000,0.24530716,,,,1353,,,,,,,2000,0,2000,2000,0,0,0.0,0.0,1.0,0.0,-1066.938251871848,True,2000,2000,0,8.908,15.092,,,16,0.6288333333333334,0,0,0.0,single,24,0.02,0.02,0.9,0,,,,,v11_full_10d,128,integer_tree_ranked_valid_or_none,fixed_point_int,1000000,bb255908bec90f8d54945322db333c5c2d2df5af1c5e76fc9016dc8c975a381e,viper_integer_ranked_artifact_v1,True,,,,,,,,,,,,,,,,,,,,,,,,,,,,,,,,,18000,1353,16647,0,0,0.07516666666666667,0.9248333333333333,0.878,2000,145.352,2354.0,0.13077777777777777,0.8692222222222222,0.13077777777777777,14645,0.8136111111111111,2002,2002,0,0,0,0.11122222222222222,0.11122222222222222,0.12026190905268216,1001.0,660660.0,1319318.0,0.5007587253413993,660660.0,0.06689881667895464,1353,0.07516666666666667,14645.0,15646.0,,,,,,,,,,,bc_iter_001,bc,3,11,6,3,10,252,0.126,252,0.126,0,0.0,2000,1052,0.526,0.4,0.010945125579833985,0.03757896423339844
mc_fairgen,0.65,12,2.0,0.5,1574,185,101574,viper_tree_agent,,True,1,50000000,25000,C_AMC_SEM,0.5,interval_qos_v2_single_recovery_full_C5_overinc016_abs005,True,True,4.0,lo,1231,1353,0,2584,0,1353,0,1231,12265358,50000000,0.24530716,,,,1353,,,,,,,2000,0,2000,2000,0,0,0.0,0.0,1.0,0.0,-1036.0659812276185,True,2000,2000,0,9.0965,14.9035,,,15,0.6209791666666666,0,0,0.0,single,24,0.02,0.02,0.9,0,,,,,v11_full_10d,128,integer_tree_ranked_valid_or_none,fixed_point_int,1000000,bb255908bec90f8d54945322db333c5c2d2df5af1c5e76fc9016dc8c975a381e,viper_integer_ranked_artifact_v1,True,,,,,,,,,,,,,,,,,,,,,,,,,,,,,,,,,18000,1353,16647,0,0,0.07516666666666667,0.9248333333333333,0.878,2000,62.965,2354.0,0.13077777777777777,0.8692222222222222,0.13077777777777777,14645,0.8136111111111111,2002,2002,0,0,0,0.11122222222222222,0.11122222222222222,0.12026190905268216,1001.0,660660.0,1319318.0,0.5007587253413993,660660.0,0.06689601904591408,1353,0.07516666666666667,14645.0,15646.0,,,,,,,,,,,viper_iter_002,viper,3,11,6,3,10,0,0.0,0,0.0,0,0.0,2000,1060,0.53,0.53,0.004966438293457031,0.021156501770019532
mc_fairgen,0.65,12,2.0,0.5,1575,185,101575,c_amc_sem_baseline,,True,1,50000000,25000,C_AMC_SEM,0.5,interval_qos_v2_single_recovery_full_C5_overinc016_abs005,True,True,4.0,lo,1115,1861,0,2976,0,1861,0,1115,11135463,50000000,0.22270926,22.3,9986.962331838566,1,1861,1861,1861,0,0,0,0.0,0,0,0,0,0,0,0.0,0.0,0.0,0.0,0.0,True,0,0,0,0.0,0.0,0,0.0,0,0.0,0,0,0.0,single,24,0.02,0.02,0.9,0,0,0.0,0,0.0,,,,,,,,,,,,,,,,,,,,,,,,,,,,,,,,,,,,,,,,,18000,1861,16139,0,0,0.10338888888888889,0.8966111111111111,0.8745,0,,2772.5,0.1540277777777778,0.8459722222222222,0.15402777777777776,14316,0.7953333333333333,1823,1823,0,0,0,0.10127777777777777,0.10127777777777777,0.11295619307268108,911.5,601590.0,1201357.0,0.5007587253414022,601590.0,0.06129843992062046,1861,0.10338888888888889,14316.0,15227.5,,,,,,,,,,,,,,,,,,,,,,,,,,,,,
mc_fairgen,0.65,12,2.0,0.5,1575,185,101575,dqn_agent,mlp,True,1,50000000,25000,C_AMC_SEM,0.5,interval_qos_v2_single_recovery_full_C5_overinc016_abs005,True,True,4.0,lo,1115,1303,0,2418,0,1303,0,1115,11172240,50000000,0.2234448,22.3,10019.946188340808,1,1303,1303,1303,0,0,0,0.0,2000,0,2000,2000,0,0,0.0,0.0,1.0,0.0,-981.7868825611614,True,2000,2000,0,9.1055,14.8945,12000,0.25,15,0.6206041666666666,0,0,0.0,single,24,0.02,0.02,0.9,0,0,0.0,3789,0.0789375,v11_full_10d,128,,,,,,,0.2669409073194495,1077,0.0,0,0.0,0.0,0.0,0.0,0,0.0,0.0,0.0,0.0,915,0,0.5121287203649576,1.9665,812,0.08161908281893904,0.8328333333333333,0.8328333333333333,0.0,"{""mc_hi_0"": 1.0, ""mc_hi_1"": 1.0, ""mc_hi_2"": 1.0, ""mc_hi_3"": 1.0, ""mc_hi_4"": 1.0, ""mc_hi_5"": 1.0, ""mc_lo_0"": 1.0, ""mc_lo_1"": 1.0, ""mc_lo_2"": 1.0, ""mc_lo_3"": 4.029411764705882, ""mc_lo_4"": 1.5395238095238095, ""mc_lo_5"": 4.043478260869565}","{""mc_hi_0"": 1.0, ""mc_hi_1"": 1.0, ""mc_hi_2"": 1.0, ""mc_hi_3"": 1.0, ""mc_hi_4"": 1.0, ""mc_hi_5"": 1.0, ""mc_lo_0"": 1.0, ""mc_lo_1"": 1.0, ""mc_lo_2"": 1.0, ""mc_lo_3"": 4.029411764705882, ""mc_lo_4"": 2.0795238095238093, ""mc_lo_5"": 4.043478260869565}","{""mc_hi_0"": 1.0, ""mc_hi_1"": 1.0, ""mc_hi_2"": 1.0, ""mc_hi_3"": 1.0, ""mc_hi_4"": 1.0, ""mc_hi_5"": 1.0, ""mc_lo_0"": 1.0, ""mc_lo_1"": 1.0, ""mc_lo_2"": 1.0, ""mc_lo_3"": 1.0, ""mc_lo_4"": 1.0, ""mc_lo_5"": 1.0}","{""mc_hi_0"": 0, ""mc_hi_1"": 0, ""mc_hi_2"": 0, ""mc_hi_3"": 0, ""mc_hi_4"": 0, ""mc_hi_5"": 0, ""mc_lo_0"": 0, ""mc_lo_1"": 0, ""mc_lo_2"": 0, ""mc_lo_3"": 62, ""mc_lo_4"": 955, ""mc_lo_5"": 68}","{""mc_hi_0"": 0, ""mc_hi_1"": 0, ""mc_hi_2"": 0, ""mc_hi_3"": 0, ""mc_hi_4"": 0, ""mc_hi_5"": 0, ""mc_lo_0"": 0, ""mc_lo_1"": 0, ""mc_lo_2"": 0, ""mc_lo_3"": 0, ""mc_lo_4"": 915, ""mc_lo_5"": 0}","{""mc_hi_0"": 0, ""mc_hi_1"": 0, ""mc_hi_2"": 0, ""mc_hi_3"": 0, ""mc_hi_4"": 0, ""mc_hi_5"": 0, ""mc_lo_0"": 0, ""mc_lo_1"": 0, ""mc_lo_2"": 0, ""mc_lo_3"": 0, ""mc_lo_4"": 915, ""mc_lo_5"": 0}","{""mc_hi_0"": 0, ""mc_hi_1"": 0, ""mc_hi_2"": 0, ""mc_hi_3"": 0, ""mc_hi_4"": 0, ""mc_hi_5"": 0, ""mc_lo_0"": 0, ""mc_lo_1"": 0, ""mc_lo_2"": 0, ""mc_lo_3"": 60, ""mc_lo_4"": 952, ""mc_lo_5"": 65}","{""mc_hi_0"": 0, ""mc_hi_1"": 0, ""mc_hi_2"": 0, ""mc_hi_3"": 0, ""mc_hi_4"": 0, ""mc_hi_5"": 0, ""mc_lo_0"": 0, ""mc_lo_1"": 0, ""mc_lo_2"": 0, ""mc_lo_3"": 62, ""mc_lo_4"": 14, ""mc_lo_5"": 59}","{""mc_hi_0"": 0, ""mc_hi_1"": 0, ""mc_hi_2"": 0, ""mc_hi_3"": 0, ""mc_hi_4"": 0, ""mc_hi_5"": 0, ""mc_lo_0"": 0, ""mc_lo_1"": 0, ""mc_lo_2"": 0, ""mc_lo_3"": 1998, ""mc_lo_4"": 1901, ""mc_lo_5"": 1936}","{""mc_hi_0"": 0, ""mc_hi_1"": 0, ""mc_hi_2"": 0, ""mc_hi_3"": 0, ""mc_hi_4"": 0, ""mc_hi_5"": 0, ""mc_lo_0"": 0, ""mc_lo_1"": 0, ""mc_lo_2"": 0, ""mc_lo_3"": 0, ""mc_lo_4"": 0, ""mc_lo_5"": 0}",18000,1303,16697,0,0,0.07238888888888889,0.9276111111111112,0.8805000000000001,2000,58.937,2214.5,0.12302777777777778,0.8769722222222223,0.12302777777777774,14874,0.8263333333333334,1823,1823,0,0,0,0.10127777777777777,0.10127777777777777,0.10918129005210517,911.5,601590.0,1201357.0,0.5007587253414022,601590.0,0.06078459505227805,1303,0.07238888888888889,14874.0,15785.5,,,,,,,,,,0,,,,,,,,,,,,,,,,,,,
mc_fairgen,0.65,12,2.0,0.5,1575,185,101575,bc_tree_agent,,True,1,50000000,25000,C_AMC_SEM,0.5,interval_qos_v2_single_recovery_full_C5_overinc016_abs005,True,True,4.0,lo,1115,1306,0,2421,0,1306,0,1115,11170534,50000000,0.22341068,,,,1306,,,,,,,2000,0,2000,2000,0,0,0.0,0.0,1.0,0.0,-1018.010218810351,True,2000,2000,0,8.909,15.091,,,16,0.6287916666666666,0,0,0.0,single,24,0.02,0.02,0.9,0,,,,,v11_full_10d,128,integer_tree_ranked_valid_or_none,fixed_point_int,1000000,bb255908bec90f8d54945322db333c5c2d2df5af1c5e76fc9016dc8c975a381e,viper_integer_ranked_artifact_v1,True,,,,,,,,,,,,,,,,,,,,,,,,,,,,,,,,,18000,1306,16694,0,0,0.07255555555555555,0.9274444444444444,0.8805000000000001,2000,142.375,2217.5,0.12319444444444444,0.8768055555555555,0.1231944444444445,14871,0.8261666666666667,1823,1823,0,0,0,0.10127777777777777,0.10127777777777777,0.1092009105067689,911.5,601590.0,1201357.0,0.5007587253414022,601590.0,0.06080343739188537,1306,0.07255555555555555,14871.0,15782.5,,,,,,,,,,,bc_iter_001,bc,3,11,6,3,10,229,0.1145,229,0.1145,0,0.0,2000,1051,0.5255,0.411,0.010014028549194335,0.03531303405761719
mc_fairgen,0.65,12,2.0,0.5,1575,185,101575,viper_tree_agent,,True,1,50000000,25000,C_AMC_SEM,0.5,interval_qos_v2_single_recovery_full_C5_overinc016_abs005,True,True,4.0,lo,1115,1295,0,2410,0,1295,0,1115,11172800,50000000,0.223456,,,,1295,,,,,,,2000,0,2000,2000,0,0,0.0,0.0,1.0,0.0,-982.6712783089864,True,2000,2000,0,9.0965,14.9035,,,15,0.6209791666666666,0,0,0.0,single,24,0.02,0.02,0.9,0,,,,,v11_full_10d,128,integer_tree_ranked_valid_or_none,fixed_point_int,1000000,bb255908bec90f8d54945322db333c5c2d2df5af1c5e76fc9016dc8c975a381e,viper_integer_ranked_artifact_v1,True,,,,,,,,,,,,,,,,,,,,,,,,,,,,,,,,,18000,1295,16705,0,0,0.07194444444444445,0.9280555555555555,0.8805000000000001,2000,62.965,2206.5,0.12258333333333334,0.8774166666666666,0.12258333333333338,14882,0.8267777777777777,1823,1823,0,0,0,0.10127777777777777,0.10127777777777777,0.10912900329242742,911.5,601590.0,1201357.0,0.5007587253414022,601590.0,0.060774493684792735,1295,0.07194444444444445,14882.0,15793.5,,,,,,,,,,,viper_iter_002,viper,3,11,6,3,10,0,0.0,0,0.0,0,0.0,2000,1070,0.535,0.535,0.0046192646026611325,0.02039299011230468
mc_fairgen,0.65,12,2.0,0.5,1576,185,101576,c_amc_sem_baseline,,True,1,50000000,25000,C_AMC_SEM,0.5,interval_qos_v2_single_recovery_full_C5_overinc016_abs005,True,True,4.0,lo,1179,1933,0,3112,0,1933,0,1179,11711783,50000000,0.23423566,23.580000000000002,9933.65818490246,1,1933,1933,1933,0,0,0,0.0,0,0,0,0,0,0,0.0,0.0,0.0,0.0,0.0,True,0,0,0,0.0,0.0,0,0.0,0,0.0,0,0,0.0,single,24,0.02,0.02,0.9,0,0,0.0,0,0.0,,,,,,,,,,,,,,,,,,,,,,,,,,,,,,,,,,,,,,,,,18000,1933,16067,0,0,0.1073888888888889,0.8926111111111111,0.8745,0,,2889.0,0.1605,0.8395,0.16049999999999998,14155,0.7863888888888889,1912,1912,0,0,0,0.10622222222222222,0.10622222222222222,0.11900168046306094,956.0,630960.0,1260008.0,0.5007587253414008,630960.0,0.06433172888054778,1933,0.1073888888888889,14155.0,15111.0,,,,,,,,,,,,,,,,,,,,,,,,,,,,,
mc_fairgen,0.65,12,2.0,0.5,1576,185,101576,dqn_agent,mlp,True,1,50000000,25000,C_AMC_SEM,0.5,interval_qos_v2_single_recovery_full_C5_overinc016_abs005,True,True,4.0,lo,1179,1377,0,2556,0,1377,0,1179,11748239,50000000,0.23496478,23.580000000000002,9964.579304495335,1,1377,1377,1377,0,0,0,0.0,2000,0,2000,2000,0,0,0.0,0.0,1.0,0.0,-1031.0761451235812,True,2000,2000,0,9.1085,14.8915,12000,0.25,15,0.6204791666666667,0,0,0.0,single,24,0.02,0.02,0.9,0,0,0.0,3783,0.0788125,v11_full_10d,128,,,,,,,0.2656659073194495,1079,0.0,0,0.0,0.0,0.0,0.0,0,0.0,0.0,0.0,0.0,913,0,0.5120302179494987,2.1185,824,0.08240391794267062,0.8328333333333333,0.8328333333333333,0.0,"{""mc_hi_0"": 1.0, ""mc_hi_1"": 1.0, ""mc_hi_2"": 1.0, ""mc_hi_3"": 1.0, ""mc_hi_4"": 1.0, ""mc_hi_5"": 1.0, ""mc_lo_0"": 1.0, ""mc_lo_1"": 1.0, ""mc_lo_2"": 1.0, ""mc_lo_3"": 4.029411764705882, ""mc_lo_4"": 1.660952380952381, ""mc_lo_5"": 4.043478260869565}","{""mc_hi_0"": 1.0, ""mc_hi_1"": 1.0, ""mc_hi_2"": 1.0, ""mc_hi_3"": 1.0, ""mc_hi_4"": 1.0, ""mc_hi_5"": 1.0, ""mc_lo_0"": 1.0, ""mc_lo_1"": 1.0, ""mc_lo_2"": 1.0, ""mc_lo_3"": 4.029411764705882, ""mc_lo_4"": 2.0361904761904763, ""mc_lo_5"": 4.043478260869565}","{""mc_hi_0"": 1.0, ""mc_hi_1"": 1.0, ""mc_hi_2"": 1.0, ""mc_hi_3"": 1.0, ""mc_hi_4"": 1.0, ""mc_hi_5"": 1.0, ""mc_lo_0"": 1.0, ""mc_lo_1"": 1.0, ""mc_lo_2"": 1.0, ""mc_lo_3"": 1.0, ""mc_lo_4"": 1.0, ""mc_lo_5"": 1.0}","{""mc_hi_0"": 0, ""mc_hi_1"": 0, ""mc_hi_2"": 0, ""mc_hi_3"": 0, ""mc_hi_4"": 0, ""mc_hi_5"": 0, ""mc_lo_0"": 0, ""mc_lo_1"": 0, ""mc_lo_2"": 0, ""mc_lo_3"": 62, ""mc_lo_4"": 957, ""mc_lo_5"": 68}","{""mc_hi_0"": 0, ""mc_hi_1"": 0, ""mc_hi_2"": 0, ""mc_hi_3"": 0, ""mc_hi_4"": 0, ""mc_hi_5"": 0, ""mc_lo_0"": 0, ""mc_lo_1"": 0, ""mc_lo_2"": 0, ""mc_lo_3"": 0, ""mc_lo_4"": 913, ""mc_lo_5"": 0}","{""mc_hi_0"": 0, ""mc_hi_1"": 0, ""mc_hi_2"": 0, ""mc_hi_3"": 0, ""mc_hi_4"": 0, ""mc_hi_5"": 0, ""mc_lo_0"": 0, ""mc_lo_1"": 0, ""mc_lo_2"": 0, ""mc_lo_3"": 0, ""mc_lo_4"": 913, ""mc_lo_5"": 0}","{""mc_hi_0"": 0, ""mc_hi_1"": 0, ""mc_hi_2"": 0, ""mc_hi_3"": 0, ""mc_hi_4"": 0, ""mc_hi_5"": 0, ""mc_lo_0"": 0, ""mc_lo_1"": 0, ""mc_lo_2"": 0, ""mc_lo_3"": 60, ""mc_lo_4"": 954, ""mc_lo_5"": 65}","{""mc_hi_0"": 0, ""mc_hi_1"": 0, ""mc_hi_2"": 0, ""mc_hi_3"": 0, ""mc_hi_4"": 0, ""mc_hi_5"": 0, ""mc_lo_0"": 0, ""mc_lo_1"": 0, ""mc_lo_2"": 0, ""mc_lo_3"": 62, ""mc_lo_4"": 18, ""mc_lo_5"": 63}","{""mc_hi_0"": 0, ""mc_hi_1"": 0, ""mc_hi_2"": 0, ""mc_hi_3"": 0, ""mc_hi_4"": 0, ""mc_hi_5"": 0, ""mc_lo_0"": 0, ""mc_lo_1"": 0, ""mc_lo_2"": 0, ""mc_lo_3"": 1998, ""mc_lo_4"": 1890, ""mc_lo_5"": 1936}","{""mc_hi_0"": 0, ""mc_hi_1"": 0, ""mc_hi_2"": 0, ""mc_hi_3"": 0, ""mc_hi_4"": 0, ""mc_hi_5"": 0, ""mc_lo_0"": 0, ""mc_lo_1"": 0, ""mc_lo_2"": 0, ""mc_lo_3"": 0, ""mc_lo_4"": 0, ""mc_lo_5"": 0}",18000,1377,16623,0,0,0.0765,0.9235,0.875,2000,58.7815,2334.5,0.12969444444444445,0.8703055555555556,0.12969444444444445,14708,0.8171111111111111,1915,1915,0,0,0,0.1063888888888889,0.1063888888888889,0.11520182879143355,957.5,631950.0,1261985.0,0.5007587253414006,631950.0,0.063874600196248,1377,0.0765,14708.0,15665.5,,,,,,,,,,0,,,,,,,,,,,,,,,,,,,
mc_fairgen,0.65,12,2.0,0.5,1576,185,101576,bc_tree_agent,,True,1,50000000,25000,C_AMC_SEM,0.5,interval_qos_v2_single_recovery_full_C5_overinc016_abs005,True,True,4.0,lo,1179,1364,0,2543,0,1364,0,1179,11750509,50000000,0.23501018,,,,1364,,,,,,,2000,0,2000,2000,0,0,0.0,0.0,1.0,0.0,-1060.581156379712,True,2000,2000,0,8.9315,15.0685,,,16,0.6278541666666667,0,0,0.0,single,24,0.02,0.02,0.9,0,,,,,v11_full_10d,128,integer_tree_ranked_valid_or_none,fixed_point_int,1000000,bb255908bec90f8d54945322db333c5c2d2df5af1c5e76fc9016dc8c975a381e,viper_integer_ranked_artifact_v1,True,,,,,,,,,,,,,,,,,,,,,,,,,,,,,,,,,18000,1364,16636,0,0,0.07577777777777778,0.9242222222222223,0.875,2000,147.043,2321.5,0.1289722222222222,0.8710277777777777,0.12897222222222227,14721,0.8178333333333333,1915,1915,0,0,0,0.1063888888888889,0.1063888888888889,0.11511180572252945,957.5,631950.0,1261985.0,0.5007587253414006,631950.0,0.06386276826379673,1364,0.07577777777777778,14721.0,15678.5,,,,,,,,,,,bc_iter_001,bc,3,11,6,3,10,221,0.1105,221,0.1105,0,0.0,2000,1057,0.5285,0.418,0.01062242889404297,0.03632526397705078
mc_fairgen,0.65,12,2.0,0.5,1576,185,101576,viper_tree_agent,,True,1,50000000,25000,C_AMC_SEM,0.5,interval_qos_v2_single_recovery_full_C5_overinc016_abs005,True,True,4.0,lo,1179,1364,0,2543,0,1364,0,1179,11750509,50000000,0.23501018,,,,1364,,,,,,,2000,0,2000,2000,0,0,0.0,0.0,1.0,0.0,-1028.816043806485,True,2000,2000,0,9.0965,14.9035,,,15,0.6209791666666666,0,0,0.0,single,24,0.02,0.02,0.9,0,,,,,v11_full_10d,128,integer_tree_ranked_valid_or_none,fixed_point_int,1000000,bb255908bec90f8d54945322db333c5c2d2df5af1c5e76fc9016dc8c975a381e,viper_integer_ranked_artifact_v1,True,,,,,,,,,,,,,,,,,,,,,,,,,,,,,,,,,18000,1364,16636,0,0,0.07577777777777778,0.9242222222222223,0.875,2000,62.965,2321.5,0.1289722222222222,0.8710277777777777,0.12897222222222227,14721,0.8178333333333333,1915,1915,0,0,0,0.1063888888888889,0.1063888888888889,0.11511180572252945,957.5,631950.0,1261985.0,0.5007587253414006,631950.0,0.0638581670649697,1364,0.07577777777777778,14721.0,15678.5,,,,,,,,,,,viper_iter_002,viper,3,11,6,3,10,0,0.0,0,0.0,0,0.0,2000,1116,0.558,0.558,0.004710338592529297,0.021257781982421873
mc_fairgen,0.65,12,2.0,0.5,1577,185,101577,c_amc_sem_baseline,,True,1,50000000,25000,C_AMC_SEM,0.5,interval_qos_v2_single_recovery_full_C5_overinc016_abs005,True,True,4.0,lo,1166,1979,0,3145,0,1979,0,1166,11553487,50000000,0.23106974,23.32,9908.650943396226,1,1979,1979,1979,0,0,0,0.0,0,0,0,0,0,0,0.0,0.0,0.0,0.0,0.0,True,0,0,0,0.0,0.0,0,0.0,0,0.0,0,0,0.0,single,24,0.02,0.02,0.9,0,0,0.0,0,0.0,,,,,,,,,,,,,,,,,,,,,,,,,,,,,,,,,,,,,,,,,18000,1979,16021,0,0,0.10994444444444444,0.8900555555555556,0.871,0,,2922.5,0.16236111111111112,0.8376388888888889,0.16236111111111107,14134,0.7852222222222223,1887,1887,0,0,0,0.10483333333333333,0.10483333333333333,0.11778290993071594,943.5,622710.0,1243533.0,0.5007587253414011,622710.0,0.06339794281204406,1979,0.10994444444444444,14134.0,15077.5,,,,,,,,,,,,,,,,,,,,,,,,,,,,,
mc_fairgen,0.65,12,2.0,0.5,1577,185,101577,dqn_agent,mlp,True,1,50000000,25000,C_AMC_SEM,0.5,interval_qos_v2_single_recovery_full_C5_overinc016_abs005,True,True,4.0,lo,1166,1406,0,2572,0,1406,0,1166,11588806,50000000,0.23177612,23.32,9938.941680960548,1,1406,1406,1406,0,0,0,0.0,2000,0,2000,2000,0,0,0.0,0.0,1.0,0.0,-1031.3043823091205,True,2000,2000,0,9.107,14.893,12000,0.25,15,0.6205416666666667,0,0,0.0,single,24,0.02,0.02,0.9,0,0,0.0,3786,0.078875,v11_full_10d,128,,,,,,,0.2696604311289733,1077,0.0,0,0.0,0.0,0.0,0.0,0,0.0,0.0,0.0,0.0,915,0,0.5125087013863516,2.148,844,0.0834327375492786,0.8328333333333333,0.8328333333333333,0.0,"{""mc_hi_0"": 1.0, ""mc_hi_1"": 1.0, ""mc_hi_2"": 1.0, ""mc_hi_3"": 1.0, ""mc_hi_4"": 1.0, ""mc_hi_5"": 1.0, ""mc_lo_0"": 1.0, ""mc_lo_1"": 1.0, ""mc_lo_2"": 1.0, ""mc_lo_3"": 4.029411764705882, ""mc_lo_4"": 1.5409523809523809, ""mc_lo_5"": 4.043478260869565}","{""mc_hi_0"": 1.0, ""mc_hi_1"": 1.0, ""mc_hi_2"": 1.0, ""mc_hi_3"": 1.0, ""mc_hi_4"": 1.0, ""mc_hi_5"": 1.0, ""mc_lo_0"": 1.0, ""mc_lo_1"": 1.0, ""mc_lo_2"": 1.0, ""mc_lo_3"": 4.029411764705882, ""mc_lo_4"": 1.938095238095238, ""mc_lo_5"": 4.043478260869565}","{""mc_hi_0"": 1.0, ""mc_hi_1"": 1.0, ""mc_hi_2"": 1.0, ""mc_hi_3"": 1.0, ""mc_hi_4"": 1.0, ""mc_hi_5"": 1.0, ""mc_lo_0"": 1.0, ""mc_lo_1"": 1.0, ""mc_lo_2"": 1.0, ""mc_lo_3"": 1.0, ""mc_lo_4"": 1.0, ""mc_lo_5"": 1.0}","{""mc_hi_0"": 0, ""mc_hi_1"": 0, ""mc_hi_2"": 0, ""mc_hi_3"": 0, ""mc_hi_4"": 0, ""mc_hi_5"": 0, ""mc_lo_0"": 0, ""mc_lo_1"": 0, ""mc_lo_2"": 0, ""mc_lo_3"": 62, ""mc_lo_4"": 955, ""mc_lo_5"": 68}","{""mc_hi_0"": 0, ""mc_hi_1"": 0, ""mc_hi_2"": 0, ""mc_hi_3"": 0, ""mc_hi_4"": 0, ""mc_hi_5"": 0, ""mc_lo_0"": 0, ""mc_lo_1"": 0, ""mc_lo_2"": 0, ""mc_lo_3"": 0, ""mc_lo_4"": 915, ""mc_lo_5"": 0}","{""mc_hi_0"": 0, ""mc_hi_1"": 0, ""mc_hi_2"": 0, ""mc_hi_3"": 0, ""mc_hi_4"": 0, ""mc_hi_5"": 0, ""mc_lo_0"": 0, ""mc_lo_1"": 0, ""mc_lo_2"": 0, ""mc_lo_3"": 0, ""mc_lo_4"": 915, ""mc_lo_5"": 0}","{""mc_hi_0"": 0, ""mc_hi_1"": 0, ""mc_hi_2"": 0, ""mc_hi_3"": 0, ""mc_hi_4"": 0, ""mc_hi_5"": 0, ""mc_lo_0"": 0, ""mc_lo_1"": 0, ""mc_lo_2"": 0, ""mc_lo_3"": 60, ""mc_lo_4"": 952, ""mc_lo_5"": 65}","{""mc_hi_0"": 0, ""mc_hi_1"": 0, ""mc_hi_2"": 0, ""mc_hi_3"": 0, ""mc_hi_4"": 0, ""mc_hi_5"": 0, ""mc_lo_0"": 0, ""mc_lo_1"": 0, ""mc_lo_2"": 0, ""mc_lo_3"": 62, ""mc_lo_4"": 18, ""mc_lo_5"": 66}","{""mc_hi_0"": 0, ""mc_hi_1"": 0, ""mc_hi_2"": 0, ""mc_hi_3"": 0, ""mc_hi_4"": 0, ""mc_hi_5"": 0, ""mc_lo_0"": 0, ""mc_lo_1"": 0, ""mc_lo_2"": 0, ""mc_lo_3"": 1998, ""mc_lo_4"": 1908, ""mc_lo_5"": 1936}","{""mc_hi_0"": 0, ""mc_hi_1"": 0, ""mc_hi_2"": 0, ""mc_hi_3"": 0, ""mc_hi_4"": 0, ""mc_hi_5"": 0, ""mc_lo_0"": 0, ""mc_lo_1"": 0, ""mc_lo_2"": 0, ""mc_lo_3"": 0, ""mc_lo_4"": 0, ""mc_lo_5"": 0}",18000,1406,16594,0,0,0.07811111111111112,0.9218888888888889,0.871,2000,59.1535,2350.0,0.13055555555555556,0.8694444444444445,0.13055555555555554,14706,0.817,1888,1888,0,0,0,0.10488888888888889,0.10488888888888889,0.11377606363745932,944.0,623040.0,1244192.0,0.5007587253414011,623040.0,0.06289231991743566,1406,0.07811111111111112,14706.0,15650.0,,,,,,,,,,0,,,,,,,,,,,,,,,,,,,
mc_fairgen,0.65,12,2.0,0.5,1577,185,101577,bc_tree_agent,,True,1,50000000,25000,C_AMC_SEM,0.5,interval_qos_v2_single_recovery_full_C5_overinc016_abs005,True,True,4.0,lo,1166,1401,0,2567,0,1401,0,1166,11589022,50000000,0.23178044,,,,1401,,,,,,,2000,0,2000,2000,0,0,0.0,0.0,1.0,0.0,-1062.636979654486,True,2000,2000,0,8.9215,15.0785,,,16,0.6282708333333333,0,0,0.0,single,24,0.02,0.02,0.9,0,,,,,v11_full_10d,128,integer_tree_ranked_valid_or_none,fixed_point_int,1000000,bb255908bec90f8d54945322db333c5c2d2df5af1c5e76fc9016dc8c975a381e,viper_integer_ranked_artifact_v1,True,,,,,,,,,,,,,,,,,,,,,,,,,,,,,,,,,18000,1401,16599,0,0,0.07783333333333334,0.9221666666666667,0.871,2000,144.8145,2345.0,0.13027777777777777,0.8697222222222222,0.13027777777777783,14711,0.8172777777777778,1888,1888,0,0,0,0.10488888888888889,0.10488888888888889,0.11374179167419723,944.0,623040.0,1244192.0,0.5007587253414011,623040.0,0.06289398964869754,1401,0.07783333333333334,14711.0,15655.0,,,,,,,,,,,bc_iter_001,bc,3,11,6,3,10,224,0.112,224,0.112,0,0.0,2000,1056,0.528,0.416,0.009868110656738281,0.034954833984375
mc_fairgen,0.65,12,2.0,0.5,1577,185,101577,viper_tree_agent,,True,1,50000000,25000,C_AMC_SEM,0.5,interval_qos_v2_single_recovery_full_C5_overinc016_abs005,True,True,4.0,lo,1166,1401,0,2567,0,1401,0,1166,11589022,50000000,0.23178044,,,,1401,,,,,,,2000,0,2000,2000,0,0,0.0,0.0,1.0,0.0,-1032.8666375941204,True,2000,2000,0,9.0965,14.9035,,,15,0.6209791666666666,0,0,0.0,single,24,0.02,0.02,0.9,0,,,,,v11_full_10d,128,integer_tree_ranked_valid_or_none,fixed_point_int,1000000,bb255908bec90f8d54945322db333c5c2d2df5af1c5e76fc9016dc8c975a381e,viper_integer_ranked_artifact_v1,True,,,,,,,,,,,,,,,,,,,,,,,,,,,,,,,,,18000,1401,16599,0,0,0.07783333333333334,0.9221666666666667,0.871,2000,62.965,2345.0,0.13027777777777777,0.8697222222222222,0.13027777777777783,14711,0.8172777777777778,1888,1888,0,0,0,0.10488888888888889,0.10488888888888889,0.11374179167419723,944.0,623040.0,1244192.0,0.5007587253414011,623040.0,0.06289398964869754,1401,0.07783333333333334,14711.0,15655.0,,,,,,,,,,,viper_iter_002,viper,3,11,6,3,10,0,0.0,0,0.0,0,0.0,2000,1078,0.539,0.539,0.004509824752807617,0.019342422485351556
mc_fairgen,0.65,12,2.0,0.5,1578,185,101578,c_amc_sem_baseline,,True,1,50000000,25000,C_AMC_SEM,0.5,interval_qos_v2_single_recovery_full_C5_overinc016_abs005,True,True,4.0,lo,1212,1963,0,3175,0,1963,0,1212,11696101,50000000,0.23392202,24.24,9650.248349834983,1,1963,1963,1963,0,0,0,0.0,0,0,0,0,0,0,0.0,0.0,0.0,0.0,0.0,True,0,0,0,0.0,0.0,0,0.0,0,0.0,0,0,0.0,single,24,0.02,0.02,0.9,0,0,0.0,0,0.0,,,,,,,,,,,,,,,,,,,,,,,,,,,,,,,,,,,,,,,,,18000,1963,16037,0,0,0.10905555555555556,0.8909444444444444,0.876,0,,2916.5,0.16202777777777777,0.8379722222222222,0.16202777777777777,14130,0.785,1907,1907,0,0,0,0.10594444444444444,0.10594444444444444,0.11891251480950303,953.5,629310.0,1256713.0,0.5007587253414008,629310.0,0.06434304018845576,1963,0.10905555555555556,14130.0,15083.5,,,,,,,,,,,,,,,,,,,,,,,,,,,,,
mc_fairgen,0.65,12,2.0,0.5,1578,185,101578,dqn_agent,mlp,True,1,50000000,25000,C_AMC_SEM,0.5,interval_qos_v2_single_recovery_full_C5_overinc016_abs005,True,True,4.0,lo,1212,1396,0,2608,0,1396,0,1212,11728202,50000000,0.23456404,24.24,9676.734323432343,1,1396,1396,1396,0,0,0,0.0,2000,0,2000,2000,0,0,0.0,0.0,1.0,0.0,-1041.2481103746388,True,2000,2000,0,9.104,14.896,12000,0.25,15,0.6206666666666667,0,0,0.0,single,24,0.02,0.02,0.9,0,0,0.0,3792,0.079,v11_full_10d,128,,,,,,,0.26003709779564,1074,0.0,0,0.0,0.0,0.0,0.0,0,0.0,0.0,0.0,0.0,918,0,0.5110270804408721,1.9225,836,0.08120695377116838,0.8328333333333333,0.8328333333333333,0.0,"{""mc_hi_0"": 1.0, ""mc_hi_1"": 1.0, ""mc_hi_2"": 1.0, ""mc_hi_3"": 1.0, ""mc_hi_4"": 1.0, ""mc_hi_5"": 1.0, ""mc_lo_0"": 1.0, ""mc_lo_1"": 1.0, ""mc_lo_2"": 1.0, ""mc_lo_3"": 4.029411764705882, ""mc_lo_4"": 1.3623809523809525, ""mc_lo_5"": 4.043478260869565}","{""mc_hi_0"": 1.0, ""mc_hi_1"": 1.0, ""mc_hi_2"": 1.0, ""mc_hi_3"": 1.0, ""mc_hi_4"": 1.0, ""mc_hi_5"": 1.0, ""mc_lo_0"": 1.0, ""mc_lo_1"": 1.0, ""mc_lo_2"": 1.0, ""mc_lo_3"": 4.029411764705882, ""mc_lo_4"": 1.94, ""mc_lo_5"": 4.043478260869565}","{""mc_hi_0"": 1.0, ""mc_hi_1"": 1.0, ""mc_hi_2"": 1.0, ""mc_hi_3"": 1.0, ""mc_hi_4"": 1.0, ""mc_hi_5"": 1.0, ""mc_lo_0"": 1.0, ""mc_lo_1"": 1.0, ""mc_lo_2"": 1.0, ""mc_lo_3"": 1.0, ""mc_lo_4"": 1.0, ""mc_lo_5"": 1.0}","{""mc_hi_0"": 0, ""mc_hi_1"": 0, ""mc_hi_2"": 0, ""mc_hi_3"": 0, ""mc_hi_4"": 0, ""mc_hi_5"": 0, ""mc_lo_0"": 0, ""mc_lo_1"": 0, ""mc_lo_2"": 0, ""mc_lo_3"": 62, ""mc_lo_4"": 952, ""mc_lo_5"": 68}","{""mc_hi_0"": 0, ""mc_hi_1"": 0, ""mc_hi_2"": 0, ""mc_hi_3"": 0, ""mc_hi_4"": 0, ""mc_hi_5"": 0, ""mc_lo_0"": 0, ""mc_lo_1"": 0, ""mc_lo_2"": 0, ""mc_lo_3"": 0, ""mc_lo_4"": 918, ""mc_lo_5"": 0}","{""mc_hi_0"": 0, ""mc_hi_1"": 0, ""mc_hi_2"": 0, ""mc_hi_3"": 0, ""mc_hi_4"": 0, ""mc_hi_5"": 0, ""mc_lo_0"": 0, ""mc_lo_1"": 0, ""mc_lo_2"": 0, ""mc_lo_3"": 0, ""mc_lo_4"": 918, ""mc_lo_5"": 0}","{""mc_hi_0"": 0, ""mc_hi_1"": 0, ""mc_hi_2"": 0, ""mc_hi_3"": 0, ""mc_hi_4"": 0, ""mc_hi_5"": 0, ""mc_lo_0"": 0, ""mc_lo_1"": 0, ""mc_lo_2"": 0, ""mc_lo_3"": 60, ""mc_lo_4"": 949, ""mc_lo_5"": 65}","{""mc_hi_0"": 0, ""mc_hi_1"": 0, ""mc_hi_2"": 0, ""mc_hi_3"": 0, ""mc_hi_4"": 0, ""mc_hi_5"": 0, ""mc_lo_0"": 0, ""mc_lo_1"": 0, ""mc_lo_2"": 0, ""mc_lo_3"": 62, ""mc_lo_4"": 13, ""mc_lo_5"": 60}","{""mc_hi_0"": 0, ""mc_hi_1"": 0, ""mc_hi_2"": 0, ""mc_hi_3"": 0, ""mc_hi_4"": 0, ""mc_hi_5"": 0, ""mc_lo_0"": 0, ""mc_lo_1"": 0, ""mc_lo_2"": 0, ""mc_lo_3"": 1998, ""mc_lo_4"": 1929, ""mc_lo_5"": 1936}","{""mc_hi_0"": 0, ""mc_hi_1"": 0, ""mc_hi_2"": 0, ""mc_hi_3"": 0, ""mc_hi_4"": 0, ""mc_hi_5"": 0, ""mc_lo_0"": 0, ""mc_lo_1"": 0, ""mc_lo_2"": 0, ""mc_lo_3"": 0, ""mc_lo_4"": 0, ""mc_lo_5"": 0}",18000,1396,16604,0,0,0.07755555555555556,0.9224444444444444,0.8805000000000001,2000,58.412,2350.0,0.13055555555555556,0.8694444444444445,0.13055555555555554,14696,0.8164444444444444,1908,1908,0,0,0,0.106,0.106,0.11491206938087208,954.0,629640.0,1257372.0,0.5007587253414008,629640.0,0.06386167806387263,1396,0.07755555555555556,14696.0,15650.0,,,,,,,,,,0,,,,,,,,,,,,,,,,,,,
mc_fairgen,0.65,12,2.0,0.5,1578,185,101578,bc_tree_agent,,True,1,50000000,25000,C_AMC_SEM,0.5,interval_qos_v2_single_recovery_full_C5_overinc016_abs005,True,True,4.0,lo,1212,1387,0,2599,0,1387,0,1212,11727864,50000000,0.23455728,,,,1387,,,,,,,2000,0,2000,2000,0,0,0.0,0.0,1.0,0.0,-1073.283968832445,True,2000,2000,0,8.912,15.088,,,16,0.6286666666666667,0,0,0.0,single,24,0.02,0.02,0.9,0,,,,,v11_full_10d,128,integer_tree_ranked_valid_or_none,fixed_point_int,1000000,bb255908bec90f8d54945322db333c5c2d2df5af1c5e76fc9016dc8c975a381e,viper_integer_ranked_artifact_v1,True,,,,,,,,,,,,,,,,,,,,,,,,,,,,,,,,,18000,1387,16613,0,0,0.07705555555555556,0.9229444444444445,0.8805000000000001,2000,146.525,2341.0,0.13005555555555556,0.8699444444444444,0.1300555555555556,14705,0.8169444444444445,1908,1908,0,0,0,0.106,0.106,0.11484981640883646,954.0,629640.0,1257372.0,0.5007587253414008,629640.0,0.06386086842220834,1387,0.07705555555555556,14705.0,15659.0,,,,,,,,,,,bc_iter_001,bc,3,11,6,3,10,247,0.1235,247,0.1235,0,0.0,2000,1058,0.529,0.4055,0.010116077423095704,0.03572502136230469
mc_fairgen,0.65,12,2.0,0.5,1578,185,101578,viper_tree_agent,,True,1,50000000,25000,C_AMC_SEM,0.5,interval_qos_v2_single_recovery_full_C5_overinc016_abs005,True,True,4.0,lo,1212,1387,0,2599,0,1387,0,1212,11727864,50000000,0.23455728,,,,1387,,,,,,,2000,0,2000,2000,0,0,0.0,0.0,1.0,0.0,-1041.5120339363439,True,2000,2000,0,9.0965,14.9035,,,15,0.6209791666666666,0,0,0.0,single,24,0.02,0.02,0.9,0,,,,,v11_full_10d,128,integer_tree_ranked_valid_or_none,fixed_point_int,1000000,bb255908bec90f8d54945322db333c5c2d2df5af1c5e76fc9016dc8c975a381e,viper_integer_ranked_artifact_v1,True,,,,,,,,,,,,,,,,,,,,,,,,,,,,,,,,,18000,1387,16613,0,0,0.07705555555555556,0.9229444444444445,0.8805000000000001,2000,62.965,2341.0,0.13005555555555556,0.8699444444444444,0.1300555555555556,14705,0.8169444444444445,1908,1908,0,0,0,0.106,0.106,0.11484981640883646,954.0,629640.0,1257372.0,0.5007587253414008,629640.0,0.06386086842220834,1387,0.07705555555555556,14705.0,15659.0,,,,,,,,,,,viper_iter_002,viper,3,11,6,3,10,0,0.0,0,0.0,0,0.0,2000,1075,0.5375,0.5375,0.004570278167724609,0.01951484680175781
mc_fairgen,0.65,12,2.0,0.5,1579,185,101579,c_amc_sem_baseline,,True,1,50000000,25000,C_AMC_SEM,0.5,interval_qos_v2_single_recovery_full_C5_overinc016_abs005,True,True,4.0,lo,1175,1963,0,3138,0,1963,0,1175,11670458,50000000,0.23340916,23.5,9932.304680851064,1,1963,1963,1963,0,0,0,0.0,0,0,0,0,0,0,0.0,0.0,0.0,0.0,0.0,True,0,0,0,0.0,0.0,0,0.0,0,0.0,0,0,0.0,single,24,0.02,0.02,0.9,0,0,0.0,0,0.0,,,,,,,,,,,,,,,,,,,,,,,,,,,,,,,,,,,,,,,,,18000,1963,16037,0,0,0.10905555555555556,0.8909444444444444,0.87,0,,2916.0,0.162,0.838,0.16200000000000003,14131,0.7850555555555555,1906,1906,0,0,0,0.1058888888888889,0.1058888888888889,0.11885015900729563,953.0,628980.0,1256054.0,0.5007587253414009,628980.0,0.06411875047848482,1963,0.10905555555555556,14131.0,15084.0,,,,,,,,,,,,,,,,,,,,,,,,,,,,,
mc_fairgen,0.65,12,2.0,0.5,1579,185,101579,dqn_agent,mlp,True,1,50000000,25000,C_AMC_SEM,0.5,interval_qos_v2_single_recovery_full_C5_overinc016_abs005,True,True,4.0,lo,1175,1383,0,2558,0,1383,0,1175,11708671,50000000,0.23417342,23.5,9964.826382978723,1,1383,1383,1383,0,0,0,0.0,2000,0,2000,2000,0,0,0.0,0.0,1.0,0.0,-1047.1976361495174,True,2000,2000,0,9.11,14.89,12000,0.25,15,0.6204166666666666,0,0,0.0,single,24,0.02,0.02,0.9,0,0,0.0,3780,0.07875,v11_full_10d,128,,,,,,,0.26133400255754474,1075,0.0,0,0.0,0.0,0.0,0.0,0,0.0,0.0,0.0,0.0,917,0,0.5110630060792434,1.7605,829,0.08258846772033973,0.8328333333333333,0.8328333333333333,0.0,"{""mc_hi_0"": 1.0, ""mc_hi_1"": 1.0, ""mc_hi_2"": 1.0, ""mc_hi_3"": 1.0, ""mc_hi_4"": 1.0, ""mc_hi_5"": 1.0, ""mc_lo_0"": 1.0, ""mc_lo_1"": 1.0, ""mc_lo_2"": 1.0, ""mc_lo_3"": 4.029411764705882, ""mc_lo_4"": 1.4176190476190476, ""mc_lo_5"": 4.043478260869565}","{""mc_hi_0"": 1.0, ""mc_hi_1"": 1.0, ""mc_hi_2"": 1.0, ""mc_hi_3"": 1.0, ""mc_hi_4"": 1.0, ""mc_hi_5"": 1.0, ""mc_lo_0"": 1.0, ""mc_lo_1"": 1.0, ""mc_lo_2"": 1.0, ""mc_lo_3"": 4.029411764705882, ""mc_lo_4"": 2.0804761904761904, ""mc_lo_5"": 4.043478260869565}","{""mc_hi_0"": 1.0, ""mc_hi_1"": 1.0, ""mc_hi_2"": 1.0, ""mc_hi_3"": 1.0, ""mc_hi_4"": 1.0, ""mc_hi_5"": 1.0, ""mc_lo_0"": 1.0, ""mc_lo_1"": 1.0, ""mc_lo_2"": 1.0, ""mc_lo_3"": 1.0, ""mc_lo_4"": 1.0, ""mc_lo_5"": 1.0}","{""mc_hi_0"": 0, ""mc_hi_1"": 0, ""mc_hi_2"": 0, ""mc_hi_3"": 0, ""mc_hi_4"": 0, ""mc_hi_5"": 0, ""mc_lo_0"": 0, ""mc_lo_1"": 0, ""mc_lo_2"": 0, ""mc_lo_3"": 62, ""mc_lo_4"": 953, ""mc_lo_5"": 68}","{""mc_hi_0"": 0, ""mc_hi_1"": 0, ""mc_hi_2"": 0, ""mc_hi_3"": 0, ""mc_hi_4"": 0, ""mc_hi_5"": 0, ""mc_lo_0"": 0, ""mc_lo_1"": 0, ""mc_lo_2"": 0, ""mc_lo_3"": 0, ""mc_lo_4"": 917, ""mc_lo_5"": 0}","{""mc_hi_0"": 0, ""mc_hi_1"": 0, ""mc_hi_2"": 0, ""mc_hi_3"": 0, ""mc_hi_4"": 0, ""mc_hi_5"": 0, ""mc_lo_0"": 0, ""mc_lo_1"": 0, ""mc_lo_2"": 0, ""mc_lo_3"": 0, ""mc_lo_4"": 917, ""mc_lo_5"": 0}","{""mc_hi_0"": 0, ""mc_hi_1"": 0, ""mc_hi_2"": 0, ""mc_hi_3"": 0, ""mc_hi_4"": 0, ""mc_hi_5"": 0, ""mc_lo_0"": 0, ""mc_lo_1"": 0, ""mc_lo_2"": 0, ""mc_lo_3"": 60, ""mc_lo_4"": 950, ""mc_lo_5"": 65}","{""mc_hi_0"": 0, ""mc_hi_1"": 0, ""mc_hi_2"": 0, ""mc_hi_3"": 0, ""mc_hi_4"": 0, ""mc_hi_5"": 0, ""mc_lo_0"": 0, ""mc_lo_1"": 0, ""mc_lo_2"": 0, ""mc_lo_3"": 62, ""mc_lo_4"": 18, ""mc_lo_5"": 51}","{""mc_hi_0"": 0, ""mc_hi_1"": 0, ""mc_hi_2"": 0, ""mc_hi_3"": 0, ""mc_hi_4"": 0, ""mc_hi_5"": 0, ""mc_lo_0"": 0, ""mc_lo_1"": 0, ""mc_lo_2"": 0, ""mc_lo_3"": 1998, ""mc_lo_4"": 1891, ""mc_lo_5"": 1936}","{""mc_hi_0"": 0, ""mc_hi_1"": 0, ""mc_hi_2"": 0, ""mc_hi_3"": 0, ""mc_hi_4"": 0, ""mc_hi_5"": 0, ""mc_lo_0"": 0, ""mc_lo_1"": 0, ""mc_lo_2"": 0, ""mc_lo_3"": 0, ""mc_lo_4"": 0, ""mc_lo_5"": 0}",18000,1383,16617,0,0,0.07683333333333334,0.9231666666666667,0.87,2000,58.484,2336.5,0.12980555555555556,0.8701944444444445,0.1298055555555555,14710,0.8172222222222222,1907,1907,0,0,0,0.10594444444444444,0.10594444444444444,0.1147619907323825,953.5,629310.0,1256713.0,0.5007587253414008,629310.0,0.0635636618390161,1383,0.07683333333333334,14710.0,15663.5,,,,,,,,,,0,,,,,,,,,,,,,,,,,,,
mc_fairgen,0.65,12,2.0,0.5,1579,185,101579,bc_tree_agent,,True,1,50000000,25000,C_AMC_SEM,0.5,interval_qos_v2_single_recovery_full_C5_overinc016_abs005,True,True,4.0,lo,1175,1376,0,2551,0,1376,0,1175,11708100,50000000,0.234162,,,,1376,,,,,,,2000,0,2000,2000,0,0,0.0,0.0,1.0,0.0,-1076.5618291697126,True,2000,2000,0,8.938,15.062,,,16,0.6275833333333334,0,0,0.0,single,24,0.02,0.02,0.9,0,,,,,v11_full_10d,128,integer_tree_ranked_valid_or_none,fixed_point_int,1000000,bb255908bec90f8d54945322db333c5c2d2df5af1c5e76fc9016dc8c975a381e,viper_integer_ranked_artifact_v1,True,,,,,,,,,,,,,,,,,,,,,,,,,,,,,,,,,18000,1376,16624,0,0,0.07644444444444444,0.9235555555555556,0.87,2000,139.527,2329.5,0.12941666666666668,0.8705833333333334,0.12941666666666662,14717,0.8176111111111111,1907,1907,0,0,0,0.10594444444444444,0.10594444444444444,0.11471366698748797,953.5,629310.0,1256713.0,0.5007587253414008,629310.0,0.06357233038337355,1376,0.07644444444444444,14717.0,15670.5,,,,,,,,,,,bc_iter_001,bc,3,11,6,3,10,212,0.106,212,0.106,0,0.0,2000,1068,0.534,0.428,0.010321044921875,0.0369720458984375
mc_fairgen,0.65,12,2.0,0.5,1579,185,101579,viper_tree_agent,,True,1,50000000,25000,C_AMC_SEM,0.5,interval_qos_v2_single_recovery_full_C5_overinc016_abs005,True,True,4.0,lo,1175,1369,0,2544,0,1369,0,1175,11708760,50000000,0.2341752,,,,1369,,,,,,,2000,0,2000,2000,0,0,0.0,0.0,1.0,0.0,-1044.9348931651575,True,2000,2000,0,9.0965,14.9035,,,15,0.6209791666666666,0,0,0.0,single,24,0.02,0.02,0.9,0,,,,,v11_full_10d,128,integer_tree_ranked_valid_or_none,fixed_point_int,1000000,bb255908bec90f8d54945322db333c5c2d2df5af1c5e76fc9016dc8c975a381e,viper_integer_ranked_artifact_v1,True,,,,,,,,,,,,,,,,,,,,,,,,,,,,,,,,,18000,1369,16631,0,0,0.07605555555555556,0.9239444444444445,0.87,2000,62.965,2322.5,0.12902777777777777,0.8709722222222223,0.12902777777777774,14724,0.818,1907,1907,0,0,0,0.10594444444444444,0.10594444444444444,0.1146653839215922,953.5,629310.0,1256713.0,0.5007587253414008,629310.0,0.06355780709355666,1369,0.07605555555555556,14724.0,15677.5,,,,,,,,,,,viper_iter_002,viper,3,11,6,3,10,0,0.0,0,0.0,0,0.0,2000,1050,0.525,0.525,0.00510496711730957,0.02251091003417969
mc_fairgen,0.65,12,2.0,0.5,1580,185,101580,c_amc_sem_baseline,,True,1,50000000,25000,C_AMC_SEM,0.5,interval_qos_v2_single_recovery_full_C5_overinc016_abs005,True,True,4.0,lo,1177,1926,0,3103,0,1926,0,1177,11466132,50000000,0.22932264,23.540000000000003,9741.828377230246,1,1926,1926,1926,0,0,0,0.0,0,0,0,0,0,0,0.0,0.0,0.0,0.0,0.0,True,0,0,0,0.0,0.0,0,0.0,0,0.0,0,0,0.0,single,24,0.02,0.02,0.9,0,0,0.0,0,0.0,,,,,,,,,,,,,,,,,,,,,,,,,,,,,,,,,,,,,,,,,18000,1926,16074,0,0,0.107,0.893,0.8734999999999999,0,,2857.0,0.1587222222222222,0.8412777777777778,0.1587222222222222,14212,0.7895555555555556,1862,1862,0,0,0,0.10344444444444445,0.10344444444444445,0.11583924349881797,931.0,614460.0,1227058.0,0.5007587253414015,614460.0,0.06259069620664484,1926,0.107,14212.0,15143.0,,,,,,,,,,,,,,,,,,,,,,,,,,,,,
mc_fairgen,0.65,12,2.0,0.5,1580,185,101580,dqn_agent,mlp,True,1,50000000,25000,C_AMC_SEM,0.5,interval_qos_v2_single_recovery_full_C5_overinc016_abs005,True,True,4.0,lo,1177,1337,0,2514,0,1337,0,1177,11510085,50000000,0.2302017,23.540000000000003,9779.171622769754,1,1337,1337,1337,0,0,0,0.0,2000,0,2000,2000,0,0,0.0,0.0,1.0,0.0,-1010.5383881259107,True,2000,2000,0,9.107,14.893,12000,0.25,15,0.6205416666666667,0,0,0.0,single,24,0.02,0.02,0.9,0,0,0.0,3786,0.078875,v11_full_10d,128,,,,,,,0.24366995493849714,1076,0.0,0,0.0,0.0,0.0,0.0,0,0.0,0.0,0.0,0.0,916,0,0.508328569398774,2.0145,905,0.08161341316173402,0.8328333333333333,0.8328333333333333,0.0,"{""mc_hi_0"": 1.0, ""mc_hi_1"": 1.0, ""mc_hi_2"": 1.0, ""mc_hi_3"": 1.0, ""mc_hi_4"": 1.0, ""mc_hi_5"": 1.0, ""mc_lo_0"": 1.0, ""mc_lo_1"": 1.0, ""mc_lo_2"": 1.0, ""mc_lo_3"": 4.029411764705882, ""mc_lo_4"": 1.4642857142857142, ""mc_lo_5"": 4.043478260869565}","{""mc_hi_0"": 1.0, ""mc_hi_1"": 1.0, ""mc_hi_2"": 1.0, ""mc_hi_3"": 1.0, ""mc_hi_4"": 1.0, ""mc_hi_5"": 1.0, ""mc_lo_0"": 1.0, ""mc_lo_1"": 1.0, ""mc_lo_2"": 1.0, ""mc_lo_3"": 4.029411764705882, ""mc_lo_4"": 1.9133333333333333, ""mc_lo_5"": 4.043478260869565}","{""mc_hi_0"": 1.0, ""mc_hi_1"": 1.0, ""mc_hi_2"": 1.0, ""mc_hi_3"": 1.0, ""mc_hi_4"": 1.0, ""mc_hi_5"": 1.0, ""mc_lo_0"": 1.0, ""mc_lo_1"": 1.0, ""mc_lo_2"": 1.0, ""mc_lo_3"": 1.0, ""mc_lo_4"": 1.0, ""mc_lo_5"": 1.0}","{""mc_hi_0"": 0, ""mc_hi_1"": 0, ""mc_hi_2"": 0, ""mc_hi_3"": 0, ""mc_hi_4"": 0, ""mc_hi_5"": 0, ""mc_lo_0"": 0, ""mc_lo_1"": 0, ""mc_lo_2"": 0, ""mc_lo_3"": 62, ""mc_lo_4"": 954, ""mc_lo_5"": 68}","{""mc_hi_0"": 0, ""mc_hi_1"": 0, ""mc_hi_2"": 0, ""mc_hi_3"": 0, ""mc_hi_4"": 0, ""mc_hi_5"": 0, ""mc_lo_0"": 0, ""mc_lo_1"": 0, ""mc_lo_2"": 0, ""mc_lo_3"": 0, ""mc_lo_4"": 916, ""mc_lo_5"": 0}","{""mc_hi_0"": 0, ""mc_hi_1"": 0, ""mc_hi_2"": 0, ""mc_hi_3"": 0, ""mc_hi_4"": 0, ""mc_hi_5"": 0, ""mc_lo_0"": 0, ""mc_lo_1"": 0, ""mc_lo_2"": 0, ""mc_lo_3"": 0, ""mc_lo_4"": 916, ""mc_lo_5"": 0}","{""mc_hi_0"": 0, ""mc_hi_1"": 0, ""mc_hi_2"": 0, ""mc_hi_3"": 0, ""mc_hi_4"": 0, ""mc_hi_5"": 0, ""mc_lo_0"": 0, ""mc_lo_1"": 0, ""mc_lo_2"": 0, ""mc_lo_3"": 60, ""mc_lo_4"": 951, ""mc_lo_5"": 65}","{""mc_hi_0"": 0, ""mc_hi_1"": 0, ""mc_hi_2"": 0, ""mc_hi_3"": 0, ""mc_hi_4"": 0, ""mc_hi_5"": 0, ""mc_lo_0"": 0, ""mc_lo_1"": 0, ""mc_lo_2"": 0, ""mc_lo_3"": 62, ""mc_lo_4"": 18, ""mc_lo_5"": 63}","{""mc_hi_0"": 0, ""mc_hi_1"": 0, ""mc_hi_2"": 0, ""mc_hi_3"": 0, ""mc_hi_4"": 0, ""mc_hi_5"": 0, ""mc_lo_0"": 0, ""mc_lo_1"": 0, ""mc_lo_2"": 0, ""mc_lo_3"": 1998, ""mc_lo_4"": 1915, ""mc_lo_5"": 1936}","{""mc_hi_0"": 0, ""mc_hi_1"": 0, ""mc_hi_2"": 0, ""mc_hi_3"": 0, ""mc_hi_4"": 0, ""mc_hi_5"": 0, ""mc_lo_0"": 0, ""mc_lo_1"": 0, ""mc_lo_2"": 0, ""mc_lo_3"": 0, ""mc_lo_4"": 0, ""mc_lo_5"": 0}",18000,1337,16663,0,0,0.07427777777777778,0.9257222222222222,0.883,2000,56.98,2268.5,0.12602777777777777,0.8739722222222223,0.12602777777777774,14800,0.8222222222222222,1863,1863,0,0,0,0.1035,0.1035,0.1118045970113425,931.5,614790.0,1227717.0,0.5007587253414015,614790.0,0.06204747900262202,1337,0.07427777777777778,14800.0,15731.5,,,,,,,,,,0,,,,,,,,,,,,,,,,,,,
mc_fairgen,0.65,12,2.0,0.5,1580,185,101580,bc_tree_agent,,True,1,50000000,25000,C_AMC_SEM,0.5,interval_qos_v2_single_recovery_full_C5_overinc016_abs005,True,True,4.0,lo,1177,1325,0,2502,0,1325,0,1177,11509920,50000000,0.2301984,,,,1325,,,,,,,2000,0,2000,2000,0,0,0.0,0.0,1.0,0.0,-1039.701329963504,True,2000,2000,0,8.9065,15.0935,,,16,0.6288958333333333,0,0,0.0,single,24,0.02,0.02,0.9,0,,,,,v11_full_10d,128,integer_tree_ranked_valid_or_none,fixed_point_int,1000000,bb255908bec90f8d54945322db333c5c2d2df5af1c5e76fc9016dc8c975a381e,viper_integer_ranked_artifact_v1,True,,,,,,,,,,,,,,,,,,,,,,,,,,,,,,,,,18000,1325,16675,0,0,0.07361111111111111,0.9263888888888889,0.883,2000,146.98,2256.5,0.12536111111111112,0.8746388888888889,0.12536111111111115,14812,0.8228888888888889,1863,1863,0,0,0,0.1035,0.1035,0.11172413793103449,931.5,614790.0,1227717.0,0.5007587253414015,614790.0,0.06204844338431521,1325,0.07361111111111111,14812.0,15743.5,,,,,,,,,,,bc_iter_001,bc,3,11,6,3,10,246,0.123,246,0.123,0,0.0,2000,1054,0.527,0.404,0.010671430587768555,0.03662662506103515
mc_fairgen,0.65,12,2.0,0.5,1580,185,101580,viper_tree_agent,,True,1,50000000,25000,C_AMC_SEM,0.5,interval_qos_v2_single_recovery_full_C5_overinc016_abs005,True,True,4.0,lo,1177,1323,0,2500,0,1323,0,1177,11510610,50000000,0.2302122,,,,1323,,,,,,,2000,0,2000,2000,0,0,0.0,0.0,1.0,0.0,-1007.3220990860451,True,2000,2000,0,9.0965,14.9035,,,15,0.6209791666666666,0,0,0.0,single,24,0.02,0.02,0.9,0,,,,,v11_full_10d,128,integer_tree_ranked_valid_or_none,fixed_point_int,1000000,bb255908bec90f8d54945322db333c5c2d2df5af1c5e76fc9016dc8c975a381e,viper_integer_ranked_artifact_v1,True,,,,,,,,,,,,,,,,,,,,,,,,,,,,,,,,,18000,1323,16677,0,0,0.0735,0.9265,0.883,2000,62.965,2254.5,0.12525,0.87475,0.12524999999999997,14814,0.823,1863,1863,0,0,0,0.1035,0.1035,0.1117107393416082,931.5,614790.0,1227717.0,0.5007587253414015,614790.0,0.062040459958579146,1323,0.0735,14814.0,15745.5,,,,,,,,,,,viper_iter_002,viper,3,11,6,3,10,0,0.0,0,0.0,0,0.0,2000,1035,0.5175,0.5175,0.004872812271118164,0.020033073425292966
mc_fairgen,0.65,12,2.0,0.5,1581,185,101581,c_amc_sem_baseline,,True,1,50000000,25000,C_AMC_SEM,0.5,interval_qos_v2_single_recovery_full_C5_overinc016_abs005,True,True,4.0,lo,1180,1899,0,3079,0,1899,0,1180,11867481,50000000,0.23734962,23.6,10057.187288135594,1,1899,1899,1899,0,0,0,0.0,0,0,0,0,0,0,0.0,0.0,0.0,0.0,0.0,True,0,0,0,0.0,0.0,0,0.0,0,0.0,0,0,0.0,single,24,0.02,0.02,0.9,0,0,0.0,0,0.0,,,,,,,,,,,,,,,,,,,,,,,,,,,,,,,,,,,,,,,,,18000,1899,16101,0,0,0.1055,0.8945,0.877,0,,2870.5,0.1594722222222222,0.8405277777777778,0.15947222222222224,14158,0.7865555555555556,1943,1943,0,0,0,0.10794444444444444,0.10794444444444444,0.12067573442643315,971.5,641190.0,1280437.0,0.5007587253414002,641190.0,0.06559923358602186,1899,0.1055,14158.0,15129.5,,,,,,,,,,,,,,,,,,,,,,,,,,,,,
mc_fairgen,0.65,12,2.0,0.5,1581,185,101581,dqn_agent,mlp,True,1,50000000,25000,C_AMC_SEM,0.5,interval_qos_v2_single_recovery_full_C5_overinc016_abs005,True,True,4.0,lo,1180,1347,0,2527,0,1347,0,1180,11910228,50000000,0.23820456,23.6,10093.413559322034,1,1347,1347,1347,0,0,0,0.0,2000,0,2000,2000,0,0,0.0,0.0,1.0,0.0,-1012.5708621439069,True,2000,2000,0,9.1085,14.8915,12000,0.25,15,0.6204791666666667,0,0,0.0,single,24,0.02,0.02,0.9,0,0,0.0,3783,0.0788125,v11_full_10d,128,,,,,,,0.26886281208135426,1072,0.0,0,0.0,0.0,0.0,0.0,0,0.0,0.0,0.0,0.0,920,0,0.5123170545609549,1.6215,814,0.08180105653852106,0.8328333333333333,0.8328333333333333,0.0,"{""mc_hi_0"": 1.0, ""mc_hi_1"": 1.0, ""mc_hi_2"": 1.0, ""mc_hi_3"": 1.0, ""mc_hi_4"": 1.0, ""mc_hi_5"": 1.0, ""mc_lo_0"": 1.0, ""mc_lo_1"": 1.0, ""mc_lo_2"": 1.0, ""mc_lo_3"": 4.029411764705882, ""mc_lo_4"": 1.2585714285714287, ""mc_lo_5"": 4.043478260869565}","{""mc_hi_0"": 1.0, ""mc_hi_1"": 1.0, ""mc_hi_2"": 1.0, ""mc_hi_3"": 1.0, ""mc_hi_4"": 1.0, ""mc_hi_5"": 1.0, ""mc_lo_0"": 1.0, ""mc_lo_1"": 1.0, ""mc_lo_2"": 1.0, ""mc_lo_3"": 4.029411764705882, ""mc_lo_4"": 2.1876190476190476, ""mc_lo_5"": 4.043478260869565}","{""mc_hi_0"": 1.0, ""mc_hi_1"": 1.0, ""mc_hi_2"": 1.0, ""mc_hi_3"": 1.0, ""mc_hi_4"": 1.0, ""mc_hi_5"": 1.0, ""mc_lo_0"": 1.0, ""mc_lo_1"": 1.0, ""mc_lo_2"": 1.0, ""mc_lo_3"": 1.0, ""mc_lo_4"": 1.0, ""mc_lo_5"": 1.0}","{""mc_hi_0"": 0, ""mc_hi_1"": 0, ""mc_hi_2"": 0, ""mc_hi_3"": 0, ""mc_hi_4"": 0, ""mc_hi_5"": 0, ""mc_lo_0"": 0, ""mc_lo_1"": 0, ""mc_lo_2"": 0, ""mc_lo_3"": 62, ""mc_lo_4"": 950, ""mc_lo_5"": 68}","{""mc_hi_0"": 0, ""mc_hi_1"": 0, ""mc_hi_2"": 0, ""mc_hi_3"": 0, ""mc_hi_4"": 0, ""mc_hi_5"": 0, ""mc_lo_0"": 0, ""mc_lo_1"": 0, ""mc_lo_2"": 0, ""mc_lo_3"": 0, ""mc_lo_4"": 920, ""mc_lo_5"": 0}","{""mc_hi_0"": 0, ""mc_hi_1"": 0, ""mc_hi_2"": 0, ""mc_hi_3"": 0, ""mc_hi_4"": 0, ""mc_hi_5"": 0, ""mc_lo_0"": 0, ""mc_lo_1"": 0, ""mc_lo_2"": 0, ""mc_lo_3"": 0, ""mc_lo_4"": 920, ""mc_lo_5"": 0}","{""mc_hi_0"": 0, ""mc_hi_1"": 0, ""mc_hi_2"": 0, ""mc_hi_3"": 0, ""mc_hi_4"": 0, ""mc_hi_5"": 0, ""mc_lo_0"": 0, ""mc_lo_1"": 0, ""mc_lo_2"": 0, ""mc_lo_3"": 60, ""mc_lo_4"": 947, ""mc_lo_5"": 65}","{""mc_hi_0"": 0, ""mc_hi_1"": 0, ""mc_hi_2"": 0, ""mc_hi_3"": 0, ""mc_hi_4"": 0, ""mc_hi_5"": 0, ""mc_lo_0"": 0, ""mc_lo_1"": 0, ""mc_lo_2"": 0, ""mc_lo_3"": 62, ""mc_lo_4"": 20, ""mc_lo_5"": 42}","{""mc_hi_0"": 0, ""mc_hi_1"": 0, ""mc_hi_2"": 0, ""mc_hi_3"": 0, ""mc_hi_4"": 0, ""mc_hi_5"": 0, ""mc_lo_0"": 0, ""mc_lo_1"": 0, ""mc_lo_2"": 0, ""mc_lo_3"": 1998, ""mc_lo_4"": 1910, ""mc_lo_5"": 1936}","{""mc_hi_0"": 0, ""mc_hi_1"": 0, ""mc_hi_2"": 0, ""mc_hi_3"": 0, ""mc_hi_4"": 0, ""mc_hi_5"": 0, ""mc_lo_0"": 0, ""mc_lo_1"": 0, ""mc_lo_2"": 0, ""mc_lo_3"": 0, ""mc_lo_4"": 0, ""mc_lo_5"": 0}",18000,1347,16653,0,0,0.07483333333333334,0.9251666666666667,0.881,2000,59.166,2318.5,0.12880555555555556,0.8711944444444445,0.1288055555555555,14710,0.8172222222222222,1943,1943,0,0,0,0.10794444444444444,0.10794444444444444,0.11667567405272324,971.5,641190.0,1280437.0,0.5007587253414002,641190.0,0.06501292775665399,1347,0.07483333333333334,14710.0,15681.5,,,,,,,,,,0,,,,,,,,,,,,,,,,,,,
mc_fairgen,0.65,12,2.0,0.5,1581,185,101581,bc_tree_agent,,True,1,50000000,25000,C_AMC_SEM,0.5,interval_qos_v2_single_recovery_full_C5_overinc016_abs005,True,True,4.0,lo,1180,1336,0,2516,0,1336,0,1180,11909792,50000000,0.23819584,,,,1336,,,,,,,2000,0,2000,2000,0,0,0.0,0.0,1.0,0.0,-1045.5578470190121,True,2000,2000,0,8.8995,15.1005,,,16,0.6291875,0,0,0.0,single,24,0.02,0.02,0.9,0,,,,,v11_full_10d,128,integer_tree_ranked_valid_or_none,fixed_point_int,1000000,bb255908bec90f8d54945322db333c5c2d2df5af1c5e76fc9016dc8c975a381e,viper_integer_ranked_artifact_v1,True,,,,,,,,,,,,,,,,,,,,,,,,,,,,,,,,,18000,1336,16664,0,0,0.07422222222222222,0.9257777777777778,0.881,2000,144.8315,2307.5,0.12819444444444444,0.8718055555555555,0.1281944444444445,14721,0.8178333333333333,1943,1943,0,0,0,0.10794444444444444,0.10794444444444444,0.11659865578492559,971.5,641190.0,1280437.0,0.5007587253414002,641190.0,0.06501195875711663,1336,0.07422222222222222,14721.0,15692.5,,,,,,,,,,,bc_iter_001,bc,3,11,6,3,10,245,0.1225,245,0.1225,0,0.0,2000,1043,0.5215,0.399,0.010271669387817383,0.035572242736816403
mc_fairgen,0.65,12,2.0,0.5,1581,185,101581,viper_tree_agent,,True,1,50000000,25000,C_AMC_SEM,0.5,interval_qos_v2_single_recovery_full_C5_overinc016_abs005,True,True,4.0,lo,1180,1331,0,2511,0,1331,0,1180,11911081,50000000,0.23822162,,,,1331,,,,,,,2000,0,2000,2000,0,0,0.0,0.0,1.0,0.0,-1012.1156413507201,True,2000,2000,0,9.0965,14.9035,,,15,0.6209791666666666,0,0,0.0,single,24,0.02,0.02,0.9,0,,,,,v11_full_10d,128,integer_tree_ranked_valid_or_none,fixed_point_int,1000000,bb255908bec90f8d54945322db333c5c2d2df5af1c5e76fc9016dc8c975a381e,viper_integer_ranked_artifact_v1,True,,,,,,,,,,,,,,,,,,,,,,,,,,,,,,,,,18000,1331,16669,0,0,0.07394444444444444,0.9260555555555555,0.881,2000,62.965,2302.5,0.12791666666666668,0.8720833333333333,0.12791666666666668,14726,0.8181111111111111,1943,1943,0,0,0,0.10794444444444444,0.10794444444444444,0.11656368108464815,971.5,641190.0,1280437.0,0.5007587253414002,641190.0,0.06500174317280971,1331,0.07394444444444444,14726.0,15697.5,,,,,,,,,,,viper_iter_002,viper,3,11,6,3,10,0,0.0,0,0.0,0,0.0,2000,1036,0.518,0.518,0.004852590560913086,0.02092437744140625
mc_fairgen,0.65,12,2.0,0.5,1582,185,101582,c_amc_sem_baseline,,True,1,50000000,25000,C_AMC_SEM,0.5,interval_qos_v2_single_recovery_full_C5_overinc016_abs005,True,True,4.0,lo,1207,1961,0,3168,0,1961,0,1207,11798829,50000000,0.23597658,24.14,9775.334714167357,1,1961,1961,1961,0,0,0,0.0,0,0,0,0,0,0,0.0,0.0,0.0,0.0,0.0,True,0,0,0,0.0,0.0,0,0.0,0,0.0,0,0,0.0,single,24,0.02,0.02,0.9,0,0,0.0,0,0.0,,,,,,,,,,,,,,,,,,,,,,,,,,,,,,,,,,,,,,,,,18000,1961,16039,0,0,0.10894444444444444,0.8910555555555556,0.8725,0,,2921.5,0.16230555555555556,0.8376944444444444,0.1623055555555556,14118,0.7843333333333333,1921,1921,0,0,0,0.10672222222222222,0.10672222222222222,0.11977055926179936,960.5,633930.0,1265939.0,0.5007587253414005,633930.0,0.0647382676761369,1961,0.10894444444444444,14118.0,15078.5,,,,,,,,,,,,,,,,,,,,,,,,,,,,,
mc_fairgen,0.65,12,2.0,0.5,1582,185,101582,dqn_agent,mlp,True,1,50000000,25000,C_AMC_SEM,0.5,interval_qos_v2_single_recovery_full_C5_overinc016_abs005,True,True,4.0,lo,1207,1378,0,2585,0,1378,0,1207,11844019,50000000,0.23688038,24.14,9812.774647887323,1,1378,1378,1378,0,0,0,0.0,2000,0,2000,2000,0,0,0.0,0.0,1.0,0.0,-1032.295494679345,True,2000,2000,0,9.111,14.889,12000,0.25,15,0.620375,0,0,0.0,single,24,0.02,0.02,0.9,0,0,0.0,3778,0.07870833333333334,v11_full_10d,128,,,,,,,0.26324900255754474,1075,0.0,0,0.0,0.0,0.0,0.0,0,0.0,0.0,0.0,0.0,917,0,0.5115687686741364,1.903,830,0.08132572627255019,0.8328333333333333,0.8328333333333333,0.0,"{""mc_hi_0"": 1.0, ""mc_hi_1"": 1.0, ""mc_hi_2"": 1.0, ""mc_hi_3"": 1.0, ""mc_hi_4"": 1.0, ""mc_hi_5"": 1.0, ""mc_lo_0"": 1.0, ""mc_lo_1"": 1.0, ""mc_lo_2"": 1.0, ""mc_lo_3"": 4.029411764705882, ""mc_lo_4"": 1.4157142857142857, ""mc_lo_5"": 4.043478260869565}","{""mc_hi_0"": 1.0, ""mc_hi_1"": 1.0, ""mc_hi_2"": 1.0, ""mc_hi_3"": 1.0, ""mc_hi_4"": 1.0, ""mc_hi_5"": 1.0, ""mc_lo_0"": 1.0, ""mc_lo_1"": 1.0, ""mc_lo_2"": 1.0, ""mc_lo_3"": 4.029411764705882, ""mc_lo_4"": 1.9904761904761905, ""mc_lo_5"": 4.043478260869565}","{""mc_hi_0"": 1.0, ""mc_hi_1"": 1.0, ""mc_hi_2"": 1.0, ""mc_hi_3"": 1.0, ""mc_hi_4"": 1.0, ""mc_hi_5"": 1.0, ""mc_lo_0"": 1.0, ""mc_lo_1"": 1.0, ""mc_lo_2"": 1.0, ""mc_lo_3"": 1.0, ""mc_lo_4"": 1.0, ""mc_lo_5"": 1.0}","{""mc_hi_0"": 0, ""mc_hi_1"": 0, ""mc_hi_2"": 0, ""mc_hi_3"": 0, ""mc_hi_4"": 0, ""mc_hi_5"": 0, ""mc_lo_0"": 0, ""mc_lo_1"": 0, ""mc_lo_2"": 0, ""mc_lo_3"": 62, ""mc_lo_4"": 953, ""mc_lo_5"": 68}","{""mc_hi_0"": 0, ""mc_hi_1"": 0, ""mc_hi_2"": 0, ""mc_hi_3"": 0, ""mc_hi_4"": 0, ""mc_hi_5"": 0, ""mc_lo_0"": 0, ""mc_lo_1"": 0, ""mc_lo_2"": 0, ""mc_lo_3"": 0, ""mc_lo_4"": 917, ""mc_lo_5"": 0}","{""mc_hi_0"": 0, ""mc_hi_1"": 0, ""mc_hi_2"": 0, ""mc_hi_3"": 0, ""mc_hi_4"": 0, ""mc_hi_5"": 0, ""mc_lo_0"": 0, ""mc_lo_1"": 0, ""mc_lo_2"": 0, ""mc_lo_3"": 0, ""mc_lo_4"": 917, ""mc_lo_5"": 0}","{""mc_hi_0"": 0, ""mc_hi_1"": 0, ""mc_hi_2"": 0, ""mc_hi_3"": 0, ""mc_hi_4"": 0, ""mc_hi_5"": 0, ""mc_lo_0"": 0, ""mc_lo_1"": 0, ""mc_lo_2"": 0, ""mc_lo_3"": 60, ""mc_lo_4"": 950, ""mc_lo_5"": 65}","{""mc_hi_0"": 0, ""mc_hi_1"": 0, ""mc_hi_2"": 0, ""mc_hi_3"": 0, ""mc_hi_4"": 0, ""mc_hi_5"": 0, ""mc_lo_0"": 0, ""mc_lo_1"": 0, ""mc_lo_2"": 0, ""mc_lo_3"": 62, ""mc_lo_4"": 15, ""mc_lo_5"": 59}","{""mc_hi_0"": 0, ""mc_hi_1"": 0, ""mc_hi_2"": 0, ""mc_hi_3"": 0, ""mc_hi_4"": 0, ""mc_hi_5"": 0, ""mc_lo_0"": 0, ""mc_lo_1"": 0, ""mc_lo_2"": 0, ""mc_lo_3"": 1998, ""mc_lo_4"": 1897, ""mc_lo_5"": 1936}","{""mc_hi_0"": 0, ""mc_hi_1"": 0, ""mc_hi_2"": 0, ""mc_hi_3"": 0, ""mc_hi_4"": 0, ""mc_hi_5"": 0, ""mc_lo_0"": 0, ""mc_lo_1"": 0, ""mc_lo_2"": 0, ""mc_lo_3"": 0, ""mc_lo_4"": 0, ""mc_lo_5"": 0}",18000,1378,16622,0,0,0.07655555555555556,0.9234444444444444,0.882,2000,58.653,2338.5,0.12991666666666668,0.8700833333333333,0.12991666666666668,14701,0.8167222222222222,1921,1921,0,0,0,0.10672222222222222,0.10672222222222222,0.11556972686800626,960.5,633930.0,1265939.0,0.5007587253414005,633930.0,0.06416206576892608,1378,0.07655555555555556,14701.0,15661.5,,,,,,,,,,0,,,,,,,,,,,,,,,,,,,
mc_fairgen,0.65,12,2.0,0.5,1582,185,101582,bc_tree_agent,,True,1,50000000,25000,C_AMC_SEM,0.5,interval_qos_v2_single_recovery_full_C5_overinc016_abs005,True,True,4.0,lo,1207,1366,0,2573,0,1366,0,1207,11843358,50000000,0.23686716,,,,1366,,,,,,,2000,0,2000,2000,0,0,0.0,0.0,1.0,0.0,-1059.357628994778,True,2000,2000,0,8.941,15.059,,,16,0.6274583333333333,0,0,0.0,single,24,0.02,0.02,0.9,0,,,,,v11_full_10d,128,integer_tree_ranked_valid_or_none,fixed_point_int,1000000,bb255908bec90f8d54945322db333c5c2d2df5af1c5e76fc9016dc8c975a381e,viper_integer_ranked_artifact_v1,True,,,,,,,,,,,,,,,,,,,,,,,,,,,,,,,,,18000,1366,16634,0,0,0.0758888888888889,0.9241111111111111,0.882,2000,141.829,2326.5,0.12925,0.87075,0.12924999999999998,14713,0.8173888888888889,1921,1921,0,0,0,0.10672222222222222,0.10672222222222222,0.11548635325237465,960.5,633930.0,1265939.0,0.5007587253414005,633930.0,0.06417015837101553,1366,0.0758888888888889,14713.0,15673.5,,,,,,,,,,,bc_iter_001,bc,3,11,6,3,10,190,0.095,190,0.095,0,0.0,2000,1063,0.5315,0.4365,0.009987253189086914,0.036301803588867185
mc_fairgen,0.65,12,2.0,0.5,1582,185,101582,viper_tree_agent,,True,1,50000000,25000,C_AMC_SEM,0.5,interval_qos_v2_single_recovery_full_C5_overinc016_abs005,True,True,4.0,lo,1207,1364,0,2571,0,1364,0,1207,11844464,50000000,0.23688928,,,,1364,,,,,,,2000,0,2000,2000,0,0,0.0,0.0,1.0,0.0,-1029.0471210776504,True,2000,2000,0,9.0965,14.9035,,,15,0.6209791666666666,0,0,0.0,single,24,0.02,0.02,0.9,0,,,,,v11_full_10d,128,integer_tree_ranked_valid_or_none,fixed_point_int,1000000,bb255908bec90f8d54945322db333c5c2d2df5af1c5e76fc9016dc8c975a381e,viper_integer_ranked_artifact_v1,True,,,,,,,,,,,,,,,,,,,,,,,,,,,,,,,,,18000,1364,16636,0,0,0.07577777777777778,0.9242222222222223,0.882,2000,62.965,2324.5,0.1291388888888889,0.8708611111111111,0.12913888888888891,14715,0.8175,1921,1921,0,0,0,0.10672222222222222,0.10672222222222222,0.1154724693435922,960.5,633930.0,1265939.0,0.5007587253414005,633930.0,0.06416114362762428,1364,0.07577777777777778,14715.0,15675.5,,,,,,,,,,,viper_iter_002,viper,3,11,6,3,10,0,0.0,0,0.0,0,0.0,2000,1055,0.5275,0.5275,0.0048873920440673825,0.02178859710693359
mc_fairgen,0.65,12,2.0,0.5,1583,185,101583,c_amc_sem_baseline,,True,1,50000000,25000,C_AMC_SEM,0.5,interval_qos_v2_single_recovery_full_C5_overinc016_abs005,True,True,4.0,lo,1232,1937,0,3169,0,1937,0,1232,12341524,50000000,0.24683048,24.64,10017.47077922078,1,1937,1937,1937,0,0,0,0.0,0,0,0,0,0,0,0.0,0.0,0.0,0.0,0.0,True,0,0,0,0.0,0.0,0,0.0,0,0.0,0,0,0.0,single,24,0.02,0.02,0.9,0,0,0.0,0,0.0,,,,,,,,,,,,,,,,,,,,,,,,,,,,,,,,,,,,,,,,,18000,1937,16063,0,0,0.10761111111111112,0.8923888888888889,0.873,0,,2947.5,0.16375,0.83625,0.16374999999999995,14042,0.7801111111111111,2021,2021,0,0,0,0.11227777777777778,0.11227777777777778,0.12581709518769843,1010.5,666930.0,1331839.0,0.5007587253413991,666930.0,0.0680834478299977,1937,0.10761111111111112,14042.0,15052.5,,,,,,,,,,,,,,,,,,,,,,,,,,,,,
mc_fairgen,0.65,12,2.0,0.5,1583,185,101583,dqn_agent,mlp,True,1,50000000,25000,C_AMC_SEM,0.5,interval_qos_v2_single_recovery_full_C5_overinc016_abs005,True,True,4.0,lo,1232,1368,0,2600,0,1368,0,1232,12386590,50000000,0.2477318,24.64,10054.050324675325,1,1368,1368,1368,0,0,0,0.0,2000,0,2000,2000,0,0,0.0,0.0,1.0,0.0,-1044.1105397593553,True,2000,2000,0,9.1,14.9,12000,0.25,15,0.6208333333333333,0,0,0.0,single,24,0.02,0.02,0.9,0,0,0.0,3800,0.07916666666666666,v11_full_10d,128,,,,,,,0.2518240025575448,1077,0.0,0,0.0,0.0,0.0,0.0,0,0.0,0.0,0.0,0.0,915,0,0.5100416094263793,2.2365,831,0.08209604076180292,0.8328333333333333,0.8328333333333333,0.0,"{""mc_hi_0"": 1.0, ""mc_hi_1"": 1.0, ""mc_hi_2"": 1.0, ""mc_hi_3"": 1.0, ""mc_hi_4"": 1.0, ""mc_hi_5"": 1.0, ""mc_lo_0"": 1.0, ""mc_lo_1"": 1.0, ""mc_lo_2"": 1.0, ""mc_lo_3"": 4.029411764705882, ""mc_lo_4"": 1.5338095238095237, ""mc_lo_5"": 4.043478260869565}","{""mc_hi_0"": 1.0, ""mc_hi_1"": 1.0, ""mc_hi_2"": 1.0, ""mc_hi_3"": 1.0, ""mc_hi_4"": 1.0, ""mc_hi_5"": 1.0, ""mc_lo_0"": 1.0, ""mc_lo_1"": 1.0, ""mc_lo_2"": 1.0, ""mc_lo_3"": 4.029411764705882, ""mc_lo_4"": 2.2804761904761905, ""mc_lo_5"": 4.043478260869565}","{""mc_hi_0"": 1.0, ""mc_hi_1"": 1.0, ""mc_hi_2"": 1.0, ""mc_hi_3"": 1.0, ""mc_hi_4"": 1.0, ""mc_hi_5"": 1.0, ""mc_lo_0"": 1.0, ""mc_lo_1"": 1.0, ""mc_lo_2"": 1.0, ""mc_lo_3"": 1.0, ""mc_lo_4"": 1.0, ""mc_lo_5"": 1.0}","{""mc_hi_0"": 0, ""mc_hi_1"": 0, ""mc_hi_2"": 0, ""mc_hi_3"": 0, ""mc_hi_4"": 0, ""mc_hi_5"": 0, ""mc_lo_0"": 0, ""mc_lo_1"": 0, ""mc_lo_2"": 0, ""mc_lo_3"": 62, ""mc_lo_4"": 955, ""mc_lo_5"": 68}","{""mc_hi_0"": 0, ""mc_hi_1"": 0, ""mc_hi_2"": 0, ""mc_hi_3"": 0, ""mc_hi_4"": 0, ""mc_hi_5"": 0, ""mc_lo_0"": 0, ""mc_lo_1"": 0, ""mc_lo_2"": 0, ""mc_lo_3"": 0, ""mc_lo_4"": 915, ""mc_lo_5"": 0}","{""mc_hi_0"": 0, ""mc_hi_1"": 0, ""mc_hi_2"": 0, ""mc_hi_3"": 0, ""mc_hi_4"": 0, ""mc_hi_5"": 0, ""mc_lo_0"": 0, ""mc_lo_1"": 0, ""mc_lo_2"": 0, ""mc_lo_3"": 0, ""mc_lo_4"": 915, ""mc_lo_5"": 0}","{""mc_hi_0"": 0, ""mc_hi_1"": 0, ""mc_hi_2"": 0, ""mc_hi_3"": 0, ""mc_hi_4"": 0, ""mc_hi_5"": 0, ""mc_lo_0"": 0, ""mc_lo_1"": 0, ""mc_lo_2"": 0, ""mc_lo_3"": 60, ""mc_lo_4"": 952, ""mc_lo_5"": 65}","{""mc_hi_0"": 0, ""mc_hi_1"": 0, ""mc_hi_2"": 0, ""mc_hi_3"": 0, ""mc_hi_4"": 0, ""mc_hi_5"": 0, ""mc_lo_0"": 0, ""mc_lo_1"": 0, ""mc_lo_2"": 0, ""mc_lo_3"": 62, ""mc_lo_4"": 14, ""mc_lo_5"": 68}","{""mc_hi_0"": 0, ""mc_hi_1"": 0, ""mc_hi_2"": 0, ""mc_hi_3"": 0, ""mc_hi_4"": 0, ""mc_hi_5"": 0, ""mc_lo_0"": 0, ""mc_lo_1"": 0, ""mc_lo_2"": 0, ""mc_lo_3"": 1998, ""mc_lo_4"": 1906, ""mc_lo_5"": 1936}","{""mc_hi_0"": 0, ""mc_hi_1"": 0, ""mc_hi_2"": 0, ""mc_hi_3"": 0, ""mc_hi_4"": 0, ""mc_hi_5"": 0, ""mc_lo_0"": 0, ""mc_lo_1"": 0, ""mc_lo_2"": 0, ""mc_lo_3"": 0, ""mc_lo_4"": 0, ""mc_lo_5"": 0}",18000,1368,16632,0,0,0.076,0.924,0.885,2000,57.668,2378.5,0.1321388888888889,0.8678611111111111,0.13213888888888892,14611,0.8117222222222222,2021,2021,0,0,0,0.11227777777777778,0.11227777777777778,0.12151274651274652,1010.5,666930.0,1331839.0,0.5007587253413991,666930.0,0.06744298623988337,1368,0.076,14611.0,15621.5,,,,,,,,,,0,,,,,,,,,,,,,,,,,,,
mc_fairgen,0.65,12,2.0,0.5,1583,185,101583,bc_tree_agent,,True,1,50000000,25000,C_AMC_SEM,0.5,interval_qos_v2_single_recovery_full_C5_overinc016_abs005,True,True,4.0,lo,1232,1346,0,2578,0,1346,0,1232,12387900,50000000,0.247758,,,,1346,,,,,,,2000,0,2000,2000,0,0,0.0,0.0,1.0,0.0,-1065.1801936167865,True,2000,2000,0,8.93,15.07,,,16,0.6279166666666667,0,0,0.0,single,24,0.02,0.02,0.9,0,,,,,v11_full_10d,128,integer_tree_ranked_valid_or_none,fixed_point_int,1000000,bb255908bec90f8d54945322db333c5c2d2df5af1c5e76fc9016dc8c975a381e,viper_integer_ranked_artifact_v1,True,,,,,,,,,,,,,,,,,,,,,,,,,,,,,,,,,18000,1346,16654,0,0,0.07477777777777778,0.9252222222222222,0.885,2000,143.6955,2356.5,0.13091666666666665,0.8690833333333333,0.13091666666666668,14633,0.8129444444444445,2021,2021,0,0,0,0.11227777777777778,0.11227777777777778,0.12135222769304671,1010.5,666930.0,1331839.0,0.5007587253413991,666930.0,0.06742476093037739,1346,0.07477777777777778,14633.0,15643.5,,,,,,,,,,,bc_iter_001,bc,3,11,6,3,10,217,0.1085,217,0.1085,0,0.0,2000,1073,0.5365,0.428,0.010924461364746094,0.03860092163085937
mc_fairgen,0.65,12,2.0,0.5,1583,185,101583,viper_tree_agent,,True,1,50000000,25000,C_AMC_SEM,0.5,interval_qos_v2_single_recovery_full_C5_overinc016_abs005,True,True,4.0,lo,1232,1346,0,2578,0,1346,0,1232,12388206,50000000,0.24776412,,,,1346,,,,,,,2000,0,2000,2000,0,0,0.0,0.0,1.0,0.0,-1035.0560736653654,True,2000,2000,0,9.0965,14.9035,,,15,0.6209791666666666,0,0,0.0,single,24,0.02,0.02,0.9,0,,,,,v11_full_10d,128,integer_tree_ranked_valid_or_none,fixed_point_int,1000000,bb255908bec90f8d54945322db333c5c2d2df5af1c5e76fc9016dc8c975a381e,viper_integer_ranked_artifact_v1,True,,,,,,,,,,,,,,,,,,,,,,,,,,,,,,,,,18000,1346,16654,0,0,0.07477777777777778,0.9252222222222222,0.885,2000,62.965,2356.5,0.13091666666666665,0.8690833333333333,0.13091666666666668,14633,0.8129444444444445,2021,2021,0,0,0,0.11227777777777778,0.11227777777777778,0.12135222769304671,1010.5,666930.0,1331839.0,0.5007587253413991,666930.0,0.06742267515964777,1346,0.07477777777777778,14633.0,15643.5,,,,,,,,,,,viper_iter_002,viper,3,11,6,3,10,0,0.0,0,0.0,0,0.0,2000,1038,0.519,0.519,0.005219024658203125,0.023083114624023432
mc_fairgen,0.65,12,2.0,0.5,1584,185,101584,c_amc_sem_baseline,,True,1,50000000,25000,C_AMC_SEM,0.5,interval_qos_v2_single_recovery_full_C5_overinc016_abs005,True,True,4.0,lo,1139,1914,0,3053,0,1914,0,1139,11193614,50000000,0.22387228,22.779999999999998,9827.580333625987,1,1914,1914,1914,0,0,0,0.0,0,0,0,0,0,0,0.0,0.0,0.0,0.0,0.0,True,0,0,0,0.0,0.0,0,0.0,0,0.0,0,0,0.0,single,24,0.02,0.02,0.9,0,0,0.0,0,0.0,,,,,,,,,,,,,,,,,,,,,,,,,,,,,,,,,,,,,,,,,18000,1914,16086,0,0,0.10633333333333334,0.8936666666666666,0.873,0,,2827.5,0.15708333333333332,0.8429166666666666,0.15708333333333335,14259,0.7921666666666667,1827,1827,0,0,0,0.1015,0.1015,0.11357702349869452,913.5,602910.0,1203993.0,0.5007587253414021,602910.0,0.06160210218157126,1914,0.10633333333333334,14259.0,15172.5,,,,,,,,,,,,,,,,,,,,,,,,,,,,,
mc_fairgen,0.65,12,2.0,0.5,1584,185,101584,dqn_agent,mlp,True,1,50000000,25000,C_AMC_SEM,0.5,interval_qos_v2_single_recovery_full_C5_overinc016_abs005,True,True,4.0,lo,1139,1347,0,2486,0,1347,0,1139,11228132,50000000,0.22456264,22.779999999999998,9857.88586479368,1,1347,1347,1347,0,0,0,0.0,2000,0,2000,2000,0,0,0.0,0.0,1.0,0.0,-1007.4912976766673,True,2000,2000,0,9.112,14.888,12000,0.25,15,0.6203333333333333,0,0,0.0,single,24,0.02,0.02,0.9,0,0,0.0,3776,0.07866666666666666,v11_full_10d,128,,,,,,,0.2732918597004019,1075,0.0,0,0.0,0.0,0.0,0.0,0,0.0,0.0,0.0,0.0,917,0,0.5127929836499817,1.8125,851,0.08036695731423514,0.8328333333333333,0.8328333333333333,0.0,"{""mc_hi_0"": 1.0, ""mc_hi_1"": 1.0, ""mc_hi_2"": 1.0, ""mc_hi_3"": 1.0, ""mc_hi_4"": 1.0, ""mc_hi_5"": 1.0, ""mc_lo_0"": 1.0, ""mc_lo_1"": 1.0, ""mc_lo_2"": 1.0, ""mc_lo_3"": 4.029411764705882, ""mc_lo_4"": 1.418095238095238, ""mc_lo_5"": 4.043478260869565}","{""mc_hi_0"": 1.0, ""mc_hi_1"": 1.0, ""mc_hi_2"": 1.0, ""mc_hi_3"": 1.0, ""mc_hi_4"": 1.0, ""mc_hi_5"": 1.0, ""mc_lo_0"": 1.0, ""mc_lo_1"": 1.0, ""mc_lo_2"": 1.0, ""mc_lo_3"": 4.029411764705882, ""mc_lo_4"": 1.9819047619047618, ""mc_lo_5"": 4.043478260869565}","{""mc_hi_0"": 1.0, ""mc_hi_1"": 1.0, ""mc_hi_2"": 1.0, ""mc_hi_3"": 1.0, ""mc_hi_4"": 1.0, ""mc_hi_5"": 1.0, ""mc_lo_0"": 1.0, ""mc_lo_1"": 1.0, ""mc_lo_2"": 1.0, ""mc_lo_3"": 1.0, ""mc_lo_4"": 1.0, ""mc_lo_5"": 1.0}","{""mc_hi_0"": 0, ""mc_hi_1"": 0, ""mc_hi_2"": 0, ""mc_hi_3"": 0, ""mc_hi_4"": 0, ""mc_hi_5"": 0, ""mc_lo_0"": 0, ""mc_lo_1"": 0, ""mc_lo_2"": 0, ""mc_lo_3"": 62, ""mc_lo_4"": 953, ""mc_lo_5"": 68}","{""mc_hi_0"": 0, ""mc_hi_1"": 0, ""mc_hi_2"": 0, ""mc_hi_3"": 0, ""mc_hi_4"": 0, ""mc_hi_5"": 0, ""mc_lo_0"": 0, ""mc_lo_1"": 0, ""mc_lo_2"": 0, ""mc_lo_3"": 0, ""mc_lo_4"": 917, ""mc_lo_5"": 0}","{""mc_hi_0"": 0, ""mc_hi_1"": 0, ""mc_hi_2"": 0, ""mc_hi_3"": 0, ""mc_hi_4"": 0, ""mc_hi_5"": 0, ""mc_lo_0"": 0, ""mc_lo_1"": 0, ""mc_lo_2"": 0, ""mc_lo_3"": 0, ""mc_lo_4"": 917, ""mc_lo_5"": 0}","{""mc_hi_0"": 0, ""mc_hi_1"": 0, ""mc_hi_2"": 0, ""mc_hi_3"": 0, ""mc_hi_4"": 0, ""mc_hi_5"": 0, ""mc_lo_0"": 0, ""mc_lo_1"": 0, ""mc_lo_2"": 0, ""mc_lo_3"": 60, ""mc_lo_4"": 950, ""mc_lo_5"": 65}","{""mc_hi_0"": 0, ""mc_hi_1"": 0, ""mc_hi_2"": 0, ""mc_hi_3"": 0, ""mc_hi_4"": 0, ""mc_hi_5"": 0, ""mc_lo_0"": 0, ""mc_lo_1"": 0, ""mc_lo_2"": 0, ""mc_lo_3"": 62, ""mc_lo_4"": 14, ""mc_lo_5"": 53}","{""mc_hi_0"": 0, ""mc_hi_1"": 0, ""mc_hi_2"": 0, ""mc_hi_3"": 0, ""mc_hi_4"": 0, ""mc_hi_5"": 0, ""mc_lo_0"": 0, ""mc_lo_1"": 0, ""mc_lo_2"": 0, ""mc_lo_3"": 1998, ""mc_lo_4"": 1916, ""mc_lo_5"": 1936}","{""mc_hi_0"": 0, ""mc_hi_1"": 0, ""mc_hi_2"": 0, ""mc_hi_3"": 0, ""mc_hi_4"": 0, ""mc_hi_5"": 0, ""mc_lo_0"": 0, ""mc_lo_1"": 0, ""mc_lo_2"": 0, ""mc_lo_3"": 0, ""mc_lo_4"": 0, ""mc_lo_5"": 0}",18000,1347,16653,0,0,0.07483333333333334,0.9251666666666667,0.873,2000,59.5095,2261.5,0.12563888888888888,0.8743611111111111,0.12563888888888886,14824,0.8235555555555556,1829,1829,0,0,0,0.10161111111111111,0.10161111111111111,0.10983006064973277,914.5,603570.0,1205311.0,0.5007587253414021,603570.0,0.06116094223742832,1347,0.07483333333333334,14824.0,15738.5,,,,,,,,,,0,,,,,,,,,,,,,,,,,,,
mc_fairgen,0.65,12,2.0,0.5,1584,185,101584,bc_tree_agent,,True,1,50000000,25000,C_AMC_SEM,0.5,interval_qos_v2_single_recovery_full_C5_overinc016_abs005,True,True,4.0,lo,1139,1344,0,2483,0,1344,0,1139,11227517,50000000,0.22455034,,,,1344,,,,,,,2000,0,2000,2000,0,0,0.0,0.0,1.0,0.0,-1041.8888405917664,True,2000,2000,0,8.9085,15.0915,,,16,0.6288125,0,0,0.0,single,24,0.02,0.02,0.9,0,,,,,v11_full_10d,128,integer_tree_ranked_valid_or_none,fixed_point_int,1000000,bb255908bec90f8d54945322db333c5c2d2df5af1c5e76fc9016dc8c975a381e,viper_integer_ranked_artifact_v1,True,,,,,,,,,,,,,,,,,,,,,,,,,,,,,,,,,18000,1344,16656,0,0,0.07466666666666667,0.9253333333333333,0.873,2000,145.172,2258.5,0.12547222222222223,0.8745277777777778,0.1254722222222222,14827,0.8237222222222222,1829,1829,0,0,0,0.10161111111111111,0.10161111111111111,0.10981027857829011,914.5,603570.0,1205311.0,0.5007587253414021,603570.0,0.06116886374404281,1344,0.07466666666666667,14827.0,15741.5,,,,,,,,,,,bc_iter_001,bc,3,11,6,3,10,247,0.1235,247,0.1235,0,0.0,2000,1062,0.531,0.4075,0.009533004760742187,0.03443717956542968
mc_fairgen,0.65,12,2.0,0.5,1584,185,101584,viper_tree_agent,,True,1,50000000,25000,C_AMC_SEM,0.5,interval_qos_v2_single_recovery_full_C5_overinc016_abs005,True,True,4.0,lo,1139,1341,0,2480,0,1341,0,1139,11227924,50000000,0.22455848,,,,1341,,,,,,,2000,0,2000,2000,0,0,0.0,0.0,1.0,0.0,-1010.5411315042116,True,2000,2000,0,9.0965,14.9035,,,15,0.6209791666666666,0,0,0.0,single,24,0.02,0.02,0.9,0,,,,,v11_full_10d,128,integer_tree_ranked_valid_or_none,fixed_point_int,1000000,bb255908bec90f8d54945322db333c5c2d2df5af1c5e76fc9016dc8c975a381e,viper_integer_ranked_artifact_v1,True,,,,,,,,,,,,,,,,,,,,,,,,,,,,,,,,,18000,1341,16659,0,0,0.0745,0.9255,0.873,2000,62.965,2255.5,0.12530555555555556,0.8746944444444444,0.12530555555555556,14830,0.8238888888888889,1829,1829,0,0,0,0.10161111111111111,0.10161111111111111,0.10979050363167057,914.5,603570.0,1205311.0,0.5007587253414021,603570.0,0.06116313005411321,1341,0.0745,14830.0,15744.5,,,,,,,,,,,viper_iter_002,viper,3,11,6,3,10,0,0.0,0,0.0,0,0.0,2000,1036,0.518,0.518,0.004563798904418945,0.01942138671875
mc_fairgen,0.65,12,2.0,0.5,1585,185,101585,c_amc_sem_baseline,,True,1,50000000,25000,C_AMC_SEM,0.5,interval_qos_v2_single_recovery_full_C5_overinc016_abs005,True,True,4.0,lo,1179,1901,0,3080,0,1901,0,1179,11609789,50000000,0.23219578,23.580000000000002,9847.149279050042,1,1901,1901,1901,0,0,0,0.0,0,0,0,0,0,0,0.0,0.0,0.0,0.0,0.0,True,0,0,0,0.0,0.0,0,0.0,0,0.0,0,0,0.0,single,24,0.02,0.02,0.9,0,0,0.0,0,0.0,,,,,,,,,,,,,,,,,,,,,,,,,,,,,,,,,,,,,,,,,18000,1901,16099,0,0,0.10561111111111111,0.8943888888888889,0.866,0,,2849.5,0.15830555555555556,0.8416944444444444,0.1583055555555556,14202,0.789,1897,1897,0,0,0,0.10538888888888889,0.10538888888888889,0.11783340580160258,948.5,626010.0,1250123.0,0.500758725341401,626010.0,0.06369981544647006,1901,0.10561111111111111,14202.0,15150.5,,,,,,,,,,,,,,,,,,,,,,,,,,,,,
mc_fairgen,0.65,12,2.0,0.5,1585,185,101585,dqn_agent,mlp,True,1,50000000,25000,C_AMC_SEM,0.5,interval_qos_v2_single_recovery_full_C5_overinc016_abs005,True,True,4.0,lo,1179,1329,0,2508,0,1329,0,1179,11652085,50000000,0.2330417,23.580000000000002,9883.023748939779,1,1329,1329,1329,0,0,0,0.0,2000,0,2000,2000,0,0,0.0,0.0,1.0,0.0,-1009.1818803083079,True,2000,2000,0,9.1125,14.8875,12000,0.25,15,0.6203125,0,0,0.0,single,24,0.02,0.02,0.9,0,0,0.0,3775,0.07864583333333333,v11_full_10d,128,,,,,,,0.2544137644623067,1076,0.0,0,0.0,0.0,0.0,0.0,0,0.0,0.0,0.0,0.0,916,0,0.509232439309057,1.5615,885,0.08098571710013647,0.8328333333333333,0.8328333333333333,0.0,"{""mc_hi_0"": 1.0, ""mc_hi_1"": 1.0, ""mc_hi_2"": 1.0, ""mc_hi_3"": 1.0, ""mc_hi_4"": 1.0, ""mc_hi_5"": 1.0, ""mc_lo_0"": 1.0, ""mc_lo_1"": 1.0, ""mc_lo_2"": 1.0, ""mc_lo_3"": 4.029411764705882, ""mc_lo_4"": 1.4776190476190476, ""mc_lo_5"": 4.043478260869565}","{""mc_hi_0"": 1.0, ""mc_hi_1"": 1.0, ""mc_hi_2"": 1.0, ""mc_hi_3"": 1.0, ""mc_hi_4"": 1.0, ""mc_hi_5"": 1.0, ""mc_lo_0"": 1.0, ""mc_lo_1"": 1.0, ""mc_lo_2"": 1.0, ""mc_lo_3"": 4.029411764705882, ""mc_lo_4"": 1.8847619047619049, ""mc_lo_5"": 4.043478260869565}","{""mc_hi_0"": 1.0, ""mc_hi_1"": 1.0, ""mc_hi_2"": 1.0, ""mc_hi_3"": 1.0, ""mc_hi_4"": 1.0, ""mc_hi_5"": 1.0, ""mc_lo_0"": 1.0, ""mc_lo_1"": 1.0, ""mc_lo_2"": 1.0, ""mc_lo_3"": 1.0, ""mc_lo_4"": 1.0, ""mc_lo_5"": 1.0}","{""mc_hi_0"": 0, ""mc_hi_1"": 0, ""mc_hi_2"": 0, ""mc_hi_3"": 0, ""mc_hi_4"": 0, ""mc_hi_5"": 0, ""mc_lo_0"": 0, ""mc_lo_1"": 0, ""mc_lo_2"": 0, ""mc_lo_3"": 62, ""mc_lo_4"": 954, ""mc_lo_5"": 68}","{""mc_hi_0"": 0, ""mc_hi_1"": 0, ""mc_hi_2"": 0, ""mc_hi_3"": 0, ""mc_hi_4"": 0, ""mc_hi_5"": 0, ""mc_lo_0"": 0, ""mc_lo_1"": 0, ""mc_lo_2"": 0, ""mc_lo_3"": 0, ""mc_lo_4"": 916, ""mc_lo_5"": 0}","{""mc_hi_0"": 0, ""mc_hi_1"": 0, ""mc_hi_2"": 0, ""mc_hi_3"": 0, ""mc_hi_4"": 0, ""mc_hi_5"": 0, ""mc_lo_0"": 0, ""mc_lo_1"": 0, ""mc_lo_2"": 0, ""mc_lo_3"": 0, ""mc_lo_4"": 916, ""mc_lo_5"": 0}","{""mc_hi_0"": 0, ""mc_hi_1"": 0, ""mc_hi_2"": 0, ""mc_hi_3"": 0, ""mc_hi_4"": 0, ""mc_hi_5"": 0, ""mc_lo_0"": 0, ""mc_lo_1"": 0, ""mc_lo_2"": 0, ""mc_lo_3"": 60, ""mc_lo_4"": 951, ""mc_lo_5"": 65}","{""mc_hi_0"": 0, ""mc_hi_1"": 0, ""mc_hi_2"": 0, ""mc_hi_3"": 0, ""mc_hi_4"": 0, ""mc_hi_5"": 0, ""mc_lo_0"": 0, ""mc_lo_1"": 0, ""mc_lo_2"": 0, ""mc_lo_3"": 62, ""mc_lo_4"": 16, ""mc_lo_5"": 42}","{""mc_hi_0"": 0, ""mc_hi_1"": 0, ""mc_hi_2"": 0, ""mc_hi_3"": 0, ""mc_hi_4"": 0, ""mc_hi_5"": 0, ""mc_lo_0"": 0, ""mc_lo_1"": 0, ""mc_lo_2"": 0, ""mc_lo_3"": 1998, ""mc_lo_4"": 1919, ""mc_lo_5"": 1936}","{""mc_hi_0"": 0, ""mc_hi_1"": 0, ""mc_hi_2"": 0, ""mc_hi_3"": 0, ""mc_hi_4"": 0, ""mc_hi_5"": 0, ""mc_lo_0"": 0, ""mc_lo_1"": 0, ""mc_lo_2"": 0, ""mc_lo_3"": 0, ""mc_lo_4"": 0, ""mc_lo_5"": 0}",18000,1329,16671,0,0,0.07383333333333333,0.9261666666666667,0.883,2000,57.9,2277.5,0.12652777777777777,0.8734722222222222,0.1265277777777778,14774,0.8207777777777778,1897,1897,0,0,0,0.10538888888888889,0.10538888888888889,0.11379041449223203,948.5,626010.0,1250123.0,0.500758725341401,626010.0,0.06308173327292632,1329,0.07383333333333333,14774.0,15722.5,,,,,,,,,,0,,,,,,,,,,,,,,,,,,,
mc_fairgen,0.65,12,2.0,0.5,1585,185,101585,bc_tree_agent,,True,1,50000000,25000,C_AMC_SEM,0.5,interval_qos_v2_single_recovery_full_C5_overinc016_abs005,True,True,4.0,lo,1179,1314,0,2493,0,1314,0,1179,11652284,50000000,0.23304568,,,,1314,,,,,,,2000,0,2000,2000,0,0,0.0,0.0,1.0,0.0,-1040.175181703975,True,2000,2000,0,8.914,15.086,,,16,0.6285833333333334,0,0,0.0,single,24,0.02,0.02,0.9,0,,,,,v11_full_10d,128,integer_tree_ranked_valid_or_none,fixed_point_int,1000000,bb255908bec90f8d54945322db333c5c2d2df5af1c5e76fc9016dc8c975a381e,viper_integer_ranked_artifact_v1,True,,,,,,,,,,,,,,,,,,,,,,,,,,,,,,,,,18000,1314,16686,0,0,0.073,0.927,0.883,2000,147.4825,2262.5,0.12569444444444444,0.8743055555555556,0.12569444444444444,14789,0.8216111111111111,1897,1897,0,0,0,0.10538888888888889,0.10538888888888889,0.11368812177873666,948.5,626010.0,1250123.0,0.500758725341401,626010.0,0.06307844071779298,1314,0.073,14789.0,15737.5,,,,,,,,,,,bc_iter_001,bc,3,11,6,3,10,231,0.1155,231,0.1155,0,0.0,2000,1041,0.5205,0.405,0.010804445266723632,0.037708663940429675
mc_fairgen,0.65,12,2.0,0.5,1585,185,101585,viper_tree_agent,,True,1,50000000,25000,C_AMC_SEM,0.5,interval_qos_v2_single_recovery_full_C5_overinc016_abs005,True,True,4.0,lo,1179,1313,0,2492,0,1313,0,1179,11652551,50000000,0.23305102,,,,1313,,,,,,,2000,0,2000,2000,0,0,0.0,0.0,1.0,0.0,-1009.3912589203785,True,2000,2000,0,9.0965,14.9035,,,15,0.6209791666666666,0,0,0.0,single,24,0.02,0.02,0.9,0,,,,,v11_full_10d,128,integer_tree_ranked_valid_or_none,fixed_point_int,1000000,bb255908bec90f8d54945322db333c5c2d2df5af1c5e76fc9016dc8c975a381e,viper_integer_ranked_artifact_v1,True,,,,,,,,,,,,,,,,,,,,,,,,,,,,,,,,,18000,1313,16687,0,0,0.07294444444444445,0.9270555555555555,0.883,2000,62.965,2261.5,0.12563888888888888,0.8743611111111111,0.12563888888888886,14790,0.8216666666666667,1897,1897,0,0,0,0.10538888888888889,0.10538888888888889,0.11368130880326002,948.5,626010.0,1250123.0,0.500758725341401,626010.0,0.06307533916559309,1313,0.07294444444444445,14790.0,15738.5,,,,,,,,,,,viper_iter_002,viper,3,11,6,3,10,0,0.0,0,0.0,0,0.0,2000,1054,0.527,0.527,0.004863565444946289,0.020806121826171874
mc_fairgen,0.65,12,2.0,0.5,1586,185,101586,c_amc_sem_baseline,,True,1,50000000,25000,C_AMC_SEM,0.5,interval_qos_v2_single_recovery_full_C5_overinc016_abs005,True,True,4.0,lo,1213,1961,0,3174,0,1961,0,1213,11975424,50000000,0.23950848,24.26,9872.567188788129,1,1961,1961,1961,0,0,0,0.0,0,0,0,0,0,0,0.0,0.0,0.0,0.0,0.0,True,0,0,0,0.0,0.0,0,0.0,0,0.0,0,0,0.0,single,24,0.02,0.02,0.9,0,0,0.0,0,0.0,,,,,,,,,,,,,,,,,,,,,,,,,,,,,,,,,,,,,,,,,18000,1961,16039,0,0,0.10894444444444444,0.8910555555555556,0.862,0,,2936.0,0.16311111111111112,0.8368888888888889,0.1631111111111111,14089,0.7827222222222222,1950,1950,0,0,0,0.10833333333333334,0.10833333333333334,0.12157865203566307,975.0,643500.0,1285050.0,0.5007587253414001,643500.0,0.06574865133525958,1961,0.10894444444444444,14089.0,15064.0,,,,,,,,,,,,,,,,,,,,,,,,,,,,,
mc_fairgen,0.65,12,2.0,0.5,1586,185,101586,dqn_agent,mlp,True,1,50000000,25000,C_AMC_SEM,0.5,interval_qos_v2_single_recovery_full_C5_overinc016_abs005,True,True,4.0,lo,1213,1353,0,2566,0,1353,0,1213,12015413,50000000,0.24030826,24.26,9905.534212695795,1,1353,1353,1353,0,0,0,0.0,2000,0,2000,2000,0,0,0.0,0.0,1.0,0.0,-1024.7761470531977,True,2000,2000,0,9.1035,14.8965,12000,0.25,15,0.6206875,0,0,0.0,single,24,0.02,0.02,0.9,0,0,0.0,3793,0.07902083333333333,v11_full_10d,128,,,,,,,0.25470947874802097,1076,0.0,0,0.0,0.0,0.0,0.0,0,0.0,0.0,0.0,0.0,916,0,0.5101681070109203,1.745,861,0.08419099257855923,0.8328333333333333,0.8328333333333333,0.0,"{""mc_hi_0"": 1.0, ""mc_hi_1"": 1.0, ""mc_hi_2"": 1.0, ""mc_hi_3"": 1.0, ""mc_hi_4"": 1.0, ""mc_hi_5"": 1.0, ""mc_lo_0"": 1.0, ""mc_lo_1"": 1.0, ""mc_lo_2"": 1.0, ""mc_lo_3"": 4.029411764705882, ""mc_lo_4"": 1.4842857142857142, ""mc_lo_5"": 4.043478260869565}","{""mc_hi_0"": 1.0, ""mc_hi_1"": 1.0, ""mc_hi_2"": 1.0, ""mc_hi_3"": 1.0, ""mc_hi_4"": 1.0, ""mc_hi_5"": 1.0, ""mc_lo_0"": 1.0, ""mc_lo_1"": 1.0, ""mc_lo_2"": 1.0, ""mc_lo_3"": 4.029411764705882, ""mc_lo_4"": 1.9176190476190476, ""mc_lo_5"": 4.043478260869565}","{""mc_hi_0"": 1.0, ""mc_hi_1"": 1.0, ""mc_hi_2"": 1.0, ""mc_hi_3"": 1.0, ""mc_hi_4"": 1.0, ""mc_hi_5"": 1.0, ""mc_lo_0"": 1.0, ""mc_lo_1"": 1.0, ""mc_lo_2"": 1.0, ""mc_lo_3"": 1.0, ""mc_lo_4"": 1.0, ""mc_lo_5"": 1.0}","{""mc_hi_0"": 0, ""mc_hi_1"": 0, ""mc_hi_2"": 0, ""mc_hi_3"": 0, ""mc_hi_4"": 0, ""mc_hi_5"": 0, ""mc_lo_0"": 0, ""mc_lo_1"": 0, ""mc_lo_2"": 0, ""mc_lo_3"": 62, ""mc_lo_4"": 954, ""mc_lo_5"": 68}","{""mc_hi_0"": 0, ""mc_hi_1"": 0, ""mc_hi_2"": 0, ""mc_hi_3"": 0, ""mc_hi_4"": 0, ""mc_hi_5"": 0, ""mc_lo_0"": 0, ""mc_lo_1"": 0, ""mc_lo_2"": 0, ""mc_lo_3"": 0, ""mc_lo_4"": 916, ""mc_lo_5"": 0}","{""mc_hi_0"": 0, ""mc_hi_1"": 0, ""mc_hi_2"": 0, ""mc_hi_3"": 0, ""mc_hi_4"": 0, ""mc_hi_5"": 0, ""mc_lo_0"": 0, ""mc_lo_1"": 0, ""mc_lo_2"": 0, ""mc_lo_3"": 0, ""mc_lo_4"": 916, ""mc_lo_5"": 0}","{""mc_hi_0"": 0, ""mc_hi_1"": 0, ""mc_hi_2"": 0, ""mc_hi_3"": 0, ""mc_hi_4"": 0, ""mc_hi_5"": 0, ""mc_lo_0"": 0, ""mc_lo_1"": 0, ""mc_lo_2"": 0, ""mc_lo_3"": 60, ""mc_lo_4"": 951, ""mc_lo_5"": 65}","{""mc_hi_0"": 0, ""mc_hi_1"": 0, ""mc_hi_2"": 0, ""mc_hi_3"": 0, ""mc_hi_4"": 0, ""mc_hi_5"": 0, ""mc_lo_0"": 0, ""mc_lo_1"": 0, ""mc_lo_2"": 0, ""mc_lo_3"": 62, ""mc_lo_4"": 11, ""mc_lo_5"": 51}","{""mc_hi_0"": 0, ""mc_hi_1"": 0, ""mc_hi_2"": 0, ""mc_hi_3"": 0, ""mc_hi_4"": 0, ""mc_hi_5"": 0, ""mc_lo_0"": 0, ""mc_lo_1"": 0, ""mc_lo_2"": 0, ""mc_lo_3"": 1998, ""mc_lo_4"": 1910, ""mc_lo_5"": 1936}","{""mc_hi_0"": 0, ""mc_hi_1"": 0, ""mc_hi_2"": 0, ""mc_hi_3"": 0, ""mc_hi_4"": 0, ""mc_hi_5"": 0, ""mc_lo_0"": 0, ""mc_lo_1"": 0, ""mc_lo_2"": 0, ""mc_lo_3"": 0, ""mc_lo_4"": 0, ""mc_lo_5"": 0}",18000,1353,16647,0,0,0.07516666666666667,0.9248333333333333,0.883,2000,57.912,2328.5,0.12936111111111112,0.8706388888888889,0.12936111111111115,14696,0.8164444444444444,1951,1951,0,0,0,0.1083888888888889,0.1083888888888889,0.11719829398690455,975.5,643830.0,1285709.0,0.5007587253414001,643830.0,0.06517981674168544,1353,0.07516666666666667,14696.0,15671.5,,,,,,,,,,0,,,,,,,,,,,,,,,,,,,
mc_fairgen,0.65,12,2.0,0.5,1586,185,101586,bc_tree_agent,,True,1,50000000,25000,C_AMC_SEM,0.5,interval_qos_v2_single_recovery_full_C5_overinc016_abs005,True,True,4.0,lo,1213,1341,0,2554,0,1341,0,1213,12015696,50000000,0.24031392,,,,1341,,,,,,,2000,0,2000,2000,0,0,0.0,0.0,1.0,0.0,-1054.2565795497046,True,2000,2000,0,8.9075,15.0925,,,16,0.6288541666666667,0,0,0.0,single,24,0.02,0.02,0.9,0,,,,,v11_full_10d,128,integer_tree_ranked_valid_or_none,fixed_point_int,1000000,bb255908bec90f8d54945322db333c5c2d2df5af1c5e76fc9016dc8c975a381e,viper_integer_ranked_artifact_v1,True,,,,,,,,,,,,,,,,,,,,,,,,,,,,,,,,,18000,1341,16659,0,0,0.0745,0.9255,0.883,2000,146.813,2316.5,0.12869444444444444,0.8713055555555556,0.12869444444444444,14708,0.8171111111111111,1951,1951,0,0,0,0.1083888888888889,0.1083888888888889,0.11711387238129539,975.5,643830.0,1285709.0,0.5007587253414001,643830.0,0.06516666169015496,1341,0.0745,14708.0,15683.5,,,,,,,,,,,bc_iter_001,bc,3,11,6,3,10,239,0.1195,239,0.1195,0,0.0,2000,1050,0.525,0.4055,0.010748764038085938,0.03700141906738281
mc_fairgen,0.65,12,2.0,0.5,1586,185,101586,viper_tree_agent,,True,1,50000000,25000,C_AMC_SEM,0.5,interval_qos_v2_single_recovery_full_C5_overinc016_abs005,True,True,4.0,lo,1213,1340,0,2553,0,1340,0,1213,12015696,50000000,0.24031392,,,,1340,,,,,,,2000,0,2000,2000,0,0,0.0,0.0,1.0,0.0,-1023.4869538866587,True,2000,2000,0,9.0965,14.9035,,,15,0.6209791666666666,0,0,0.0,single,24,0.02,0.02,0.9,0,,,,,v11_full_10d,128,integer_tree_ranked_valid_or_none,fixed_point_int,1000000,bb255908bec90f8d54945322db333c5c2d2df5af1c5e76fc9016dc8c975a381e,viper_integer_ranked_artifact_v1,True,,,,,,,,,,,,,,,,,,,,,,,,,,,,,,,,,18000,1340,16660,0,0,0.07444444444444444,0.9255555555555556,0.883,2000,62.965,2315.5,0.12863888888888889,0.8713611111111111,0.12863888888888886,14709,0.8171666666666667,1951,1951,0,0,0,0.1083888888888889,0.1083888888888889,0.11710684273709483,975.5,643830.0,1285709.0,0.5007587253414001,643830.0,0.0651655667748424,1340,0.07444444444444444,14709.0,15684.5,,,,,,,,,,,viper_iter_002,viper,3,11,6,3,10,0,0.0,0,0.0,0,0.0,2000,1044,0.522,0.522,0.004936798095703125,0.02254543304443359
mc_fairgen,0.65,12,2.0,0.5,1587,185,101587,c_amc_sem_baseline,,True,1,50000000,25000,C_AMC_SEM,0.5,interval_qos_v2_single_recovery_full_C5_overinc016_abs005,True,True,4.0,lo,1156,1967,0,3123,0,1967,0,1156,11730506,50000000,0.23461012,23.119999999999997,10147.496539792388,1,1967,1967,1967,0,0,0,0.0,0,0,0,0,0,0,0.0,0.0,0.0,0.0,0.0,True,0,0,0,0.0,0.0,0,0.0,0,0.0,0,0,0.0,single,24,0.02,0.02,0.9,0,0,0.0,0,0.0,,,,,,,,,,,,,,,,,,,,,,,,,,,,,,,,,,,,,,,,,18000,1967,16033,0,0,0.10927777777777778,0.8907222222222222,0.866,0,,2928.5,0.16269444444444445,0.8373055555555555,0.16269444444444447,14110,0.7838888888888889,1923,1923,0,0,0,0.10683333333333334,0.10683333333333334,0.11994012349529096,961.5,634590.0,1267257.0,0.5007587253414005,634590.0,0.06477301782612978,1967,0.10927777777777778,14110.0,15071.5,,,,,,,,,,,,,,,,,,,,,,,,,,,,,
mc_fairgen,0.65,12,2.0,0.5,1587,185,101587,dqn_agent,mlp,True,1,50000000,25000,C_AMC_SEM,0.5,interval_qos_v2_single_recovery_full_C5_overinc016_abs005,True,True,4.0,lo,1156,1379,0,2535,0,1379,0,1156,11774334,50000000,0.23548668,23.119999999999997,10185.410034602077,1,1379,1379,1379,0,0,0,0.0,2000,0,2000,2000,0,0,0.0,0.0,1.0,0.0,-1017.9477803751513,True,2000,2000,0,9.111,14.889,12000,0.25,15,0.620375,0,0,0.0,single,24,0.02,0.02,0.9,0,0,0.0,3778,0.07870833333333334,v11_full_10d,128,,,,,,,0.25552947874802096,1074,0.0,0,0.0,0.0,0.0,0.0,0,0.0,0.0,0.0,0.0,918,0,0.509966851834937,1.4915,837,0.08204223339564652,0.8328333333333333,0.8328333333333333,0.0,"{""mc_hi_0"": 1.0, ""mc_hi_1"": 1.0, ""mc_hi_2"": 1.0, ""mc_hi_3"": 1.0, ""mc_hi_4"": 1.0, ""mc_hi_5"": 1.0, ""mc_lo_0"": 1.0, ""mc_lo_1"": 1.0, ""mc_lo_2"": 1.0, ""mc_lo_3"": 4.029411764705882, ""mc_lo_4"": 1.3623809523809525, ""mc_lo_5"": 4.043478260869565}","{""mc_hi_0"": 1.0, ""mc_hi_1"": 1.0, ""mc_hi_2"": 1.0, ""mc_hi_3"": 1.0, ""mc_hi_4"": 1.0, ""mc_hi_5"": 1.0, ""mc_lo_0"": 1.0, ""mc_lo_1"": 1.0, ""mc_lo_2"": 1.0, ""mc_lo_3"": 4.029411764705882, ""mc_lo_4"": 2.0914285714285716, ""mc_lo_5"": 4.043478260869565}","{""mc_hi_0"": 1.0, ""mc_hi_1"": 1.0, ""mc_hi_2"": 1.0, ""mc_hi_3"": 1.0, ""mc_hi_4"": 1.0, ""mc_hi_5"": 1.0, ""mc_lo_0"": 1.0, ""mc_lo_1"": 1.0, ""mc_lo_2"": 1.0, ""mc_lo_3"": 1.0, ""mc_lo_4"": 1.0, ""mc_lo_5"": 1.0}","{""mc_hi_0"": 0, ""mc_hi_1"": 0, ""mc_hi_2"": 0, ""mc_hi_3"": 0, ""mc_hi_4"": 0, ""mc_hi_5"": 0, ""mc_lo_0"": 0, ""mc_lo_1"": 0, ""mc_lo_2"": 0, ""mc_lo_3"": 62, ""mc_lo_4"": 952, ""mc_lo_5"": 68}","{""mc_hi_0"": 0, ""mc_hi_1"": 0, ""mc_hi_2"": 0, ""mc_hi_3"": 0, ""mc_hi_4"": 0, ""mc_hi_5"": 0, ""mc_lo_0"": 0, ""mc_lo_1"": 0, ""mc_lo_2"": 0, ""mc_lo_3"": 0, ""mc_lo_4"": 918, ""mc_lo_5"": 0}","{""mc_hi_0"": 0, ""mc_hi_1"": 0, ""mc_hi_2"": 0, ""mc_hi_3"": 0, ""mc_hi_4"": 0, ""mc_hi_5"": 0, ""mc_lo_0"": 0, ""mc_lo_1"": 0, ""mc_lo_2"": 0, ""mc_lo_3"": 0, ""mc_lo_4"": 918, ""mc_lo_5"": 0}","{""mc_hi_0"": 0, ""mc_hi_1"": 0, ""mc_hi_2"": 0, ""mc_hi_3"": 0, ""mc_hi_4"": 0, ""mc_hi_5"": 0, ""mc_lo_0"": 0, ""mc_lo_1"": 0, ""mc_lo_2"": 0, ""mc_lo_3"": 60, ""mc_lo_4"": 949, ""mc_lo_5"": 65}","{""mc_hi_0"": 0, ""mc_hi_1"": 0, ""mc_hi_2"": 0, ""mc_hi_3"": 0, ""mc_hi_4"": 0, ""mc_hi_5"": 0, ""mc_lo_0"": 0, ""mc_lo_1"": 0, ""mc_lo_2"": 0, ""mc_lo_3"": 62, ""mc_lo_4"": 16, ""mc_lo_5"": 30}","{""mc_hi_0"": 0, ""mc_hi_1"": 0, ""mc_hi_2"": 0, ""mc_hi_3"": 0, ""mc_hi_4"": 0, ""mc_hi_5"": 0, ""mc_lo_0"": 0, ""mc_lo_1"": 0, ""mc_lo_2"": 0, ""mc_lo_3"": 1998, ""mc_lo_4"": 1924, ""mc_lo_5"": 1936}","{""mc_hi_0"": 0, ""mc_hi_1"": 0, ""mc_hi_2"": 0, ""mc_hi_3"": 0, ""mc_hi_4"": 0, ""mc_hi_5"": 0, ""mc_lo_0"": 0, ""mc_lo_1"": 0, ""mc_lo_2"": 0, ""mc_lo_3"": 0, ""mc_lo_4"": 0, ""mc_lo_5"": 0}",18000,1379,16621,0,0,0.07661111111111112,0.9233888888888889,0.8725,2000,58.028,2341.0,0.13005555555555556,0.8699444444444444,0.1300555555555556,14697,0.8165,1924,1924,0,0,0,0.1068888888888889,0.1068888888888889,0.11575717465856447,962.0,634920.0,1267916.0,0.5007587253414005,634920.0,0.06415489974811735,1379,0.07661111111111112,14697.0,15659.0,,,,,,,,,,0,,,,,,,,,,,,,,,,,,,
mc_fairgen,0.65,12,2.0,0.5,1587,185,101587,bc_tree_agent,,True,1,50000000,25000,C_AMC_SEM,0.5,interval_qos_v2_single_recovery_full_C5_overinc016_abs005,True,True,4.0,lo,1156,1361,0,2517,0,1361,0,1156,11773758,50000000,0.23547516,,,,1361,,,,,,,2000,0,2000,2000,0,0,0.0,0.0,1.0,0.0,-1046.96706908669,True,2000,2000,0,8.9085,15.0915,,,16,0.6288125,0,0,0.0,single,24,0.02,0.02,0.9,0,,,,,v11_full_10d,128,integer_tree_ranked_valid_or_none,fixed_point_int,1000000,bb255908bec90f8d54945322db333c5c2d2df5af1c5e76fc9016dc8c975a381e,viper_integer_ranked_artifact_v1,True,,,,,,,,,,,,,,,,,,,,,,,,,,,,,,,,,18000,1361,16639,0,0,0.07561111111111112,0.9243888888888889,0.8725,2000,144.3585,2323.0,0.12905555555555556,0.8709444444444444,0.1290555555555556,14715,0.8175,1924,1924,0,0,0,0.1068888888888889,0.1068888888888889,0.11563194903539877,962.0,634920.0,1267916.0,0.5007587253414005,634920.0,0.06415330509962798,1361,0.07561111111111112,14715.0,15677.0,,,,,,,,,,,bc_iter_001,bc,3,11,6,3,10,255,0.1275,255,0.1275,0,0.0,2000,1032,0.516,0.3885,0.01069838523864746,0.03752708435058593
mc_fairgen,0.65,12,2.0,0.5,1587,185,101587,viper_tree_agent,,True,1,50000000,25000,C_AMC_SEM,0.5,interval_qos_v2_single_recovery_full_C5_overinc016_abs005,True,True,4.0,lo,1156,1359,0,2515,0,1359,0,1156,11774619,50000000,0.23549238,,,,1359,,,,,,,2000,0,2000,2000,0,0,0.0,0.0,1.0,0.0,-1016.0919813533187,True,2000,2000,0,9.0965,14.9035,,,15,0.6209791666666666,0,0,0.0,single,24,0.02,0.02,0.9,0,,,,,v11_full_10d,128,integer_tree_ranked_valid_or_none,fixed_point_int,1000000,bb255908bec90f8d54945322db333c5c2d2df5af1c5e76fc9016dc8c975a381e,viper_integer_ranked_artifact_v1,True,,,,,,,,,,,,,,,,,,,,,,,,,,,,,,,,,18000,1359,16641,0,0,0.0755,0.9245,0.8725,2000,62.965,2321.0,0.12894444444444444,0.8710555555555556,0.12894444444444442,14717,0.8176111111111111,1924,1924,0,0,0,0.1068888888888889,0.1068888888888889,0.11561805179977165,962.0,634920.0,1267916.0,0.5007587253414005,634920.0,0.0641477244541427,1359,0.0755,14717.0,15679.0,,,,,,,,,,,viper_iter_002,viper,3,11,6,3,10,0,0.0,0,0.0,0,0.0,2000,983,0.4915,0.4915,0.005168796539306641,0.021516036987304685
mc_fairgen,0.65,12,2.0,0.5,1588,185,101588,c_amc_sem_baseline,,True,1,50000000,25000,C_AMC_SEM,0.5,interval_qos_v2_single_recovery_full_C5_overinc016_abs005,True,True,4.0,lo,1221,1926,0,3147,0,1926,0,1221,12142005,50000000,0.2428401,24.42,9944.312039312039,1,1926,1926,1926,0,0,0,0.0,0,0,0,0,0,0,0.0,0.0,0.0,0.0,0.0,True,0,0,0,0.0,0.0,0,0.0,0,0.0,0,0,0.0,single,24,0.02,0.02,0.9,0,0,0.0,0,0.0,,,,,,,,,,,,,,,,,,,,,,,,,,,,,,,,,,,,,,,,,18000,1926,16074,0,0,0.107,0.893,0.8734999999999999,0,,2917.0,0.16205555555555556,0.8379444444444445,0.1620555555555555,14092,0.7828888888888889,1982,1982,0,0,0,0.11011111111111112,0.11011111111111112,0.12330471568993405,991.0,654060.0,1306138.0,0.5007587253413996,654060.0,0.06678691292643207,1926,0.107,14092.0,15083.0,,,,,,,,,,,,,,,,,,,,,,,,,,,,,
mc_fairgen,0.65,12,2.0,0.5,1588,185,101588,dqn_agent,mlp,True,1,50000000,25000,C_AMC_SEM,0.5,interval_qos_v2_single_recovery_full_C5_overinc016_abs005,True,True,4.0,lo,1221,1339,0,2560,0,1339,0,1221,12185169,50000000,0.24370338,24.42,9979.66339066339,1,1339,1339,1339,0,0,0,0.0,2000,0,2000,2000,0,0,0.0,0.0,1.0,0.0,-1030.5596271068507,True,2000,2000,0,9.1035,14.8965,12000,0.25,15,0.6206875,0,0,0.0,single,24,0.02,0.02,0.9,0,0,0.0,3793,0.07902083333333333,v11_full_10d,128,,,,,,,0.26555328827183045,1074,0.0,0,0.0,0.0,0.0,0.0,0,0.0,0.0,0.0,0.0,918,0,0.5120404957272765,1.7125,838,0.08139288244527598,0.8328333333333333,0.8328333333333333,0.0,"{""mc_hi_0"": 1.0, ""mc_hi_1"": 1.0, ""mc_hi_2"": 1.0, ""mc_hi_3"": 1.0, ""mc_hi_4"": 1.0, ""mc_hi_5"": 1.0, ""mc_lo_0"": 1.0, ""mc_lo_1"": 1.0, ""mc_lo_2"": 1.0, ""mc_lo_3"": 4.029411764705882, ""mc_lo_4"": 1.361904761904762, ""mc_lo_5"": 4.043478260869565}","{""mc_hi_0"": 1.0, ""mc_hi_1"": 1.0, ""mc_hi_2"": 1.0, ""mc_hi_3"": 1.0, ""mc_hi_4"": 1.0, ""mc_hi_5"": 1.0, ""mc_lo_0"": 1.0, ""mc_lo_1"": 1.0, ""mc_lo_2"": 1.0, ""mc_lo_3"": 4.029411764705882, ""mc_lo_4"": 1.9290476190476191, ""mc_lo_5"": 4.043478260869565}","{""mc_hi_0"": 1.0, ""mc_hi_1"": 1.0, ""mc_hi_2"": 1.0, ""mc_hi_3"": 1.0, ""mc_hi_4"": 1.0, ""mc_hi_5"": 1.0, ""mc_lo_0"": 1.0, ""mc_lo_1"": 1.0, ""mc_lo_2"": 1.0, ""mc_lo_3"": 1.0, ""mc_lo_4"": 1.0, ""mc_lo_5"": 1.0}","{""mc_hi_0"": 0, ""mc_hi_1"": 0, ""mc_hi_2"": 0, ""mc_hi_3"": 0, ""mc_hi_4"": 0, ""mc_hi_5"": 0, ""mc_lo_0"": 0, ""mc_lo_1"": 0, ""mc_lo_2"": 0, ""mc_lo_3"": 62, ""mc_lo_4"": 952, ""mc_lo_5"": 68}","{""mc_hi_0"": 0, ""mc_hi_1"": 0, ""mc_hi_2"": 0, ""mc_hi_3"": 0, ""mc_hi_4"": 0, ""mc_hi_5"": 0, ""mc_lo_0"": 0, ""mc_lo_1"": 0, ""mc_lo_2"": 0, ""mc_lo_3"": 0, ""mc_lo_4"": 918, ""mc_lo_5"": 0}","{""mc_hi_0"": 0, ""mc_hi_1"": 0, ""mc_hi_2"": 0, ""mc_hi_3"": 0, ""mc_hi_4"": 0, ""mc_hi_5"": 0, ""mc_lo_0"": 0, ""mc_lo_1"": 0, ""mc_lo_2"": 0, ""mc_lo_3"": 0, ""mc_lo_4"": 918, ""mc_lo_5"": 0}","{""mc_hi_0"": 0, ""mc_hi_1"": 0, ""mc_hi_2"": 0, ""mc_hi_3"": 0, ""mc_hi_4"": 0, ""mc_hi_5"": 0, ""mc_lo_0"": 0, ""mc_lo_1"": 0, ""mc_lo_2"": 0, ""mc_lo_3"": 60, ""mc_lo_4"": 949, ""mc_lo_5"": 65}","{""mc_hi_0"": 0, ""mc_hi_1"": 0, ""mc_hi_2"": 0, ""mc_hi_3"": 0, ""mc_hi_4"": 0, ""mc_hi_5"": 0, ""mc_lo_0"": 0, ""mc_lo_1"": 0, ""mc_lo_2"": 0, ""mc_lo_3"": 62, ""mc_lo_4"": 12, ""mc_lo_5"": 49}","{""mc_hi_0"": 0, ""mc_hi_1"": 0, ""mc_hi_2"": 0, ""mc_hi_3"": 0, ""mc_hi_4"": 0, ""mc_hi_5"": 0, ""mc_lo_0"": 0, ""mc_lo_1"": 0, ""mc_lo_2"": 0, ""mc_lo_3"": 1998, ""mc_lo_4"": 1909, ""mc_lo_5"": 1936}","{""mc_hi_0"": 0, ""mc_hi_1"": 0, ""mc_hi_2"": 0, ""mc_hi_3"": 0, ""mc_hi_4"": 0, ""mc_hi_5"": 0, ""mc_lo_0"": 0, ""mc_lo_1"": 0, ""mc_lo_2"": 0, ""mc_lo_3"": 0, ""mc_lo_4"": 0, ""mc_lo_5"": 0}",18000,1339,16661,0,0,0.0743888888888889,0.9256111111111112,0.88,2000,58.8625,2331.0,0.1295,0.8705,0.12949999999999995,14677,0.8153888888888889,1984,1984,0,0,0,0.11022222222222222,0.11022222222222222,0.11908048736570434,992.0,654720.0,1307456.0,0.5007587253413996,654720.0,0.06627583306896019,1339,0.0743888888888889,14677.0,15669.0,,,,,,,,,,0,,,,,,,,,,,,,,,,,,,
mc_fairgen,0.65,12,2.0,0.5,1588,185,101588,bc_tree_agent,,True,1,50000000,25000,C_AMC_SEM,0.5,interval_qos_v2_single_recovery_full_C5_overinc016_abs005,True,True,4.0,lo,1221,1325,0,2546,0,1325,0,1221,12185910,50000000,0.2437182,,,,1325,,,,,,,2000,0,2000,2000,0,0,0.0,0.0,1.0,0.0,-1061.127599184708,True,2000,2000,0,8.917,15.083,,,16,0.6284583333333333,0,0,0.0,single,24,0.02,0.02,0.9,0,,,,,v11_full_10d,128,integer_tree_ranked_valid_or_none,fixed_point_int,1000000,bb255908bec90f8d54945322db333c5c2d2df5af1c5e76fc9016dc8c975a381e,viper_integer_ranked_artifact_v1,True,,,,,,,,,,,,,,,,,,,,,,,,,,,,,,,,,18000,1325,16675,0,0,0.07361111111111111,0.9263888888888889,0.88,2000,145.7335,2317.0,0.1287222222222222,0.8712777777777778,0.12872222222222218,14691,0.8161666666666667,1984,1984,0,0,0,0.11022222222222222,0.11022222222222222,0.11898050974512743,992.0,654720.0,1307456.0,0.5007587253413996,654720.0,0.06626656259210437,1325,0.07361111111111111,14691.0,15683.0,,,,,,,,,,,bc_iter_001,bc,3,11,6,3,10,229,0.1145,229,0.1145,0,0.0,2000,1077,0.5385,0.424,0.010031566619873047,0.0364297866821289
mc_fairgen,0.65,12,2.0,0.5,1588,185,101588,viper_tree_agent,,True,1,50000000,25000,C_AMC_SEM,0.5,interval_qos_v2_single_recovery_full_C5_overinc016_abs005,True,True,4.0,lo,1221,1324,0,2545,0,1324,0,1221,12185910,50000000,0.2437182,,,,1324,,,,,,,2000,0,2000,2000,0,0,0.0,0.0,1.0,0.0,-1030.0526571926061,True,2000,2000,0,9.0965,14.9035,,,15,0.6209791666666666,0,0,0.0,single,24,0.02,0.02,0.9,0,,,,,v11_full_10d,128,integer_tree_ranked_valid_or_none,fixed_point_int,1000000,bb255908bec90f8d54945322db333c5c2d2df5af1c5e76fc9016dc8c975a381e,viper_integer_ranked_artifact_v1,True,,,,,,,,,,,,,,,,,,,,,,,,,,,,,,,,,18000,1324,16676,0,0,0.07355555555555555,0.9264444444444444,0.88,2000,62.965,2316.0,0.12866666666666668,0.8713333333333333,0.1286666666666667,14692,0.8162222222222222,1984,1984,0,0,0,0.11022222222222222,0.11022222222222222,0.11897337491005038,992.0,654720.0,1307456.0,0.5007587253413996,654720.0,0.06626499988006472,1324,0.07355555555555555,14692.0,15684.0,,,,,,,,,,,viper_iter_002,viper,3,11,6,3,10,0,0.0,0,0.0,0,0.0,2000,1089,0.5445,0.5445,0.0047818031311035155,0.02125110626220703
mc_fairgen,0.65,12,2.0,0.5,1589,185,101589,c_amc_sem_baseline,,True,1,50000000,25000,C_AMC_SEM,0.5,interval_qos_v2_single_recovery_full_C5_overinc016_abs005,True,True,4.0,lo,1162,1966,0,3128,0,1966,0,1162,11554588,50000000,0.23109176,23.240000000000002,9943.707401032701,1,1966,1966,1966,0,0,0,0.0,0,0,0,0,0,0,0.0,0.0,0.0,0.0,0.0,True,0,0,0,0.0,0.0,0,0.0,0,0.0,0,0,0.0,single,24,0.02,0.02,0.9,0,0,0.0,0,0.0,,,,,,,,,,,,,,,,,,,,,,,,,,,,,,,,,,,,,,,,,18000,1966,16034,0,0,0.10922222222222222,0.8907777777777778,0.8705,0,,2909.0,0.16161111111111112,0.8383888888888889,0.16161111111111115,14148,0.786,1886,1886,0,0,0,0.10477777777777778,0.10477777777777778,0.11762504677560184,943.0,622380.0,1242874.0,0.5007587253414011,622380.0,0.06345482883417275,1966,0.10922222222222222,14148.0,15091.0,,,,,,,,,,,,,,,,,,,,,,,,,,,,,
mc_fairgen,0.65,12,2.0,0.5,1589,185,101589,dqn_agent,mlp,True,1,50000000,25000,C_AMC_SEM,0.5,interval_qos_v2_single_recovery_full_C5_overinc016_abs005,True,True,4.0,lo,1162,1377,0,2539,0,1377,0,1162,11599584,50000000,0.23199168,23.240000000000002,9982.430292598967,1,1377,1377,1377,0,0,0,0.0,2000,0,2000,2000,0,0,0.0,0.0,1.0,0.0,-1015.1057240689084,True,2000,2000,0,9.1085,14.8915,12000,0.25,15,0.6204791666666667,0,0,0.0,single,24,0.02,0.02,0.9,0,0,0.0,3783,0.0788125,v11_full_10d,128,,,,,,,0.2611406692242114,1075,0.0,0,0.0,0.0,0.0,0.0,0,0.0,0.0,0.0,0.0,917,0,0.5106942086327285,1.5565,837,0.08145627811954885,0.8328333333333333,0.8328333333333333,0.0,"{""mc_hi_0"": 1.0, ""mc_hi_1"": 1.0, ""mc_hi_2"": 1.0, ""mc_hi_3"": 1.0, ""mc_hi_4"": 1.0, ""mc_hi_5"": 1.0, ""mc_lo_0"": 1.0, ""mc_lo_1"": 1.0, ""mc_lo_2"": 1.0, ""mc_lo_3"": 4.029411764705882, ""mc_lo_4"": 1.4123809523809523, ""mc_lo_5"": 4.043478260869565}","{""mc_hi_0"": 1.0, ""mc_hi_1"": 1.0, ""mc_hi_2"": 1.0, ""mc_hi_3"": 1.0, ""mc_hi_4"": 1.0, ""mc_hi_5"": 1.0, ""mc_lo_0"": 1.0, ""mc_lo_1"": 1.0, ""mc_lo_2"": 1.0, ""mc_lo_3"": 4.029411764705882, ""mc_lo_4"": 1.9647619047619047, ""mc_lo_5"": 4.043478260869565}","{""mc_hi_0"": 1.0, ""mc_hi_1"": 1.0, ""mc_hi_2"": 1.0, ""mc_hi_3"": 1.0, ""mc_hi_4"": 1.0, ""mc_hi_5"": 1.0, ""mc_lo_0"": 1.0, ""mc_lo_1"": 1.0, ""mc_lo_2"": 1.0, ""mc_lo_3"": 1.0, ""mc_lo_4"": 1.0, ""mc_lo_5"": 1.0}","{""mc_hi_0"": 0, ""mc_hi_1"": 0, ""mc_hi_2"": 0, ""mc_hi_3"": 0, ""mc_hi_4"": 0, ""mc_hi_5"": 0, ""mc_lo_0"": 0, ""mc_lo_1"": 0, ""mc_lo_2"": 0, ""mc_lo_3"": 62, ""mc_lo_4"": 953, ""mc_lo_5"": 68}","{""mc_hi_0"": 0, ""mc_hi_1"": 0, ""mc_hi_2"": 0, ""mc_hi_3"": 0, ""mc_hi_4"": 0, ""mc_hi_5"": 0, ""mc_lo_0"": 0, ""mc_lo_1"": 0, ""mc_lo_2"": 0, ""mc_lo_3"": 0, ""mc_lo_4"": 917, ""mc_lo_5"": 0}","{""mc_hi_0"": 0, ""mc_hi_1"": 0, ""mc_hi_2"": 0, ""mc_hi_3"": 0, ""mc_hi_4"": 0, ""mc_hi_5"": 0, ""mc_lo_0"": 0, ""mc_lo_1"": 0, ""mc_lo_2"": 0, ""mc_lo_3"": 0, ""mc_lo_4"": 917, ""mc_lo_5"": 0}","{""mc_hi_0"": 0, ""mc_hi_1"": 0, ""mc_hi_2"": 0, ""mc_hi_3"": 0, ""mc_hi_4"": 0, ""mc_hi_5"": 0, ""mc_lo_0"": 0, ""mc_lo_1"": 0, ""mc_lo_2"": 0, ""mc_lo_3"": 60, ""mc_lo_4"": 950, ""mc_lo_5"": 65}","{""mc_hi_0"": 0, ""mc_hi_1"": 0, ""mc_hi_2"": 0, ""mc_hi_3"": 0, ""mc_hi_4"": 0, ""mc_hi_5"": 0, ""mc_lo_0"": 0, ""mc_lo_1"": 0, ""mc_lo_2"": 0, ""mc_lo_3"": 62, ""mc_lo_4"": 16, ""mc_lo_5"": 34}","{""mc_hi_0"": 0, ""mc_hi_1"": 0, ""mc_hi_2"": 0, ""mc_hi_3"": 0, ""mc_hi_4"": 0, ""mc_hi_5"": 0, ""mc_lo_0"": 0, ""mc_lo_1"": 0, ""mc_lo_2"": 0, ""mc_lo_3"": 1998, ""mc_lo_4"": 1914, ""mc_lo_5"": 1936}","{""mc_hi_0"": 0, ""mc_hi_1"": 0, ""mc_hi_2"": 0, ""mc_hi_3"": 0, ""mc_hi_4"": 0, ""mc_hi_5"": 0, ""mc_lo_0"": 0, ""mc_lo_1"": 0, ""mc_lo_2"": 0, ""mc_lo_3"": 0, ""mc_lo_4"": 0, ""mc_lo_5"": 0}",18000,1377,16623,0,0,0.0765,0.9235,0.8815,2000,58.4775,2321.0,0.12894444444444444,0.8710555555555556,0.12894444444444442,14735,0.8186111111111111,1888,1888,0,0,0,0.10488888888888889,0.10488888888888889,0.11357757324189376,944.0,623040.0,1244192.0,0.5007587253414011,623040.0,0.06295906387600428,1377,0.0765,14735.0,15679.0,,,,,,,,,,0,,,,,,,,,,,,,,,,,,,
mc_fairgen,0.65,12,2.0,0.5,1589,185,101589,bc_tree_agent,,True,1,50000000,25000,C_AMC_SEM,0.5,interval_qos_v2_single_recovery_full_C5_overinc016_abs005,True,True,4.0,lo,1162,1373,0,2535,0,1373,0,1162,11600071,50000000,0.23200142,,,,1373,,,,,,,2000,0,2000,2000,0,0,0.0,0.0,1.0,0.0,-1049.8222246251796,True,2000,2000,0,8.9185,15.0815,,,16,0.6283958333333334,0,0,0.0,single,24,0.02,0.02,0.9,0,,,,,v11_full_10d,128,integer_tree_ranked_valid_or_none,fixed_point_int,1000000,bb255908bec90f8d54945322db333c5c2d2df5af1c5e76fc9016dc8c975a381e,viper_integer_ranked_artifact_v1,True,,,,,,,,,,,,,,,,,,,,,,,,,,,,,,,,,18000,1373,16627,0,0,0.07627777777777778,0.9237222222222222,0.8815,2000,142.497,2317.0,0.1287222222222222,0.8712777777777778,0.12872222222222218,14739,0.8188333333333333,1888,1888,0,0,0,0.10488888888888889,0.10488888888888889,0.1135502495940338,944.0,623040.0,1244192.0,0.5007587253414011,623040.0,0.06296865938729668,1373,0.07627777777777778,14739.0,15683.0,,,,,,,,,,,bc_iter_001,bc,3,11,6,3,10,231,0.1155,231,0.1155,0,0.0,2000,1058,0.529,0.4135,0.010389528274536132,0.036198616027832024
mc_fairgen,0.65,12,2.0,0.5,1589,185,101589,viper_tree_agent,,True,1,50000000,25000,C_AMC_SEM,0.5,interval_qos_v2_single_recovery_full_C5_overinc016_abs005,True,True,4.0,lo,1162,1368,0,2530,0,1368,0,1162,11600591,50000000,0.23201182,,,,1368,,,,,,,2000,0,2000,2000,0,0,0.0,0.0,1.0,0.0,-1018.3705513354282,True,2000,2000,0,9.0965,14.9035,,,15,0.6209791666666666,0,0,0.0,single,24,0.02,0.02,0.9,0,,,,,v11_full_10d,128,integer_tree_ranked_valid_or_none,fixed_point_int,1000000,bb255908bec90f8d54945322db333c5c2d2df5af1c5e76fc9016dc8c975a381e,viper_integer_ranked_artifact_v1,True,,,,,,,,,,,,,,,,,,,,,,,,,,,,,,,,,18000,1368,16632,0,0,0.076,0.924,0.8815,2000,62.965,2312.0,0.12844444444444444,0.8715555555555555,0.12844444444444447,14744,0.8191111111111111,1888,1888,0,0,0,0.10488888888888889,0.10488888888888889,0.11351611351611351,944.0,623040.0,1244192.0,0.5007587253414011,623040.0,0.06295886028941432,1368,0.076,14744.0,15688.0,,,,,,,,,,,viper_iter_002,viper,3,11,6,3,10,0,0.0,0,0.0,0,0.0,2000,1043,0.5215,0.5215,0.004789731979370117,0.021439743041992185
mc_fairgen,0.65,12,2.0,0.5,1590,185,101590,c_amc_sem_baseline,,True,1,50000000,25000,C_AMC_SEM,0.5,interval_qos_v2_single_recovery_full_C5_overinc016_abs005,True,True,4.0,lo,1214,1960,0,3174,0,1960,0,1214,12090622,50000000,0.24181244,24.28,9959.326194398682,1,1960,1960,1960,0,0,0,0.0,0,0,0,0,0,0,0.0,0.0,0.0,0.0,0.0,True,0,0,0,0.0,0.0,0,0.0,0,0.0,0,0,0.0,single,24,0.02,0.02,0.9,0,0,0.0,0,0.0,,,,,,,,,,,,,,,,,,,,,,,,,,,,,,,,,,,,,,,,,18000,1960,16040,0,0,0.10888888888888888,0.8911111111111111,0.869,0,,2948.5,0.16380555555555557,0.8361944444444445,0.16380555555555554,14063,0.7812777777777777,1977,1977,0,0,0,0.10983333333333334,0.10983333333333334,0.12325436408977557,988.5,652410.0,1302843.0,0.5007587253413998,652410.0,0.06674277927650053,1960,0.10888888888888888,14063.0,15051.5,,,,,,,,,,,,,,,,,,,,,,,,,,,,,
mc_fairgen,0.65,12,2.0,0.5,1590,185,101590,dqn_agent,mlp,True,1,50000000,25000,C_AMC_SEM,0.5,interval_qos_v2_single_recovery_full_C5_overinc016_abs005,True,True,4.0,lo,1214,1429,0,2643,0,1429,0,1214,12132659,50000000,0.24265318,24.28,9993.953047775947,1,1429,1429,1429,0,0,0,0.0,2000,0,2000,2000,0,0,0.0,0.0,1.0,0.0,-1058.4691689362332,True,2000,2000,0,9.101,14.899,12000,0.25,15,0.6207916666666666,0,0,0.0,single,24,0.02,0.02,0.9,0,0,0.0,3798,0.079125,v11_full_10d,128,,,,,,,0.2507037644623067,1079,0.0,0,0.0,0.0,0.0,0.0,0,0.0,0.0,0.0,0.0,913,0,0.5098287660861447,2.3485,841,0.08408659577819738,0.8328333333333333,0.8328333333333333,0.0,"{""mc_hi_0"": 1.0, ""mc_hi_1"": 1.0, ""mc_hi_2"": 1.0, ""mc_hi_3"": 1.0, ""mc_hi_4"": 1.0, ""mc_hi_5"": 1.0, ""mc_lo_0"": 1.0, ""mc_lo_1"": 1.0, ""mc_lo_2"": 1.0, ""mc_lo_3"": 4.029411764705882, ""mc_lo_4"": 1.668095238095238, ""mc_lo_5"": 4.043478260869565}","{""mc_hi_0"": 1.0, ""mc_hi_1"": 1.0, ""mc_hi_2"": 1.0, ""mc_hi_3"": 1.0, ""mc_hi_4"": 1.0, ""mc_hi_5"": 1.0, ""mc_lo_0"": 1.0, ""mc_lo_1"": 1.0, ""mc_lo_2"": 1.0, ""mc_lo_3"": 4.029411764705882, ""mc_lo_4"": 1.7819047619047619, ""mc_lo_5"": 4.043478260869565}","{""mc_hi_0"": 1.0, ""mc_hi_1"": 1.0, ""mc_hi_2"": 1.0, ""mc_hi_3"": 1.0, ""mc_hi_4"": 1.0, ""mc_hi_5"": 1.0, ""mc_lo_0"": 1.0, ""mc_lo_1"": 1.0, ""mc_lo_2"": 1.0, ""mc_lo_3"": 1.0, ""mc_lo_4"": 1.0, ""mc_lo_5"": 1.0}","{""mc_hi_0"": 0, ""mc_hi_1"": 0, ""mc_hi_2"": 0, ""mc_hi_3"": 0, ""mc_hi_4"": 0, ""mc_hi_5"": 0, ""mc_lo_0"": 0, ""mc_lo_1"": 0, ""mc_lo_2"": 0, ""mc_lo_3"": 62, ""mc_lo_4"": 957, ""mc_lo_5"": 68}","{""mc_hi_0"": 0, ""mc_hi_1"": 0, ""mc_hi_2"": 0, ""mc_hi_3"": 0, ""mc_hi_4"": 0, ""mc_hi_5"": 0, ""mc_lo_0"": 0, ""mc_lo_1"": 0, ""mc_lo_2"": 0, ""mc_lo_3"": 0, ""mc_lo_4"": 913, ""mc_lo_5"": 0}","{""mc_hi_0"": 0, ""mc_hi_1"": 0, ""mc_hi_2"": 0, ""mc_hi_3"": 0, ""mc_hi_4"": 0, ""mc_hi_5"": 0, ""mc_lo_0"": 0, ""mc_lo_1"": 0, ""mc_lo_2"": 0, ""mc_lo_3"": 0, ""mc_lo_4"": 913, ""mc_lo_5"": 0}","{""mc_hi_0"": 0, ""mc_hi_1"": 0, ""mc_hi_2"": 0, ""mc_hi_3"": 0, ""mc_hi_4"": 0, ""mc_hi_5"": 0, ""mc_lo_0"": 0, ""mc_lo_1"": 0, ""mc_lo_2"": 0, ""mc_lo_3"": 60, ""mc_lo_4"": 954, ""mc_lo_5"": 65}","{""mc_hi_0"": 0, ""mc_hi_1"": 0, ""mc_hi_2"": 0, ""mc_hi_3"": 0, ""mc_hi_4"": 0, ""mc_hi_5"": 0, ""mc_lo_0"": 0, ""mc_lo_1"": 0, ""mc_lo_2"": 0, ""mc_lo_3"": 62, ""mc_lo_4"": 27, ""mc_lo_5"": 68}","{""mc_hi_0"": 0, ""mc_hi_1"": 0, ""mc_hi_2"": 0, ""mc_hi_3"": 0, ""mc_hi_4"": 0, ""mc_hi_5"": 0, ""mc_lo_0"": 0, ""mc_lo_1"": 0, ""mc_lo_2"": 0, ""mc_lo_3"": 1998, ""mc_lo_4"": 1883, ""mc_lo_5"": 1936}","{""mc_hi_0"": 0, ""mc_hi_1"": 0, ""mc_hi_2"": 0, ""mc_hi_3"": 0, ""mc_hi_4"": 0, ""mc_hi_5"": 0, ""mc_lo_0"": 0, ""mc_lo_1"": 0, ""mc_lo_2"": 0, ""mc_lo_3"": 0, ""mc_lo_4"": 0, ""mc_lo_5"": 0}",18000,1429,16571,0,0,0.07938888888888888,0.9206111111111112,0.869,2000,57.501,2418.5,0.1343611111111111,0.8656388888888888,0.13436111111111115,14592,0.8106666666666666,1979,1979,0,0,0,0.10994444444444444,0.10994444444444444,0.11942550238368234,989.5,653070.0,1304161.0,0.5007587253413996,653070.0,0.06623130421219411,1429,0.07938888888888888,14592.0,15581.5,,,,,,,,,,0,,,,,,,,,,,,,,,,,,,
mc_fairgen,0.65,12,2.0,0.5,1590,185,101590,bc_tree_agent,,True,1,50000000,25000,C_AMC_SEM,0.5,interval_qos_v2_single_recovery_full_C5_overinc016_abs005,True,True,4.0,lo,1214,1411,0,2625,0,1411,0,1214,12133499,50000000,0.24266998,,,,1411,,,,,,,2000,0,2000,2000,0,0,0.0,0.0,1.0,0.0,-1083.9580042992513,True,2000,2000,0,8.925,15.075,,,16,0.628125,0,0,0.0,single,24,0.02,0.02,0.9,0,,,,,v11_full_10d,128,integer_tree_ranked_valid_or_none,fixed_point_int,1000000,bb255908bec90f8d54945322db333c5c2d2df5af1c5e76fc9016dc8c975a381e,viper_integer_ranked_artifact_v1,True,,,,,,,,,,,,,,,,,,,,,,,,,,,,,,,,,18000,1411,16589,0,0,0.07838888888888888,0.9216111111111112,0.869,2000,144.8,2400.5,0.13336111111111112,0.8666388888888888,0.13336111111111115,14610,0.8116666666666666,1979,1979,0,0,0,0.10994444444444444,0.10994444444444444,0.11929591898245825,989.5,653070.0,1304161.0,0.5007587253413996,653070.0,0.06621600000486681,1411,0.07838888888888888,14610.0,15599.5,,,,,,,,,,,bc_iter_001,bc,3,11,6,3,10,223,0.1115,223,0.1115,0,0.0,2000,1080,0.54,0.4285,0.010502700805664062,0.037380409240722653
mc_fairgen,0.65,12,2.0,0.5,1590,185,101590,viper_tree_agent,,True,1,50000000,25000,C_AMC_SEM,0.5,interval_qos_v2_single_recovery_full_C5_overinc016_abs005,True,True,4.0,lo,1214,1410,0,2624,0,1410,0,1214,12133499,50000000,0.24266998,,,,1410,,,,,,,2000,0,2000,2000,0,0,0.0,0.0,1.0,0.0,-1053.355972828861,True,2000,2000,0,9.0965,14.9035,,,15,0.6209791666666666,0,0,0.0,single,24,0.02,0.02,0.9,0,,,,,v11_full_10d,128,integer_tree_ranked_valid_or_none,fixed_point_int,1000000,bb255908bec90f8d54945322db333c5c2d2df5af1c5e76fc9016dc8c975a381e,viper_integer_ranked_artifact_v1,True,,,,,,,,,,,,,,,,,,,,,,,,,,,,,,,,,18000,1410,16590,0,0,0.07833333333333334,0.9216666666666666,0.869,2000,62.965,2399.5,0.13330555555555557,0.8666944444444444,0.13330555555555557,14611,0.8117222222222222,1979,1979,0,0,0,0.10994444444444444,0.10994444444444444,0.11928872814948764,989.5,653070.0,1304161.0,0.5007587253413996,653070.0,0.06621494596050505,1410,0.07833333333333334,14611.0,15600.5,,,,,,,,,,,viper_iter_002,viper,3,11,6,3,10,0,0.0,0,0.0,0,0.0,2000,1060,0.53,0.53,0.0050154953002929685,0.0218170166015625
mc_fairgen,0.65,12,2.0,0.5,1591,185,101591,c_amc_sem_baseline,,True,1,50000000,25000,C_AMC_SEM,0.5,interval_qos_v2_single_recovery_full_C5_overinc016_abs005,True,True,4.0,lo,1186,1954,0,3140,0,1954,0,1186,11697579,50000000,0.23395158,23.72,9863.051433389544,1,1954,1954,1954,0,0,0,0.0,0,0,0,0,0,0,0.0,0.0,0.0,0.0,0.0,True,0,0,0,0.0,0.0,0,0.0,0,0.0,0,0,0.0,single,24,0.02,0.02,0.9,0,0,0.0,0,0.0,,,,,,,,,,,,,,,,,,,,,,,,,,,,,,,,,,,,,,,,,18000,1954,16046,0,0,0.10855555555555556,0.8914444444444445,0.876,0,,2911.5,0.16175,0.83825,0.16174999999999995,14131,0.7850555555555555,1915,1915,0,0,0,0.1063888888888889,0.1063888888888889,0.11934438489343138,957.5,631950.0,1261985.0,0.5007587253414006,631950.0,0.06442277570159864,1954,0.10855555555555556,14131.0,15088.5,,,,,,,,,,,,,,,,,,,,,,,,,,,,,
mc_fairgen,0.65,12,2.0,0.5,1591,185,101591,dqn_agent,mlp,True,1,50000000,25000,C_AMC_SEM,0.5,interval_qos_v2_single_recovery_full_C5_overinc016_abs005,True,True,4.0,lo,1186,1415,0,2601,0,1415,0,1186,11738721,50000000,0.23477442,23.72,9897.741146711636,1,1415,1415,1415,0,0,0,0.0,2000,0,2000,2000,0,0,0.0,0.0,1.0,0.0,-1039.5278700912706,True,2000,2000,0,9.106,14.894,12000,0.25,15,0.6205833333333334,0,0,0.0,single,24,0.02,0.02,0.9,0,0,0.0,3788,0.07891666666666666,v11_full_10d,128,,,,,,,0.2632818597004019,1074,0.0,0,0.0,0.0,0.0,0.0,0,0.0,0.0,0.0,0.0,918,0,0.5115161815450818,2.0795,848,0.08108068889713968,0.8328333333333333,0.8328333333333333,0.0,"{""mc_hi_0"": 1.0, ""mc_hi_1"": 1.0, ""mc_hi_2"": 1.0, ""mc_hi_3"": 1.0, ""mc_hi_4"": 1.0, ""mc_hi_5"": 1.0, ""mc_lo_0"": 1.0, ""mc_lo_1"": 1.0, ""mc_lo_2"": 1.0, ""mc_lo_3"": 4.029411764705882, ""mc_lo_4"": 1.3547619047619048, ""mc_lo_5"": 4.043478260869565}","{""mc_hi_0"": 1.0, ""mc_hi_1"": 1.0, ""mc_hi_2"": 1.0, ""mc_hi_3"": 1.0, ""mc_hi_4"": 1.0, ""mc_hi_5"": 1.0, ""mc_lo_0"": 1.0, ""mc_lo_1"": 1.0, ""mc_lo_2"": 1.0, ""mc_lo_3"": 4.029411764705882, ""mc_lo_4"": 1.9614285714285715, ""mc_lo_5"": 4.043478260869565}","{""mc_hi_0"": 1.0, ""mc_hi_1"": 1.0, ""mc_hi_2"": 1.0, ""mc_hi_3"": 1.0, ""mc_hi_4"": 1.0, ""mc_hi_5"": 1.0, ""mc_lo_0"": 1.0, ""mc_lo_1"": 1.0, ""mc_lo_2"": 1.0, ""mc_lo_3"": 1.0, ""mc_lo_4"": 1.0, ""mc_lo_5"": 1.0}","{""mc_hi_0"": 0, ""mc_hi_1"": 0, ""mc_hi_2"": 0, ""mc_hi_3"": 0, ""mc_hi_4"": 0, ""mc_hi_5"": 0, ""mc_lo_0"": 0, ""mc_lo_1"": 0, ""mc_lo_2"": 0, ""mc_lo_3"": 62, ""mc_lo_4"": 952, ""mc_lo_5"": 68}","{""mc_hi_0"": 0, ""mc_hi_1"": 0, ""mc_hi_2"": 0, ""mc_hi_3"": 0, ""mc_hi_4"": 0, ""mc_hi_5"": 0, ""mc_lo_0"": 0, ""mc_lo_1"": 0, ""mc_lo_2"": 0, ""mc_lo_3"": 0, ""mc_lo_4"": 918, ""mc_lo_5"": 0}","{""mc_hi_0"": 0, ""mc_hi_1"": 0, ""mc_hi_2"": 0, ""mc_hi_3"": 0, ""mc_hi_4"": 0, ""mc_hi_5"": 0, ""mc_lo_0"": 0, ""mc_lo_1"": 0, ""mc_lo_2"": 0, ""mc_lo_3"": 0, ""mc_lo_4"": 918, ""mc_lo_5"": 0}","{""mc_hi_0"": 0, ""mc_hi_1"": 0, ""mc_hi_2"": 0, ""mc_hi_3"": 0, ""mc_hi_4"": 0, ""mc_hi_5"": 0, ""mc_lo_0"": 0, ""mc_lo_1"": 0, ""mc_lo_2"": 0, ""mc_lo_3"": 60, ""mc_lo_4"": 949, ""mc_lo_5"": 65}","{""mc_hi_0"": 0, ""mc_hi_1"": 0, ""mc_hi_2"": 0, ""mc_hi_3"": 0, ""mc_hi_4"": 0, ""mc_hi_5"": 0, ""mc_lo_0"": 0, ""mc_lo_1"": 0, ""mc_lo_2"": 0, ""mc_lo_3"": 62, ""mc_lo_4"": 18, ""mc_lo_5"": 62}","{""mc_hi_0"": 0, ""mc_hi_1"": 0, ""mc_hi_2"": 0, ""mc_hi_3"": 0, ""mc_hi_4"": 0, ""mc_hi_5"": 0, ""mc_lo_0"": 0, ""mc_lo_1"": 0, ""mc_lo_2"": 0, ""mc_lo_3"": 1998, ""mc_lo_4"": 1907, ""mc_lo_5"": 1936}","{""mc_hi_0"": 0, ""mc_hi_1"": 0, ""mc_hi_2"": 0, ""mc_hi_3"": 0, ""mc_hi_4"": 0, ""mc_hi_5"": 0, ""mc_lo_0"": 0, ""mc_lo_1"": 0, ""mc_lo_2"": 0, ""mc_lo_3"": 0, ""mc_lo_4"": 0, ""mc_lo_5"": 0}",18000,1415,16585,0,0,0.07861111111111112,0.9213888888888889,0.876,2000,58.664,2374.0,0.1318888888888889,0.8681111111111111,0.13188888888888894,14667,0.8148333333333333,1918,1918,0,0,0,0.10655555555555556,0.10655555555555556,0.11564666867651492,959.0,632940.0,1263962.0,0.5007587253414006,632940.0,0.06397199438812365,1415,0.07861111111111112,14667.0,15626.0,,,,,,,,,,0,,,,,,,,,,,,,,,,,,,
mc_fairgen,0.65,12,2.0,0.5,1591,185,101591,bc_tree_agent,,True,1,50000000,25000,C_AMC_SEM,0.5,interval_qos_v2_single_recovery_full_C5_overinc016_abs005,True,True,4.0,lo,1186,1405,0,2591,0,1405,0,1186,11738436,50000000,0.23476872,,,,1405,,,,,,,2000,0,2000,2000,0,0,0.0,0.0,1.0,0.0,-1069.5497262000397,True,2000,2000,0,8.92,15.08,,,16,0.6283333333333333,0,0,0.0,single,24,0.02,0.02,0.9,0,,,,,v11_full_10d,128,integer_tree_ranked_valid_or_none,fixed_point_int,1000000,bb255908bec90f8d54945322db333c5c2d2df5af1c5e76fc9016dc8c975a381e,viper_integer_ranked_artifact_v1,True,,,,,,,,,,,,,,,,,,,,,,,,,,,,,,,,,18000,1405,16595,0,0,0.07805555555555556,0.9219444444444445,0.876,2000,145.6915,2363.5,0.13130555555555556,0.8686944444444444,0.13130555555555556,14678,0.8154444444444444,1917,1917,0,0,0,0.1065,0.1065,0.115516721904188,958.5,632610.0,1263303.0,0.5007587253414006,632610.0,0.06394067014140206,1405,0.07805555555555556,14678.0,15636.5,,,,,,,,,,,bc_iter_001,bc,3,11,6,3,10,215,0.1075,215,0.1075,0,0.0,2000,1055,0.5275,0.42,0.010390880584716797,0.03655471801757812
mc_fairgen,0.65,12,2.0,0.5,1591,185,101591,viper_tree_agent,,True,1,50000000,25000,C_AMC_SEM,0.5,interval_qos_v2_single_recovery_full_C5_overinc016_abs005,True,True,4.0,lo,1186,1404,0,2590,0,1404,0,1186,11738452,50000000,0.23476904,,,,1404,,,,,,,2000,0,2000,2000,0,0,0.0,0.0,1.0,0.0,-1038.9666444359452,True,2000,2000,0,9.0965,14.9035,,,15,0.6209791666666666,0,0,0.0,single,24,0.02,0.02,0.9,0,,,,,v11_full_10d,128,integer_tree_ranked_valid_or_none,fixed_point_int,1000000,bb255908bec90f8d54945322db333c5c2d2df5af1c5e76fc9016dc8c975a381e,viper_integer_ranked_artifact_v1,True,,,,,,,,,,,,,,,,,,,,,,,,,,,,,,,,,18000,1404,16596,0,0,0.078,0.922,0.876,2000,62.965,2362.5,0.13125,0.86875,0.13124999999999998,14679,0.8155,1917,1917,0,0,0,0.1065,0.1065,0.11550976138828634,958.5,632610.0,1263303.0,0.5007587253414006,632610.0,0.06394056673734114,1404,0.078,14679.0,15637.5,,,,,,,,,,,viper_iter_002,viper,3,11,6,3,10,0,0.0,0,0.0,0,0.0,2000,1052,0.526,0.526,0.004739208221435547,0.019938278198242183
mc_fairgen,0.65,12,2.0,0.5,1592,185,101592,c_amc_sem_baseline,,True,1,50000000,25000,C_AMC_SEM,0.5,interval_qos_v2_single_recovery_full_C5_overinc016_abs005,True,True,4.0,lo,1136,1959,0,3095,0,1959,0,1136,11380959,50000000,0.22761918,22.72,10018.449823943662,1,1959,1959,1959,0,0,0,0.0,0,0,0,0,0,0,0.0,0.0,0.0,0.0,0.0,True,0,0,0,0.0,0.0,0,0.0,0,0.0,0,0,0.0,single,24,0.02,0.02,0.9,0,0,0.0,0,0.0,,,,,,,,,,,,,,,,,,,,,,,,,,,,,,,,,,,,,,,,,18000,1959,16041,0,0,0.10883333333333334,0.8911666666666667,0.8605,0,,2892.5,0.16069444444444445,0.8393055555555555,0.16069444444444447,14174,0.7874444444444444,1867,1867,0,0,0,0.10372222222222222,0.10372222222222222,0.11638925254036532,933.5,616110.0,1230353.0,0.5007587253414014,616110.0,0.06292912606028392,1959,0.10883333333333334,14174.0,15107.5,,,,,,,,,,,,,,,,,,,,,,,,,,,,,
mc_fairgen,0.65,12,2.0,0.5,1592,185,101592,dqn_agent,mlp,True,1,50000000,25000,C_AMC_SEM,0.5,interval_qos_v2_single_recovery_full_C5_overinc016_abs005,True,True,4.0,lo,1136,1353,0,2489,0,1353,0,1136,11421534,50000000,0.22843068,22.72,10054.167253521127,1,1353,1353,1353,0,0,0,0.0,2000,0,2000,2000,0,0,0.0,0.0,1.0,0.0,-1003.045285055528,True,2000,2000,0,9.1085,14.8915,12000,0.25,15,0.6204791666666667,0,0,0.0,single,24,0.02,0.02,0.9,0,0,0.0,3783,0.0788125,v11_full_10d,128,,,,,,,0.2637166216051638,1075,0.0,0,0.0,0.0,0.0,0.0,0,0.0,0.0,0.0,0.0,917,0,0.51133331232493,1.946,812,0.08175193933051605,0.8328333333333333,0.8328333333333333,0.0,"{""mc_hi_0"": 1.0, ""mc_hi_1"": 1.0, ""mc_hi_2"": 1.0, ""mc_hi_3"": 1.0, ""mc_hi_4"": 1.0, ""mc_hi_5"": 1.0, ""mc_lo_0"": 1.0, ""mc_lo_1"": 1.0, ""mc_lo_2"": 1.0, ""mc_lo_3"": 4.029411764705882, ""mc_lo_4"": 1.4085714285714286, ""mc_lo_5"": 4.043478260869565}","{""mc_hi_0"": 1.0, ""mc_hi_1"": 1.0, ""mc_hi_2"": 1.0, ""mc_hi_3"": 1.0, ""mc_hi_4"": 1.0, ""mc_hi_5"": 1.0, ""mc_lo_0"": 1.0, ""mc_lo_1"": 1.0, ""mc_lo_2"": 1.0, ""mc_lo_3"": 4.029411764705882, ""mc_lo_4"": 1.967142857142857, ""mc_lo_5"": 4.043478260869565}","{""mc_hi_0"": 1.0, ""mc_hi_1"": 1.0, ""mc_hi_2"": 1.0, ""mc_hi_3"": 1.0, ""mc_hi_4"": 1.0, ""mc_hi_5"": 1.0, ""mc_lo_0"": 1.0, ""mc_lo_1"": 1.0, ""mc_lo_2"": 1.0, ""mc_lo_3"": 1.0, ""mc_lo_4"": 1.0, ""mc_lo_5"": 1.0}","{""mc_hi_0"": 0, ""mc_hi_1"": 0, ""mc_hi_2"": 0, ""mc_hi_3"": 0, ""mc_hi_4"": 0, ""mc_hi_5"": 0, ""mc_lo_0"": 0, ""mc_lo_1"": 0, ""mc_lo_2"": 0, ""mc_lo_3"": 62, ""mc_lo_4"": 953, ""mc_lo_5"": 68}","{""mc_hi_0"": 0, ""mc_hi_1"": 0, ""mc_hi_2"": 0, ""mc_hi_3"": 0, ""mc_hi_4"": 0, ""mc_hi_5"": 0, ""mc_lo_0"": 0, ""mc_lo_1"": 0, ""mc_lo_2"": 0, ""mc_lo_3"": 0, ""mc_lo_4"": 917, ""mc_lo_5"": 0}","{""mc_hi_0"": 0, ""mc_hi_1"": 0, ""mc_hi_2"": 0, ""mc_hi_3"": 0, ""mc_hi_4"": 0, ""mc_hi_5"": 0, ""mc_lo_0"": 0, ""mc_lo_1"": 0, ""mc_lo_2"": 0, ""mc_lo_3"": 0, ""mc_lo_4"": 917, ""mc_lo_5"": 0}","{""mc_hi_0"": 0, ""mc_hi_1"": 0, ""mc_hi_2"": 0, ""mc_hi_3"": 0, ""mc_hi_4"": 0, ""mc_hi_5"": 0, ""mc_lo_0"": 0, ""mc_lo_1"": 0, ""mc_lo_2"": 0, ""mc_lo_3"": 60, ""mc_lo_4"": 950, ""mc_lo_5"": 65}","{""mc_hi_0"": 0, ""mc_hi_1"": 0, ""mc_hi_2"": 0, ""mc_hi_3"": 0, ""mc_hi_4"": 0, ""mc_hi_5"": 0, ""mc_lo_0"": 0, ""mc_lo_1"": 0, ""mc_lo_2"": 0, ""mc_lo_3"": 62, ""mc_lo_4"": 20, ""mc_lo_5"": 57}","{""mc_hi_0"": 0, ""mc_hi_1"": 0, ""mc_hi_2"": 0, ""mc_hi_3"": 0, ""mc_hi_4"": 0, ""mc_hi_5"": 0, ""mc_lo_0"": 0, ""mc_lo_1"": 0, ""mc_lo_2"": 0, ""mc_lo_3"": 1998, ""mc_lo_4"": 1909, ""mc_lo_5"": 1936}","{""mc_hi_0"": 0, ""mc_hi_1"": 0, ""mc_hi_2"": 0, ""mc_hi_3"": 0, ""mc_hi_4"": 0, ""mc_hi_5"": 0, ""mc_lo_0"": 0, ""mc_lo_1"": 0, ""mc_lo_2"": 0, ""mc_lo_3"": 0, ""mc_lo_4"": 0, ""mc_lo_5"": 0}",18000,1353,16647,0,0,0.07516666666666667,0.9248333333333333,0.876,2000,58.6755,2288.5,0.12713888888888888,0.8728611111111111,0.1271388888888889,14776,0.8208888888888889,1871,1871,0,0,0,0.10394444444444445,0.10394444444444445,0.11239262329548867,935.5,617430.0,1232989.0,0.5007587253414014,617430.0,0.06248169610031559,1353,0.07516666666666667,14776.0,15711.5,,,,,,,,,,0,,,,,,,,,,,,,,,,,,,
mc_fairgen,0.65,12,2.0,0.5,1592,185,101592,bc_tree_agent,,True,1,50000000,25000,C_AMC_SEM,0.5,interval_qos_v2_single_recovery_full_C5_overinc016_abs005,True,True,4.0,lo,1136,1343,0,2479,0,1343,0,1136,11421052,50000000,0.22842104,,,,1343,,,,,,,2000,0,2000,2000,0,0,0.0,0.0,1.0,0.0,-1034.5543670369289,True,2000,2000,0,8.903,15.097,,,16,0.6290416666666667,0,0,0.0,single,24,0.02,0.02,0.9,0,,,,,v11_full_10d,128,integer_tree_ranked_valid_or_none,fixed_point_int,1000000,bb255908bec90f8d54945322db333c5c2d2df5af1c5e76fc9016dc8c975a381e,viper_integer_ranked_artifact_v1,True,,,,,,,,,,,,,,,,,,,,,,,,,,,,,,,,,18000,1343,16657,0,0,0.07461111111111111,0.9253888888888889,0.876,2000,145.4145,2278.5,0.12658333333333333,0.8734166666666666,0.12658333333333338,14786,0.8214444444444444,1871,1871,0,0,0,0.10394444444444445,0.10394444444444445,0.11232514858617998,935.5,617430.0,1232989.0,0.5007587253414014,617430.0,0.06247905323029546,1343,0.07461111111111111,14786.0,15721.5,,,,,,,,,,,bc_iter_001,bc,3,11,6,3,10,252,0.126,252,0.126,0,0.0,2000,1063,0.5315,0.4055,0.00996477508544922,0.035064697265625
mc_fairgen,0.65,12,2.0,0.5,1592,185,101592,viper_tree_agent,,True,1,50000000,25000,C_AMC_SEM,0.5,interval_qos_v2_single_recovery_full_C5_overinc016_abs005,True,True,4.0,lo,1136,1341,0,2477,0,1341,0,1136,11421465,50000000,0.2284293,,,,1341,,,,,,,2000,0,2000,2000,0,0,0.0,0.0,1.0,0.0,-1003.8856807258434,True,2000,2000,0,9.0965,14.9035,,,15,0.6209791666666666,0,0,0.0,single,24,0.02,0.02,0.9,0,,,,,v11_full_10d,128,integer_tree_ranked_valid_or_none,fixed_point_int,1000000,bb255908bec90f8d54945322db333c5c2d2df5af1c5e76fc9016dc8c975a381e,viper_integer_ranked_artifact_v1,True,,,,,,,,,,,,,,,,,,,,,,,,,,,,,,,,,18000,1341,16659,0,0,0.0745,0.9255,0.876,2000,62.965,2276.5,0.12647222222222224,0.8735277777777778,0.1264722222222222,14788,0.8215555555555556,1871,1871,0,0,0,0.10394444444444445,0.10394444444444445,0.11231166336514797,935.5,617430.0,1232989.0,0.5007587253414014,617430.0,0.0624764421931262,1341,0.0745,14788.0,15723.5,,,,,,,,,,,viper_iter_002,viper,3,11,6,3,10,0,0.0,0,0.0,0,0.0,2000,1080,0.54,0.54,0.004577690124511718,0.021020126342773435
mc_fairgen,0.65,12,2.0,0.5,1593,185,101593,c_amc_sem_baseline,,True,1,50000000,25000,C_AMC_SEM,0.5,interval_qos_v2_single_recovery_full_C5_overinc016_abs005,True,True,4.0,lo,1171,1935,0,3106,0,1935,0,1171,11483320,50000000,0.2296664,23.419999999999998,9806.421861656703,1,1935,1935,1935,0,0,0,0.0,0,0,0,0,0,0,0.0,0.0,0.0,0.0,0.0,True,0,0,0,0.0,0.0,0,0.0,0,0.0,0,0,0.0,single,24,0.02,0.02,0.9,0,0,0.0,0,0.0,,,,,,,,,,,,,,,,,,,,,,,,,,,,,,,,,,,,,,,,,18000,1935,16065,0,0,0.1075,0.8925,0.875,0,,2870.0,0.15944444444444444,0.8405555555555555,0.1594444444444445,14195,0.7886111111111112,1870,1870,0,0,0,0.10388888888888889,0.10388888888888889,0.1164021164021164,935.0,617100.0,1232330.0,0.5007587253414014,617100.0,0.06289491504141423,1935,0.1075,14195.0,15130.0,,,,,,,,,,,,,,,,,,,,,,,,,,,,,
mc_fairgen,0.65,12,2.0,0.5,1593,185,101593,dqn_agent,mlp,True,1,50000000,25000,C_AMC_SEM,0.5,interval_qos_v2_single_recovery_full_C5_overinc016_abs005,True,True,4.0,lo,1171,1391,0,2562,0,1391,0,1171,11517930,50000000,0.2303586,23.419999999999998,9835.97779675491,1,1391,1391,1391,0,0,0,0.0,2000,0,2000,2000,0,0,0.0,0.0,1.0,0.0,-1024.3017922571073,True,2000,2000,0,9.1035,14.8965,12000,0.25,15,0.6206875,0,0,0.0,single,24,0.02,0.02,0.9,0,0,0.0,3793,0.07902083333333333,v11_full_10d,128,,,,,,,0.2625316216051638,1075,0.0,0,0.0,0.0,0.0,0.0,0,0.0,0.0,0.0,0.0,917,0,0.5116094760585393,2.25,825,0.08140931797242248,0.8328333333333333,0.8328333333333333,0.0,"{""mc_hi_0"": 1.0, ""mc_hi_1"": 1.0, ""mc_hi_2"": 1.0, ""mc_hi_3"": 1.0, ""mc_hi_4"": 1.0, ""mc_hi_5"": 1.0, ""mc_lo_0"": 1.0, ""mc_lo_1"": 1.0, ""mc_lo_2"": 1.0, ""mc_lo_3"": 4.029411764705882, ""mc_lo_4"": 1.4157142857142857, ""mc_lo_5"": 4.043478260869565}","{""mc_hi_0"": 1.0, ""mc_hi_1"": 1.0, ""mc_hi_2"": 1.0, ""mc_hi_3"": 1.0, ""mc_hi_4"": 1.0, ""mc_hi_5"": 1.0, ""mc_lo_0"": 1.0, ""mc_lo_1"": 1.0, ""mc_lo_2"": 1.0, ""mc_lo_3"": 4.029411764705882, ""mc_lo_4"": 2.389047619047619, ""mc_lo_5"": 4.043478260869565}","{""mc_hi_0"": 1.0, ""mc_hi_1"": 1.0, ""mc_hi_2"": 1.0, ""mc_hi_3"": 1.0, ""mc_hi_4"": 1.0, ""mc_hi_5"": 1.0, ""mc_lo_0"": 1.0, ""mc_lo_1"": 1.0, ""mc_lo_2"": 1.0, ""mc_lo_3"": 1.0, ""mc_lo_4"": 1.0, ""mc_lo_5"": 1.0}","{""mc_hi_0"": 0, ""mc_hi_1"": 0, ""mc_hi_2"": 0, ""mc_hi_3"": 0, ""mc_hi_4"": 0, ""mc_hi_5"": 0, ""mc_lo_0"": 0, ""mc_lo_1"": 0, ""mc_lo_2"": 0, ""mc_lo_3"": 62, ""mc_lo_4"": 953, ""mc_lo_5"": 68}","{""mc_hi_0"": 0, ""mc_hi_1"": 0, ""mc_hi_2"": 0, ""mc_hi_3"": 0, ""mc_hi_4"": 0, ""mc_hi_5"": 0, ""mc_lo_0"": 0, ""mc_lo_1"": 0, ""mc_lo_2"": 0, ""mc_lo_3"": 0, ""mc_lo_4"": 917, ""mc_lo_5"": 0}","{""mc_hi_0"": 0, ""mc_hi_1"": 0, ""mc_hi_2"": 0, ""mc_hi_3"": 0, ""mc_hi_4"": 0, ""mc_hi_5"": 0, ""mc_lo_0"": 0, ""mc_lo_1"": 0, ""mc_lo_2"": 0, ""mc_lo_3"": 0, ""mc_lo_4"": 917, ""mc_lo_5"": 0}","{""mc_hi_0"": 0, ""mc_hi_1"": 0, ""mc_hi_2"": 0, ""mc_hi_3"": 0, ""mc_hi_4"": 0, ""mc_hi_5"": 0, ""mc_lo_0"": 0, ""mc_lo_1"": 0, ""mc_lo_2"": 0, ""mc_lo_3"": 60, ""mc_lo_4"": 950, ""mc_lo_5"": 65}","{""mc_hi_0"": 0, ""mc_hi_1"": 0, ""mc_hi_2"": 0, ""mc_hi_3"": 0, ""mc_hi_4"": 0, ""mc_hi_5"": 0, ""mc_lo_0"": 0, ""mc_lo_1"": 0, ""mc_lo_2"": 0, ""mc_lo_3"": 62, ""mc_lo_4"": 15, ""mc_lo_5"": 68}","{""mc_hi_0"": 0, ""mc_hi_1"": 0, ""mc_hi_2"": 0, ""mc_hi_3"": 0, ""mc_hi_4"": 0, ""mc_hi_5"": 0, ""mc_lo_0"": 0, ""mc_lo_1"": 0, ""mc_lo_2"": 0, ""mc_lo_3"": 1998, ""mc_lo_4"": 1915, ""mc_lo_5"": 1936}","{""mc_hi_0"": 0, ""mc_hi_1"": 0, ""mc_hi_2"": 0, ""mc_hi_3"": 0, ""mc_hi_4"": 0, ""mc_hi_5"": 0, ""mc_lo_0"": 0, ""mc_lo_1"": 0, ""mc_lo_2"": 0, ""mc_lo_3"": 0, ""mc_lo_4"": 0, ""mc_lo_5"": 0}",18000,1391,16609,0,0,0.07727777777777778,0.9227222222222222,0.875,2000,58.599,2327.5,0.12930555555555556,0.8706944444444444,0.12930555555555556,14736,0.8186666666666667,1873,1873,0,0,0,0.10405555555555555,0.10405555555555555,0.11277018483954483,936.5,618090.0,1234307.0,0.5007587253414013,618090.0,0.06247101787057809,1391,0.07727777777777778,14736.0,15672.5,,,,,,,,,,0,,,,,,,,,,,,,,,,,,,
mc_fairgen,0.65,12,2.0,0.5,1593,185,101593,bc_tree_agent,,True,1,50000000,25000,C_AMC_SEM,0.5,interval_qos_v2_single_recovery_full_C5_overinc016_abs005,True,True,4.0,lo,1171,1384,0,2555,0,1384,0,1171,11518470,50000000,0.2303694,,,,1384,,,,,,,2000,0,2000,2000,0,0,0.0,0.0,1.0,0.0,-1055.5836728912052,True,2000,2000,0,8.904,15.096,,,16,0.629,0,0,0.0,single,24,0.02,0.02,0.9,0,,,,,v11_full_10d,128,integer_tree_ranked_valid_or_none,fixed_point_int,1000000,bb255908bec90f8d54945322db333c5c2d2df5af1c5e76fc9016dc8c975a381e,viper_integer_ranked_artifact_v1,True,,,,,,,,,,,,,,,,,,,,,,,,,,,,,,,,,18000,1384,16616,0,0,0.0768888888888889,0.9231111111111111,0.875,2000,147.028,2320.5,0.12891666666666668,0.8710833333333333,0.12891666666666668,14743,0.8190555555555555,1873,1873,0,0,0,0.10405555555555555,0.10405555555555555,0.11272267693789119,936.5,618090.0,1234307.0,0.5007587253414013,618090.0,0.06246418054330063,1384,0.0768888888888889,14743.0,15679.5,,,,,,,,,,,bc_iter_001,bc,3,11,6,3,10,247,0.1235,247,0.1235,0,0.0,2000,1050,0.525,0.4015,0.01067157745361328,0.036466789245605466
mc_fairgen,0.65,12,2.0,0.5,1593,185,101593,viper_tree_agent,,True,1,50000000,25000,C_AMC_SEM,0.5,interval_qos_v2_single_recovery_full_C5_overinc016_abs005,True,True,4.0,lo,1171,1381,0,2552,0,1381,0,1171,11518587,50000000,0.23037174,,,,1381,,,,,,,2000,0,2000,2000,0,0,0.0,0.0,1.0,0.0,-1023.0973195991608,True,2000,2000,0,9.0965,14.9035,,,15,0.6209791666666666,0,0,0.0,single,24,0.02,0.02,0.9,0,,,,,v11_full_10d,128,integer_tree_ranked_valid_or_none,fixed_point_int,1000000,bb255908bec90f8d54945322db333c5c2d2df5af1c5e76fc9016dc8c975a381e,viper_integer_ranked_artifact_v1,True,,,,,,,,,,,,,,,,,,,,,,,,,,,,,,,,,18000,1381,16619,0,0,0.07672222222222222,0.9232777777777778,0.875,2000,62.965,2317.5,0.12875,0.87125,0.12875000000000003,14746,0.8192222222222222,1873,1873,0,0,0,0.10405555555555555,0.10405555555555555,0.1127023286599675,936.5,618090.0,1234307.0,0.5007587253414013,618090.0,0.06245877108737619,1381,0.07672222222222222,14746.0,15682.5,,,,,,,,,,,viper_iter_002,viper,3,11,6,3,10,0,0.0,0,0.0,0,0.0,2000,1056,0.528,0.528,0.004596818923950195,0.020519256591796875
mc_fairgen,0.65,12,2.0,0.5,1594,185,101594,c_amc_sem_baseline,,True,1,50000000,25000,C_AMC_SEM,0.5,interval_qos_v2_single_recovery_full_C5_overinc016_abs005,True,True,4.0,lo,1157,1944,0,3101,0,1944,0,1157,11613993,50000000,0.23227986,23.139999999999997,10038.023336214348,1,1944,1944,1944,0,0,0,0.0,0,0,0,0,0,0,0.0,0.0,0.0,0.0,0.0,True,0,0,0,0.0,0.0,0,0.0,0,0.0,0,0,0.0,single,24,0.02,0.02,0.9,0,0,0.0,0,0.0,,,,,,,,,,,,,,,,,,,,,,,,,,,,,,,,,,,,,,,,,18000,1944,16056,0,0,0.108,0.892,0.869,0,,2894.5,0.16080555555555556,0.8391944444444445,0.16080555555555553,14155,0.7863888888888889,1901,1901,0,0,0,0.10561111111111111,0.10561111111111111,0.11839810662680618,950.5,627330.0,1252759.0,0.5007587253414009,627330.0,0.0640665582227175,1944,0.108,14155.0,15105.5,,,,,,,,,,,,,,,,,,,,,,,,,,,,,
mc_fairgen,0.65,12,2.0,0.5,1594,185,101594,dqn_agent,mlp,True,1,50000000,25000,C_AMC_SEM,0.5,interval_qos_v2_single_recovery_full_C5_overinc016_abs005,True,True,4.0,lo,1157,1370,0,2527,0,1370,0,1157,11656715,50000000,0.2331343,23.139999999999997,10074.948141745894,1,1370,1370,1370,0,0,0,0.0,2000,0,2000,2000,0,0,0.0,0.0,1.0,0.0,-1014.6594599926151,True,2000,2000,0,9.104,14.896,12000,0.25,15,0.6206666666666667,0,0,0.0,single,24,0.02,0.02,0.9,0,0,0.0,3792,0.079,v11_full_10d,128,,,,,,,0.2549023358908781,1076,0.0,0,0.0,0.0,0.0,0.0,0,0.0,0.0,0.0,0.0,916,0,0.5100495191917347,1.4365,861,0.08182557134626713,0.8328333333333333,0.8328333333333333,0.0,"{""mc_hi_0"": 1.0, ""mc_hi_1"": 1.0, ""mc_hi_2"": 1.0, ""mc_hi_3"": 1.0, ""mc_hi_4"": 1.0, ""mc_hi_5"": 1.0, ""mc_lo_0"": 1.0, ""mc_lo_1"": 1.0, ""mc_lo_2"": 1.0, ""mc_lo_3"": 4.029411764705882, ""mc_lo_4"": 1.4685714285714286, ""mc_lo_5"": 4.043478260869565}","{""mc_hi_0"": 1.0, ""mc_hi_1"": 1.0, ""mc_hi_2"": 1.0, ""mc_hi_3"": 1.0, ""mc_hi_4"": 1.0, ""mc_hi_5"": 1.0, ""mc_lo_0"": 1.0, ""mc_lo_1"": 1.0, ""mc_lo_2"": 1.0, ""mc_lo_3"": 4.029411764705882, ""mc_lo_4"": 2.0828571428571427, ""mc_lo_5"": 4.043478260869565}","{""mc_hi_0"": 1.0, ""mc_hi_1"": 1.0, ""mc_hi_2"": 1.0, ""mc_hi_3"": 1.0, ""mc_hi_4"": 1.0, ""mc_hi_5"": 1.0, ""mc_lo_0"": 1.0, ""mc_lo_1"": 1.0, ""mc_lo_2"": 1.0, ""mc_lo_3"": 1.0, ""mc_lo_4"": 1.0, ""mc_lo_5"": 1.0}","{""mc_hi_0"": 0, ""mc_hi_1"": 0, ""mc_hi_2"": 0, ""mc_hi_3"": 0, ""mc_hi_4"": 0, ""mc_hi_5"": 0, ""mc_lo_0"": 0, ""mc_lo_1"": 0, ""mc_lo_2"": 0, ""mc_lo_3"": 62, ""mc_lo_4"": 954, ""mc_lo_5"": 68}","{""mc_hi_0"": 0, ""mc_hi_1"": 0, ""mc_hi_2"": 0, ""mc_hi_3"": 0, ""mc_hi_4"": 0, ""mc_hi_5"": 0, ""mc_lo_0"": 0, ""mc_lo_1"": 0, ""mc_lo_2"": 0, ""mc_lo_3"": 0, ""mc_lo_4"": 916, ""mc_lo_5"": 0}","{""mc_hi_0"": 0, ""mc_hi_1"": 0, ""mc_hi_2"": 0, ""mc_hi_3"": 0, ""mc_hi_4"": 0, ""mc_hi_5"": 0, ""mc_lo_0"": 0, ""mc_lo_1"": 0, ""mc_lo_2"": 0, ""mc_lo_3"": 0, ""mc_lo_4"": 916, ""mc_lo_5"": 0}","{""mc_hi_0"": 0, ""mc_hi_1"": 0, ""mc_hi_2"": 0, ""mc_hi_3"": 0, ""mc_hi_4"": 0, ""mc_hi_5"": 0, ""mc_lo_0"": 0, ""mc_lo_1"": 0, ""mc_lo_2"": 0, ""mc_lo_3"": 60, ""mc_lo_4"": 951, ""mc_lo_5"": 65}","{""mc_hi_0"": 0, ""mc_hi_1"": 0, ""mc_hi_2"": 0, ""mc_hi_3"": 0, ""mc_hi_4"": 0, ""mc_hi_5"": 0, ""mc_lo_0"": 0, ""mc_lo_1"": 0, ""mc_lo_2"": 0, ""mc_lo_3"": 62, ""mc_lo_4"": 15, ""mc_lo_5"": 28}","{""mc_hi_0"": 0, ""mc_hi_1"": 0, ""mc_hi_2"": 0, ""mc_hi_3"": 0, ""mc_hi_4"": 0, ""mc_hi_5"": 0, ""mc_lo_0"": 0, ""mc_lo_1"": 0, ""mc_lo_2"": 0, ""mc_lo_3"": 1998, ""mc_lo_4"": 1913, ""mc_lo_5"": 1936}","{""mc_hi_0"": 0, ""mc_hi_1"": 0, ""mc_hi_2"": 0, ""mc_hi_3"": 0, ""mc_hi_4"": 0, ""mc_hi_5"": 0, ""mc_lo_0"": 0, ""mc_lo_1"": 0, ""mc_lo_2"": 0, ""mc_lo_3"": 0, ""mc_lo_4"": 0, ""mc_lo_5"": 0}",18000,1370,16630,0,0,0.07611111111111112,0.9238888888888889,0.869,2000,57.9445,2321.0,0.12894444444444444,0.8710555555555556,0.12894444444444442,14728,0.8182222222222222,1902,1902,0,0,0,0.10566666666666667,0.10566666666666667,0.11437161755862899,951.0,627660.0,1253418.0,0.5007587253414009,627660.0,0.0635093322777788,1370,0.07611111111111112,14728.0,15679.0,,,,,,,,,,0,,,,,,,,,,,,,,,,,,,
mc_fairgen,0.65,12,2.0,0.5,1594,185,101594,bc_tree_agent,,True,1,50000000,25000,C_AMC_SEM,0.5,interval_qos_v2_single_recovery_full_C5_overinc016_abs005,True,True,4.0,lo,1157,1360,0,2517,0,1360,0,1157,11657019,50000000,0.23314038,,,,1360,,,,,,,2000,0,2000,2000,0,0,0.0,0.0,1.0,0.0,-1046.0636288266514,True,2000,2000,0,8.909,15.091,,,16,0.6287916666666666,0,0,0.0,single,24,0.02,0.02,0.9,0,,,,,v11_full_10d,128,integer_tree_ranked_valid_or_none,fixed_point_int,1000000,bb255908bec90f8d54945322db333c5c2d2df5af1c5e76fc9016dc8c975a381e,viper_integer_ranked_artifact_v1,True,,,,,,,,,,,,,,,,,,,,,,,,,,,,,,,,,18000,1360,16640,0,0,0.07555555555555556,0.9244444444444444,0.869,2000,146.6095,2311.0,0.12838888888888889,0.8716111111111111,0.12838888888888889,14738,0.8187777777777778,1902,1902,0,0,0,0.10566666666666667,0.10566666666666667,0.11430288461538461,951.0,627660.0,1253418.0,0.5007587253414009,627660.0,0.06349937973632673,1360,0.07555555555555556,14738.0,15689.0,,,,,,,,,,,bc_iter_001,bc,3,11,6,3,10,240,0.12,240,0.12,0,0.0,2000,1054,0.527,0.407,0.010540460586547852,0.03598365783691405
mc_fairgen,0.65,12,2.0,0.5,1594,185,101594,viper_tree_agent,,True,1,50000000,25000,C_AMC_SEM,0.5,interval_qos_v2_single_recovery_full_C5_overinc016_abs005,True,True,4.0,lo,1157,1359,0,2516,0,1359,0,1157,11657156,50000000,0.23314312,,,,1359,,,,,,,2000,0,2000,2000,0,0,0.0,0.0,1.0,0.0,-1013.0739326321273,True,2000,2000,0,9.0965,14.9035,,,15,0.6209791666666666,0,0,0.0,single,24,0.02,0.02,0.9,0,,,,,v11_full_10d,128,integer_tree_ranked_valid_or_none,fixed_point_int,1000000,bb255908bec90f8d54945322db333c5c2d2df5af1c5e76fc9016dc8c975a381e,viper_integer_ranked_artifact_v1,True,,,,,,,,,,,,,,,,,,,,,,,,,,,,,,,,,18000,1359,16641,0,0,0.0755,0.9245,0.869,2000,62.965,2310.0,0.12833333333333333,0.8716666666666667,0.1283333333333333,14739,0.8188333333333333,1902,1902,0,0,0,0.10566666666666667,0.10566666666666667,0.11429601586443122,951.0,627660.0,1253418.0,0.5007587253414009,627660.0,0.06349849964232396,1359,0.0755,14739.0,15690.0,,,,,,,,,,,viper_iter_002,viper,3,11,6,3,10,0,0.0,0,0.0,0,0.0,2000,1074,0.537,0.537,0.004565658569335937,0.020236015319824215
mc_fairgen,0.65,12,2.0,0.5,1595,185,101595,c_amc_sem_baseline,,True,1,50000000,25000,C_AMC_SEM,0.5,interval_qos_v2_single_recovery_full_C5_overinc016_abs005,True,True,4.0,lo,1186,2016,0,3202,0,2016,0,1186,11545196,50000000,0.23090392,23.72,9734.566610455311,1,2016,2016,2016,0,0,0,0.0,0,0,0,0,0,0,0.0,0.0,0.0,0.0,0.0,True,0,0,0,0.0,0.0,0,0.0,0,0.0,0,0,0.0,single,24,0.02,0.02,0.9,0,0,0.0,0,0.0,,,,,,,,,,,,,,,,,,,,,,,,,,,,,,,,,,,,,,,,,18000,2016,15984,0,0,0.112,0.888,0.8674999999999999,0,,2954.0,0.16411111111111112,0.8358888888888889,0.1641111111111111,14108,0.7837777777777778,1876,1876,0,0,0,0.10422222222222222,0.10422222222222222,0.11736736736736737,938.0,619080.0,1236284.0,0.5007587253414013,619080.0,0.06300015814150958,2016,0.112,14108.0,15046.0,,,,,,,,,,,,,,,,,,,,,,,,,,,,,
mc_fairgen,0.65,12,2.0,0.5,1595,185,101595,dqn_agent,mlp,True,1,50000000,25000,C_AMC_SEM,0.5,interval_qos_v2_single_recovery_full_C5_overinc016_abs005,True,True,4.0,lo,1186,1468,0,2654,0,1468,0,1186,11586518,50000000,0.23173036,23.72,9769.408094435075,1,1468,1468,1468,0,0,0,0.0,2000,0,2000,2000,0,0,0.0,0.0,1.0,0.0,-1060.7667721160828,True,2000,2000,0,9.1075,14.8925,12000,0.25,15,0.6205208333333333,0,0,0.0,single,24,0.02,0.02,0.9,0,0,0.0,3785,0.07885416666666667,v11_full_10d,128,,,,,,,0.2743173358908781,1074,0.0,0,0.0,0.0,0.0,0.0,0,0.0,0.0,0.0,0.0,918,0,0.5130361479011895,1.4555,822,0.08128670622575032,0.8328333333333333,0.8328333333333333,0.0,"{""mc_hi_0"": 1.0, ""mc_hi_1"": 1.0, ""mc_hi_2"": 1.0, ""mc_hi_3"": 1.0, ""mc_hi_4"": 1.0, ""mc_hi_5"": 1.0, ""mc_lo_0"": 1.0, ""mc_lo_1"": 1.0, ""mc_lo_2"": 1.0, ""mc_lo_3"": 4.029411764705882, ""mc_lo_4"": 1.3538095238095238, ""mc_lo_5"": 4.043478260869565}","{""mc_hi_0"": 1.0, ""mc_hi_1"": 1.0, ""mc_hi_2"": 1.0, ""mc_hi_3"": 1.0, ""mc_hi_4"": 1.0, ""mc_hi_5"": 1.0, ""mc_lo_0"": 1.0, ""mc_lo_1"": 1.0, ""mc_lo_2"": 1.0, ""mc_lo_3"": 4.029411764705882, ""mc_lo_4"": 2.012857142857143, ""mc_lo_5"": 4.043478260869565}","{""mc_hi_0"": 1.0, ""mc_hi_1"": 1.0, ""mc_hi_2"": 1.0, ""mc_hi_3"": 1.0, ""mc_hi_4"": 1.0, ""mc_hi_5"": 1.0, ""mc_lo_0"": 1.0, ""mc_lo_1"": 1.0, ""mc_lo_2"": 1.0, ""mc_lo_3"": 1.0, ""mc_lo_4"": 1.0, ""mc_lo_5"": 1.0}","{""mc_hi_0"": 0, ""mc_hi_1"": 0, ""mc_hi_2"": 0, ""mc_hi_3"": 0, ""mc_hi_4"": 0, ""mc_hi_5"": 0, ""mc_lo_0"": 0, ""mc_lo_1"": 0, ""mc_lo_2"": 0, ""mc_lo_3"": 62, ""mc_lo_4"": 952, ""mc_lo_5"": 68}","{""mc_hi_0"": 0, ""mc_hi_1"": 0, ""mc_hi_2"": 0, ""mc_hi_3"": 0, ""mc_hi_4"": 0, ""mc_hi_5"": 0, ""mc_lo_0"": 0, ""mc_lo_1"": 0, ""mc_lo_2"": 0, ""mc_lo_3"": 0, ""mc_lo_4"": 918, ""mc_lo_5"": 0}","{""mc_hi_0"": 0, ""mc_hi_1"": 0, ""mc_hi_2"": 0, ""mc_hi_3"": 0, ""mc_hi_4"": 0, ""mc_hi_5"": 0, ""mc_lo_0"": 0, ""mc_lo_1"": 0, ""mc_lo_2"": 0, ""mc_lo_3"": 0, ""mc_lo_4"": 918, ""mc_lo_5"": 0}","{""mc_hi_0"": 0, ""mc_hi_1"": 0, ""mc_hi_2"": 0, ""mc_hi_3"": 0, ""mc_hi_4"": 0, ""mc_hi_5"": 0, ""mc_lo_0"": 0, ""mc_lo_1"": 0, ""mc_lo_2"": 0, ""mc_lo_3"": 60, ""mc_lo_4"": 949, ""mc_lo_5"": 65}","{""mc_hi_0"": 0, ""mc_hi_1"": 0, ""mc_hi_2"": 0, ""mc_hi_3"": 0, ""mc_hi_4"": 0, ""mc_hi_5"": 0, ""mc_lo_0"": 0, ""mc_lo_1"": 0, ""mc_lo_2"": 0, ""mc_lo_3"": 62, ""mc_lo_4"": 17, ""mc_lo_5"": 33}","{""mc_hi_0"": 0, ""mc_hi_1"": 0, ""mc_hi_2"": 0, ""mc_hi_3"": 0, ""mc_hi_4"": 0, ""mc_hi_5"": 0, ""mc_lo_0"": 0, ""mc_lo_1"": 0, ""mc_lo_2"": 0, ""mc_lo_3"": 1998, ""mc_lo_4"": 1926, ""mc_lo_5"": 1936}","{""mc_hi_0"": 0, ""mc_hi_1"": 0, ""mc_hi_2"": 0, ""mc_hi_3"": 0, ""mc_hi_4"": 0, ""mc_hi_5"": 0, ""mc_lo_0"": 0, ""mc_lo_1"": 0, ""mc_lo_2"": 0, ""mc_lo_3"": 0, ""mc_lo_4"": 0, ""mc_lo_5"": 0}",18000,1468,16532,0,0,0.08155555555555556,0.9184444444444444,0.8674999999999999,2000,59.612,2407.0,0.13372222222222221,0.8662777777777778,0.1337222222222222,14654,0.8141111111111111,1878,1878,0,0,0,0.10433333333333333,0.10433333333333333,0.11359787079603194,939.0,619740.0,1237602.0,0.5007587253414013,619740.0,0.06253247124746397,1468,0.08155555555555556,14654.0,15593.0,,,,,,,,,,0,,,,,,,,,,,,,,,,,,,
mc_fairgen,0.65,12,2.0,0.5,1595,185,101595,bc_tree_agent,,True,1,50000000,25000,C_AMC_SEM,0.5,interval_qos_v2_single_recovery_full_C5_overinc016_abs005,True,True,4.0,lo,1186,1458,0,2644,0,1458,0,1186,11586717,50000000,0.23173434,,,,1458,,,,,,,2000,0,2000,2000,0,0,0.0,0.0,1.0,0.0,-1094.487574865087,True,2000,2000,0,8.902,15.098,,,16,0.6290833333333333,0,0,0.0,single,24,0.02,0.02,0.9,0,,,,,v11_full_10d,128,integer_tree_ranked_valid_or_none,fixed_point_int,1000000,bb255908bec90f8d54945322db333c5c2d2df5af1c5e76fc9016dc8c975a381e,viper_integer_ranked_artifact_v1,True,,,,,,,,,,,,,,,,,,,,,,,,,,,,,,,,,18000,1458,16542,0,0,0.081,0.919,0.8674999999999999,2000,147.7905,2397.0,0.13316666666666666,0.8668333333333333,0.13316666666666666,14664,0.8146666666666667,1878,1878,0,0,0,0.10433333333333333,0.10433333333333333,0.11352919840406239,939.0,619740.0,1237602.0,0.5007587253414013,619740.0,0.06253465444442147,1458,0.081,14664.0,15603.0,,,,,,,,,,,bc_iter_001,bc,3,11,6,3,10,233,0.1165,233,0.1165,0,0.0,2000,1042,0.521,0.4045,0.010337377548217773,0.03650588989257812
mc_fairgen,0.65,12,2.0,0.5,1595,185,101595,viper_tree_agent,,True,1,50000000,25000,C_AMC_SEM,0.5,interval_qos_v2_single_recovery_full_C5_overinc016_abs005,True,True,4.0,lo,1186,1458,0,2644,0,1458,0,1186,11586717,50000000,0.23173434,,,,1458,,,,,,,2000,0,2000,2000,0,0,0.0,0.0,1.0,0.0,-1062.7773980956922,True,2000,2000,0,9.0965,14.9035,,,15,0.6209791666666666,0,0,0.0,single,24,0.02,0.02,0.9,0,,,,,v11_full_10d,128,integer_tree_ranked_valid_or_none,fixed_point_int,1000000,bb255908bec90f8d54945322db333c5c2d2df5af1c5e76fc9016dc8c975a381e,viper_integer_ranked_artifact_v1,True,,,,,,,,,,,,,,,,,,,,,,,,,,,,,,,,,18000,1458,16542,0,0,0.081,0.919,0.8674999999999999,2000,62.965,2397.0,0.13316666666666666,0.8668333333333333,0.13316666666666666,14664,0.8146666666666667,1878,1878,0,0,0,0.10433333333333333,0.10433333333333333,0.11352919840406239,939.0,619740.0,1237602.0,0.5007587253414013,619740.0,0.06253223148367794,1458,0.081,14664.0,15603.0,,,,,,,,,,,viper_iter_002,viper,3,11,6,3,10,0,0.0,0,0.0,0,0.0,2000,1058,0.529,0.529,0.004905363082885742,0.021108436584472656
mc_fairgen,0.65,12,2.0,0.5,1596,185,101596,c_amc_sem_baseline,,True,1,50000000,25000,C_AMC_SEM,0.5,interval_qos_v2_single_recovery_full_C5_overinc016_abs005,True,True,4.0,lo,1178,1886,0,3064,0,1886,0,1178,11882819,50000000,0.23765638,23.560000000000002,10087.282682512734,1,1886,1886,1886,0,0,0,0.0,0,0,0,0,0,0,0.0,0.0,0.0,0.0,0.0,True,0,0,0,0.0,0.0,0,0.0,0,0.0,0,0,0.0,single,24,0.02,0.02,0.9,0,0,0.0,0,0.0,,,,,,,,,,,,,,,,,,,,,,,,,,,,,,,,,,,,,,,,,18000,1886,16114,0,0,0.10477777777777778,0.8952222222222223,0.876,0,,2859.5,0.15886111111111112,0.8411388888888889,0.15886111111111112,14167,0.7870555555555555,1947,1947,0,0,0,0.10816666666666666,0.10816666666666666,0.12082661040089364,973.5,642510.0,1283073.0,0.5007587253414002,642510.0,0.0657074382219077,1886,0.10477777777777778,14167.0,15140.5,,,,,,,,,,,,,,,,,,,,,,,,,,,,,
mc_fairgen,0.65,12,2.0,0.5,1596,185,101596,dqn_agent,mlp,True,1,50000000,25000,C_AMC_SEM,0.5,interval_qos_v2_single_recovery_full_C5_overinc016_abs005,True,True,4.0,lo,1178,1308,0,2486,0,1308,0,1178,11917979,50000000,0.23835958,23.560000000000002,10117.129881154498,1,1308,1308,1308,0,0,0,0.0,2000,0,2000,2000,0,0,0.0,0.0,1.0,0.0,-1001.9757423209101,True,2000,2000,0,9.113,14.887,12000,0.25,15,0.6202916666666667,0,0,0.0,single,24,0.02,0.02,0.9,0,0,0.0,3774,0.078625,v11_full_10d,128,,,,,,,0.2626780501765924,1073,0.0,0,0.0,0.0,0.0,0.0,0,0.0,0.0,0.0,0.0,919,0,0.5104733916900094,1.599,841,0.08266933879020895,0.8328333333333333,0.8328333333333333,0.0,"{""mc_hi_0"": 1.0, ""mc_hi_1"": 1.0, ""mc_hi_2"": 1.0, ""mc_hi_3"": 1.0, ""mc_hi_4"": 1.0, ""mc_hi_5"": 1.0, ""mc_lo_0"": 1.0, ""mc_lo_1"": 1.0, ""mc_lo_2"": 1.0, ""mc_lo_3"": 4.029411764705882, ""mc_lo_4"": 1.2933333333333332, ""mc_lo_5"": 4.043478260869565}","{""mc_hi_0"": 1.0, ""mc_hi_1"": 1.0, ""mc_hi_2"": 1.0, ""mc_hi_3"": 1.0, ""mc_hi_4"": 1.0, ""mc_hi_5"": 1.0, ""mc_lo_0"": 1.0, ""mc_lo_1"": 1.0, ""mc_lo_2"": 1.0, ""mc_lo_3"": 4.029411764705882, ""mc_lo_4"": 2.0985714285714288, ""mc_lo_5"": 4.043478260869565}","{""mc_hi_0"": 1.0, ""mc_hi_1"": 1.0, ""mc_hi_2"": 1.0, ""mc_hi_3"": 1.0, ""mc_hi_4"": 1.0, ""mc_hi_5"": 1.0, ""mc_lo_0"": 1.0, ""mc_lo_1"": 1.0, ""mc_lo_2"": 1.0, ""mc_lo_3"": 1.0, ""mc_lo_4"": 1.0, ""mc_lo_5"": 1.0}","{""mc_hi_0"": 0, ""mc_hi_1"": 0, ""mc_hi_2"": 0, ""mc_hi_3"": 0, ""mc_hi_4"": 0, ""mc_hi_5"": 0, ""mc_lo_0"": 0, ""mc_lo_1"": 0, ""mc_lo_2"": 0, ""mc_lo_3"": 62, ""mc_lo_4"": 951, ""mc_lo_5"": 68}","{""mc_hi_0"": 0, ""mc_hi_1"": 0, ""mc_hi_2"": 0, ""mc_hi_3"": 0, ""mc_hi_4"": 0, ""mc_hi_5"": 0, ""mc_lo_0"": 0, ""mc_lo_1"": 0, ""mc_lo_2"": 0, ""mc_lo_3"": 0, ""mc_lo_4"": 919, ""mc_lo_5"": 0}","{""mc_hi_0"": 0, ""mc_hi_1"": 0, ""mc_hi_2"": 0, ""mc_hi_3"": 0, ""mc_hi_4"": 0, ""mc_hi_5"": 0, ""mc_lo_0"": 0, ""mc_lo_1"": 0, ""mc_lo_2"": 0, ""mc_lo_3"": 0, ""mc_lo_4"": 919, ""mc_lo_5"": 0}","{""mc_hi_0"": 0, ""mc_hi_1"": 0, ""mc_hi_2"": 0, ""mc_hi_3"": 0, ""mc_hi_4"": 0, ""mc_hi_5"": 0, ""mc_lo_0"": 0, ""mc_lo_1"": 0, ""mc_lo_2"": 0, ""mc_lo_3"": 60, ""mc_lo_4"": 948, ""mc_lo_5"": 65}","{""mc_hi_0"": 0, ""mc_hi_1"": 0, ""mc_hi_2"": 0, ""mc_hi_3"": 0, ""mc_hi_4"": 0, ""mc_hi_5"": 0, ""mc_lo_0"": 0, ""mc_lo_1"": 0, ""mc_lo_2"": 0, ""mc_lo_3"": 62, ""mc_lo_4"": 22, ""mc_lo_5"": 41}","{""mc_hi_0"": 0, ""mc_hi_1"": 0, ""mc_hi_2"": 0, ""mc_hi_3"": 0, ""mc_hi_4"": 0, ""mc_hi_5"": 0, ""mc_lo_0"": 0, ""mc_lo_1"": 0, ""mc_lo_2"": 0, ""mc_lo_3"": 1998, ""mc_lo_4"": 1908, ""mc_lo_5"": 1936}","{""mc_hi_0"": 0, ""mc_hi_1"": 0, ""mc_hi_2"": 0, ""mc_hi_3"": 0, ""mc_hi_4"": 0, ""mc_hi_5"": 0, ""mc_lo_0"": 0, ""mc_lo_1"": 0, ""mc_lo_2"": 0, ""mc_lo_3"": 0, ""mc_lo_4"": 0, ""mc_lo_5"": 0}",18000,1308,16692,0,0,0.07266666666666667,0.9273333333333333,0.876,2000,58.6345,2282.5,0.12680555555555556,0.8731944444444445,0.1268055555555555,14743,0.8190555555555555,1949,1949,0,0,0,0.10827777777777778,0.10827777777777778,0.11676252096812845,974.5,643170.0,1284391.0,0.5007587253414001,643170.0,0.06519779614682515,1308,0.07266666666666667,14743.0,15717.5,,,,,,,,,,0,,,,,,,,,,,,,,,,,,,
mc_fairgen,0.65,12,2.0,0.5,1596,185,101596,bc_tree_agent,,True,1,50000000,25000,C_AMC_SEM,0.5,interval_qos_v2_single_recovery_full_C5_overinc016_abs005,True,True,4.0,lo,1178,1298,0,2476,0,1298,0,1178,11917866,50000000,0.23835732,,,,1298,,,,,,,2000,0,2000,2000,0,0,0.0,0.0,1.0,0.0,-1037.2021394162339,True,2000,2000,0,8.89,15.11,,,16,0.6295833333333334,0,0,0.0,single,24,0.02,0.02,0.9,0,,,,,v11_full_10d,128,integer_tree_ranked_valid_or_none,fixed_point_int,1000000,bb255908bec90f8d54945322db333c5c2d2df5af1c5e76fc9016dc8c975a381e,viper_integer_ranked_artifact_v1,True,,,,,,,,,,,,,,,,,,,,,,,,,,,,,,,,,18000,1298,16702,0,0,0.07211111111111111,0.9278888888888889,0.876,2000,145.158,2272.5,0.12625,0.87375,0.12624999999999997,14753,0.8196111111111111,1949,1949,0,0,0,0.10827777777777778,0.10827777777777778,0.11669261166327385,974.5,643170.0,1284391.0,0.5007587253414001,643170.0,0.06520279959331507,1298,0.07211111111111111,14753.0,15727.5,,,,,,,,,,,bc_iter_001,bc,3,11,6,3,10,269,0.1345,269,0.1345,0,0.0,2000,1043,0.5215,0.387,0.010916006088256837,0.03803329467773437
mc_fairgen,0.65,12,2.0,0.5,1596,185,101596,viper_tree_agent,,True,1,50000000,25000,C_AMC_SEM,0.5,interval_qos_v2_single_recovery_full_C5_overinc016_abs005,True,True,4.0,lo,1178,1294,0,2472,0,1294,0,1178,11919021,50000000,0.23838042,,,,1294,,,,,,,2000,0,2000,2000,0,0,0.0,0.0,1.0,0.0,-1003.6807457039884,True,2000,2000,0,9.0965,14.9035,,,15,0.6209791666666666,0,0,0.0,single,24,0.02,0.02,0.9,0,,,,,v11_full_10d,128,integer_tree_ranked_valid_or_none,fixed_point_int,1000000,bb255908bec90f8d54945322db333c5c2d2df5af1c5e76fc9016dc8c975a381e,viper_integer_ranked_artifact_v1,True,,,,,,,,,,,,,,,,,,,,,,,,,,,,,,,,,18000,1294,16706,0,0,0.07188888888888889,0.9281111111111111,0.876,2000,62.965,2268.5,0.12602777777777777,0.8739722222222223,0.12602777777777774,14757,0.8198333333333333,1949,1949,0,0,0,0.10827777777777778,0.10827777777777778,0.1166646713755537,974.5,643170.0,1284391.0,0.5007587253414001,643170.0,0.06519032215069175,1294,0.07188888888888889,14757.0,15731.5,,,,,,,,,,,viper_iter_002,viper,3,11,6,3,10,0,0.0,0,0.0,0,0.0,2000,1025,0.5125,0.5125,0.004654050827026367,0.01953907012939453
mc_fairgen,0.65,12,2.0,0.5,1597,185,101597,c_amc_sem_baseline,,True,1,50000000,25000,C_AMC_SEM,0.5,interval_qos_v2_single_recovery_full_C5_overinc016_abs005,True,True,4.0,lo,1185,1914,0,3099,0,1914,0,1185,11911290,50000000,0.2382258,23.7,10051.721518987342,1,1914,1914,1914,0,0,0,0.0,0,0,0,0,0,0,0.0,0.0,0.0,0.0,0.0,True,0,0,0,0.0,0.0,0,0.0,0,0.0,0,0,0.0,single,24,0.02,0.02,0.9,0,0,0.0,0,0.0,,,,,,,,,,,,,,,,,,,,,,,,,,,,,,,,,,,,,,,,,18000,1914,16086,0,0,0.10633333333333334,0.8936666666666666,0.873,0,,2888.0,0.16044444444444445,0.8395555555555556,0.1604444444444444,14138,0.7854444444444444,1948,1948,0,0,0,0.10822222222222222,0.10822222222222222,0.12109909237846575,974.0,642840.0,1283732.0,0.5007587253414002,642840.0,0.06564663374123009,1914,0.10633333333333334,14138.0,15112.0,,,,,,,,,,,,,,,,,,,,,,,,,,,,,
mc_fairgen,0.65,12,2.0,0.5,1597,185,101597,dqn_agent,mlp,True,1,50000000,25000,C_AMC_SEM,0.5,interval_qos_v2_single_recovery_full_C5_overinc016_abs005,True,True,4.0,lo,1185,1331,0,2516,0,1331,0,1185,11954258,50000000,0.23908516,23.7,10087.981434599156,1,1331,1331,1331,0,0,0,0.0,2000,0,2000,2000,0,0,0.0,0.0,1.0,0.0,-1004.3035054508521,True,2000,2000,0,9.1165,14.8835,12000,0.25,15,0.6201458333333333,0,0,0.0,single,24,0.02,0.02,0.9,0,0,0.0,3767,0.07847916666666667,v11_full_10d,128,,,,,,,0.25531924065278283,1077,0.0,0,0.0,0.0,0.0,0.0,0,0.0,0.0,0.0,0.0,915,0,0.5090127559067106,1.5165,871,0.08377210344385827,0.8328333333333333,0.8328333333333333,0.0,"{""mc_hi_0"": 1.0, ""mc_hi_1"": 1.0, ""mc_hi_2"": 1.0, ""mc_hi_3"": 1.0, ""mc_hi_4"": 1.0, ""mc_hi_5"": 1.0, ""mc_lo_0"": 1.0, ""mc_lo_1"": 1.0, ""mc_lo_2"": 1.0, ""mc_lo_3"": 4.029411764705882, ""mc_lo_4"": 1.5476190476190477, ""mc_lo_5"": 4.043478260869565}","{""mc_hi_0"": 1.0, ""mc_hi_1"": 1.0, ""mc_hi_2"": 1.0, ""mc_hi_3"": 1.0, ""mc_hi_4"": 1.0, ""mc_hi_5"": 1.0, ""mc_lo_0"": 1.0, ""mc_lo_1"": 1.0, ""mc_lo_2"": 1.0, ""mc_lo_3"": 4.029411764705882, ""mc_lo_4"": 2.0761904761904764, ""mc_lo_5"": 4.043478260869565}","{""mc_hi_0"": 1.0, ""mc_hi_1"": 1.0, ""mc_hi_2"": 1.0, ""mc_hi_3"": 1.0, ""mc_hi_4"": 1.0, ""mc_hi_5"": 1.0, ""mc_lo_0"": 1.0, ""mc_lo_1"": 1.0, ""mc_lo_2"": 1.0, ""mc_lo_3"": 1.0, ""mc_lo_4"": 1.0, ""mc_lo_5"": 1.0}","{""mc_hi_0"": 0, ""mc_hi_1"": 0, ""mc_hi_2"": 0, ""mc_hi_3"": 0, ""mc_hi_4"": 0, ""mc_hi_5"": 0, ""mc_lo_0"": 0, ""mc_lo_1"": 0, ""mc_lo_2"": 0, ""mc_lo_3"": 62, ""mc_lo_4"": 955, ""mc_lo_5"": 68}","{""mc_hi_0"": 0, ""mc_hi_1"": 0, ""mc_hi_2"": 0, ""mc_hi_3"": 0, ""mc_hi_4"": 0, ""mc_hi_5"": 0, ""mc_lo_0"": 0, ""mc_lo_1"": 0, ""mc_lo_2"": 0, ""mc_lo_3"": 0, ""mc_lo_4"": 915, ""mc_lo_5"": 0}","{""mc_hi_0"": 0, ""mc_hi_1"": 0, ""mc_hi_2"": 0, ""mc_hi_3"": 0, ""mc_hi_4"": 0, ""mc_hi_5"": 0, ""mc_lo_0"": 0, ""mc_lo_1"": 0, ""mc_lo_2"": 0, ""mc_lo_3"": 0, ""mc_lo_4"": 915, ""mc_lo_5"": 0}","{""mc_hi_0"": 0, ""mc_hi_1"": 0, ""mc_hi_2"": 0, ""mc_hi_3"": 0, ""mc_hi_4"": 0, ""mc_hi_5"": 0, ""mc_lo_0"": 0, ""mc_lo_1"": 0, ""mc_lo_2"": 0, ""mc_lo_3"": 60, ""mc_lo_4"": 952, ""mc_lo_5"": 65}","{""mc_hi_0"": 0, ""mc_hi_1"": 0, ""mc_hi_2"": 0, ""mc_hi_3"": 0, ""mc_hi_4"": 0, ""mc_hi_5"": 0, ""mc_lo_0"": 0, ""mc_lo_1"": 0, ""mc_lo_2"": 0, ""mc_lo_3"": 62, ""mc_lo_4"": 18, ""mc_lo_5"": 42}","{""mc_hi_0"": 0, ""mc_hi_1"": 0, ""mc_hi_2"": 0, ""mc_hi_3"": 0, ""mc_hi_4"": 0, ""mc_hi_5"": 0, ""mc_lo_0"": 0, ""mc_lo_1"": 0, ""mc_lo_2"": 0, ""mc_lo_3"": 1998, ""mc_lo_4"": 1910, ""mc_lo_5"": 1936}","{""mc_hi_0"": 0, ""mc_hi_1"": 0, ""mc_hi_2"": 0, ""mc_hi_3"": 0, ""mc_hi_4"": 0, ""mc_hi_5"": 0, ""mc_lo_0"": 0, ""mc_lo_1"": 0, ""mc_lo_2"": 0, ""mc_lo_3"": 0, ""mc_lo_4"": 0, ""mc_lo_5"": 0}",18000,1331,16669,0,0,0.07394444444444444,0.9260555555555555,0.884,2000,57.9595,2305.5,0.12808333333333333,0.8719166666666667,0.12808333333333333,14720,0.8177777777777778,1949,1949,0,0,0,0.10827777777777778,0.10827777777777778,0.11692363069170317,974.5,643170.0,1284391.0,0.5007587253414001,643170.0,0.06510255345096067,1331,0.07394444444444444,14720.0,15694.5,,,,,,,,,,0,,,,,,,,,,,,,,,,,,,
mc_fairgen,0.65,12,2.0,0.5,1597,185,101597,bc_tree_agent,,True,1,50000000,25000,C_AMC_SEM,0.5,interval_qos_v2_single_recovery_full_C5_overinc016_abs005,True,True,4.0,lo,1185,1329,0,2514,0,1329,0,1185,11953716,50000000,0.23907432,,,,1329,,,,,,,2000,0,2000,2000,0,0,0.0,0.0,1.0,0.0,-1040.2952230383596,True,2000,2000,0,8.922,15.078,,,16,0.62825,0,0,0.0,single,24,0.02,0.02,0.9,0,,,,,v11_full_10d,128,integer_tree_ranked_valid_or_none,fixed_point_int,1000000,bb255908bec90f8d54945322db333c5c2d2df5af1c5e76fc9016dc8c975a381e,viper_integer_ranked_artifact_v1,True,,,,,,,,,,,,,,,,,,,,,,,,,,,,,,,,,18000,1329,16671,0,0,0.07383333333333333,0.9261666666666667,0.884,2000,143.9,2303.5,0.1279722222222222,0.8720277777777777,0.12797222222222226,14722,0.8178888888888889,1949,1949,0,0,0,0.10827777777777778,0.10827777777777778,0.1169096035030892,974.5,643170.0,1284391.0,0.5007587253414001,643170.0,0.065116454243686,1329,0.07383333333333333,14722.0,15696.5,,,,,,,,,,,bc_iter_001,bc,3,11,6,3,10,220,0.11,220,0.11,0,0.0,2000,1040,0.52,0.41,0.01053329849243164,0.03599281311035155
mc_fairgen,0.65,12,2.0,0.5,1597,185,101597,viper_tree_agent,,True,1,50000000,25000,C_AMC_SEM,0.5,interval_qos_v2_single_recovery_full_C5_overinc016_abs005,True,True,4.0,lo,1185,1325,0,2510,0,1325,0,1185,11954185,50000000,0.2390837,,,,1325,,,,,,,2000,0,2000,2000,0,0,0.0,0.0,1.0,0.0,-1005.6875093123074,True,2000,2000,0,9.0965,14.9035,,,15,0.6209791666666666,0,0,0.0,single,24,0.02,0.02,0.9,0,,,,,v11_full_10d,128,integer_tree_ranked_valid_or_none,fixed_point_int,1000000,bb255908bec90f8d54945322db333c5c2d2df5af1c5e76fc9016dc8c975a381e,viper_integer_ranked_artifact_v1,True,,,,,,,,,,,,,,,,,,,,,,,,,,,,,,,,,18000,1325,16675,0,0,0.07361111111111111,0.9263888888888889,0.884,2000,62.965,2299.5,0.12775,0.87225,0.12775000000000003,14726,0.8181111111111111,1949,1949,0,0,0,0.10827777777777778,0.10827777777777778,0.1168815592203898,974.5,643170.0,1284391.0,0.5007587253414001,643170.0,0.06510526854948981,1325,0.07361111111111111,14726.0,15700.5,,,,,,,,,,,viper_iter_002,viper,3,11,6,3,10,0,0.0,0,0.0,0,0.0,2000,1018,0.509,0.509,0.00500346565246582,0.021961402893066407
mc_fairgen,0.65,12,2.0,0.5,1598,185,101598,c_amc_sem_baseline,,True,1,50000000,25000,C_AMC_SEM,0.5,interval_qos_v2_single_recovery_full_C5_overinc016_abs005,True,True,4.0,lo,1205,1923,0,3128,0,1923,0,1205,11685301,50000000,0.23370602,24.1,9697.345228215767,1,1923,1923,1923,0,0,0,0.0,0,0,0,0,0,0,0.0,0.0,0.0,0.0,0.0,True,0,0,0,0.0,0.0,0,0.0,0,0.0,0,0,0.0,single,24,0.02,0.02,0.9,0,0,0.0,0,0.0,,,,,,,,,,,,,,,,,,,,,,,,,,,,,,,,,,,,,,,,,18000,1923,16077,0,0,0.10683333333333334,0.8931666666666667,0.86,0,,2869.5,0.15941666666666668,0.8405833333333333,0.15941666666666665,14184,0.788,1893,1893,0,0,0,0.10516666666666667,0.10516666666666667,0.11774584810598993,946.5,624690.0,1247487.0,0.500758725341401,624690.0,0.06380356643848041,1923,0.10683333333333334,14184.0,15130.5,,,,,,,,,,,,,,,,,,,,,,,,,,,,,
mc_fairgen,0.65,12,2.0,0.5,1598,185,101598,dqn_agent,mlp,True,1,50000000,25000,C_AMC_SEM,0.5,interval_qos_v2_single_recovery_full_C5_overinc016_abs005,True,True,4.0,lo,1205,1378,0,2583,0,1378,0,1205,11726028,50000000,0.23452056,24.1,9731.14356846473,1,1378,1378,1378,0,0,0,0.0,2000,0,2000,2000,0,0,0.0,0.0,1.0,0.0,-1037.670774432419,True,2000,2000,0,9.1,14.9,12000,0.25,15,0.6208333333333333,0,0,0.0,single,24,0.02,0.02,0.9,0,0,0.0,3800,0.07916666666666666,v11_full_10d,128,,,,,,,0.26299066922421144,1078,0.0,0,0.0,0.0,0.0,0.0,0,0.0,0.0,0.0,0.0,914,0,0.5120157864450128,2.2985,822,0.08372326021661182,0.8328333333333333,0.8328333333333333,0.0,"{""mc_hi_0"": 1.0, ""mc_hi_1"": 1.0, ""mc_hi_2"": 1.0, ""mc_hi_3"": 1.0, ""mc_hi_4"": 1.0, ""mc_hi_5"": 1.0, ""mc_lo_0"": 1.0, ""mc_lo_1"": 1.0, ""mc_lo_2"": 1.0, ""mc_lo_3"": 4.029411764705882, ""mc_lo_4"": 1.6057142857142856, ""mc_lo_5"": 4.043478260869565}","{""mc_hi_0"": 1.0, ""mc_hi_1"": 1.0, ""mc_hi_2"": 1.0, ""mc_hi_3"": 1.0, ""mc_hi_4"": 1.0, ""mc_hi_5"": 1.0, ""mc_lo_0"": 1.0, ""mc_lo_1"": 1.0, ""mc_lo_2"": 1.0, ""mc_lo_3"": 4.029411764705882, ""mc_lo_4"": 2.0542857142857143, ""mc_lo_5"": 4.043478260869565}","{""mc_hi_0"": 1.0, ""mc_hi_1"": 1.0, ""mc_hi_2"": 1.0, ""mc_hi_3"": 1.0, ""mc_hi_4"": 1.0, ""mc_hi_5"": 1.0, ""mc_lo_0"": 1.0, ""mc_lo_1"": 1.0, ""mc_lo_2"": 1.0, ""mc_lo_3"": 1.0, ""mc_lo_4"": 1.0, ""mc_lo_5"": 1.0}","{""mc_hi_0"": 0, ""mc_hi_1"": 0, ""mc_hi_2"": 0, ""mc_hi_3"": 0, ""mc_hi_4"": 0, ""mc_hi_5"": 0, ""mc_lo_0"": 0, ""mc_lo_1"": 0, ""mc_lo_2"": 0, ""mc_lo_3"": 62, ""mc_lo_4"": 956, ""mc_lo_5"": 68}","{""mc_hi_0"": 0, ""mc_hi_1"": 0, ""mc_hi_2"": 0, ""mc_hi_3"": 0, ""mc_hi_4"": 0, ""mc_hi_5"": 0, ""mc_lo_0"": 0, ""mc_lo_1"": 0, ""mc_lo_2"": 0, ""mc_lo_3"": 0, ""mc_lo_4"": 914, ""mc_lo_5"": 0}","{""mc_hi_0"": 0, ""mc_hi_1"": 0, ""mc_hi_2"": 0, ""mc_hi_3"": 0, ""mc_hi_4"": 0, ""mc_hi_5"": 0, ""mc_lo_0"": 0, ""mc_lo_1"": 0, ""mc_lo_2"": 0, ""mc_lo_3"": 0, ""mc_lo_4"": 914, ""mc_lo_5"": 0}","{""mc_hi_0"": 0, ""mc_hi_1"": 0, ""mc_hi_2"": 0, ""mc_hi_3"": 0, ""mc_hi_4"": 0, ""mc_hi_5"": 0, ""mc_lo_0"": 0, ""mc_lo_1"": 0, ""mc_lo_2"": 0, ""mc_lo_3"": 60, ""mc_lo_4"": 953, ""mc_lo_5"": 65}","{""mc_hi_0"": 0, ""mc_hi_1"": 0, ""mc_hi_2"": 0, ""mc_hi_3"": 0, ""mc_hi_4"": 0, ""mc_hi_5"": 0, ""mc_lo_0"": 0, ""mc_lo_1"": 0, ""mc_lo_2"": 0, ""mc_lo_3"": 62, ""mc_lo_4"": 20, ""mc_lo_5"": 68}","{""mc_hi_0"": 0, ""mc_hi_1"": 0, ""mc_hi_2"": 0, ""mc_hi_3"": 0, ""mc_hi_4"": 0, ""mc_hi_5"": 0, ""mc_lo_0"": 0, ""mc_lo_1"": 0, ""mc_lo_2"": 0, ""mc_lo_3"": 1998, ""mc_lo_4"": 1888, ""mc_lo_5"": 1936}","{""mc_hi_0"": 0, ""mc_hi_1"": 0, ""mc_hi_2"": 0, ""mc_hi_3"": 0, ""mc_hi_4"": 0, ""mc_hi_5"": 0, ""mc_lo_0"": 0, ""mc_lo_1"": 0, ""mc_lo_2"": 0, ""mc_lo_3"": 0, ""mc_lo_4"": 0, ""mc_lo_5"": 0}",18000,1378,16622,0,0,0.07655555555555556,0.9234444444444444,0.874,2000,58.5785,2324.5,0.1291388888888889,0.8708611111111111,0.12913888888888891,14729,0.8182777777777778,1893,1893,0,0,0,0.10516666666666667,0.10516666666666667,0.11388521236914932,946.5,624690.0,1247487.0,0.500758725341401,624690.0,0.06319651831888702,1378,0.07655555555555556,14729.0,15675.5,,,,,,,,,,0,,,,,,,,,,,,,,,,,,,
mc_fairgen,0.65,12,2.0,0.5,1598,185,101598,bc_tree_agent,,True,1,50000000,25000,C_AMC_SEM,0.5,interval_qos_v2_single_recovery_full_C5_overinc016_abs005,True,True,4.0,lo,1205,1358,0,2563,0,1358,0,1205,11727486,50000000,0.23454972,,,,1358,,,,,,,2000,0,2000,2000,0,0,0.0,0.0,1.0,0.0,-1061.9061255435588,True,2000,2000,0,8.9215,15.0785,,,16,0.6282708333333333,0,0,0.0,single,24,0.02,0.02,0.9,0,,,,,v11_full_10d,128,integer_tree_ranked_valid_or_none,fixed_point_int,1000000,bb255908bec90f8d54945322db333c5c2d2df5af1c5e76fc9016dc8c975a381e,viper_integer_ranked_artifact_v1,True,,,,,,,,,,,,,,,,,,,,,,,,,,,,,,,,,18000,1358,16642,0,0,0.07544444444444444,0.9245555555555556,0.874,2000,149.07,2304.5,0.12802777777777777,0.8719722222222223,0.12802777777777774,14749,0.8193888888888889,1893,1893,0,0,0,0.10516666666666667,0.10516666666666667,0.11374834755438049,946.5,624690.0,1247487.0,0.500758725341401,624690.0,0.06317839225964823,1358,0.07544444444444444,14749.0,15695.5,,,,,,,,,,,bc_iter_001,bc,3,11,6,3,10,215,0.1075,215,0.1075,0,0.0,2000,1058,0.529,0.4215,0.010822443008422852,0.03746166229248047
mc_fairgen,0.65,12,2.0,0.5,1598,185,101598,viper_tree_agent,,True,1,50000000,25000,C_AMC_SEM,0.5,interval_qos_v2_single_recovery_full_C5_overinc016_abs005,True,True,4.0,lo,1205,1358,0,2563,0,1358,0,1205,11727486,50000000,0.23454972,,,,1358,,,,,,,2000,0,2000,2000,0,0,0.0,0.0,1.0,0.0,-1030.6930696678492,True,2000,2000,0,9.0965,14.9035,,,15,0.6209791666666666,0,0,0.0,single,24,0.02,0.02,0.9,0,,,,,v11_full_10d,128,integer_tree_ranked_valid_or_none,fixed_point_int,1000000,bb255908bec90f8d54945322db333c5c2d2df5af1c5e76fc9016dc8c975a381e,viper_integer_ranked_artifact_v1,True,,,,,,,,,,,,,,,,,,,,,,,,,,,,,,,,,18000,1358,16642,0,0,0.07544444444444444,0.9245555555555556,0.874,2000,62.965,2304.5,0.12802777777777777,0.8719722222222223,0.12802777777777774,14749,0.8193888888888889,1893,1893,0,0,0,0.10516666666666667,0.10516666666666667,0.11374834755438049,946.5,624690.0,1247487.0,0.500758725341401,624690.0,0.06317839225964823,1358,0.07544444444444444,14749.0,15695.5,,,,,,,,,,,viper_iter_002,viper,3,11,6,3,10,0,0.0,0,0.0,0,0.0,2000,1083,0.5415,0.5415,0.004658189773559571,0.021126365661621092
mc_fairgen,0.65,12,2.0,0.5,1599,185,101599,c_amc_sem_baseline,,True,1,50000000,25000,C_AMC_SEM,0.5,interval_qos_v2_single_recovery_full_C5_overinc016_abs005,True,True,4.0,lo,1154,1948,0,3102,0,1948,0,1154,11586333,50000000,0.23172666,23.08,10040.149913344887,1,1948,1948,1948,0,0,0,0.0,0,0,0,0,0,0,0.0,0.0,0.0,0.0,0.0,True,0,0,0,0.0,0.0,0,0.0,0,0.0,0,0,0.0,single,24,0.02,0.02,0.9,0,0,0.0,0,0.0,,,,,,,,,,,,,,,,,,,,,,,,,,,,,,,,,,,,,,,,,18000,1948,16052,0,0,0.10822222222222222,0.8917777777777778,0.864,0,,2898.5,0.16102777777777777,0.8389722222222222,0.16102777777777777,14151,0.7861666666666667,1901,1901,0,0,0,0.10561111111111111,0.10561111111111111,0.11842761026663344,950.5,627330.0,1252759.0,0.5007587253414009,627330.0,0.0638716267151252,1948,0.10822222222222222,14151.0,15101.5,,,,,,,,,,,,,,,,,,,,,,,,,,,,,
mc_fairgen,0.65,12,2.0,0.5,1599,185,101599,dqn_agent,mlp,True,1,50000000,25000,C_AMC_SEM,0.5,interval_qos_v2_single_recovery_full_C5_overinc016_abs005,True,True,4.0,lo,1154,1354,0,2508,0,1354,0,1154,11630309,50000000,0.23260618,23.08,10078.257365684576,1,1354,1354,1354,0,0,0,0.0,2000,0,2000,2000,0,0,0.0,0.0,1.0,0.0,-1020.0483102268263,True,2000,2000,0,9.103,14.897,12000,0.25,15,0.6207083333333333,0,0,0.0,single,24,0.02,0.02,0.9,0,0,0.0,3794,0.07904166666666666,v11_full_10d,128,,,,,,,0.2684368597004019,1077,0.0,0,0.0,0.0,0.0,0.0,0,0.0,0.0,0.0,0.0,915,0,0.5125145269557099,1.7895,819,0.07991746690876801,0.8328333333333333,0.8328333333333333,0.0,"{""mc_hi_0"": 1.0, ""mc_hi_1"": 1.0, ""mc_hi_2"": 1.0, ""mc_hi_3"": 1.0, ""mc_hi_4"": 1.0, ""mc_hi_5"": 1.0, ""mc_lo_0"": 1.0, ""mc_lo_1"": 1.0, ""mc_lo_2"": 1.0, ""mc_lo_3"": 4.029411764705882, ""mc_lo_4"": 1.532857142857143, ""mc_lo_5"": 4.043478260869565}","{""mc_hi_0"": 1.0, ""mc_hi_1"": 1.0, ""mc_hi_2"": 1.0, ""mc_hi_3"": 1.0, ""mc_hi_4"": 1.0, ""mc_hi_5"": 1.0, ""mc_lo_0"": 1.0, ""mc_lo_1"": 1.0, ""mc_lo_2"": 1.0, ""mc_lo_3"": 4.029411764705882, ""mc_lo_4"": 1.9066666666666667, ""mc_lo_5"": 4.043478260869565}","{""mc_hi_0"": 1.0, ""mc_hi_1"": 1.0, ""mc_hi_2"": 1.0, ""mc_hi_3"": 1.0, ""mc_hi_4"": 1.0, ""mc_hi_5"": 1.0, ""mc_lo_0"": 1.0, ""mc_lo_1"": 1.0, ""mc_lo_2"": 1.0, ""mc_lo_3"": 1.0, ""mc_lo_4"": 1.0, ""mc_lo_5"": 1.0}","{""mc_hi_0"": 0, ""mc_hi_1"": 0, ""mc_hi_2"": 0, ""mc_hi_3"": 0, ""mc_hi_4"": 0, ""mc_hi_5"": 0, ""mc_lo_0"": 0, ""mc_lo_1"": 0, ""mc_lo_2"": 0, ""mc_lo_3"": 62, ""mc_lo_4"": 955, ""mc_lo_5"": 68}","{""mc_hi_0"": 0, ""mc_hi_1"": 0, ""mc_hi_2"": 0, ""mc_hi_3"": 0, ""mc_hi_4"": 0, ""mc_hi_5"": 0, ""mc_lo_0"": 0, ""mc_lo_1"": 0, ""mc_lo_2"": 0, ""mc_lo_3"": 0, ""mc_lo_4"": 915, ""mc_lo_5"": 0}","{""mc_hi_0"": 0, ""mc_hi_1"": 0, ""mc_hi_2"": 0, ""mc_hi_3"": 0, ""mc_hi_4"": 0, ""mc_hi_5"": 0, ""mc_lo_0"": 0, ""mc_lo_1"": 0, ""mc_lo_2"": 0, ""mc_lo_3"": 0, ""mc_lo_4"": 915, ""mc_lo_5"": 0}","{""mc_hi_0"": 0, ""mc_hi_1"": 0, ""mc_hi_2"": 0, ""mc_hi_3"": 0, ""mc_hi_4"": 0, ""mc_hi_5"": 0, ""mc_lo_0"": 0, ""mc_lo_1"": 0, ""mc_lo_2"": 0, ""mc_lo_3"": 60, ""mc_lo_4"": 952, ""mc_lo_5"": 65}","{""mc_hi_0"": 0, ""mc_hi_1"": 0, ""mc_hi_2"": 0, ""mc_hi_3"": 0, ""mc_hi_4"": 0, ""mc_hi_5"": 0, ""mc_lo_0"": 0, ""mc_lo_1"": 0, ""mc_lo_2"": 0, ""mc_lo_3"": 62, ""mc_lo_4"": 10, ""mc_lo_5"": 52}","{""mc_hi_0"": 0, ""mc_hi_1"": 0, ""mc_hi_2"": 0, ""mc_hi_3"": 0, ""mc_hi_4"": 0, ""mc_hi_5"": 0, ""mc_lo_0"": 0, ""mc_lo_1"": 0, ""mc_lo_2"": 0, ""mc_lo_3"": 1998, ""mc_lo_4"": 1917, ""mc_lo_5"": 1936}","{""mc_hi_0"": 0, ""mc_hi_1"": 0, ""mc_hi_2"": 0, ""mc_hi_3"": 0, ""mc_hi_4"": 0, ""mc_hi_5"": 0, ""mc_lo_0"": 0, ""mc_lo_1"": 0, ""mc_lo_2"": 0, ""mc_lo_3"": 0, ""mc_lo_4"": 0, ""mc_lo_5"": 0}",18000,1354,16646,0,0,0.07522222222222222,0.9247777777777778,0.8775,2000,59.049,2305.0,0.12805555555555556,0.8719444444444444,0.1280555555555556,14744,0.8191111111111111,1902,1902,0,0,0,0.10566666666666667,0.10566666666666667,0.11426168448876607,951.0,627660.0,1253418.0,0.5007587253414009,627660.0,0.06331090429105223,1354,0.07522222222222222,14744.0,15695.0,,,,,,,,,,0,,,,,,,,,,,,,,,,,,,
mc_fairgen,0.65,12,2.0,0.5,1599,185,101599,bc_tree_agent,,True,1,50000000,25000,C_AMC_SEM,0.5,interval_qos_v2_single_recovery_full_C5_overinc016_abs005,True,True,4.0,lo,1154,1343,0,2497,0,1343,0,1154,11630346,50000000,0.23260692,,,,1343,,,,,,,2000,0,2000,2000,0,0,0.0,0.0,1.0,0.0,-1049.437112762642,True,2000,2000,0,8.913,15.087,,,16,0.628625,0,0,0.0,single,24,0.02,0.02,0.9,0,,,,,v11_full_10d,128,integer_tree_ranked_valid_or_none,fixed_point_int,1000000,bb255908bec90f8d54945322db333c5c2d2df5af1c5e76fc9016dc8c975a381e,viper_integer_ranked_artifact_v1,True,,,,,,,,,,,,,,,,,,,,,,,,,,,,,,,,,18000,1343,16657,0,0,0.07461111111111111,0.9253888888888889,0.8775,2000,144.246,2294.0,0.12744444444444444,0.8725555555555555,0.12744444444444447,14755,0.8197222222222222,1902,1902,0,0,0,0.10566666666666667,0.10566666666666667,0.1141862280122471,951.0,627660.0,1253418.0,0.5007587253414009,627660.0,0.06330423795276963,1343,0.07461111111111111,14755.0,15706.0,,,,,,,,,,,bc_iter_001,bc,3,11,6,3,10,243,0.1215,243,0.1215,0,0.0,2000,1070,0.535,0.4135,0.009970312118530273,0.0359210968017578
mc_fairgen,0.65,12,2.0,0.5,1599,185,101599,viper_tree_agent,,True,1,50000000,25000,C_AMC_SEM,0.5,interval_qos_v2_single_recovery_full_C5_overinc016_abs005,True,True,4.0,lo,1154,1340,0,2494,0,1340,0,1154,11631042,50000000,0.23262084,,,,1340,,,,,,,2000,0,2000,2000,0,0,0.0,0.0,1.0,0.0,-1017.9420554471006,True,2000,2000,0,9.0965,14.9035,,,15,0.6209791666666666,0,0,0.0,single,24,0.02,0.02,0.9,0,,,,,v11_full_10d,128,integer_tree_ranked_valid_or_none,fixed_point_int,1000000,bb255908bec90f8d54945322db333c5c2d2df5af1c5e76fc9016dc8c975a381e,viper_integer_ranked_artifact_v1,True,,,,,,,,,,,,,,,,,,,,,,,,,,,,,,,,,18000,1340,16660,0,0,0.07444444444444444,0.9255555555555556,0.8775,2000,62.965,2291.0,0.12727777777777777,0.8727222222222222,0.12727777777777782,14758,0.8198888888888889,1902,1902,0,0,0,0.10566666666666667,0.10566666666666667,0.11416566626650661,951.0,627660.0,1253418.0,0.5007587253414009,627660.0,0.06329791772178324,1340,0.07444444444444444,14758.0,15709.0,,,,,,,,,,,viper_iter_002,viper,3,11,6,3,10,0,0.0,0,0.0,0,0.0,2000,1048,0.524,0.524,0.004670629501342774,0.02042884826660156
