method,method_label,sweep_value,util_level,util_sum,weighted_success_sum,taskset_count,success_count,schedulable_ratio,weighted_schedulability_at_util
amc_max,AMC-max,1.0,0.025,5.150775154323688,5.150775154323688,200,200,1.0,1.0
amc_max,AMC-max,1.0,0.05,10.07356157320267,10.07356157320267,200,200,1.0,1.0
amc_max,AMC-max,1.0,0.075,15.0434043963246,15.0434043963246,200,200,1.0,1.0
amc_max,AMC-max,1.0,0.1,20.033434849724042,20.033434849724042,200,200,1.0,1.0
amc_max,AMC-max,1.0,0.125,25.028879158423397,25.028879158423397,200,200,1.0,1.0
amc_max,AMC-max,1.0,0.15,30.03550192819835,30.03550192819835,200,200,1.0,1.0
amc_max,AMC-max,1.0,0.175,35.0207482666908,35.0207482666908,200,200,1.0,1.0
amc_max,AMC-max,1.0,0.2,40.01291481185509,40.01291481185509,200,200,1.0,1.0
amc_max,AMC-max,1.0,0.225,45.01771047158208,45.01771047158208,200,200,1.0,1.0
amc_max,AMC-max,1.0,0.25,50.01110616187902,50.01110616187902,200,200,1.0,1.0
amc_max,AMC-max,1.0,0.275,55.01374912511959,55.01374912511959,200,200,1.0,1.0
amc_max,AMC-max,1.0,0.3,60.01498862925155,60.01498862925155,200,200,1.0,1.0
amc_max,AMC-max,1.0,0.325,65.0155689397196,65.0155689397196,200,200,1.0,1.0
amc_max,AMC-max,1.0,0.35,70.01916245631176,70.01916245631176,200,200,1.0,1.0
amc_max,AMC-max,1.0,0.375,75.01429470481146,75.01429470481146,200,200,1.0,1.0
amc_max,AMC-max,1.0,0.4,80.01035417787244,80.01035417787244,200,200,1.0,1.0
amc_max,AMC-max,1.0,0.425,85.00718233545614,85.00718233545614,200,200,1.0,1.0
amc_max,AMC-max,1.0,0.45,90.01395769955089,90.01395769955089,200,200,1.0,1.0
amc_max,AMC-max,1.0,0.475,95.00575932667381,95.00575932667381,200,200,1.0,1.0
amc_max,AMC-max,1.0,0.5,100.01498087861673,100.01498087861673,200,200,1.0,1.0
amc_max,AMC-max,1.0,0.525,105.01841577701121,105.01841577701121,200,200,1.0,1.0
amc_max,AMC-max,1.0,0.55,110.00496092811977,110.00496092811977,200,200,1.0,1.0
amc_max,AMC-max,1.0,0.575,115.00983799283794,115.00983799283794,200,200,1.0,1.0
amc_max,AMC-max,1.0,0.6,120.01179642897297,120.01179642897297,200,200,1.0,1.0
amc_max,AMC-max,1.0,0.625,125.01201884481794,125.01201884481794,200,200,1.0,1.0
amc_max,AMC-max,1.0,0.65,129.99880651097772,129.99880651097772,200,200,1.0,1.0
amc_max,AMC-max,1.0,0.675,135.00566887028583,135.00566887028583,200,200,1.0,1.0
amc_max,AMC-max,1.0,0.7,140.01085780267155,140.01085780267155,200,200,1.0,1.0
amc_max,AMC-max,1.0,0.725,145.00330748260743,145.00330748260743,200,200,1.0,1.0
amc_max,AMC-max,1.0,0.75,149.99880840634685,149.99880840634685,200,200,1.0,1.0
amc_max,AMC-max,1.0,0.775,155.00410862662332,155.00410862662332,200,200,1.0,1.0
amc_max,AMC-max,1.0,0.8,159.9963870813707,159.9963870813707,200,200,1.0,1.0
amc_max,AMC-max,1.0,0.825,165.0089074783576,165.0089074783576,200,200,1.0,1.0
amc_max,AMC-max,1.0,0.85,170.00517541628386,170.00517541628386,200,200,1.0,1.0
amc_max,AMC-max,1.0,0.875,175.01398167579455,168.0138438154824,200,192,0.96,0.9600024078460223
amc_max,AMC-max,1.0,0.9,180.0008036048297,161.10157179233377,200,179,0.895,0.8950047364566941
amc_max,AMC-max,1.0,0.925,185.0008705874767,106.373179883997,200,115,0.575,0.5749874557141557
amc_max,AMC-max,1.0,0.95,189.99766182501563,40.84304286672657,200,43,0.215,0.21496602892062044
amc_max,AMC-max,1.0,0.975,194.99701792278387,3.9010083097132116,200,4,0.02,0.02000547675686998
amc_max,AMC-max,1.5,0.025,5.133075019022422,5.133075019022422,200,200,1.0,1.0
amc_max,AMC-max,1.5,0.05,10.064032423590758,10.064032423590758,200,200,1.0,1.0
amc_max,AMC-max,1.5,0.075,15.043832593327416,15.043832593327416,200,200,1.0,1.0
amc_max,AMC-max,1.5,0.1,20.04896671567419,20.04896671567419,200,200,1.0,1.0
amc_max,AMC-max,1.5,0.125,25.034283799570023,25.034283799570023,200,200,1.0,1.0
amc_max,AMC-max,1.5,0.15,30.026106068640118,30.026106068640118,200,200,1.0,1.0
amc_max,AMC-max,1.5,0.175,35.01678966234951,35.01678966234951,200,200,1.0,1.0
amc_max,AMC-max,1.5,0.2,40.01427295929859,40.01427295929859,200,200,1.0,1.0
amc_max,AMC-max,1.5,0.225,45.008695167739,45.008695167739,200,200,1.0,1.0
amc_max,AMC-max,1.5,0.25,50.02157952417979,50.02157952417979,200,200,1.0,1.0
amc_max,AMC-max,1.5,0.275,55.001586640933056,55.001586640933056,200,200,1.0,1.0
amc_max,AMC-max,1.5,0.3,60.0105721754941,60.0105721754941,200,200,1.0,1.0
amc_max,AMC-max,1.5,0.325,65.00865875556394,65.00865875556394,200,200,1.0,1.0
amc_max,AMC-max,1.5,0.35,70.02134275002804,70.02134275002804,200,200,1.0,1.0
amc_max,AMC-max,1.5,0.375,75.0068434500792,75.0068434500792,200,200,1.0,1.0
amc_max,AMC-max,1.5,0.4,79.99985223088021,79.99985223088021,200,200,1.0,1.0
amc_max,AMC-max,1.5,0.425,85.01396523835977,85.01396523835977,200,200,1.0,1.0
amc_max,AMC-max,1.5,0.45,90.00369872569703,90.00369872569703,200,200,1.0,1.0
amc_max,AMC-max,1.5,0.475,95.01131444738856,95.01131444738856,200,200,1.0,1.0
amc_max,AMC-max,1.5,0.5,99.99539908242073,99.99539908242073,200,200,1.0,1.0
amc_max,AMC-max,1.5,0.525,105.01238711880423,105.01238711880423,200,200,1.0,1.0
amc_max,AMC-max,1.5,0.55,110.00778426632338,110.00778426632338,200,200,1.0,1.0
amc_max,AMC-max,1.5,0.575,115.00905854506904,115.00905854506904,200,200,1.0,1.0
amc_max,AMC-max,1.5,0.6,119.99622963446068,119.99622963446068,200,200,1.0,1.0
amc_max,AMC-max,1.5,0.625,125.00826252404102,125.00826252404102,200,200,1.0,1.0
amc_max,AMC-max,1.5,0.65,130.00988743741223,130.00988743741223,200,200,1.0,1.0
amc_max,AMC-max,1.5,0.675,135.00577853861085,135.00577853861085,200,200,1.0,1.0
amc_max,AMC-max,1.5,0.7,140.00391398281565,139.30440431977175,200,199,0.995,0.9950036420901078
amc_max,AMC-max,1.5,0.725,145.00152034732412,142.8263500084147,200,197,0.985,0.9849989825368781
amc_max,AMC-max,1.5,0.75,150.01220687200035,146.2631382353602,200,195,0.975,0.9750082428969326
amc_max,AMC-max,1.5,0.775,155.0019814655053,151.9015963156879,200,196,0.98,0.9799977708639332
amc_max,AMC-max,1.5,0.8,160.01021129713106,148.00969932184645,200,185,0.925,0.9250015865987437
amc_max,AMC-max,1.5,0.825,165.00429107495765,146.85644915372117,200,178,0.89,0.8900159395673393
amc_max,AMC-max,1.5,0.85,170.0092104679443,140.25811552266515,200,165,0.825,0.8250030403447535
amc_max,AMC-max,1.5,0.875,175.00963666037407,118.13305286855069,200,135,0.675,0.6750088459288742
amc_max,AMC-max,1.5,0.9,180.01119035103036,110.7031915730344,200,123,0.615,0.6149794985364961
amc_max,AMC-max,1.5,0.925,185.001385115156,61.97043428953835,200,67,0.335,0.3349728125060481
amc_max,AMC-max,1.5,0.95,189.99050705014633,18.99705611407135,200,20,0.1,0.09998950162840105
amc_max,AMC-max,1.5,0.975,195.00609973849208,0.0,200,0,0.0,0.0
amc_max,AMC-max,2.0,0.025,5.1322712080672455,5.1322712080672455,200,200,1.0,1.0
amc_max,AMC-max,2.0,0.05,10.071514649778374,10.071514649778374,200,200,1.0,1.0
amc_max,AMC-max,2.0,0.075,15.045002782388526,15.045002782388526,200,200,1.0,1.0
amc_max,AMC-max,2.0,0.1,20.022201245791617,20.022201245791617,200,200,1.0,1.0
amc_max,AMC-max,2.0,0.125,25.03017249781412,25.03017249781412,200,200,1.0,1.0
amc_max,AMC-max,2.0,0.15,30.021263333263633,30.021263333263633,200,200,1.0,1.0
amc_max,AMC-max,2.0,0.175,35.01151134600201,35.01151134600201,200,200,1.0,1.0
amc_max,AMC-max,2.0,0.2,40.02693585497304,40.02693585497304,200,200,1.0,1.0
amc_max,AMC-max,2.0,0.225,45.01656476839699,45.01656476839699,200,200,1.0,1.0
amc_max,AMC-max,2.0,0.25,50.01928028438367,50.01928028438367,200,200,1.0,1.0
amc_max,AMC-max,2.0,0.275,55.00885528028769,55.00885528028769,200,200,1.0,1.0
amc_max,AMC-max,2.0,0.3,60.0158736473339,60.0158736473339,200,200,1.0,1.0
amc_max,AMC-max,2.0,0.325,65.01640693405453,65.01640693405453,200,200,1.0,1.0
amc_max,AMC-max,2.0,0.35,70.00620176135585,70.00620176135585,200,200,1.0,1.0
amc_max,AMC-max,2.0,0.375,75.02164626155816,75.02164626155816,200,200,1.0,1.0
amc_max,AMC-max,2.0,0.4,80.01148416633471,80.01148416633471,200,200,1.0,1.0
amc_max,AMC-max,2.0,0.425,85.00793804439452,85.00793804439452,200,200,1.0,1.0
amc_max,AMC-max,2.0,0.45,90.01854956692674,90.01854956692674,200,200,1.0,1.0
amc_max,AMC-max,2.0,0.475,95.0066191984433,95.0066191984433,200,200,1.0,1.0
amc_max,AMC-max,2.0,0.5,100.00816184135975,100.00816184135975,200,200,1.0,1.0
amc_max,AMC-max,2.0,0.525,105.00111211090709,103.42732155150382,200,197,0.985,0.9850116772311807
amc_max,AMC-max,2.0,0.55,110.00336420461748,108.3525259089028,200,197,0.985,0.9849928381040788
amc_max,AMC-max,2.0,0.575,115.00689301199115,112.70671287311046,200,196,0.98,0.9799996323816794
amc_max,AMC-max,2.0,0.6,120.01025171539915,116.41185529848603,200,194,0.97,0.9700159247607728
amc_max,AMC-max,2.0,0.625,125.00035860001758,116.24945438396705,200,186,0.93,0.9299929671077816
amc_max,AMC-max,2.0,0.65,130.00776760397898,118.30647141408404,200,182,0.91,0.9099954071549121
amc_max,AMC-max,2.0,0.675,135.00960278567936,116.78232086909235,200,173,0.865,0.8649927002190958
amc_max,AMC-max,2.0,0.7,140.00309804117296,116.20051079192588,200,166,0.83,0.829985281881069
amc_max,AMC-max,2.0,0.725,145.00529227886912,110.20096604152799,200,152,0.76,0.7599789242836278
amc_max,AMC-max,2.0,0.75,150.00466425500338,108.75433576463443,200,145,0.725,0.7250063610005844
amc_max,AMC-max,2.0,0.775,155.00909580401375,100.75331082143191,200,130,0.65,0.6499832174288642
amc_max,AMC-max,2.0,0.8,160.01232576670694,93.61179101053042,200,117,0.585,0.5850286255260957
amc_max,AMC-max,2.0,0.825,165.00066882247498,89.92157452541396,200,109,0.545,0.5449770305001673
amc_max,AMC-max,2.0,0.85,169.99530903468138,85.84422438687734,200,101,0.505,0.5049799601785714
amc_max,AMC-max,2.0,0.875,174.99284691511403,83.1197982590354,200,95,0.475,0.47498969086065196
amc_max,AMC-max,2.0,0.9,179.9981223988979,51.30136481032598,200,57,0.285,0.2850105552581036
amc_max,AMC-max,2.0,0.925,185.002013321288,31.446015040938676,200,34,0.17,0.16997660985627888
amc_max,AMC-max,2.0,0.95,190.0220848347882,6.652785747326218,200,7,0.035,0.035010592337782115
amc_max,AMC-max,2.0,0.975,195.01091945254603,0.974788093415791,200,1,0.005,0.004998633390131756
amc_max,AMC-max,2.5,0.025,5.1338077926639,5.1338077926639,200,200,1.0,1.0
amc_max,AMC-max,2.5,0.05,10.073996898137175,10.073996898137175,200,200,1.0,1.0
amc_max,AMC-max,2.5,0.075,15.04803964022425,15.04803964022425,200,200,1.0,1.0
amc_max,AMC-max,2.5,0.1,20.051669754515828,20.051669754515828,200,200,1.0,1.0
amc_max,AMC-max,2.5,0.125,25.022964409667374,25.022964409667374,200,200,1.0,1.0
amc_max,AMC-max,2.5,0.15,30.03361905068292,30.03361905068292,200,200,1.0,1.0
amc_max,AMC-max,2.5,0.175,35.02166270972706,35.02166270972706,200,200,1.0,1.0
amc_max,AMC-max,2.5,0.2,40.03079116364508,40.03079116364508,200,200,1.0,1.0
amc_max,AMC-max,2.5,0.225,45.01430797406431,45.01430797406431,200,200,1.0,1.0
amc_max,AMC-max,2.5,0.25,50.01834550149353,50.01834550149353,200,200,1.0,1.0
amc_max,AMC-max,2.5,0.275,55.013989240599976,55.013989240599976,200,200,1.0,1.0
amc_max,AMC-max,2.5,0.3,60.016379429851696,60.016379429851696,200,200,1.0,1.0
amc_max,AMC-max,2.5,0.325,65.00530574168677,65.00530574168677,200,200,1.0,1.0
amc_max,AMC-max,2.5,0.35,70.01075008388545,70.01075008388545,200,200,1.0,1.0
amc_max,AMC-max,2.5,0.375,75.02295907306234,75.02295907306234,200,200,1.0,1.0
amc_max,AMC-max,2.5,0.4,80.00435515003136,80.00435515003136,200,200,1.0,1.0
amc_max,AMC-max,2.5,0.425,85.01019220914327,84.16000375004118,200,198,0.99,0.9899989820395837
amc_max,AMC-max,2.5,0.45,90.00828740211077,88.65675691762081,200,197,0.985,0.9849843772890376
amc_max,AMC-max,2.5,0.475,95.00070784166263,91.19748400598671,200,192,0.96,0.9599663631768435
amc_max,AMC-max,2.5,0.5,100.00983934614776,93.50860929655812,200,187,0.935,0.9349940956600481
amc_max,AMC-max,2.5,0.525,105.00276639868564,94.50169294307045,200,180,0.9,0.8999924114785358
amc_max,AMC-max,2.5,0.55,110.00586062634527,96.80574644717808,200,176,0.88,0.8800053551328165
amc_max,AMC-max,2.5,0.575,115.01585594718905,90.86127254829903,200,158,0.79,0.7899891001986639
amc_max,AMC-max,2.5,0.6,120.00650364631618,91.80724878665461,200,153,0.765,0.765018944783438
amc_max,AMC-max,2.5,0.625,125.00962477163866,92.50424750759639,200,148,0.74,0.7399770031833831
amc_max,AMC-max,2.5,0.65,130.01314400407838,81.90622543623758,200,126,0.63,0.6299841917034809
amc_max,AMC-max,2.5,0.675,134.9977535060828,82.35004889841777,200,122,0.61,0.6100105132098157
amc_max,AMC-max,2.5,0.7,140.0085840075407,80.50463925742307,200,115,0.575,0.5749978819376331
amc_max,AMC-max,2.5,0.725,144.99935044206734,78.29833886742816,200,108,0.54,0.5399909629161496
amc_max,AMC-max,2.5,0.75,150.00285301367725,69.75120440469263,200,93,0.465,0.4649991850377187
amc_max,AMC-max,2.5,0.775,155.00190074107897,51.92717687321098,200,67,0.335,0.3350099361681513
amc_max,AMC-max,2.5,0.8,159.99999489046215,56.00256987992965,200,70,0.35,0.35001607292718767
amc_max,AMC-max,2.5,0.825,165.01275368398288,54.45806748087403,200,66,0.33,0.3300233846479956
amc_max,AMC-max,2.5,0.85,170.00131419950827,47.60100213024047,200,56,0.28,0.28000373029103415
amc_max,AMC-max,2.5,0.875,175.00007754549546,43.744628083897595,200,50,0.25,0.24996919257092975
amc_max,AMC-max,2.5,0.9,180.0023913474589,26.99651366851662,200,30,0.15,0.14997863898599662
amc_max,AMC-max,2.5,0.925,184.99566351692567,14.802590116997866,200,16,0.08,0.08001587624049114
amc_max,AMC-max,2.5,0.95,189.9930718296149,4.749890315098357,200,5,0.025,0.025000334324601275
amc_max,AMC-max,2.5,0.975,194.99496080417416,0.0,200,0,0.0,0.0
amc_max,AMC-max,3.0,0.025,5.126553775785154,5.126553775785154,200,200,1.0,1.0
amc_max,AMC-max,3.0,0.05,10.069362581783587,10.069362581783587,200,200,1.0,1.0
amc_max,AMC-max,3.0,0.075,15.035342264829888,15.035342264829888,200,200,1.0,1.0
amc_max,AMC-max,3.0,0.1,20.03390054937,20.03390054937,200,200,1.0,1.0
amc_max,AMC-max,3.0,0.125,25.033559070227792,25.033559070227792,200,200,1.0,1.0
amc_max,AMC-max,3.0,0.15,30.01854175508846,30.01854175508846,200,200,1.0,1.0
amc_max,AMC-max,3.0,0.175,35.012552708644726,35.012552708644726,200,200,1.0,1.0
amc_max,AMC-max,3.0,0.2,40.01175033713646,40.01175033713646,200,200,1.0,1.0
amc_max,AMC-max,3.0,0.225,45.00652457335122,45.00652457335122,200,200,1.0,1.0
amc_max,AMC-max,3.0,0.25,50.01913004584269,50.01913004584269,200,200,1.0,1.0
amc_max,AMC-max,3.0,0.275,55.01699618297141,55.01699618297141,200,200,1.0,1.0
amc_max,AMC-max,3.0,0.3,60.022957959605286,60.022957959605286,200,200,1.0,1.0
amc_max,AMC-max,3.0,0.325,65.00450508259031,65.00450508259031,200,200,1.0,1.0
amc_max,AMC-max,3.0,0.35,70.00645988915613,70.00645988915613,200,200,1.0,1.0
amc_max,AMC-max,3.0,0.375,75.01302637759639,73.13763516971153,200,195,0.975,0.9749991261725047
amc_max,AMC-max,3.0,0.4,80.01267422173012,78.01214990289911,200,195,0.975,0.9749974071196873
amc_max,AMC-max,3.0,0.425,85.00913911318607,80.75658849495122,200,190,0.95,0.949975371323632
amc_max,AMC-max,3.0,0.45,90.0093000378136,77.85479199189729,200,173,0.865,0.8649638643916783
amc_max,AMC-max,3.0,0.475,95.01862818229374,76.49192861267922,200,161,0.805,0.8050203425998642
amc_max,AMC-max,3.0,0.5,100.00626476286882,76.50587619302483,200,153,0.765,0.7650108358154637
amc_max,AMC-max,3.0,0.525,105.01014699825596,76.65542891550588,200,146,0.73,0.7299811599804635
amc_max,AMC-max,3.0,0.55,109.99747987746603,72.04636704392259,200,131,0.655,0.6549819788978813
amc_max,AMC-max,3.0,0.575,115.00285624021468,69.00170230942895,200,120,0.6,0.5999999005702968
amc_max,AMC-max,3.0,0.6,119.99907713256947,64.79843879298423,200,108,0.54,0.5399911427768556
amc_max,AMC-max,3.0,0.625,125.0060659110216,64.37756423977048,200,103,0.515,0.5149955225820319
amc_max,AMC-max,3.0,0.65,130.0006764929461,55.25088350842252,200,85,0.425,0.425004584583223
amc_max,AMC-max,3.0,0.675,135.00444729401696,58.73314058521035,200,87,0.435,0.4350459689472263
amc_max,AMC-max,3.0,0.7,140.0035028138311,48.30443713745052,200,69,0.345,0.3450230613278518
amc_max,AMC-max,3.0,0.725,144.998637909348,54.371820772709,200,75,0.375,0.37498159676990783
amc_max,AMC-max,3.0,0.75,150.00536855654758,41.24765709429809,200,55,0.275,0.2749745391862355
amc_max,AMC-max,3.0,0.775,155.00112023646506,34.102279503164105,200,44,0.22,0.220013116364183
amc_max,AMC-max,3.0,0.8,159.99744508654936,27.203460231108608,200,34,0.17,0.17002434142865913
amc_max,AMC-max,3.0,0.825,165.0103768614829,36.302043963488636,200,44,0.22,0.21999855193326534
amc_max,AMC-max,3.0,0.85,169.99625782129976,35.70422724252236,200,42,0.21,0.21002948947296637
amc_max,AMC-max,3.0,0.875,175.0030044729032,27.12385303599243,200,31,0.155,0.15499078497359275
amc_max,AMC-max,3.0,0.9,180.00596097418997,15.30029210039282,200,17,0.085,0.08499880791495923
amc_max,AMC-max,3.0,0.925,185.0079567482784,6.47614091474246,200,7,0.035,0.03500466157546883
amc_max,AMC-max,3.0,0.95,189.99802098378183,2.850796575959833,200,3,0.015,0.015004348788470677
amc_max,AMC-max,3.0,0.975,194.99633348294967,0.9748050539026808,200,1,0.005,0.0049990942726516295
amc_max,AMC-max,3.5,0.025,5.124474402775881,5.124474402775881,200,200,1.0,1.0
amc_max,AMC-max,3.5,0.05,10.075352360185155,10.075352360185155,200,200,1.0,1.0
amc_max,AMC-max,3.5,0.075,15.051404590515094,15.051404590515094,200,200,1.0,1.0
amc_max,AMC-max,3.5,0.1,20.046714447844685,20.046714447844685,200,200,1.0,1.0
amc_max,AMC-max,3.5,0.125,25.022651254851105,25.022651254851105,200,200,1.0,1.0
amc_max,AMC-max,3.5,0.15,30.028692419812756,30.028692419812756,200,200,1.0,1.0
amc_max,AMC-max,3.5,0.175,35.03076998229275,35.03076998229275,200,200,1.0,1.0
amc_max,AMC-max,3.5,0.2,40.03677878359392,40.03677878359392,200,200,1.0,1.0
amc_max,AMC-max,3.5,0.225,45.024463834604646,45.024463834604646,200,200,1.0,1.0
amc_max,AMC-max,3.5,0.25,50.00736092592127,50.00736092592127,200,200,1.0,1.0
amc_max,AMC-max,3.5,0.275,55.01789998073636,55.01789998073636,200,200,1.0,1.0
amc_max,AMC-max,3.5,0.3,60.011900875433284,60.011900875433284,200,200,1.0,1.0
amc_max,AMC-max,3.5,0.325,65.0226227580917,64.6978352183118,200,199,0.995,0.9950050070882525
amc_max,AMC-max,3.5,0.35,70.01954450428609,65.8207978954382,200,188,0.94,0.9400346483460648
amc_max,AMC-max,3.5,0.375,75.01086873459089,70.13553991151264,200,187,0.935,0.9350050345326821
amc_max,AMC-max,3.5,0.4,80.01962019299215,68.41705035569272,200,171,0.855,0.8550034377904291
amc_max,AMC-max,3.5,0.425,85.00102844070145,64.60085642999925,200,152,0.76,0.7600008801665995
amc_max,AMC-max,3.5,0.45,90.01945575110848,66.16378518544278,200,147,0.735,0.7349942813293231
amc_max,AMC-max,3.5,0.475,94.99549426052512,61.267245925087984,200,129,0.645,0.6449489673379937
amc_max,AMC-max,3.5,0.5,100.01137297827644,60.51044587345572,200,121,0.605,0.6050356481617271
amc_max,AMC-max,3.5,0.525,105.00408148415423,52.50690870835979,200,100,0.5,0.5000463597815806
amc_max,AMC-max,3.5,0.55,110.00416822567213,50.60435760933674,200,92,0.46,0.46002218302785175
amc_max,AMC-max,3.5,0.575,115.01208734700818,46.002763420733615,200,80,0.4,0.3999819886925154
amc_max,AMC-max,3.5,0.6,120.00189427074436,43.80142464690165,200,73,0.365,0.3650061102208796
amc_max,AMC-max,3.5,0.625,125.0009304695697,50.00106019923969,200,80,0.4,0.40000550405032365
amc_max,AMC-max,3.5,0.65,130.00517924267677,37.04531774304837,200,57,0.285,0.2849526300325081
amc_max,AMC-max,3.5,0.675,135.0023642112327,33.073399474803985,200,49,0.245,0.24498385393499764
amc_max,AMC-max,3.5,0.7,140.0088109011809,39.205146924348306,200,56,0.28,0.2800191407383607
amc_max,AMC-max,3.5,0.725,145.0023504964728,25.37654178284512,200,35,0.175,0.17500779605267439
amc_max,AMC-max,3.5,0.75,150.00804894368488,21.749168762400682,200,29,0.145,0.14498667848526997
amc_max,AMC-max,3.5,0.775,155.0033784669971,20.924824902082786,200,27,0.135,0.13499592788900433
amc_max,AMC-max,3.5,0.8,160.00840630247492,19.20630100609894,200,24,0.12,0.12003307482353111
amc_max,AMC-max,3.5,0.825,165.010690271622,21.45036368326786,200,26,0.13,0.12999378190563707
amc_max,AMC-max,3.5,0.85,170.00668072466885,14.452414999008075,200,17,0.085,0.08501086508720333
amc_max,AMC-max,3.5,0.875,174.99210120215812,18.376416298497034,200,21,0.105,0.10501283299220367
amc_max,AMC-max,3.5,0.9,180.0054526991952,8.102640264045764,200,9,0.045,0.04501330455575689
amc_max,AMC-max,3.5,0.925,185.0101386266575,0.9238254099528734,200,1,0.005,0.004993377210624729
amc_max,AMC-max,3.5,0.95,190.00536075974048,0.0,200,0,0.0,0.0
amc_max,AMC-max,3.5,0.975,195.00515038158056,0.0,200,0,0.0,0.0
amc_max,AMC-max,4.0,0.025,5.134452592646109,5.134452592646109,200,200,1.0,1.0
amc_max,AMC-max,4.0,0.05,10.057287425516948,10.057287425516948,200,200,1.0,1.0
amc_max,AMC-max,4.0,0.075,15.058381625752313,15.058381625752313,200,200,1.0,1.0
amc_max,AMC-max,4.0,0.1,20.031013702646447,20.031013702646447,200,200,1.0,1.0
amc_max,AMC-max,4.0,0.125,25.03150854858651,25.03150854858651,200,200,1.0,1.0
amc_max,AMC-max,4.0,0.15,30.035612526129125,30.035612526129125,200,200,1.0,1.0
amc_max,AMC-max,4.0,0.175,35.016415465709876,35.016415465709876,200,200,1.0,1.0
amc_max,AMC-max,4.0,0.2,40.026863233060546,40.026863233060546,200,200,1.0,1.0
amc_max,AMC-max,4.0,0.225,45.01326276709878,45.01326276709878,200,200,1.0,1.0
amc_max,AMC-max,4.0,0.25,50.012048786003525,50.012048786003525,200,200,1.0,1.0
amc_max,AMC-max,4.0,0.275,55.009208984565205,54.73335938649398,200,199,0.995,0.9949853923885976
amc_max,AMC-max,4.0,0.3,60.01246620859997,58.512804110142206,200,195,0.975,0.9750108236971129
amc_max,AMC-max,4.0,0.325,65.00671464422862,61.756223209693246,200,190,0.95,0.9499976048270583
amc_max,AMC-max,4.0,0.35,70.0326404833891,58.82830775251218,200,168,0.84,0.8400127047396642
amc_max,AMC-max,4.0,0.375,75.00550312322389,60.00577107834668,200,160,0.8,0.8000182463914057
amc_max,AMC-max,4.0,0.4,80.01577383118969,55.207790130551246,200,138,0.69,0.6899613349615769
amc_max,AMC-max,4.0,0.425,85.00695184333205,52.702579261956046,200,124,0.62,0.6199796383604836
amc_max,AMC-max,4.0,0.45,90.00821883745884,54.91079342915076,200,122,0.61,0.6100642156724744
amc_max,AMC-max,4.0,0.475,95.00853512080742,44.65258045773284,200,94,0.47,0.4699849376790745
amc_max,AMC-max,4.0,0.5,100.01679873687624,46.0033874381807,200,92,0.46,0.4599566074815713
amc_max,AMC-max,4.0,0.525,105.00651451426326,37.27758890817285,200,71,0.355,0.35500263084257844
amc_max,AMC-max,4.0,0.55,110.00876850113785,37.9481767437791,200,69,0.345,0.3449559272485319
amc_max,AMC-max,4.0,0.575,115.0165729348894,32.779411813923105,200,57,0.285,0.28499729193356726
amc_max,AMC-max,4.0,0.6,120.00905562133616,37.20392885300169,200,62,0.31,0.31000934604794345
amc_max,AMC-max,4.0,0.625,125.01073330284729,27.505557804725772,200,44,0.22,0.22002556962922237
amc_max,AMC-max,4.0,0.65,130.00467712888099,24.051586874870427,200,37,0.185,0.18500555061589616
amc_max,AMC-max,4.0,0.675,135.01145824527242,18.22507221935879,200,27,0.135,0.13498907763998588
amc_max,AMC-max,4.0,0.7,139.999249680852,11.201226511604265,200,16,0.08,0.08000918960022313
amc_max,AMC-max,4.0,0.725,145.00051270253743,20.301570979774482,200,28,0.14,0.14001033928357423
amc_max,AMC-max,4.0,0.75,149.9986545531746,15.75058741204524,200,21,0.105,0.10500485793665336
amc_max,AMC-max,4.0,0.775,155.01264538842332,9.300021815854553,200,12,0.06,0.05999524614621601
amc_max,AMC-max,4.0,0.8,160.00295715920288,10.397458720634969,200,13,0.065,0.06498291597379355
amc_max,AMC-max,4.0,0.825,165.00545395123868,10.72427638996409,200,13,0.065,0.06499346617435602
amc_max,AMC-max,4.0,0.85,170.0075455487177,11.05272810164511,200,13,0.065,0.06501316200978749
amc_max,AMC-max,4.0,0.875,175.00915497057053,11.376217916651504,200,13,0.065,0.06500355891990064
amc_max,AMC-max,4.0,0.9,180.004382727982,3.5996778727262013,200,4,0.02,0.01999772348968826
amc_max,AMC-max,4.0,0.925,185.00487003790084,5.550406130030543,200,6,0.03,0.03000140552458681
amc_max,AMC-max,4.0,0.95,190.0007660120894,0.0,200,0,0.0,0.0
amc_max,AMC-max,4.0,0.975,194.991032586332,0.0,200,0,0.0,0.0
amc_max,AMC-max,4.5,0.025,5.138373648231289,5.138373648231289,200,200,1.0,1.0
amc_max,AMC-max,4.5,0.05,10.075334648598474,10.075334648598474,200,200,1.0,1.0
amc_max,AMC-max,4.5,0.075,15.035916775257727,15.035916775257727,200,200,1.0,1.0
amc_max,AMC-max,4.5,0.1,20.037829572537902,20.037829572537902,200,200,1.0,1.0
amc_max,AMC-max,4.5,0.125,25.039632328693976,25.039632328693976,200,200,1.0,1.0
amc_max,AMC-max,4.5,0.15,30.033260265541394,30.033260265541394,200,200,1.0,1.0
amc_max,AMC-max,4.5,0.175,35.016746311651254,35.016746311651254,200,200,1.0,1.0
amc_max,AMC-max,4.5,0.2,40.02253205137834,40.02253205137834,200,200,1.0,1.0
amc_max,AMC-max,4.5,0.225,45.00906016193033,45.00906016193033,200,200,1.0,1.0
amc_max,AMC-max,4.5,0.25,50.019641059211686,48.769074661523014,200,195,0.975,0.974998493167748
amc_max,AMC-max,4.5,0.275,55.01708138057265,52.26555819196071,200,190,0.95,0.9499878379665638
amc_max,AMC-max,4.5,0.3,60.023040823659876,54.024729996382035,200,180,0.9,0.9000665287035337
amc_max,AMC-max,4.5,0.325,65.01500880278859,51.367206044326004,200,158,0.79,0.7900822746965896
amc_max,AMC-max,4.5,0.35,70.01551293640281,49.01177724369991,200,140,0.7,0.700013114068289
amc_max,AMC-max,4.5,0.375,75.01851704748707,50.26328202648396,200,134,0.67,0.670011671847193
amc_max,AMC-max,4.5,0.4,80.00882033477313,44.00470807155408,200,110,0.55,0.5499982112900734
amc_max,AMC-max,4.5,0.425,85.00933691886799,37.82301663045991,200,89,0.445,0.44492779265597376
amc_max,AMC-max,4.5,0.45,90.01886704088695,36.91105742350594,200,82,0.41,0.4100369026722007
amc_max,AMC-max,4.5,0.475,95.00132014225218,34.67266627481097,200,73,0.365,0.3649703627580453
amc_max,AMC-max,4.5,0.5,100.00718352558071,34.00455721532278,200,68,0.34,0.34002114664717853
amc_max,AMC-max,4.5,0.525,105.00536339889901,30.97539862757591,200,59,0.295,0.29498872843194873
amc_max,AMC-max,4.5,0.55,110.00820671740343,29.148914326428525,200,53,0.265,0.264970361723178
amc_max,AMC-max,4.5,0.575,115.00871900624622,24.151696700102264,200,42,0.21,0.20999883233888175
amc_max,AMC-max,4.5,0.6,120.02210942566845,22.803929547766,200,38,0.19,0.18999774005712528
amc_max,AMC-max,4.5,0.625,125.01499618034613,16.248698066318315,200,26,0.13,0.12997399162319703
amc_max,AMC-max,4.5,0.65,130.0128927752081,20.148244562400066,200,31,0.155,0.1549711273422423
amc_max,AMC-max,4.5,0.675,135.0099351214667,14.850643020777262,200,22,0.11,0.10999666807791834
amc_max,AMC-max,4.5,0.7,140.00646644264674,11.899620879260416,200,17,0.085,0.08499336624665878
amc_max,AMC-max,4.5,0.725,145.00853159324353,12.328438296114362,200,17,0.085,0.08501871000732751
amc_max,AMC-max,4.5,0.75,150.0068395137838,8.24995183149838,200,11,0.055,0.05499717118391999
amc_max,AMC-max,4.5,0.775,155.00060462706108,10.847823716883624,200,14,0.07,0.06998568646221742
amc_max,AMC-max,4.5,0.8,160.00756175183426,9.600835519264264,200,12,0.06,0.06000238622568851
amc_max,AMC-max,4.5,0.825,164.9983607222085,8.253513573024732,200,10,0.05,0.0500217913493114
amc_max,AMC-max,4.5,0.85,170.01241724908198,7.650970431638815,200,9,0.045,0.04500242132567013
amc_max,AMC-max,4.5,0.875,175.00225113255732,8.75032112731785,200,10,0.05,0.05000119181718312
amc_max,AMC-max,4.5,0.9,180.00105704030204,3.6016757864640443,200,4,0.02,0.020009192421895795
amc_max,AMC-max,4.5,0.925,184.99106269923914,0.924765047395698,200,1,0.005,0.0049989714849046135
amc_max,AMC-max,4.5,0.95,190.00567191697283,0.0,200,0,0.0,0.0
amc_max,AMC-max,4.5,0.975,195.00256202639815,0.0,200,0,0.0,0.0
amc_max,AMC-max,5.0,0.025,5.13928599962228,5.13928599962228,200,200,1.0,1.0
amc_max,AMC-max,5.0,0.05,10.069983846104202,10.069983846104202,200,200,1.0,1.0
amc_max,AMC-max,5.0,0.075,15.044098391390154,15.044098391390154,200,200,1.0,1.0
amc_max,AMC-max,5.0,0.1,20.03954204735892,20.03954204735892,200,200,1.0,1.0
amc_max,AMC-max,5.0,0.125,25.026874226062308,25.026874226062308,200,200,1.0,1.0
amc_max,AMC-max,5.0,0.15,30.029731091413485,30.029731091413485,200,200,1.0,1.0
amc_max,AMC-max,5.0,0.175,35.026906739627,35.026906739627,200,200,1.0,1.0
amc_max,AMC-max,5.0,0.2,40.02155451971718,40.02155451971718,200,200,1.0,1.0
amc_max,AMC-max,5.0,0.225,45.01972009054702,44.57008957726775,200,198,0.99,0.990012587542194
amc_max,AMC-max,5.0,0.25,50.00568378224259,48.005485900502734,200,192,0.96,0.9600005893240051
amc_max,AMC-max,5.0,0.275,55.01696463368136,47.31442791247781,200,172,0.86,0.8599970614066181
amc_max,AMC-max,5.0,0.3,60.016361502398375,46.8107846303693,200,156,0.78,0.7799670532926033
amc_max,AMC-max,5.0,0.325,65.0013929991261,47.7758202581243,200,147,0.735,0.7349968678173807
amc_max,AMC-max,5.0,0.35,70.01645307862583,35.0105346430639,200,100,0.5,0.5000329651624653
amc_max,AMC-max,5.0,0.375,75.01842557551983,41.64369637679246,200,111,0.555,0.5551129080264479
amc_max,AMC-max,5.0,0.4,79.99853754629332,36.00049484962812,200,90,0.45,0.450014412185916
amc_max,AMC-max,5.0,0.425,85.01478467420462,28.906096929542134,200,68,0.34,0.3400125876965597
amc_max,AMC-max,5.0,0.45,90.00197485973466,28.351505589565505,200,63,0.315,0.3150098165484754
amc_max,AMC-max,5.0,0.475,95.00426231755634,22.799740460259585,200,48,0.24,0.23998650064825883
amc_max,AMC-max,5.0,0.5,100.01331017374903,21.00412499339958,200,42,0.21,0.21001329679929573
amc_max,AMC-max,5.0,0.525,105.00472466850594,19.950150538473668,200,38,0.19,0.18999288461976527
amc_max,AMC-max,5.0,0.55,110.0070064521141,17.047330313727443,200,31,0.155,0.15496585957139122
amc_max,AMC-max,5.0,0.575,114.99593396972632,17.248944007673003,200,30,0.15,0.1499961208386197
amc_max,AMC-max,5.0,0.6,119.99956098087642,16.80243980303255,200,28,0.14,0.14002084395717287
amc_max,AMC-max,5.0,0.625,125.00488554577936,15.629517706394642,200,25,0.125,0.12503125488380046
amc_max,AMC-max,5.0,0.65,129.99939239619394,13.650711031382517,200,21,0.105,0.10500596025695098
amc_max,AMC-max,5.0,0.675,135.00998452721964,10.125315906942461,200,15,0.075,0.07499679332902283
amc_max,AMC-max,5.0,0.7,139.99887975420077,7.702254523503438,200,11,0.055,0.05501654396825505
amc_max,AMC-max,5.0,0.725,145.01298486506562,8.699770094247272,200,12,0.06,0.059993042018564036
amc_max,AMC-max,5.0,0.75,149.99579265224355,7.499297632477221,200,10,0.05,0.04999671990709701
amc_max,AMC-max,5.0,0.775,154.99910127693283,6.2004180531188915,200,8,0.04,0.040002929062412866
amc_max,AMC-max,5.0,0.8,160.0097664650848,3.9993452340614,200,5,0.025,0.02499438204563647
amc_max,AMC-max,5.0,0.825,165.00155844435173,2.4758896626640556,200,3,0.015,0.015005250168585964
amc_max,AMC-max,5.0,0.85,170.0056007051013,4.249658107735631,200,5,0.025,0.024997165329319136
amc_max,AMC-max,5.0,0.875,175.00905603113486,5.2506883882188555,200,6,0.03,0.030002381061267683
amc_max,AMC-max,5.0,0.9,180.00272165484137,5.401287363676933,200,6,0.03,0.03000669831000669
amc_max,AMC-max,5.0,0.925,185.00539039181373,2.773392862537821,200,3,0.015,0.014990875977527952
amc_max,AMC-max,5.0,0.95,190.01041283334737,0.0,200,0,0.0,0.0
amc_max,AMC-max,5.0,0.975,195.01055103857462,0.9749972558026708,200,1,0.005,0.004999715403141488
amc_rtb,AMC-rtb,1.0,0.025,5.150775154323688,5.150775154323688,200,200,1.0,1.0
amc_rtb,AMC-rtb,1.0,0.05,10.07356157320267,10.07356157320267,200,200,1.0,1.0
amc_rtb,AMC-rtb,1.0,0.075,15.0434043963246,15.0434043963246,200,200,1.0,1.0
amc_rtb,AMC-rtb,1.0,0.1,20.033434849724042,20.033434849724042,200,200,1.0,1.0
amc_rtb,AMC-rtb,1.0,0.125,25.028879158423397,25.028879158423397,200,200,1.0,1.0
amc_rtb,AMC-rtb,1.0,0.15,30.03550192819835,30.03550192819835,200,200,1.0,1.0
amc_rtb,AMC-rtb,1.0,0.175,35.0207482666908,35.0207482666908,200,200,1.0,1.0
amc_rtb,AMC-rtb,1.0,0.2,40.01291481185509,40.01291481185509,200,200,1.0,1.0
amc_rtb,AMC-rtb,1.0,0.225,45.01771047158208,45.01771047158208,200,200,1.0,1.0
amc_rtb,AMC-rtb,1.0,0.25,50.01110616187902,50.01110616187902,200,200,1.0,1.0
amc_rtb,AMC-rtb,1.0,0.275,55.01374912511959,55.01374912511959,200,200,1.0,1.0
amc_rtb,AMC-rtb,1.0,0.3,60.01498862925155,60.01498862925155,200,200,1.0,1.0
amc_rtb,AMC-rtb,1.0,0.325,65.0155689397196,65.0155689397196,200,200,1.0,1.0
amc_rtb,AMC-rtb,1.0,0.35,70.01916245631176,70.01916245631176,200,200,1.0,1.0
amc_rtb,AMC-rtb,1.0,0.375,75.01429470481146,75.01429470481146,200,200,1.0,1.0
amc_rtb,AMC-rtb,1.0,0.4,80.01035417787244,80.01035417787244,200,200,1.0,1.0
amc_rtb,AMC-rtb,1.0,0.425,85.00718233545614,85.00718233545614,200,200,1.0,1.0
amc_rtb,AMC-rtb,1.0,0.45,90.01395769955089,90.01395769955089,200,200,1.0,1.0
amc_rtb,AMC-rtb,1.0,0.475,95.00575932667381,95.00575932667381,200,200,1.0,1.0
amc_rtb,AMC-rtb,1.0,0.5,100.01498087861673,100.01498087861673,200,200,1.0,1.0
amc_rtb,AMC-rtb,1.0,0.525,105.01841577701121,105.01841577701121,200,200,1.0,1.0
amc_rtb,AMC-rtb,1.0,0.55,110.00496092811977,110.00496092811977,200,200,1.0,1.0
amc_rtb,AMC-rtb,1.0,0.575,115.00983799283794,115.00983799283794,200,200,1.0,1.0
amc_rtb,AMC-rtb,1.0,0.6,120.01179642897297,120.01179642897297,200,200,1.0,1.0
amc_rtb,AMC-rtb,1.0,0.625,125.01201884481794,125.01201884481794,200,200,1.0,1.0
amc_rtb,AMC-rtb,1.0,0.65,129.99880651097772,129.99880651097772,200,200,1.0,1.0
amc_rtb,AMC-rtb,1.0,0.675,135.00566887028583,135.00566887028583,200,200,1.0,1.0
amc_rtb,AMC-rtb,1.0,0.7,140.01085780267155,140.01085780267155,200,200,1.0,1.0
amc_rtb,AMC-rtb,1.0,0.725,145.00330748260743,145.00330748260743,200,200,1.0,1.0
amc_rtb,AMC-rtb,1.0,0.75,149.99880840634685,149.99880840634685,200,200,1.0,1.0
amc_rtb,AMC-rtb,1.0,0.775,155.00410862662332,155.00410862662332,200,200,1.0,1.0
amc_rtb,AMC-rtb,1.0,0.8,159.9963870813707,159.9963870813707,200,200,1.0,1.0
amc_rtb,AMC-rtb,1.0,0.825,165.0089074783576,165.0089074783576,200,200,1.0,1.0
amc_rtb,AMC-rtb,1.0,0.85,170.00517541628386,170.00517541628386,200,200,1.0,1.0
amc_rtb,AMC-rtb,1.0,0.875,175.01398167579455,168.0138438154824,200,192,0.96,0.9600024078460223
amc_rtb,AMC-rtb,1.0,0.9,180.0008036048297,161.10157179233377,200,179,0.895,0.8950047364566941
amc_rtb,AMC-rtb,1.0,0.925,185.0008705874767,106.373179883997,200,115,0.575,0.5749874557141557
amc_rtb,AMC-rtb,1.0,0.95,189.99766182501563,40.84304286672657,200,43,0.215,0.21496602892062044
amc_rtb,AMC-rtb,1.0,0.975,194.99701792278387,3.9010083097132116,200,4,0.02,0.02000547675686998
amc_rtb,AMC-rtb,1.5,0.025,5.133075019022422,5.133075019022422,200,200,1.0,1.0
amc_rtb,AMC-rtb,1.5,0.05,10.064032423590758,10.064032423590758,200,200,1.0,1.0
amc_rtb,AMC-rtb,1.5,0.075,15.043832593327416,15.043832593327416,200,200,1.0,1.0
amc_rtb,AMC-rtb,1.5,0.1,20.04896671567419,20.04896671567419,200,200,1.0,1.0
amc_rtb,AMC-rtb,1.5,0.125,25.034283799570023,25.034283799570023,200,200,1.0,1.0
amc_rtb,AMC-rtb,1.5,0.15,30.026106068640118,30.026106068640118,200,200,1.0,1.0
amc_rtb,AMC-rtb,1.5,0.175,35.01678966234951,35.01678966234951,200,200,1.0,1.0
amc_rtb,AMC-rtb,1.5,0.2,40.01427295929859,40.01427295929859,200,200,1.0,1.0
amc_rtb,AMC-rtb,1.5,0.225,45.008695167739,45.008695167739,200,200,1.0,1.0
amc_rtb,AMC-rtb,1.5,0.25,50.02157952417979,50.02157952417979,200,200,1.0,1.0
amc_rtb,AMC-rtb,1.5,0.275,55.001586640933056,55.001586640933056,200,200,1.0,1.0
amc_rtb,AMC-rtb,1.5,0.3,60.0105721754941,60.0105721754941,200,200,1.0,1.0
amc_rtb,AMC-rtb,1.5,0.325,65.00865875556394,65.00865875556394,200,200,1.0,1.0
amc_rtb,AMC-rtb,1.5,0.35,70.02134275002804,70.02134275002804,200,200,1.0,1.0
amc_rtb,AMC-rtb,1.5,0.375,75.0068434500792,75.0068434500792,200,200,1.0,1.0
amc_rtb,AMC-rtb,1.5,0.4,79.99985223088021,79.99985223088021,200,200,1.0,1.0
amc_rtb,AMC-rtb,1.5,0.425,85.01396523835977,85.01396523835977,200,200,1.0,1.0
amc_rtb,AMC-rtb,1.5,0.45,90.00369872569703,90.00369872569703,200,200,1.0,1.0
amc_rtb,AMC-rtb,1.5,0.475,95.01131444738856,95.01131444738856,200,200,1.0,1.0
amc_rtb,AMC-rtb,1.5,0.5,99.99539908242073,99.99539908242073,200,200,1.0,1.0
amc_rtb,AMC-rtb,1.5,0.525,105.01238711880423,105.01238711880423,200,200,1.0,1.0
amc_rtb,AMC-rtb,1.5,0.55,110.00778426632338,110.00778426632338,200,200,1.0,1.0
amc_rtb,AMC-rtb,1.5,0.575,115.00905854506904,115.00905854506904,200,200,1.0,1.0
amc_rtb,AMC-rtb,1.5,0.6,119.99622963446068,119.99622963446068,200,200,1.0,1.0
amc_rtb,AMC-rtb,1.5,0.625,125.00826252404102,125.00826252404102,200,200,1.0,1.0
amc_rtb,AMC-rtb,1.5,0.65,130.00988743741223,130.00988743741223,200,200,1.0,1.0
amc_rtb,AMC-rtb,1.5,0.675,135.00577853861085,135.00577853861085,200,200,1.0,1.0
amc_rtb,AMC-rtb,1.5,0.7,140.00391398281565,139.30440431977175,200,199,0.995,0.9950036420901078
amc_rtb,AMC-rtb,1.5,0.725,145.00152034732412,141.37622809211118,200,195,0.975,0.974998246594041
amc_rtb,AMC-rtb,1.5,0.75,150.01220687200035,141.01299400190172,200,188,0.94,0.9400101294571493
amc_rtb,AMC-rtb,1.5,0.775,155.0019814655053,151.12631675417074,200,195,0.975,0.9749960311817235
amc_rtb,AMC-rtb,1.5,0.8,160.01021129713106,143.20921173855854,200,179,0.895,0.8950004538936962
amc_rtb,AMC-rtb,1.5,0.825,165.00429107495765,142.7311185611893,200,173,0.865,0.8650145861743065
amc_rtb,AMC-rtb,1.5,0.85,170.0092104679443,126.6576695120463,200,149,0.745,0.7450047509980522
amc_rtb,AMC-rtb,1.5,0.875,175.00963666037407,105.87965483687586,200,121,0.605,0.6049932841261036
amc_rtb,AMC-rtb,1.5,0.9,180.01119035103036,96.30401490670798,200,107,0.535,0.5349890455082852
amc_rtb,AMC-rtb,1.5,0.925,185.001385115156,46.24792959871579,200,50,0.25,0.24998693696227353
amc_rtb,AMC-rtb,1.5,0.95,189.99050705014633,13.298345110747558,200,14,0.07,0.06999478719869712
amc_rtb,AMC-rtb,1.5,0.975,195.00609973849208,0.0,200,0,0.0,0.0
amc_rtb,AMC-rtb,2.0,0.025,5.1322712080672455,5.1322712080672455,200,200,1.0,1.0
amc_rtb,AMC-rtb,2.0,0.05,10.071514649778374,10.071514649778374,200,200,1.0,1.0
amc_rtb,AMC-rtb,2.0,0.075,15.045002782388526,15.045002782388526,200,200,1.0,1.0
amc_rtb,AMC-rtb,2.0,0.1,20.022201245791617,20.022201245791617,200,200,1.0,1.0
amc_rtb,AMC-rtb,2.0,0.125,25.03017249781412,25.03017249781412,200,200,1.0,1.0
amc_rtb,AMC-rtb,2.0,0.15,30.021263333263633,30.021263333263633,200,200,1.0,1.0
amc_rtb,AMC-rtb,2.0,0.175,35.01151134600201,35.01151134600201,200,200,1.0,1.0
amc_rtb,AMC-rtb,2.0,0.2,40.02693585497304,40.02693585497304,200,200,1.0,1.0
amc_rtb,AMC-rtb,2.0,0.225,45.01656476839699,45.01656476839699,200,200,1.0,1.0
amc_rtb,AMC-rtb,2.0,0.25,50.01928028438367,50.01928028438367,200,200,1.0,1.0
amc_rtb,AMC-rtb,2.0,0.275,55.00885528028769,55.00885528028769,200,200,1.0,1.0
amc_rtb,AMC-rtb,2.0,0.3,60.0158736473339,60.0158736473339,200,200,1.0,1.0
amc_rtb,AMC-rtb,2.0,0.325,65.01640693405453,65.01640693405453,200,200,1.0,1.0
amc_rtb,AMC-rtb,2.0,0.35,70.00620176135585,70.00620176135585,200,200,1.0,1.0
amc_rtb,AMC-rtb,2.0,0.375,75.02164626155816,75.02164626155816,200,200,1.0,1.0
amc_rtb,AMC-rtb,2.0,0.4,80.01148416633471,80.01148416633471,200,200,1.0,1.0
amc_rtb,AMC-rtb,2.0,0.425,85.00793804439452,85.00793804439452,200,200,1.0,1.0
amc_rtb,AMC-rtb,2.0,0.45,90.01854956692674,90.01854956692674,200,200,1.0,1.0
amc_rtb,AMC-rtb,2.0,0.475,95.0066191984433,95.0066191984433,200,200,1.0,1.0
amc_rtb,AMC-rtb,2.0,0.5,100.00816184135975,100.00816184135975,200,200,1.0,1.0
amc_rtb,AMC-rtb,2.0,0.525,105.00111211090709,103.42732155150382,200,197,0.985,0.9850116772311807
amc_rtb,AMC-rtb,2.0,0.55,110.00336420461748,107.2524905059111,200,195,0.975,0.9749928220959726
amc_rtb,AMC-rtb,2.0,0.575,115.00689301199115,112.1315753896316,200,195,0.975,0.9749987366230323
amc_rtb,AMC-rtb,2.0,0.6,120.01025171539915,114.61028570992255,200,191,0.955,0.955004127328368
amc_rtb,AMC-rtb,2.0,0.625,125.00035860001758,114.3748895227774,200,183,0.915,0.9149964912401565
amc_rtb,AMC-rtb,2.0,0.65,130.00776760397898,115.70662419790172,200,178,0.89,0.8899977772894274
amc_rtb,AMC-rtb,2.0,0.675,135.00960278567936,112.73205319019942,200,167,0.835,0.8349928513541042
amc_rtb,AMC-rtb,2.0,0.7,140.00309804117296,112.70022238948101,200,161,0.805,0.8049837751185867
amc_rtb,AMC-rtb,2.0,0.725,145.00529227886912,105.84961953193715,200,146,0.73,0.729970733263796
amc_rtb,AMC-rtb,2.0,0.75,150.00466425500338,103.50547142981752,200,138,0.69,0.6900150201587156
amc_rtb,AMC-rtb,2.0,0.775,155.00909580401375,96.10261040311734,200,124,0.62,0.6199804592410821
amc_rtb,AMC-rtb,2.0,0.8,160.01232576670694,87.2106184988283,200,109,0.545,0.5450243790967623
amc_rtb,AMC-rtb,2.0,0.825,165.00066882247498,83.32306462754897,200,101,0.505,0.5049862235237159
amc_rtb,AMC-rtb,2.0,0.85,169.99530903468138,76.49489736761524,200,90,0.45,0.449982401290904
amc_rtb,AMC-rtb,2.0,0.875,174.99284691511403,72.62158357846995,200,83,0.415,0.414997440516511
amc_rtb,AMC-rtb,2.0,0.9,179.9981223988979,45.00102993918791,200,50,0.25,0.25000832975057435
amc_rtb,AMC-rtb,2.0,0.925,185.002013321288,28.67139380970128,200,31,0.155,0.1549788204732045
amc_rtb,AMC-rtb,2.0,0.95,190.0220848347882,3.8003066572092425,200,4,0.02,0.01999928934846369
amc_rtb,AMC-rtb,2.0,0.975,195.01091945254603,0.974788093415791,200,1,0.005,0.004998633390131756
amc_rtb,AMC-rtb,2.5,0.025,5.1338077926639,5.1338077926639,200,200,1.0,1.0
amc_rtb,AMC-rtb,2.5,0.05,10.073996898137175,10.073996898137175,200,200,1.0,1.0
amc_rtb,AMC-rtb,2.5,0.075,15.04803964022425,15.04803964022425,200,200,1.0,1.0
amc_rtb,AMC-rtb,2.5,0.1,20.051669754515828,20.051669754515828,200,200,1.0,1.0
amc_rtb,AMC-rtb,2.5,0.125,25.022964409667374,25.022964409667374,200,200,1.0,1.0
amc_rtb,AMC-rtb,2.5,0.15,30.03361905068292,30.03361905068292,200,200,1.0,1.0
amc_rtb,AMC-rtb,2.5,0.175,35.02166270972706,35.02166270972706,200,200,1.0,1.0
amc_rtb,AMC-rtb,2.5,0.2,40.03079116364508,40.03079116364508,200,200,1.0,1.0
amc_rtb,AMC-rtb,2.5,0.225,45.01430797406431,45.01430797406431,200,200,1.0,1.0
amc_rtb,AMC-rtb,2.5,0.25,50.01834550149353,50.01834550149353,200,200,1.0,1.0
amc_rtb,AMC-rtb,2.5,0.275,55.013989240599976,55.013989240599976,200,200,1.0,1.0
amc_rtb,AMC-rtb,2.5,0.3,60.016379429851696,60.016379429851696,200,200,1.0,1.0
amc_rtb,AMC-rtb,2.5,0.325,65.00530574168677,65.00530574168677,200,200,1.0,1.0
amc_rtb,AMC-rtb,2.5,0.35,70.01075008388545,70.01075008388545,200,200,1.0,1.0
amc_rtb,AMC-rtb,2.5,0.375,75.02295907306234,75.02295907306234,200,200,1.0,1.0
amc_rtb,AMC-rtb,2.5,0.4,80.00435515003136,80.00435515003136,200,200,1.0,1.0
amc_rtb,AMC-rtb,2.5,0.425,85.01019220914327,84.16000375004118,200,198,0.99,0.9899989820395837
amc_rtb,AMC-rtb,2.5,0.45,90.00828740211077,88.65675691762081,200,197,0.985,0.9849843772890376
amc_rtb,AMC-rtb,2.5,0.475,95.00070784166263,90.72272200201755,200,191,0.955,0.9549689056341013
amc_rtb,AMC-rtb,2.5,0.5,100.00983934614776,92.50897985116866,200,185,0.925,0.9249987846793994
amc_rtb,AMC-rtb,2.5,0.525,105.00276639868564,94.50169294307045,200,180,0.9,0.8999924114785358
amc_rtb,AMC-rtb,2.5,0.55,110.00586062634527,94.60495670409438,200,172,0.86,0.8599992415443861
amc_rtb,AMC-rtb,2.5,0.575,115.01585594718905,89.13604447317044,200,155,0.775,0.774989185091996
amc_rtb,AMC-rtb,2.5,0.6,120.00650364631618,90.60671913395669,200,151,0.755,0.7550150731913106
amc_rtb,AMC-rtb,2.5,0.625,125.00962477163866,89.37899133644913,200,143,0.715,0.7149768787781118
amc_rtb,AMC-rtb,2.5,0.65,130.01314400407838,79.30597097341165,200,122,0.61,0.6099842564450553
amc_rtb,AMC-rtb,2.5,0.675,134.9977535060828,78.97551215711607,200,117,0.585,0.5850135287885183
amc_rtb,AMC-rtb,2.5,0.7,140.0085840075407,77.70474680216704,200,111,0.555,0.5549998762788856
amc_rtb,AMC-rtb,2.5,0.725,144.99935044206734,71.77288536432111,200,99,0.495,0.49498763370665627
amc_rtb,AMC-rtb,2.5,0.75,150.00285301367725,64.50173400998369,200,86,0.43,0.430003381363036
amc_rtb,AMC-rtb,2.5,0.775,155.00190074107897,48.827508318494175,200,63,0.315,0.3150123197525009
amc_rtb,AMC-rtb,2.5,0.8,159.99999489046215,49.60434498601432,200,62,0.31,0.31002716606318664
amc_rtb,AMC-rtb,2.5,0.825,165.01275368398288,48.681745489568044,200,59,0.295,0.2950180783165331
amc_rtb,AMC-rtb,2.5,0.85,170.00131419950827,40.80072662916629,200,48,0.24,0.24000241893003146
amc_rtb,AMC-rtb,2.5,0.875,175.00007754549546,35.869758729707286,200,41,0.205,0.20496995905834434
amc_rtb,AMC-rtb,2.5,0.9,180.0023913474589,20.69749037745173,200,23,0.115,0.11498453005271096
amc_rtb,AMC-rtb,2.5,0.925,184.99566351692567,12.951596635424197,200,14,0.07,0.07001027153395531
amc_rtb,AMC-rtb,2.5,0.95,189.9930718296149,4.749890315098357,200,5,0.025,0.025000334324601275
amc_rtb,AMC-rtb,2.5,0.975,194.99496080417416,0.0,200,0,0.0,0.0
amc_rtb,AMC-rtb,3.0,0.025,5.126553775785154,5.126553775785154,200,200,1.0,1.0
amc_rtb,AMC-rtb,3.0,0.05,10.069362581783587,10.069362581783587,200,200,1.0,1.0
amc_rtb,AMC-rtb,3.0,0.075,15.035342264829888,15.035342264829888,200,200,1.0,1.0
amc_rtb,AMC-rtb,3.0,0.1,20.03390054937,20.03390054937,200,200,1.0,1.0
amc_rtb,AMC-rtb,3.0,0.125,25.033559070227792,25.033559070227792,200,200,1.0,1.0
amc_rtb,AMC-rtb,3.0,0.15,30.01854175508846,30.01854175508846,200,200,1.0,1.0
amc_rtb,AMC-rtb,3.0,0.175,35.012552708644726,35.012552708644726,200,200,1.0,1.0
amc_rtb,AMC-rtb,3.0,0.2,40.01175033713646,40.01175033713646,200,200,1.0,1.0
amc_rtb,AMC-rtb,3.0,0.225,45.00652457335122,45.00652457335122,200,200,1.0,1.0
amc_rtb,AMC-rtb,3.0,0.25,50.01913004584269,50.01913004584269,200,200,1.0,1.0
amc_rtb,AMC-rtb,3.0,0.275,55.01699618297141,55.01699618297141,200,200,1.0,1.0
amc_rtb,AMC-rtb,3.0,0.3,60.022957959605286,60.022957959605286,200,200,1.0,1.0
amc_rtb,AMC-rtb,3.0,0.325,65.00450508259031,65.00450508259031,200,200,1.0,1.0
amc_rtb,AMC-rtb,3.0,0.35,70.00645988915613,70.00645988915613,200,200,1.0,1.0
amc_rtb,AMC-rtb,3.0,0.375,75.01302637759639,73.13763516971153,200,195,0.975,0.9749991261725047
amc_rtb,AMC-rtb,3.0,0.4,80.01267422173012,77.61271609534613,200,194,0.97,0.9700052754175762
amc_rtb,AMC-rtb,3.0,0.425,85.00913911318607,80.75658849495122,200,190,0.95,0.949975371323632
amc_rtb,AMC-rtb,3.0,0.45,90.0093000378136,77.40579442003173,200,172,0.86,0.8599755179466227
amc_rtb,AMC-rtb,3.0,0.475,95.01862818229374,75.06731782944915,200,158,0.79,0.7900273795305917
amc_rtb,AMC-rtb,3.0,0.5,100.00626476286882,76.50587619302483,200,153,0.765,0.7650108358154637
amc_rtb,AMC-rtb,3.0,0.525,105.01014699825596,74.55502891475223,200,142,0.71,0.7099792833923988
amc_rtb,AMC-rtb,3.0,0.55,109.99747987746603,71.49610334086837,200,130,0.65,0.6499794669888159
amc_rtb,AMC-rtb,3.0,0.575,115.00285624021468,67.27515805028796,200,117,0.585,0.5849868451072687
amc_rtb,AMC-rtb,3.0,0.6,119.99907713256947,61.79900956267332,200,103,0.515,0.5149957069619845
amc_rtb,AMC-rtb,3.0,0.625,125.0060659110216,63.12745552391336,200,101,0.505,0.5049951381467123
amc_rtb,AMC-rtb,3.0,0.65,130.0006764929461,51.35095325461832,200,79,0.395,0.395005277202574
amc_rtb,AMC-rtb,3.0,0.675,135.00444729401696,56.70799212072284,200,84,0.42,0.4200453633740108
amc_rtb,AMC-rtb,3.0,0.7,140.0035028138311,46.90367291553682,200,67,0.335,0.3350178529311994
amc_rtb,AMC-rtb,3.0,0.725,144.998637909348,51.47183259743365,200,71,0.355,0.3549814904441615
amc_rtb,AMC-rtb,3.0,0.75,150.00536855654758,38.9980109475371,200,52,0.26,0.2599774349598428
amc_rtb,AMC-rtb,3.0,0.775,155.00112023646506,31.776422564798906,200,41,0.205,0.20500769617872278
amc_rtb,AMC-rtb,3.0,0.8,159.99744508654936,26.40308816916135,200,33,0.165,0.16502193616203564
amc_rtb,AMC-rtb,3.0,0.825,165.0103768614829,33.82589395557916,200,41,0.205,0.20499252591837985
amc_rtb,AMC-rtb,3.0,0.85,169.99625782129976,33.153364949237,200,39,0.195,0.19502408684835787
amc_rtb,AMC-rtb,3.0,0.875,175.0030044729032,24.49991248831149,200,28,0.14,0.1399970964047361
amc_rtb,AMC-rtb,3.0,0.9,180.00596097418997,15.30029210039282,200,17,0.085,0.08499880791495923
amc_rtb,AMC-rtb,3.0,0.925,185.0079567482784,5.551526234578176,200,6,0.03,0.030006959333817067
amc_rtb,AMC-rtb,3.0,0.95,189.99802098378183,1.900450190579371,200,2,0.01,0.010002473608615075
amc_rtb,AMC-rtb,3.0,0.975,194.99633348294967,0.9748050539026808,200,1,0.005,0.0049990942726516295
amc_rtb,AMC-rtb,3.5,0.025,5.124474402775881,5.124474402775881,200,200,1.0,1.0
amc_rtb,AMC-rtb,3.5,0.05,10.075352360185155,10.075352360185155,200,200,1.0,1.0
amc_rtb,AMC-rtb,3.5,0.075,15.051404590515094,15.051404590515094,200,200,1.0,1.0
amc_rtb,AMC-rtb,3.5,0.1,20.046714447844685,20.046714447844685,200,200,1.0,1.0
amc_rtb,AMC-rtb,3.5,0.125,25.022651254851105,25.022651254851105,200,200,1.0,1.0
amc_rtb,AMC-rtb,3.5,0.15,30.028692419812756,30.028692419812756,200,200,1.0,1.0
amc_rtb,AMC-rtb,3.5,0.175,35.03076998229275,35.03076998229275,200,200,1.0,1.0
amc_rtb,AMC-rtb,3.5,0.2,40.03677878359392,40.03677878359392,200,200,1.0,1.0
amc_rtb,AMC-rtb,3.5,0.225,45.024463834604646,45.024463834604646,200,200,1.0,1.0
amc_rtb,AMC-rtb,3.5,0.25,50.00736092592127,50.00736092592127,200,200,1.0,1.0
amc_rtb,AMC-rtb,3.5,0.275,55.01789998073636,55.01789998073636,200,200,1.0,1.0
amc_rtb,AMC-rtb,3.5,0.3,60.011900875433284,60.011900875433284,200,200,1.0,1.0
amc_rtb,AMC-rtb,3.5,0.325,65.0226227580917,64.6978352183118,200,199,0.995,0.9950050070882525
amc_rtb,AMC-rtb,3.5,0.35,70.01954450428609,65.4701071808728,200,187,0.935,0.9350261793957428
amc_rtb,AMC-rtb,3.5,0.375,75.01086873459089,69.76081995093521,200,186,0.93,0.9300094923279479
amc_rtb,AMC-rtb,3.5,0.4,80.01962019299215,68.01644768166048,200,170,0.85,0.8499971321735558
amc_rtb,AMC-rtb,3.5,0.425,85.00102844070145,64.60085642999925,200,152,0.76,0.7600008801665995
amc_rtb,AMC-rtb,3.5,0.45,90.01945575110848,65.7135392306367,200,146,0.73,0.7299926297302405
amc_rtb,AMC-rtb,3.5,0.475,94.99549426052512,61.267245925087984,200,129,0.645,0.6449489673379937
amc_rtb,AMC-rtb,3.5,0.5,100.01137297827644,60.009626133616884,200,120,0.6,0.6000280202797699
amc_rtb,AMC-rtb,3.5,0.525,105.00408148415423,52.50690870835979,200,100,0.5,0.5000463597815806
amc_rtb,AMC-rtb,3.5,0.55,110.00416822567213,48.404552035320286,200,88,0.44,0.44002470830031615
amc_rtb,AMC-rtb,3.5,0.575,115.01208734700818,43.702225427270704,200,76,0.38,0.3799794129065299
amc_rtb,AMC-rtb,3.5,0.6,120.00189427074436,42.601561984428976,200,71,0.355,0.35500741253561147
amc_rtb,AMC-rtb,3.5,0.625,125.0009304695697,47.50134618376724,200,76,0.38,0.3800079407835368
amc_rtb,AMC-rtb,3.5,0.65,130.00517924267677,34.44500060444092,200,53,0.265,0.26495098737676803
amc_rtb,AMC-rtb,3.5,0.675,135.0023642112327,31.723188079975387,200,47,0.235,0.2349824631984919
amc_rtb,AMC-rtb,3.5,0.7,140.0088109011809,37.10461826301227,200,53,0.265,0.2650163087893157
amc_rtb,AMC-rtb,3.5,0.725,145.0023504964728,23.20150669874785,200,32,0.16,0.16000779724817102
amc_rtb,AMC-rtb,3.5,0.75,150.00804894368488,20.99898309561837,200,28,0.14,0.13998570905686322
amc_rtb,AMC-rtb,3.5,0.775,155.0033784669971,20.14911698512556,200,26,0.13,0.12999146976280684
amc_rtb,AMC-rtb,3.5,0.8,160.00840630247492,17.60607954738191,200,22,0.11,0.11003221614556878
amc_rtb,AMC-rtb,3.5,0.825,165.010690271622,20.62559396569166,200,25,0.125,0.12499550139291056
amc_rtb,AMC-rtb,3.5,0.85,170.00668072466885,13.602431244245897,200,16,0.08,0.08001115712785112
amc_rtb,AMC-rtb,3.5,0.875,174.99210120215812,15.751573302185193,200,18,0.09,0.09001305312625696
amc_rtb,AMC-rtb,3.5,0.9,180.0054526991952,7.203162935873376,200,8,0.04,0.04001635965945148
amc_rtb,AMC-rtb,3.5,0.925,185.0101386266575,0.9238254099528734,200,1,0.005,0.004993377210624729
amc_rtb,AMC-rtb,3.5,0.95,190.00536075974048,0.0,200,0,0.0,0.0
amc_rtb,AMC-rtb,3.5,0.975,195.00515038158056,0.0,200,0,0.0,0.0
amc_rtb,AMC-rtb,4.0,0.025,5.134452592646109,5.134452592646109,200,200,1.0,1.0
amc_rtb,AMC-rtb,4.0,0.05,10.057287425516948,10.057287425516948,200,200,1.0,1.0
amc_rtb,AMC-rtb,4.0,0.075,15.058381625752313,15.058381625752313,200,200,1.0,1.0
amc_rtb,AMC-rtb,4.0,0.1,20.031013702646447,20.031013702646447,200,200,1.0,1.0
amc_rtb,AMC-rtb,4.0,0.125,25.03150854858651,25.03150854858651,200,200,1.0,1.0
amc_rtb,AMC-rtb,4.0,0.15,30.035612526129125,30.035612526129125,200,200,1.0,1.0
amc_rtb,AMC-rtb,4.0,0.175,35.016415465709876,35.016415465709876,200,200,1.0,1.0
amc_rtb,AMC-rtb,4.0,0.2,40.026863233060546,40.026863233060546,200,200,1.0,1.0
amc_rtb,AMC-rtb,4.0,0.225,45.01326276709878,45.01326276709878,200,200,1.0,1.0
amc_rtb,AMC-rtb,4.0,0.25,50.012048786003525,50.012048786003525,200,200,1.0,1.0
amc_rtb,AMC-rtb,4.0,0.275,55.009208984565205,54.73335938649398,200,199,0.995,0.9949853923885976
amc_rtb,AMC-rtb,4.0,0.3,60.01246620859997,58.21236328142967,200,194,0.97,0.9700045167130236
amc_rtb,AMC-rtb,4.0,0.325,65.00671464422862,61.756223209693246,200,190,0.95,0.9499976048270583
amc_rtb,AMC-rtb,4.0,0.35,70.0326404833891,58.82830775251218,200,168,0.84,0.8400127047396642
amc_rtb,AMC-rtb,4.0,0.375,75.00550312322389,58.88110451428885,200,157,0.785,0.785023792421673
amc_rtb,AMC-rtb,4.0,0.4,80.01577383118969,55.207790130551246,200,138,0.69,0.6899613349615769
amc_rtb,AMC-rtb,4.0,0.425,85.00695184333205,52.27743916008636,200,123,0.615,0.6149783991365055
amc_rtb,AMC-rtb,4.0,0.45,90.00821883745884,54.91079342915076,200,122,0.61,0.6100642156724744
amc_rtb,AMC-rtb,4.0,0.475,95.00853512080742,44.17777136387145,200,93,0.465,0.46498739621337726
amc_rtb,AMC-rtb,4.0,0.5,100.01679873687624,45.003346932716354,200,90,0.45,0.44995788208649795
amc_rtb,AMC-rtb,4.0,0.525,105.00651451426326,36.227693187493465,200,69,0.345,0.3450042443087908
amc_rtb,AMC-rtb,4.0,0.55,110.00876850113785,37.39829996750754,200,68,0.34,0.3399574459114204
amc_rtb,AMC-rtb,4.0,0.575,115.0165729348894,32.204037943791135,200,56,0.28,0.27999476181594946
amc_rtb,AMC-rtb,4.0,0.6,120.00905562133616,36.60439705378123,200,61,0.305,0.3050136247157786
amc_rtb,AMC-rtb,4.0,0.625,125.01073330284729,25.631003159961836,200,41,0.205,0.20503042005096417
amc_rtb,AMC-rtb,4.0,0.65,130.00467712888099,22.751387308930536,200,35,0.175,0.17500437531471116
amc_rtb,AMC-rtb,4.0,0.675,135.01145824527242,18.22507221935879,200,27,0.135,0.13498907763998588
amc_rtb,AMC-rtb,4.0,0.7,139.999249680852,11.201226511604265,200,16,0.08,0.08000918960022313
amc_rtb,AMC-rtb,4.0,0.725,145.00051270253743,20.301570979774482,200,28,0.14,0.14001033928357423
amc_rtb,AMC-rtb,4.0,0.75,149.9986545531746,15.75058741204524,200,21,0.105,0.10500485793665336
amc_rtb,AMC-rtb,4.0,0.775,155.01264538842332,8.52505059214388,200,11,0.055,0.05499583966702983
amc_rtb,AMC-rtb,4.0,0.8,160.00295715920288,8.797685916264582,200,11,0.055,0.054984520739269134
amc_rtb,AMC-rtb,4.0,0.825,165.00545395123868,10.72427638996409,200,13,0.065,0.06499346617435602
amc_rtb,AMC-rtb,4.0,0.85,170.0075455487177,10.202746468850972,200,12,0.06,0.060013491965433104
amc_rtb,AMC-rtb,4.0,0.875,175.00915497057053,9.626601024967751,200,11,0.055,0.05500627110956885
amc_rtb,AMC-rtb,4.0,0.9,180.004382727982,2.7000475218426923,200,3,0.015,0.014999898785369769
amc_rtb,AMC-rtb,4.0,0.925,185.00487003790084,5.550406130030543,200,6,0.03,0.03000140552458681
amc_rtb,AMC-rtb,4.0,0.95,190.0007660120894,0.0,200,0,0.0,0.0
amc_rtb,AMC-rtb,4.0,0.975,194.991032586332,0.0,200,0,0.0,0.0
amc_rtb,AMC-rtb,4.5,0.025,5.138373648231289,5.138373648231289,200,200,1.0,1.0
amc_rtb,AMC-rtb,4.5,0.05,10.075334648598474,10.075334648598474,200,200,1.0,1.0
amc_rtb,AMC-rtb,4.5,0.075,15.035916775257727,15.035916775257727,200,200,1.0,1.0
amc_rtb,AMC-rtb,4.5,0.1,20.037829572537902,20.037829572537902,200,200,1.0,1.0
amc_rtb,AMC-rtb,4.5,0.125,25.039632328693976,25.039632328693976,200,200,1.0,1.0
amc_rtb,AMC-rtb,4.5,0.15,30.033260265541394,30.033260265541394,200,200,1.0,1.0
amc_rtb,AMC-rtb,4.5,0.175,35.016746311651254,35.016746311651254,200,200,1.0,1.0
amc_rtb,AMC-rtb,4.5,0.2,40.02253205137834,40.02253205137834,200,200,1.0,1.0
amc_rtb,AMC-rtb,4.5,0.225,45.00906016193033,45.00906016193033,200,200,1.0,1.0
amc_rtb,AMC-rtb,4.5,0.25,50.019641059211686,48.769074661523014,200,195,0.975,0.974998493167748
amc_rtb,AMC-rtb,4.5,0.275,55.01708138057265,52.26555819196071,200,190,0.95,0.9499878379665638
amc_rtb,AMC-rtb,4.5,0.3,60.023040823659876,54.024729996382035,200,180,0.9,0.9000665287035337
amc_rtb,AMC-rtb,4.5,0.325,65.01500880278859,51.367206044326004,200,158,0.79,0.7900822746965896
amc_rtb,AMC-rtb,4.5,0.35,70.01551293640281,48.661483262099615,200,139,0.695,0.6950100230830316
amc_rtb,AMC-rtb,4.5,0.375,75.01851704748707,49.51313790655635,200,132,0.66,0.6600122190527214
amc_rtb,AMC-rtb,4.5,0.4,80.00882033477313,44.00470807155408,200,110,0.55,0.5499982112900734
amc_rtb,AMC-rtb,4.5,0.425,85.00933691886799,37.39892373780411,200,88,0.44,0.43993901250514694
amc_rtb,AMC-rtb,4.5,0.45,90.01886704088695,36.91105742350594,200,82,0.41,0.4100369026722007
amc_rtb,AMC-rtb,4.5,0.475,95.00132014225218,34.67266627481097,200,73,0.365,0.3649703627580453
amc_rtb,AMC-rtb,4.5,0.5,100.00718352558071,33.00345141709723,200,66,0.33,0.3300108077601777
amc_rtb,AMC-rtb,4.5,0.525,105.00536339889901,29.400816757370627,200,56,0.28,0.27999347657777734
amc_rtb,AMC-rtb,4.5,0.55,110.00820671740343,29.148914326428525,200,53,0.265,0.264970361723178
amc_rtb,AMC-rtb,4.5,0.575,115.00871900624622,24.151696700102264,200,42,0.21,0.20999883233888175
amc_rtb,AMC-rtb,4.5,0.6,120.02210942566845,22.20397150965728,200,37,0.185,0.18499901073150646
amc_rtb,AMC-rtb,4.5,0.625,125.01499618034613,16.248698066318315,200,26,0.13,0.12997399162319703
amc_rtb,AMC-rtb,4.5,0.65,130.0128927752081,20.148244562400066,200,31,0.155,0.1549711273422423
amc_rtb,AMC-rtb,4.5,0.675,135.0099351214667,13.499824293289143,200,20,0.1,0.09999133975691141
amc_rtb,AMC-rtb,4.5,0.7,140.00646644264674,11.19999194817722,200,16,0.08,0.07999624755021773
amc_rtb,AMC-rtb,4.5,0.725,145.00853159324353,12.328438296114362,200,17,0.085,0.08501871000732751
amc_rtb,AMC-rtb,4.5,0.75,150.0068395137838,8.24995183149838,200,11,0.055,0.05499717118391999
amc_rtb,AMC-rtb,4.5,0.775,155.00060462706108,9.297969431166448,200,12,0.06,0.05998666555874289
amc_rtb,AMC-rtb,4.5,0.8,160.00756175183426,8.800813543590987,200,11,0.055,0.05500248517779878
amc_rtb,AMC-rtb,4.5,0.825,164.9983607222085,7.428179443137498,200,9,0.045,0.04501971662399479
amc_rtb,AMC-rtb,4.5,0.85,170.01241724908198,6.800241747395462,200,8,0.04,0.039998500447367656
amc_rtb,AMC-rtb,4.5,0.875,175.00225113255732,8.75032112731785,200,10,0.05,0.05000119181718312
amc_rtb,AMC-rtb,4.5,0.9,180.00105704030204,2.7004369167581337,200,3,0.015,0.015002339214894215
amc_rtb,AMC-rtb,4.5,0.925,184.99106269923914,0.924765047395698,200,1,0.005,0.0049989714849046135
amc_rtb,AMC-rtb,4.5,0.95,190.00567191697283,0.0,200,0,0.0,0.0
amc_rtb,AMC-rtb,4.5,0.975,195.00256202639815,0.0,200,0,0.0,0.0
amc_rtb,AMC-rtb,5.0,0.025,5.13928599962228,5.13928599962228,200,200,1.0,1.0
amc_rtb,AMC-rtb,5.0,0.05,10.069983846104202,10.069983846104202,200,200,1.0,1.0
amc_rtb,AMC-rtb,5.0,0.075,15.044098391390154,15.044098391390154,200,200,1.0,1.0
amc_rtb,AMC-rtb,5.0,0.1,20.03954204735892,20.03954204735892,200,200,1.0,1.0
amc_rtb,AMC-rtb,5.0,0.125,25.026874226062308,25.026874226062308,200,200,1.0,1.0
amc_rtb,AMC-rtb,5.0,0.15,30.029731091413485,30.029731091413485,200,200,1.0,1.0
amc_rtb,AMC-rtb,5.0,0.175,35.026906739627,35.026906739627,200,200,1.0,1.0
amc_rtb,AMC-rtb,5.0,0.2,40.02155451971718,40.02155451971718,200,200,1.0,1.0
amc_rtb,AMC-rtb,5.0,0.225,45.01972009054702,44.57008957726775,200,198,0.99,0.990012587542194
amc_rtb,AMC-rtb,5.0,0.25,50.00568378224259,48.005485900502734,200,192,0.96,0.9600005893240051
amc_rtb,AMC-rtb,5.0,0.275,55.01696463368136,47.31442791247781,200,172,0.86,0.8599970614066181
amc_rtb,AMC-rtb,5.0,0.3,60.016361502398375,46.8107846303693,200,156,0.78,0.7799670532926033
amc_rtb,AMC-rtb,5.0,0.325,65.0013929991261,47.45031467096366,200,146,0.73,0.729989196871544
amc_rtb,AMC-rtb,5.0,0.35,70.01645307862583,34.66017939706892,200,99,0.495,0.4950290663559728
amc_rtb,AMC-rtb,5.0,0.375,75.01842557551983,41.64369637679246,200,111,0.555,0.5551129080264479
amc_rtb,AMC-rtb,5.0,0.4,79.99853754629332,35.200450687964235,200,88,0.44,0.4400136773449707
amc_rtb,AMC-rtb,5.0,0.425,85.01478467420462,28.480802567291256,200,67,0.335,0.3350099947489835
amc_rtb,AMC-rtb,5.0,0.45,90.00197485973466,27.45132164136353,200,61,0.305,0.30500799214845653
amc_rtb,AMC-rtb,5.0,0.475,95.00426231755634,21.849498159474848,200,46,0.23,0.22998439887298788
amc_rtb,AMC-rtb,5.0,0.5,100.01331017374903,20.004432062001207,200,40,0.2,0.20001769791689053
amc_rtb,AMC-rtb,5.0,0.525,105.00472466850594,19.950150538473668,200,38,0.19,0.18999288461976527
amc_rtb,AMC-rtb,5.0,0.55,110.0070064521141,17.047330313727443,200,31,0.155,0.15496585957139122
amc_rtb,AMC-rtb,5.0,0.575,114.99593396972632,17.248944007673003,200,30,0.15,0.1499961208386197
amc_rtb,AMC-rtb,5.0,0.6,119.99956098087642,16.20236178145977,200,27,0.135,0.13502017548249065
amc_rtb,AMC-rtb,5.0,0.625,125.00488554577936,15.004350096809885,200,24,0.12,0.1200301094737212
amc_rtb,AMC-rtb,5.0,0.65,129.99939239619394,13.650711031382517,200,21,0.105,0.10500596025695098
amc_rtb,AMC-rtb,5.0,0.675,135.00998452721964,10.125315906942461,200,15,0.075,0.07499679332902283
amc_rtb,AMC-rtb,5.0,0.7,139.99887975420077,6.300782448984169,200,9,0.045,0.045005949047925216
amc_rtb,AMC-rtb,5.0,0.725,145.01298486506562,8.699770094247272,200,12,0.06,0.059993042018564036
amc_rtb,AMC-rtb,5.0,0.75,149.99579265224355,7.499297632477221,200,10,0.05,0.04999671990709701
amc_rtb,AMC-rtb,5.0,0.775,154.99910127693283,6.2004180531188915,200,8,0.04,0.040002929062412866
amc_rtb,AMC-rtb,5.0,0.8,160.0097664650848,3.9993452340614,200,5,0.025,0.02499438204563647
amc_rtb,AMC-rtb,5.0,0.825,165.00155844435173,2.4758896626640556,200,3,0.015,0.015005250168585964
amc_rtb,AMC-rtb,5.0,0.85,170.0056007051013,4.249658107735631,200,5,0.025,0.024997165329319136
amc_rtb,AMC-rtb,5.0,0.875,175.00905603113486,4.375845211130515,200,5,0.025,0.025003535876177936
amc_rtb,AMC-rtb,5.0,0.9,180.00272165484137,5.401287363676933,200,6,0.03,0.03000669831000669
amc_rtb,AMC-rtb,5.0,0.925,185.00539039181373,2.773392862537821,200,3,0.015,0.014990875977527952
amc_rtb,AMC-rtb,5.0,0.95,190.01041283334737,0.0,200,0,0.0,0.0
amc_rtb,AMC-rtb,5.0,0.975,195.01055103857462,0.9749972558026708,200,1,0.005,0.004999715403141488
crmpo_baseline,CrMPO,1.0,0.025,5.150775154323688,5.150775154323688,200,200,1.0,1.0
crmpo_baseline,CrMPO,1.0,0.05,10.07356157320267,9.66964138143153,200,192,0.96,0.9599029410962618
crmpo_baseline,CrMPO,1.0,0.075,15.0434043963246,13.157589369032678,200,175,0.875,0.874641738159172
crmpo_baseline,CrMPO,1.0,0.1,20.033434849724042,15.023688313305156,200,150,0.75,0.7499307246112169
crmpo_baseline,CrMPO,1.0,0.125,25.028879158423397,15.521457571066263,200,124,0.62,0.6201419357543448
crmpo_baseline,CrMPO,1.0,0.15,30.03550192819835,15.613436089685136,200,104,0.52,0.5198327008821089
crmpo_baseline,CrMPO,1.0,0.175,35.0207482666908,16.28154473548497,200,93,0.465,0.46491138942827204
crmpo_baseline,CrMPO,1.0,0.2,40.01291481185509,15.60049844744101,200,78,0.39,0.3898865783909067
crmpo_baseline,CrMPO,1.0,0.225,45.01771047158208,15.304796918611494,200,68,0.34,0.339972796445808
crmpo_baseline,CrMPO,1.0,0.25,50.01110616187902,14.497893317759758,200,58,0.29,0.28989347427813505
crmpo_baseline,CrMPO,1.0,0.275,55.01374912511959,12.376216571505815,200,45,0.225,0.2249658815900399
crmpo_baseline,CrMPO,1.0,0.3,60.01498862925155,14.100639840204964,200,47,0.235,0.23495197053711106
crmpo_baseline,CrMPO,1.0,0.325,65.0155689397196,11.374826475086085,200,35,0.175,0.1749554246865465
crmpo_baseline,CrMPO,1.0,0.35,70.01916245631176,11.553825539205814,200,33,0.165,0.16500947931810506
crmpo_baseline,CrMPO,1.0,0.375,75.01429470481146,9.001458629187203,200,24,0.12,0.11999657751377678
crmpo_baseline,CrMPO,1.0,0.4,80.01035417787244,11.599720665430166,200,29,0.145,0.14497774425098306
crmpo_baseline,CrMPO,1.0,0.425,85.00718233545614,5.5259918868611315,200,13,0.065,0.06500617636112689
crmpo_baseline,CrMPO,1.0,0.45,90.01395769955089,11.251954349978172,200,25,0.125,0.1250023289447511
crmpo_baseline,CrMPO,1.0,0.475,95.00575932667381,9.024909992267222,200,19,0.095,0.09499329363007775
crmpo_baseline,CrMPO,1.0,0.5,100.01498087861673,5.502282544592827,200,11,0.055,0.055014583777911005
crmpo_baseline,CrMPO,1.0,0.525,105.01841577701121,6.824618373934188,200,13,0.065,0.06498496785959051
crmpo_baseline,CrMPO,1.0,0.55,110.00496092811977,6.0490708353467175,200,11,0.055,0.05498907307734371
crmpo_baseline,CrMPO,1.0,0.575,115.00983799283794,6.326261608670635,200,11,0.055,0.055006264847226316
crmpo_baseline,CrMPO,1.0,0.6,120.01179642897297,7.198582973435492,200,12,0.06,0.0599822949712769
crmpo_baseline,CrMPO,1.0,0.625,125.01201884481794,5.626272745859752,200,9,0.045,0.04500585461981742
crmpo_baseline,CrMPO,1.0,0.65,129.99880651097772,9.100326598751657,200,14,0.07,0.07000315497498957
crmpo_baseline,CrMPO,1.0,0.675,135.00566887028583,8.103149217506814,200,12,0.06,0.060020807165455874
crmpo_baseline,CrMPO,1.0,0.7,140.01085780267155,4.199026666933695,200,6,0.03,0.029990721668541716
crmpo_baseline,CrMPO,1.0,0.725,145.00330748260743,6.526947518287406,200,9,0.045,0.0450124044175357
crmpo_baseline,CrMPO,1.0,0.75,149.99880840634685,5.999254196637159,200,8,0.04,0.03999534569891499
crmpo_baseline,CrMPO,1.0,0.775,155.00410862662332,2.324415271470475,200,3,0.015,0.014995830059379706
crmpo_baseline,CrMPO,1.0,0.8,159.9963870813707,4.798642209144469,200,6,0.03,0.029992191053064114
crmpo_baseline,CrMPO,1.0,0.825,165.0089074783576,3.29905450823286,200,4,0.02,0.019993190420132687
crmpo_baseline,CrMPO,1.0,0.85,170.00517541628386,3.400310462846768,200,4,0.02,0.02000121734247551
crmpo_baseline,CrMPO,1.0,0.875,175.01398167579455,1.749197831956344,200,2,0.01,0.009994617659728772
crmpo_baseline,CrMPO,1.0,0.9,180.0008036048297,3.5998055576363748,200,4,0.02,0.01999883048044229
crmpo_baseline,CrMPO,1.0,0.925,185.0008705874767,0.9252311211631526,200,1,0.005,0.00500122576842503
crmpo_baseline,CrMPO,1.0,0.95,189.99766182501563,0.949665932889411,200,1,0.005,0.004998303262089804
crmpo_baseline,CrMPO,1.0,0.975,194.99701792278387,0.0,200,0,0.0,0.0
crmpo_baseline,CrMPO,1.5,0.025,5.133075019022422,5.081630222443502,200,198,0.99,0.9899777820530048
crmpo_baseline,CrMPO,1.5,0.05,10.064032423590758,8.606615856017758,200,171,0.855,0.8551856247842843
crmpo_baseline,CrMPO,1.5,0.075,15.043832593327416,10.223877600102437,200,136,0.68,0.6796059140299903
crmpo_baseline,CrMPO,1.5,0.1,20.04896671567419,10.127486693197659,200,101,0.505,0.5051375882269302
crmpo_baseline,CrMPO,1.5,0.125,25.034283799570023,10.514807019617102,200,84,0.42,0.420016290611745
crmpo_baseline,CrMPO,1.5,0.15,30.026106068640118,10.359195065270207,200,69,0.345,0.34500627692411845
crmpo_baseline,CrMPO,1.5,0.175,35.01678966234951,8.756441129341717,200,50,0.25,0.2500640753700146
crmpo_baseline,CrMPO,1.5,0.2,40.01427295929859,9.202224829410332,200,46,0.23,0.22997356065348434
crmpo_baseline,CrMPO,1.5,0.225,45.008695167739,6.528540971741682,200,29,0.145,0.14505066070924805
crmpo_baseline,CrMPO,1.5,0.25,50.02157952417979,6.253600468302346,200,25,0.125,0.1250180527641962
crmpo_baseline,CrMPO,1.5,0.275,55.001586640933056,7.4275687241644786,200,27,0.135,0.1350428083584913
crmpo_baseline,CrMPO,1.5,0.3,60.0105721754941,8.699341841167733,200,29,0.145,0.14496348769559297
crmpo_baseline,CrMPO,1.5,0.325,65.00865875556394,3.248491112124664,200,10,0.05,0.04997012973824249
crmpo_baseline,CrMPO,1.5,0.35,70.02134275002804,5.252075284998501,200,15,0.075,0.07500677762990196
crmpo_baseline,CrMPO,1.5,0.375,75.0068434500792,4.500957503046989,200,12,0.06,0.0600072912819295
crmpo_baseline,CrMPO,1.5,0.4,79.99985223088021,4.001102962283568,200,10,0.05,0.05001387940988132
crmpo_baseline,CrMPO,1.5,0.425,85.01396523835977,3.4011148811210403,200,8,0.04,0.040006543296564154
crmpo_baseline,CrMPO,1.5,0.45,90.00369872569703,4.502668062793942,200,10,0.05,0.050027589160715036
crmpo_baseline,CrMPO,1.5,0.475,95.01131444738856,4.275648628878315,200,9,0.045,0.045001468022483865
crmpo_baseline,CrMPO,1.5,0.5,99.99539908242073,3.4990322999826935,200,7,0.035,0.03499193294982135
crmpo_baseline,CrMPO,1.5,0.525,105.01238711880423,1.5756766981872854,200,3,0.015,0.015004674604765117
crmpo_baseline,CrMPO,1.5,0.55,110.00778426632338,2.2004049215658155,200,4,0.02,0.020002265623664816
crmpo_baseline,CrMPO,1.5,0.575,115.00905854506904,0.5753930298302004,200,1,0.005,0.0050030235627458765
crmpo_baseline,CrMPO,1.5,0.6,119.99622963446068,1.7998075541200538,200,3,0.015,0.014998867544444768
crmpo_baseline,CrMPO,1.5,0.625,125.00826252404102,3.1252761092649974,200,5,0.025,0.025000556332538088
crmpo_baseline,CrMPO,1.5,0.65,130.00988743741223,1.951191949226986,200,3,0.015,0.015008027371505148
crmpo_baseline,CrMPO,1.5,0.675,135.00577853861085,3.375712934192139,200,5,0.025,0.02500421071403773
crmpo_baseline,CrMPO,1.5,0.7,140.00391398281565,0.7004521878179649,200,1,0.005,0.005003090041496553
crmpo_baseline,CrMPO,1.5,0.725,145.00152034732412,0.7254229401629719,200,1,0.005,0.005002864372906963
crmpo_baseline,CrMPO,1.5,0.75,150.01220687200035,1.4996467773726256,200,2,0.01,0.009996831648855193
crmpo_baseline,CrMPO,1.5,0.775,155.0019814655053,1.5496321313598262,200,2,0.01,0.00999749884942398
crmpo_baseline,CrMPO,1.5,0.8,160.01021129713106,1.5988300393044463,200,2,0.01,0.009992050046952928
crmpo_baseline,CrMPO,1.5,0.825,165.00429107495765,0.0,200,0,0.0,0.0
crmpo_baseline,CrMPO,1.5,0.85,170.0092104679443,0.0,200,0,0.0,0.0
crmpo_baseline,CrMPO,1.5,0.875,175.00963666037407,0.0,200,0,0.0,0.0
crmpo_baseline,CrMPO,1.5,0.9,180.01119035103036,0.0,200,0,0.0,0.0
crmpo_baseline,CrMPO,1.5,0.925,185.001385115156,0.0,200,0,0.0,0.0
crmpo_baseline,CrMPO,1.5,0.95,189.99050705014633,0.0,200,0,0.0,0.0
crmpo_baseline,CrMPO,1.5,0.975,195.00609973849208,0.0,200,0,0.0,0.0
crmpo_baseline,CrMPO,2.0,0.025,5.1322712080672455,4.975918141489653,200,194,0.97,0.9695353070329124
crmpo_baseline,CrMPO,2.0,0.05,10.071514649778374,7.807385631134477,200,155,0.775,0.7751947847592399
crmpo_baseline,CrMPO,2.0,0.075,15.045002782388526,8.193034363269206,200,109,0.545,0.544568484417953
crmpo_baseline,CrMPO,2.0,0.1,20.022201245791617,7.504514129313644,200,75,0.375,0.3748096444136474
crmpo_baseline,CrMPO,2.0,0.125,25.03017249781412,7.50731083749604,200,60,0.3,0.2999304474690157
crmpo_baseline,CrMPO,2.0,0.15,30.021263333263633,6.153654152652666,200,41,0.205,0.2049765222849367
crmpo_baseline,CrMPO,2.0,0.175,35.01151134600201,6.652626964939572,200,38,0.19,0.190012561845584
crmpo_baseline,CrMPO,2.0,0.2,40.02693585497304,5.0009082983355615,200,25,0.125,0.12493857427545849
crmpo_baseline,CrMPO,2.0,0.225,45.01656476839699,3.828940879608844,200,17,0.085,0.0850562653838233
crmpo_baseline,CrMPO,2.0,0.25,50.01928028438367,6.001541194891124,200,24,0.12,0.11998455717014471
crmpo_baseline,CrMPO,2.0,0.275,55.00885528028769,3.577506868021287,200,13,0.065,0.06503510843468287
crmpo_baseline,CrMPO,2.0,0.3,60.0158736473339,3.600301772074814,200,12,0.06,0.05998915875541455
crmpo_baseline,CrMPO,2.0,0.325,65.01640693405453,1.3002923416559822,200,4,0.02,0.01999944941551223
crmpo_baseline,CrMPO,2.0,0.35,70.00620176135585,3.1522069953799563,200,9,0.045,0.045027539218961125
crmpo_baseline,CrMPO,2.0,0.375,75.02164626155816,1.499182612455291,200,4,0.02,0.019983333973084074
crmpo_baseline,CrMPO,2.0,0.4,80.01148416633471,3.5989180192636043,200,9,0.045,0.04498001826565129
crmpo_baseline,CrMPO,2.0,0.425,85.00793804439452,0.8500494619047309,200,2,0.01,0.009999648050053881
crmpo_baseline,CrMPO,2.0,0.45,90.01854956692674,0.9017806608230667,200,2,0.01,0.010017720404977348
crmpo_baseline,CrMPO,2.0,0.475,95.0066191984433,2.375419883154364,200,5,0.025,0.0250026777417766
crmpo_baseline,CrMPO,2.0,0.5,100.00816184135975,3.5003078805931294,200,7,0.035,0.0350002221433244
crmpo_baseline,CrMPO,2.0,0.525,105.00111211090709,2.1001583057112296,200,4,0.02,0.0200012958290665
crmpo_baseline,CrMPO,2.0,0.55,110.00336420461748,1.1005818933561518,200,2,0.01,0.010004983950390437
crmpo_baseline,CrMPO,2.0,0.575,115.00689301199115,0.0,200,0,0.0,0.0
crmpo_baseline,CrMPO,2.0,0.6,120.01025171539915,0.5990281870206511,200,1,0.005,0.0049914751319848
crmpo_baseline,CrMPO,2.0,0.625,125.00035860001758,0.0,200,0,0.0,0.0
crmpo_baseline,CrMPO,2.0,0.65,130.00776760397898,0.650028660254784,200,1,0.005,0.004999921714176788
crmpo_baseline,CrMPO,2.0,0.675,135.00960278567936,0.6748820939498263,200,1,0.005,0.004998771050539021
crmpo_baseline,CrMPO,2.0,0.7,140.00309804117296,0.0,200,0,0.0,0.0
crmpo_baseline,CrMPO,2.0,0.725,145.00529227886912,0.7245608095083914,200,1,0.005,0.004996788724889719
crmpo_baseline,CrMPO,2.0,0.75,150.00466425500338,0.0,200,0,0.0,0.0
crmpo_baseline,CrMPO,2.0,0.775,155.00909580401375,0.0,200,0,0.0,0.0
crmpo_baseline,CrMPO,2.0,0.8,160.01232576670694,0.0,200,0,0.0,0.0
crmpo_baseline,CrMPO,2.0,0.825,165.00066882247498,0.0,200,0,0.0,0.0
crmpo_baseline,CrMPO,2.0,0.85,169.99530903468138,0.0,200,0,0.0,0.0
crmpo_baseline,CrMPO,2.0,0.875,174.99284691511403,0.0,200,0,0.0,0.0
crmpo_baseline,CrMPO,2.0,0.9,179.9981223988979,0.0,200,0,0.0,0.0
crmpo_baseline,CrMPO,2.0,0.925,185.002013321288,0.0,200,0,0.0,0.0
crmpo_baseline,CrMPO,2.0,0.95,190.0220848347882,0.0,200,0,0.0,0.0
crmpo_baseline,CrMPO,2.0,0.975,195.01091945254603,0.0,200,0,0.0,0.0
crmpo_baseline,CrMPO,2.5,0.025,5.1338077926639,4.716899060552946,200,184,0.92,0.9187915190929612
crmpo_baseline,CrMPO,2.5,0.05,10.073996898137175,6.899280875810436,200,137,0.685,0.6848603335470761
crmpo_baseline,CrMPO,2.5,0.075,15.04803964022425,6.318536088207242,200,84,0.42,0.41989097844462364
crmpo_baseline,CrMPO,2.5,0.1,20.051669754515828,4.705670889311011,200,47,0.235,0.23467725864831027
crmpo_baseline,CrMPO,2.5,0.125,25.022964409667374,4.3788984623284835,200,35,0.175,0.17499519204194447
crmpo_baseline,CrMPO,2.5,0.15,30.03361905068292,3.451610760354015,200,23,0.115,0.11492490314035365
crmpo_baseline,CrMPO,2.5,0.175,35.02166270972706,3.1550150809416366,200,18,0.09,0.09008752974099513
crmpo_baseline,CrMPO,2.5,0.2,40.03079116364508,2.2004065446634735,200,11,0.055,0.054967850514576526
crmpo_baseline,CrMPO,2.5,0.225,45.01430797406431,2.2523696832282263,200,10,0.05,0.050036750193426585
crmpo_baseline,CrMPO,2.5,0.25,50.01834550149353,1.9989260245629068,200,8,0.04,0.03996385735116368
crmpo_baseline,CrMPO,2.5,0.275,55.013989240599976,1.649367557629923,200,6,0.03,0.029980875417278414
crmpo_baseline,CrMPO,2.5,0.3,60.016379429851696,1.8004627336765417,200,6,0.03,0.029999522643330348
crmpo_baseline,CrMPO,2.5,0.325,65.00530574168677,2.924532974108299,200,9,0.045,0.044989142666747695
crmpo_baseline,CrMPO,2.5,0.35,70.01075008388545,2.099726245303048,200,6,0.03,0.029991483347731582
crmpo_baseline,CrMPO,2.5,0.375,75.02295907306234,3.3779870665008063,200,9,0.045,0.04502604413685014
crmpo_baseline,CrMPO,2.5,0.4,80.00435515003136,0.7989700839590756,200,2,0.01,0.009986582386181041
crmpo_baseline,CrMPO,2.5,0.425,85.01019220914327,0.42529371097081836,200,1,0.005,0.005002855539068831
crmpo_baseline,CrMPO,2.5,0.45,90.00828740211077,0.9002426065270456,200,2,0.01,0.010001774642208493
crmpo_baseline,CrMPO,2.5,0.475,95.00070784166263,0.9507322901855533,200,2,0.01,0.010007633751215156
crmpo_baseline,CrMPO,2.5,0.5,100.00983934614776,0.0,200,0,0.0,0.0
crmpo_baseline,CrMPO,2.5,0.525,105.00276639868564,0.525859317225586,200,1,0.005,0.005008052028162264
crmpo_baseline,CrMPO,2.5,0.55,110.00586062634527,0.0,200,0,0.0,0.0
crmpo_baseline,CrMPO,2.5,0.575,115.01585594718905,0.5747092404700223,200,1,0.005,0.004996782710845599
crmpo_baseline,CrMPO,2.5,0.6,120.00650364631618,0.5995586068111906,200,1,0.005,0.004996050952190166
crmpo_baseline,CrMPO,2.5,0.625,125.00962477163866,0.0,200,0,0.0,0.0
crmpo_baseline,CrMPO,2.5,0.65,130.01314400407838,0.0,200,0,0.0,0.0
crmpo_baseline,CrMPO,2.5,0.675,134.9977535060828,0.6755892892072102,200,1,0.005,0.005004448382741192
crmpo_baseline,CrMPO,2.5,0.7,140.0085840075407,0.7005641741479517,200,1,0.005,0.005003723015370402
crmpo_baseline,CrMPO,2.5,0.725,144.99935044206734,0.0,200,0,0.0,0.0
crmpo_baseline,CrMPO,2.5,0.75,150.00285301367725,0.0,200,0,0.0,0.0
crmpo_baseline,CrMPO,2.5,0.775,155.00190074107897,0.0,200,0,0.0,0.0
crmpo_baseline,CrMPO,2.5,0.8,159.99999489046215,0.0,200,0,0.0,0.0
crmpo_baseline,CrMPO,2.5,0.825,165.01275368398288,0.0,200,0,0.0,0.0
crmpo_baseline,CrMPO,2.5,0.85,170.00131419950827,0.0,200,0,0.0,0.0
crmpo_baseline,CrMPO,2.5,0.875,175.00007754549546,0.0,200,0,0.0,0.0
crmpo_baseline,CrMPO,2.5,0.9,180.0023913474589,0.0,200,0,0.0,0.0
crmpo_baseline,CrMPO,2.5,0.925,184.99566351692567,0.0,200,0,0.0,0.0
crmpo_baseline,CrMPO,2.5,0.95,189.9930718296149,0.0,200,0,0.0,0.0
crmpo_baseline,CrMPO,2.5,0.975,194.99496080417416,0.0,200,0,0.0,0.0
crmpo_baseline,CrMPO,3.0,0.025,5.126553775785154,4.303044932504397,200,168,0.84,0.8393640485796654
crmpo_baseline,CrMPO,3.0,0.05,10.069362581783587,5.483974294528253,200,109,0.545,0.5446198058702616
crmpo_baseline,CrMPO,3.0,0.075,15.035342264829888,5.631786010256762,200,75,0.375,0.3745698575436108
crmpo_baseline,CrMPO,3.0,0.1,20.03390054937,4.205776768166909,200,42,0.21,0.20993299621321954
crmpo_baseline,CrMPO,3.0,0.125,25.033559070227792,4.503025508462679,200,36,0.18,0.17987955671145822
crmpo_baseline,CrMPO,3.0,0.15,30.01854175508846,3.6018084691982977,200,24,0.12,0.11998612386252083
crmpo_baseline,CrMPO,3.0,0.175,35.012552708644726,2.9758901528090185,200,17,0.085,0.08499494959915506
crmpo_baseline,CrMPO,3.0,0.2,40.01175033713646,1.1996429835671645,200,6,0.03,0.029982267045531603
crmpo_baseline,CrMPO,3.0,0.225,45.00652457335122,0.6744934620018854,200,3,0.015,0.014986570689380873
crmpo_baseline,CrMPO,3.0,0.25,50.01913004584269,0.7503754222052932,200,3,0.015,0.015001768753626299
crmpo_baseline,CrMPO,3.0,0.275,55.01699618297141,2.20110841848086,200,8,0.04,0.04000778979573109
crmpo_baseline,CrMPO,3.0,0.3,60.022957959605286,0.3000526664560225,200,1,0.005,0.004998965006988731
crmpo_baseline,CrMPO,3.0,0.325,65.00450508259031,1.2987413878224938,200,4,0.02,0.01997925199449486
crmpo_baseline,CrMPO,3.0,0.35,70.00645988915613,0.3500472434390238,200,1,0.005,0.005000213465918243
crmpo_baseline,CrMPO,3.0,0.375,75.01302637759639,0.750493379355966,200,2,0.01,0.010004840700309495
crmpo_baseline,CrMPO,3.0,0.4,80.01267422173012,0.400900969024145,200,1,0.005,0.005010468315471787
crmpo_baseline,CrMPO,3.0,0.425,85.00913911318607,0.8510174189654643,200,2,0.01,0.01001089327386754
crmpo_baseline,CrMPO,3.0,0.45,90.0093000378136,0.0,200,0,0.0,0.0
crmpo_baseline,CrMPO,3.0,0.475,95.01862818229374,0.47542704820112164,200,1,0.005,0.005003514124504222
crmpo_baseline,CrMPO,3.0,0.5,100.00626476286882,0.9997253723758461,200,2,0.01,0.009996627458753292
crmpo_baseline,CrMPO,3.0,0.525,105.01014699825596,0.0,200,0,0.0,0.0
crmpo_baseline,CrMPO,3.0,0.55,109.99747987746603,0.0,200,0,0.0,0.0
crmpo_baseline,CrMPO,3.0,0.575,115.00285624021468,0.0,200,0,0.0,0.0
crmpo_baseline,CrMPO,3.0,0.6,119.99907713256947,0.0,200,0,0.0,0.0
crmpo_baseline,CrMPO,3.0,0.625,125.0060659110216,0.0,200,0,0.0,0.0
crmpo_baseline,CrMPO,3.0,0.65,130.0006764929461,0.0,200,0,0.0,0.0
crmpo_baseline,CrMPO,3.0,0.675,135.00444729401696,0.0,200,0,0.0,0.0
crmpo_baseline,CrMPO,3.0,0.7,140.0035028138311,0.0,200,0,0.0,0.0
crmpo_baseline,CrMPO,3.0,0.725,144.998637909348,0.0,200,0,0.0,0.0
crmpo_baseline,CrMPO,3.0,0.75,150.00536855654758,0.7499306730206111,200,1,0.005,0.004999358891198014
crmpo_baseline,CrMPO,3.0,0.775,155.00112023646506,0.0,200,0,0.0,0.0
crmpo_baseline,CrMPO,3.0,0.8,159.99744508654936,0.0,200,0,0.0,0.0
crmpo_baseline,CrMPO,3.0,0.825,165.0103768614829,0.0,200,0,0.0,0.0
crmpo_baseline,CrMPO,3.0,0.85,169.99625782129976,0.0,200,0,0.0,0.0
crmpo_baseline,CrMPO,3.0,0.875,175.0030044729032,0.0,200,0,0.0,0.0
crmpo_baseline,CrMPO,3.0,0.9,180.00596097418997,0.0,200,0,0.0,0.0
crmpo_baseline,CrMPO,3.0,0.925,185.0079567482784,0.0,200,0,0.0,0.0
crmpo_baseline,CrMPO,3.0,0.95,189.99802098378183,0.0,200,0,0.0,0.0
crmpo_baseline,CrMPO,3.0,0.975,194.99633348294967,0.0,200,0,0.0,0.0
crmpo_baseline,CrMPO,3.5,0.025,5.124474402775881,4.280934566992962,200,167,0.835,0.8353899796385008
crmpo_baseline,CrMPO,3.5,0.05,10.075352360185155,4.479110992260925,200,89,0.445,0.4445612254675143
crmpo_baseline,CrMPO,3.5,0.075,15.051404590515094,3.159688375249983,200,42,0.21,0.20992647936931522
crmpo_baseline,CrMPO,3.5,0.1,20.046714447844685,3.013336280986501,200,30,0.15,0.15031571826027973
crmpo_baseline,CrMPO,3.5,0.125,25.022651254851105,1.5013913132581989,200,12,0.06,0.06000128835137429
crmpo_baseline,CrMPO,3.5,0.15,30.028692419812756,2.2504449439954524,200,15,0.075,0.07494315478454273
crmpo_baseline,CrMPO,3.5,0.175,35.03076998229275,0.8749320170061439,200,5,0.025,0.024976100081397064
crmpo_baseline,CrMPO,3.5,0.2,40.03677878359392,1.6010963285082387,200,8,0.04,0.03999063803715219
crmpo_baseline,CrMPO,3.5,0.225,45.024463834604646,0.6758926686720941,200,3,0.015,0.015011676122451021
crmpo_baseline,CrMPO,3.5,0.25,50.00736092592127,1.7490879815683253,200,7,0.035,0.03497661042659996
crmpo_baseline,CrMPO,3.5,0.275,55.01789998073636,1.0996605056908169,200,4,0.02,0.0199873224182647
crmpo_baseline,CrMPO,3.5,0.3,60.011900875433284,1.499478995399468,200,5,0.025,0.02498636059724115
crmpo_baseline,CrMPO,3.5,0.325,65.0226227580917,0.6503206940453934,200,2,0.01,0.010001452824578113
crmpo_baseline,CrMPO,3.5,0.35,70.01954450428609,1.0505021695340941,200,3,0.015,0.015002984909017653
crmpo_baseline,CrMPO,3.5,0.375,75.01086873459089,0.3749755097401376,200,1,0.005,0.0049989490331981655
crmpo_baseline,CrMPO,3.5,0.4,80.01962019299215,0.0,200,0,0.0,0.0
crmpo_baseline,CrMPO,3.5,0.425,85.00102844070145,0.4247590326024857,200,1,0.005,0.00499710462796114
crmpo_baseline,CrMPO,3.5,0.45,90.01945575110848,0.0,200,0,0.0,0.0
crmpo_baseline,CrMPO,3.5,0.475,94.99549426052512,0.0,200,0,0.0,0.0
crmpo_baseline,CrMPO,3.5,0.5,100.01137297827644,0.4998271121498948,200,1,0.005,0.004997702733852706
crmpo_baseline,CrMPO,3.5,0.525,105.00408148415423,0.5249611702467086,200,1,0.005,0.004999435858366406
crmpo_baseline,CrMPO,3.5,0.55,110.00416822567213,0.5501193515931544,200,1,0.005,0.0050008955157462
crmpo_baseline,CrMPO,3.5,0.575,115.01208734700818,0.0,200,0,0.0,0.0
crmpo_baseline,CrMPO,3.5,0.6,120.00189427074436,0.6001544544858319,200,1,0.005,0.00500120817369585
crmpo_baseline,CrMPO,3.5,0.625,125.0009304695697,0.0,200,0,0.0,0.0
crmpo_baseline,CrMPO,3.5,0.65,130.00517924267677,0.0,200,0,0.0,0.0
crmpo_baseline,CrMPO,3.5,0.675,135.0023642112327,0.0,200,0,0.0,0.0
crmpo_baseline,CrMPO,3.5,0.7,140.0088109011809,0.0,200,0,0.0,0.0
crmpo_baseline,CrMPO,3.5,0.725,145.0023504964728,0.0,200,0,0.0,0.0
crmpo_baseline,CrMPO,3.5,0.75,150.00804894368488,0.0,200,0,0.0,0.0
crmpo_baseline,CrMPO,3.5,0.775,155.0033784669971,0.0,200,0,0.0,0.0
crmpo_baseline,CrMPO,3.5,0.8,160.00840630247492,0.0,200,0,0.0,0.0
crmpo_baseline,CrMPO,3.5,0.825,165.010690271622,0.0,200,0,0.0,0.0
crmpo_baseline,CrMPO,3.5,0.85,170.00668072466885,0.0,200,0,0.0,0.0
crmpo_baseline,CrMPO,3.5,0.875,174.99210120215812,0.0,200,0,0.0,0.0
crmpo_baseline,CrMPO,3.5,0.9,180.0054526991952,0.0,200,0,0.0,0.0
crmpo_baseline,CrMPO,3.5,0.925,185.0101386266575,0.0,200,0,0.0,0.0
crmpo_baseline,CrMPO,3.5,0.95,190.00536075974048,0.0,200,0,0.0,0.0
crmpo_baseline,CrMPO,3.5,0.975,195.00515038158056,0.0,200,0,0.0,0.0
crmpo_baseline,CrMPO,4.0,0.025,5.134452592646109,3.8951808050332355,200,152,0.76,0.7586360443978317
crmpo_baseline,CrMPO,4.0,0.05,10.057287425516948,3.670895110593694,200,73,0.365,0.36499852845808556
crmpo_baseline,CrMPO,4.0,0.075,15.058381625752313,3.378892953987111,200,45,0.225,0.22438619487559325
crmpo_baseline,CrMPO,4.0,0.1,20.031013702646447,3.1047722532451307,200,31,0.155,0.1549982591662316
crmpo_baseline,CrMPO,4.0,0.125,25.03150854858651,2.379514735124357,200,19,0.095,0.09506078031636349
crmpo_baseline,CrMPO,4.0,0.15,30.035612526129125,2.250972659693529,200,15,0.075,0.07494345779482013
crmpo_baseline,CrMPO,4.0,0.175,35.016415465709876,0.7014211476736849,200,4,0.02,0.02003120931554395
crmpo_baseline,CrMPO,4.0,0.2,40.026863233060546,1.8007917149092367,200,9,0.045,0.044989578734260065
crmpo_baseline,CrMPO,4.0,0.225,45.01326276709878,1.3499023930665022,200,6,0.03,0.029988992356563333
crmpo_baseline,CrMPO,4.0,0.25,50.012048786003525,1.252423555178522,200,5,0.025,0.02504243648440629
crmpo_baseline,CrMPO,4.0,0.275,55.009208984565205,0.0,200,0,0.0,0.0
crmpo_baseline,CrMPO,4.0,0.3,60.01246620859997,0.29942993187793165,200,1,0.005,0.00498946220335505
crmpo_baseline,CrMPO,4.0,0.325,65.00671464422862,0.3241467396824234,200,1,0.005,0.00498635781636446
crmpo_baseline,CrMPO,4.0,0.35,70.0326404833891,0.3494255614343448,200,1,0.005,0.004989467183051942
crmpo_baseline,CrMPO,4.0,0.375,75.00550312322389,0.0,200,0,0.0,0.0
crmpo_baseline,CrMPO,4.0,0.4,80.01577383118969,0.40016298575557924,200,1,0.005,0.005001051250217341
crmpo_baseline,CrMPO,4.0,0.425,85.00695184333205,0.0,200,0,0.0,0.0
crmpo_baseline,CrMPO,4.0,0.45,90.00821883745884,0.0,200,0,0.0,0.0
crmpo_baseline,CrMPO,4.0,0.475,95.00853512080742,0.0,200,0,0.0,0.0
crmpo_baseline,CrMPO,4.0,0.5,100.01679873687624,0.0,200,0,0.0,0.0
crmpo_baseline,CrMPO,4.0,0.525,105.00651451426326,0.0,200,0,0.0,0.0
crmpo_baseline,CrMPO,4.0,0.55,110.00876850113785,0.0,200,0,0.0,0.0
crmpo_baseline,CrMPO,4.0,0.575,115.0165729348894,0.5744421389316026,200,1,0.005,0.004994429274612389
crmpo_baseline,CrMPO,4.0,0.6,120.00905562133616,0.0,200,0,0.0,0.0
crmpo_baseline,CrMPO,4.0,0.625,125.01073330284729,0.0,200,0,0.0,0.0
crmpo_baseline,CrMPO,4.0,0.65,130.00467712888099,0.0,200,0,0.0,0.0
crmpo_baseline,CrMPO,4.0,0.675,135.01145824527242,0.0,200,0,0.0,0.0
crmpo_baseline,CrMPO,4.0,0.7,139.999249680852,0.0,200,0,0.0,0.0
crmpo_baseline,CrMPO,4.0,0.725,145.00051270253743,0.0,200,0,0.0,0.0
crmpo_baseline,CrMPO,4.0,0.75,149.9986545531746,0.0,200,0,0.0,0.0
crmpo_baseline,CrMPO,4.0,0.775,155.01264538842332,0.0,200,0,0.0,0.0
crmpo_baseline,CrMPO,4.0,0.8,160.00295715920288,0.0,200,0,0.0,0.0
crmpo_baseline,CrMPO,4.0,0.825,165.00545395123868,0.0,200,0,0.0,0.0
crmpo_baseline,CrMPO,4.0,0.85,170.0075455487177,0.0,200,0,0.0,0.0
crmpo_baseline,CrMPO,4.0,0.875,175.00915497057053,0.0,200,0,0.0,0.0
crmpo_baseline,CrMPO,4.0,0.9,180.004382727982,0.0,200,0,0.0,0.0
crmpo_baseline,CrMPO,4.0,0.925,185.00487003790084,0.0,200,0,0.0,0.0
crmpo_baseline,CrMPO,4.0,0.95,190.0007660120894,0.0,200,0,0.0,0.0
crmpo_baseline,CrMPO,4.0,0.975,194.991032586332,0.0,200,0,0.0,0.0
crmpo_baseline,CrMPO,4.5,0.025,5.138373648231289,3.5487944536867655,200,138,0.69,0.6906454642332828
crmpo_baseline,CrMPO,4.5,0.05,10.075334648598474,3.673682088415276,200,73,0.365,0.3646213467387212
crmpo_baseline,CrMPO,4.5,0.075,15.035916775257727,2.6357358785158014,200,35,0.175,0.1752959874620364
crmpo_baseline,CrMPO,4.5,0.1,20.037829572537902,2.307462850418351,200,23,0.115,0.11515532867795013
crmpo_baseline,CrMPO,4.5,0.125,25.039632328693976,1.3797495502334192,200,11,0.055,0.05510262819044294
crmpo_baseline,CrMPO,4.5,0.15,30.033260265541394,1.351861755571607,200,9,0.045,0.04501215464518393
crmpo_baseline,CrMPO,4.5,0.175,35.016746311651254,0.874233704125331,200,5,0.025,0.024966160372085853
crmpo_baseline,CrMPO,4.5,0.2,40.02253205137834,0.99911178916737,200,5,0.025,0.024963732626530843
crmpo_baseline,CrMPO,4.5,0.225,45.00906016193033,0.6749785832622285,200,3,0.015,0.01499650472224569
crmpo_baseline,CrMPO,4.5,0.25,50.019641059211686,0.5002377548892523,200,2,0.01,0.010000826561251938
crmpo_baseline,CrMPO,4.5,0.275,55.01708138057265,0.27559857095789314,200,1,0.005,0.0050093273587430084
crmpo_baseline,CrMPO,4.5,0.3,60.023040823659876,0.0,200,0,0.0,0.0
crmpo_baseline,CrMPO,4.5,0.325,65.01500880278859,0.0,200,0,0.0,0.0
crmpo_baseline,CrMPO,4.5,0.35,70.01551293640281,0.0,200,0,0.0,0.0
crmpo_baseline,CrMPO,4.5,0.375,75.01851704748707,0.0,200,0,0.0,0.0
crmpo_baseline,CrMPO,4.5,0.4,80.00882033477313,0.39931750042703223,200,1,0.005,0.004990918485689538
crmpo_baseline,CrMPO,4.5,0.425,85.00933691886799,0.0,200,0,0.0,0.0
crmpo_baseline,CrMPO,4.5,0.45,90.01886704088695,0.0,200,0,0.0,0.0
crmpo_baseline,CrMPO,4.5,0.475,95.00132014225218,0.47474673720784355,200,1,0.005,0.004997264632712175
crmpo_baseline,CrMPO,4.5,0.5,100.00718352558071,0.4997422330302854,200,1,0.005,0.004997063364977746
crmpo_baseline,CrMPO,4.5,0.525,105.00536339889901,0.0,200,0,0.0,0.0
crmpo_baseline,CrMPO,4.5,0.55,110.00820671740343,0.0,200,0,0.0,0.0
crmpo_baseline,CrMPO,4.5,0.575,115.00871900624622,0.5756262295233503,200,1,0.005,0.005005066002796601
crmpo_baseline,CrMPO,4.5,0.6,120.02210942566845,0.0,200,0,0.0,0.0
crmpo_baseline,CrMPO,4.5,0.625,125.01499618034613,0.0,200,0,0.0,0.0
crmpo_baseline,CrMPO,4.5,0.65,130.0128927752081,0.0,200,0,0.0,0.0
crmpo_baseline,CrMPO,4.5,0.675,135.0099351214667,0.0,200,0,0.0,0.0
crmpo_baseline,CrMPO,4.5,0.7,140.00646644264674,0.0,200,0,0.0,0.0
crmpo_baseline,CrMPO,4.5,0.725,145.00853159324353,0.0,200,0,0.0,0.0
crmpo_baseline,CrMPO,4.5,0.75,150.0068395137838,0.0,200,0,0.0,0.0
crmpo_baseline,CrMPO,4.5,0.775,155.00060462706108,0.0,200,0,0.0,0.0
crmpo_baseline,CrMPO,4.5,0.8,160.00756175183426,0.0,200,0,0.0,0.0
crmpo_baseline,CrMPO,4.5,0.825,164.9983607222085,0.0,200,0,0.0,0.0
crmpo_baseline,CrMPO,4.5,0.85,170.01241724908198,0.0,200,0,0.0,0.0
crmpo_baseline,CrMPO,4.5,0.875,175.00225113255732,0.0,200,0,0.0,0.0
crmpo_baseline,CrMPO,4.5,0.9,180.00105704030204,0.0,200,0,0.0,0.0
crmpo_baseline,CrMPO,4.5,0.925,184.99106269923914,0.0,200,0,0.0,0.0
crmpo_baseline,CrMPO,4.5,0.95,190.00567191697283,0.0,200,0,0.0,0.0
crmpo_baseline,CrMPO,4.5,0.975,195.00256202639815,0.0,200,0,0.0,0.0
crmpo_baseline,CrMPO,5.0,0.025,5.13928599962228,3.36159705845426,200,131,0.655,0.6540980709579747
crmpo_baseline,CrMPO,5.0,0.05,10.069983846104202,2.770176457131687,200,55,0.275,0.2750924429936788
crmpo_baseline,CrMPO,5.0,0.075,15.044098391390154,2.177484459362695,200,29,0.145,0.14474011022215097
crmpo_baseline,CrMPO,5.0,0.1,20.03954204735892,0.900610313122068,200,9,0.045,0.04494166139094793
crmpo_baseline,CrMPO,5.0,0.125,25.026874226062308,1.2506281504076238,200,10,0.05,0.04997140829937338
crmpo_baseline,CrMPO,5.0,0.15,30.029731091413485,0.7514388920452687,200,5,0.025,0.025023164202097384
crmpo_baseline,CrMPO,5.0,0.175,35.026906739627,0.3498554656844859,200,2,0.01,0.00998819188588765
crmpo_baseline,CrMPO,5.0,0.2,40.02155451971718,0.0,200,0,0.0,0.0
crmpo_baseline,CrMPO,5.0,0.225,45.01972009054702,0.675678814000081,200,3,0.015,0.015008507663777237
crmpo_baseline,CrMPO,5.0,0.25,50.00568378224259,0.4999149738569218,200,2,0.01,0.009997163043182813
crmpo_baseline,CrMPO,5.0,0.275,55.01696463368136,0.27522264778838484,200,1,0.005,0.005002505129479529
crmpo_baseline,CrMPO,5.0,0.3,60.016361502398375,0.8995403806932742,200,3,0.015,0.014988252506065813
crmpo_baseline,CrMPO,5.0,0.325,65.0013929991261,0.6501475560073566,200,2,0.01,0.01000205574080693
crmpo_baseline,CrMPO,5.0,0.35,70.01645307862583,0.0,200,0,0.0,0.0
crmpo_baseline,CrMPO,5.0,0.375,75.01842557551983,0.0,200,0,0.0,0.0
crmpo_baseline,CrMPO,5.0,0.4,79.99853754629332,0.0,200,0,0.0,0.0
crmpo_baseline,CrMPO,5.0,0.425,85.01478467420462,0.0,200,0,0.0,0.0
crmpo_baseline,CrMPO,5.0,0.45,90.00197485973466,0.0,200,0,0.0,0.0
crmpo_baseline,CrMPO,5.0,0.475,95.00426231755634,0.0,200,0,0.0,0.0
crmpo_baseline,CrMPO,5.0,0.5,100.01331017374903,0.0,200,0,0.0,0.0
crmpo_baseline,CrMPO,5.0,0.525,105.00472466850594,0.0,200,0,0.0,0.0
crmpo_baseline,CrMPO,5.0,0.55,110.0070064521141,0.0,200,0,0.0,0.0
crmpo_baseline,CrMPO,5.0,0.575,114.99593396972632,0.0,200,0,0.0,0.0
crmpo_baseline,CrMPO,5.0,0.6,119.99956098087642,0.0,200,0,0.0,0.0
crmpo_baseline,CrMPO,5.0,0.625,125.00488554577936,0.0,200,0,0.0,0.0
crmpo_baseline,CrMPO,5.0,0.65,129.99939239619394,0.0,200,0,0.0,0.0
crmpo_baseline,CrMPO,5.0,0.675,135.00998452721964,0.0,200,0,0.0,0.0
crmpo_baseline,CrMPO,5.0,0.7,139.99887975420077,0.0,200,0,0.0,0.0
crmpo_baseline,CrMPO,5.0,0.725,145.01298486506562,0.0,200,0,0.0,0.0
crmpo_baseline,CrMPO,5.0,0.75,149.99579265224355,0.0,200,0,0.0,0.0
crmpo_baseline,CrMPO,5.0,0.775,154.99910127693283,0.0,200,0,0.0,0.0
crmpo_baseline,CrMPO,5.0,0.8,160.0097664650848,0.0,200,0,0.0,0.0
crmpo_baseline,CrMPO,5.0,0.825,165.00155844435173,0.0,200,0,0.0,0.0
crmpo_baseline,CrMPO,5.0,0.85,170.0056007051013,0.0,200,0,0.0,0.0
crmpo_baseline,CrMPO,5.0,0.875,175.00905603113486,0.0,200,0,0.0,0.0
crmpo_baseline,CrMPO,5.0,0.9,180.00272165484137,0.0,200,0,0.0,0.0
crmpo_baseline,CrMPO,5.0,0.925,185.00539039181373,0.0,200,0,0.0,0.0
crmpo_baseline,CrMPO,5.0,0.95,190.01041283334737,0.0,200,0,0.0,0.0
crmpo_baseline,CrMPO,5.0,0.975,195.01055103857462,0.0,200,0,0.0,0.0
smc,SMC,1.0,0.025,5.150775154323688,5.150775154323688,200,200,1.0,1.0
smc,SMC,1.0,0.05,10.07356157320267,10.07356157320267,200,200,1.0,1.0
smc,SMC,1.0,0.075,15.0434043963246,15.0434043963246,200,200,1.0,1.0
smc,SMC,1.0,0.1,20.033434849724042,20.033434849724042,200,200,1.0,1.0
smc,SMC,1.0,0.125,25.028879158423397,25.028879158423397,200,200,1.0,1.0
smc,SMC,1.0,0.15,30.03550192819835,30.03550192819835,200,200,1.0,1.0
smc,SMC,1.0,0.175,35.0207482666908,35.0207482666908,200,200,1.0,1.0
smc,SMC,1.0,0.2,40.01291481185509,40.01291481185509,200,200,1.0,1.0
smc,SMC,1.0,0.225,45.01771047158208,45.01771047158208,200,200,1.0,1.0
smc,SMC,1.0,0.25,50.01110616187902,50.01110616187902,200,200,1.0,1.0
smc,SMC,1.0,0.275,55.01374912511959,55.01374912511959,200,200,1.0,1.0
smc,SMC,1.0,0.3,60.01498862925155,60.01498862925155,200,200,1.0,1.0
smc,SMC,1.0,0.325,65.0155689397196,65.0155689397196,200,200,1.0,1.0
smc,SMC,1.0,0.35,70.01916245631176,70.01916245631176,200,200,1.0,1.0
smc,SMC,1.0,0.375,75.01429470481146,75.01429470481146,200,200,1.0,1.0
smc,SMC,1.0,0.4,80.01035417787244,80.01035417787244,200,200,1.0,1.0
smc,SMC,1.0,0.425,85.00718233545614,85.00718233545614,200,200,1.0,1.0
smc,SMC,1.0,0.45,90.01395769955089,90.01395769955089,200,200,1.0,1.0
smc,SMC,1.0,0.475,95.00575932667381,95.00575932667381,200,200,1.0,1.0
smc,SMC,1.0,0.5,100.01498087861673,100.01498087861673,200,200,1.0,1.0
smc,SMC,1.0,0.525,105.01841577701121,105.01841577701121,200,200,1.0,1.0
smc,SMC,1.0,0.55,110.00496092811977,110.00496092811977,200,200,1.0,1.0
smc,SMC,1.0,0.575,115.00983799283794,115.00983799283794,200,200,1.0,1.0
smc,SMC,1.0,0.6,120.01179642897297,120.01179642897297,200,200,1.0,1.0
smc,SMC,1.0,0.625,125.01201884481794,125.01201884481794,200,200,1.0,1.0
smc,SMC,1.0,0.65,129.99880651097772,129.99880651097772,200,200,1.0,1.0
smc,SMC,1.0,0.675,135.00566887028583,135.00566887028583,200,200,1.0,1.0
smc,SMC,1.0,0.7,140.01085780267155,140.01085780267155,200,200,1.0,1.0
smc,SMC,1.0,0.725,145.00330748260743,145.00330748260743,200,200,1.0,1.0
smc,SMC,1.0,0.75,149.99880840634685,149.99880840634685,200,200,1.0,1.0
smc,SMC,1.0,0.775,155.00410862662332,155.00410862662332,200,200,1.0,1.0
smc,SMC,1.0,0.8,159.9963870813707,159.9963870813707,200,200,1.0,1.0
smc,SMC,1.0,0.825,165.0089074783576,165.0089074783576,200,200,1.0,1.0
smc,SMC,1.0,0.85,170.00517541628386,170.00517541628386,200,200,1.0,1.0
smc,SMC,1.0,0.875,175.01398167579455,168.0138438154824,200,192,0.96,0.9600024078460223
smc,SMC,1.0,0.9,180.0008036048297,161.10157179233377,200,179,0.895,0.8950047364566941
smc,SMC,1.0,0.925,185.0008705874767,106.373179883997,200,115,0.575,0.5749874557141557
smc,SMC,1.0,0.95,189.99766182501563,40.84304286672657,200,43,0.215,0.21496602892062044
smc,SMC,1.0,0.975,194.99701792278387,3.9010083097132116,200,4,0.02,0.02000547675686998
smc,SMC,1.5,0.025,5.133075019022422,5.133075019022422,200,200,1.0,1.0
smc,SMC,1.5,0.05,10.064032423590758,10.064032423590758,200,200,1.0,1.0
smc,SMC,1.5,0.075,15.043832593327416,15.043832593327416,200,200,1.0,1.0
smc,SMC,1.5,0.1,20.04896671567419,20.04896671567419,200,200,1.0,1.0
smc,SMC,1.5,0.125,25.034283799570023,25.034283799570023,200,200,1.0,1.0
smc,SMC,1.5,0.15,30.026106068640118,30.026106068640118,200,200,1.0,1.0
smc,SMC,1.5,0.175,35.01678966234951,35.01678966234951,200,200,1.0,1.0
smc,SMC,1.5,0.2,40.01427295929859,40.01427295929859,200,200,1.0,1.0
smc,SMC,1.5,0.225,45.008695167739,45.008695167739,200,200,1.0,1.0
smc,SMC,1.5,0.25,50.02157952417979,50.02157952417979,200,200,1.0,1.0
smc,SMC,1.5,0.275,55.001586640933056,55.001586640933056,200,200,1.0,1.0
smc,SMC,1.5,0.3,60.0105721754941,60.0105721754941,200,200,1.0,1.0
smc,SMC,1.5,0.325,65.00865875556394,65.00865875556394,200,200,1.0,1.0
smc,SMC,1.5,0.35,70.02134275002804,70.02134275002804,200,200,1.0,1.0
smc,SMC,1.5,0.375,75.0068434500792,75.0068434500792,200,200,1.0,1.0
smc,SMC,1.5,0.4,79.99985223088021,79.99985223088021,200,200,1.0,1.0
smc,SMC,1.5,0.425,85.01396523835977,85.01396523835977,200,200,1.0,1.0
smc,SMC,1.5,0.45,90.00369872569703,90.00369872569703,200,200,1.0,1.0
smc,SMC,1.5,0.475,95.01131444738856,95.01131444738856,200,200,1.0,1.0
smc,SMC,1.5,0.5,99.99539908242073,99.99539908242073,200,200,1.0,1.0
smc,SMC,1.5,0.525,105.01238711880423,105.01238711880423,200,200,1.0,1.0
smc,SMC,1.5,0.55,110.00778426632338,110.00778426632338,200,200,1.0,1.0
smc,SMC,1.5,0.575,115.00905854506904,115.00905854506904,200,200,1.0,1.0
smc,SMC,1.5,0.6,119.99622963446068,119.99622963446068,200,200,1.0,1.0
smc,SMC,1.5,0.625,125.00826252404102,125.00826252404102,200,200,1.0,1.0
smc,SMC,1.5,0.65,130.00988743741223,130.00988743741223,200,200,1.0,1.0
smc,SMC,1.5,0.675,135.00577853861085,132.30585267398706,200,196,0.98,0.9800014051705822
smc,SMC,1.5,0.7,140.00391398281565,134.40562948252403,200,192,0.96,0.9600133714763235
smc,SMC,1.5,0.725,145.00152034732412,134.12800699598816,200,185,0.925,0.9250110390202083
smc,SMC,1.5,0.75,150.01220687200035,122.26336525650169,200,163,0.815,0.8150227758519966
smc,SMC,1.5,0.775,155.0019814655053,133.3007722026108,200,172,0.86,0.8599939880915395
smc,SMC,1.5,0.8,160.01021129713106,96.00688293373737,200,120,0.6,0.6000047256700219
smc,SMC,1.5,0.825,165.00429107495765,98.18111539062194,200,119,0.595,0.5950215885356613
smc,SMC,1.5,0.85,170.0092104679443,92.65590238364605,200,109,0.545,0.5450051919458597
smc,SMC,1.5,0.875,175.00963666037407,67.37609580837297,200,77,0.385,0.38498506193189735
smc,SMC,1.5,0.9,180.01119035103036,57.60258563853418,200,64,0.32,0.3199944710448634
smc,SMC,1.5,0.925,185.001385115156,23.124911364271114,200,25,0.125,0.12499858500992722
smc,SMC,1.5,0.95,189.99050705014633,5.700433632317306,200,6,0.03,0.03000378135110049
smc,SMC,1.5,0.975,195.00609973849208,0.0,200,0,0.0,0.0
smc,SMC,2.0,0.025,5.1322712080672455,5.1322712080672455,200,200,1.0,1.0
smc,SMC,2.0,0.05,10.071514649778374,10.071514649778374,200,200,1.0,1.0
smc,SMC,2.0,0.075,15.045002782388526,15.045002782388526,200,200,1.0,1.0
smc,SMC,2.0,0.1,20.022201245791617,20.022201245791617,200,200,1.0,1.0
smc,SMC,2.0,0.125,25.03017249781412,25.03017249781412,200,200,1.0,1.0
smc,SMC,2.0,0.15,30.021263333263633,30.021263333263633,200,200,1.0,1.0
smc,SMC,2.0,0.175,35.01151134600201,35.01151134600201,200,200,1.0,1.0
smc,SMC,2.0,0.2,40.02693585497304,40.02693585497304,200,200,1.0,1.0
smc,SMC,2.0,0.225,45.01656476839699,45.01656476839699,200,200,1.0,1.0
smc,SMC,2.0,0.25,50.01928028438367,50.01928028438367,200,200,1.0,1.0
smc,SMC,2.0,0.275,55.00885528028769,55.00885528028769,200,200,1.0,1.0
smc,SMC,2.0,0.3,60.0158736473339,60.0158736473339,200,200,1.0,1.0
smc,SMC,2.0,0.325,65.01640693405453,65.01640693405453,200,200,1.0,1.0
smc,SMC,2.0,0.35,70.00620176135585,70.00620176135585,200,200,1.0,1.0
smc,SMC,2.0,0.375,75.02164626155816,75.02164626155816,200,200,1.0,1.0
smc,SMC,2.0,0.4,80.01148416633471,80.01148416633471,200,200,1.0,1.0
smc,SMC,2.0,0.425,85.00793804439452,85.00793804439452,200,200,1.0,1.0
smc,SMC,2.0,0.45,90.01854956692674,90.01854956692674,200,200,1.0,1.0
smc,SMC,2.0,0.475,95.0066191984433,95.0066191984433,200,200,1.0,1.0
smc,SMC,2.0,0.5,100.00816184135975,100.00816184135975,200,200,1.0,1.0
smc,SMC,2.0,0.525,105.00111211090709,102.90225113424609,200,196,0.98,0.9800110595548351
smc,SMC,2.0,0.55,110.00336420461748,107.2524905059111,200,195,0.975,0.9749928220959726
smc,SMC,2.0,0.575,115.00689301199115,106.95609125640574,200,186,0.93,0.929997224125114
smc,SMC,2.0,0.6,120.01025171539915,101.40566787347652,200,169,0.845,0.844975045248277
smc,SMC,2.0,0.625,125.00035860001758,101.87598264835306,200,163,0.815,0.8150055230988652
smc,SMC,2.0,0.65,130.00776760397898,95.55918092026086,200,147,0.735,0.7350267040300767
smc,SMC,2.0,0.675,135.00960278567936,95.18012972672113,200,141,0.705,0.7049878509591246
smc,SMC,2.0,0.7,140.00309804117296,86.10126829454651,200,123,0.615,0.6149954500951496
smc,SMC,2.0,0.725,145.00529227886912,67.42406582721217,200,93,0.465,0.46497658649275064
smc,SMC,2.0,0.75,150.00466425500338,69.00372017936702,200,92,0.46,0.4600104971540271
smc,SMC,2.0,0.775,155.00909580401375,64.32664370544279,200,83,0.415,0.4149862520762936
smc,SMC,2.0,0.8,160.01232576670694,63.2088182950551,200,79,0.395,0.3950246832060402
smc,SMC,2.0,0.825,165.00066882247498,44.551970709578406,200,54,0.27,0.27001084921366036
smc,SMC,2.0,0.85,169.99530903468138,41.64875872954771,200,49,0.245,0.24499945890301472
smc,SMC,2.0,0.875,174.99284691511403,40.24864071834832,200,46,0.23,0.23000163394034176
smc,SMC,2.0,0.9,179.9981223988979,22.5009633144964,200,25,0.125,0.12500665570628292
smc,SMC,2.0,0.925,185.002013321288,12.949597187514382,200,14,0.07,0.06999706086995479
smc,SMC,2.0,0.95,190.0220848347882,2.850425840864941,200,3,0.015,0.015000497670274487
smc,SMC,2.0,0.975,195.01091945254603,0.974788093415791,200,1,0.005,0.004998633390131756
smc,SMC,2.5,0.025,5.1338077926639,5.1338077926639,200,200,1.0,1.0
smc,SMC,2.5,0.05,10.073996898137175,10.073996898137175,200,200,1.0,1.0
smc,SMC,2.5,0.075,15.04803964022425,15.04803964022425,200,200,1.0,1.0
smc,SMC,2.5,0.1,20.051669754515828,20.051669754515828,200,200,1.0,1.0
smc,SMC,2.5,0.125,25.022964409667374,25.022964409667374,200,200,1.0,1.0
smc,SMC,2.5,0.15,30.03361905068292,30.03361905068292,200,200,1.0,1.0
smc,SMC,2.5,0.175,35.02166270972706,35.02166270972706,200,200,1.0,1.0
smc,SMC,2.5,0.2,40.03079116364508,40.03079116364508,200,200,1.0,1.0
smc,SMC,2.5,0.225,45.01430797406431,45.01430797406431,200,200,1.0,1.0
smc,SMC,2.5,0.25,50.01834550149353,50.01834550149353,200,200,1.0,1.0
smc,SMC,2.5,0.275,55.013989240599976,55.013989240599976,200,200,1.0,1.0
smc,SMC,2.5,0.3,60.016379429851696,60.016379429851696,200,200,1.0,1.0
smc,SMC,2.5,0.325,65.00530574168677,65.00530574168677,200,200,1.0,1.0
smc,SMC,2.5,0.35,70.01075008388545,70.01075008388545,200,200,1.0,1.0
smc,SMC,2.5,0.375,75.02295907306234,75.02295907306234,200,200,1.0,1.0
smc,SMC,2.5,0.4,80.00435515003136,80.00435515003136,200,200,1.0,1.0
smc,SMC,2.5,0.425,85.01019220914327,83.31051176836976,200,196,0.98,0.9800061569488994
smc,SMC,2.5,0.45,90.00828740211077,86.85736462116562,200,193,0.965,0.9649929704042868
smc,SMC,2.5,0.475,95.00070784166263,86.92351875358565,200,183,0.915,0.9149775904665973
smc,SMC,2.5,0.5,100.00983934614776,87.00592096524852,200,174,0.87,0.8699736099376093
smc,SMC,2.5,0.525,105.00276639868564,87.6798110647615,200,167,0.835,0.8350238195806146
smc,SMC,2.5,0.55,110.00586062634527,84.15103045010905,200,153,0.765,0.7649686114082884
smc,SMC,2.5,0.575,115.01585594718905,75.3358476012722,200,131,0.655,0.6550040164537279
smc,SMC,2.5,0.6,120.00650364631618,73.20668304488284,200,122,0.61,0.6100226306120706
smc,SMC,2.5,0.625,125.00962477163866,73.12675706189977,200,117,0.585,0.5849690149497215
smc,SMC,2.5,0.65,130.01314400407838,52.652306632531904,200,81,0.405,0.4049767970450761
smc,SMC,2.5,0.675,134.9977535060828,54.67529471606556,200,81,0.405,0.40500892271219885
smc,SMC,2.5,0.7,140.0085840075407,51.805260748625386,200,74,0.37,0.370014889557309
smc,SMC,2.5,0.725,144.99935044206734,43.50136197153612,200,60,0.3,0.30001073686820784
smc,SMC,2.5,0.75,150.00285301367725,39.00198881514641,200,52,0.26,0.26000831338581415
smc,SMC,2.5,0.775,155.00190074107897,27.903144866236254,200,36,0.18,0.18001808192563212
smc,SMC,2.5,0.8,159.99999489046215,24.803156052404862,200,31,0.155,0.15501973027802526
smc,SMC,2.5,0.825,165.01275368398288,20.628305210723752,200,25,0.125,0.12501036889687428
smc,SMC,2.5,0.85,170.00131419950827,20.3997210719767,200,24,0.12,0.11999743159653589
smc,SMC,2.5,0.875,175.00007754549546,17.49681446731576,200,20,0.1,0.09998175265246409
smc,SMC,2.5,0.9,180.0023913474589,9.000403019639874,200,10,0.05,0.05000157471389578
smc,SMC,2.5,0.925,184.99566351692567,3.6992644173504736,200,4,0.02,0.019996492604336207
smc,SMC,2.5,0.95,189.9930718296149,0.0,200,0,0.0,0.0
smc,SMC,2.5,0.975,194.99496080417416,0.0,200,0,0.0,0.0
smc,SMC,3.0,0.025,5.126553775785154,5.126553775785154,200,200,1.0,1.0
smc,SMC,3.0,0.05,10.069362581783587,10.069362581783587,200,200,1.0,1.0
smc,SMC,3.0,0.075,15.035342264829888,15.035342264829888,200,200,1.0,1.0
smc,SMC,3.0,0.1,20.03390054937,20.03390054937,200,200,1.0,1.0
smc,SMC,3.0,0.125,25.033559070227792,25.033559070227792,200,200,1.0,1.0
smc,SMC,3.0,0.15,30.01854175508846,30.01854175508846,200,200,1.0,1.0
smc,SMC,3.0,0.175,35.012552708644726,35.012552708644726,200,200,1.0,1.0
smc,SMC,3.0,0.2,40.01175033713646,40.01175033713646,200,200,1.0,1.0
smc,SMC,3.0,0.225,45.00652457335122,45.00652457335122,200,200,1.0,1.0
smc,SMC,3.0,0.25,50.01913004584269,50.01913004584269,200,200,1.0,1.0
smc,SMC,3.0,0.275,55.01699618297141,55.01699618297141,200,200,1.0,1.0
smc,SMC,3.0,0.3,60.022957959605286,60.022957959605286,200,200,1.0,1.0
smc,SMC,3.0,0.325,65.00450508259031,65.00450508259031,200,200,1.0,1.0
smc,SMC,3.0,0.35,70.00645988915613,70.00645988915613,200,200,1.0,1.0
smc,SMC,3.0,0.375,75.01302637759639,73.13763516971153,200,195,0.975,0.9749991261725047
smc,SMC,3.0,0.4,80.01267422173012,75.21408215196651,200,188,0.94,0.9400271005007804
smc,SMC,3.0,0.425,85.00913911318607,78.20792130477213,200,184,0.92,0.9199942749760305
smc,SMC,3.0,0.45,90.0093000378136,71.55481904255747,200,159,0.795,0.7949713975388847
smc,SMC,3.0,0.475,95.01862818229374,67.9413801543592,200,143,0.715,0.7150322147780676
smc,SMC,3.0,0.5,100.00626476286882,65.00534105179332,200,130,0.65,0.6500126887643649
smc,SMC,3.0,0.525,105.01014699825596,64.05451436994414,200,122,0.61,0.6099840463132384
smc,SMC,3.0,0.55,109.99747987746603,55.54667516526494,200,101,0.505,0.5049813434557074
smc,SMC,3.0,0.575,115.00285624021468,50.02470217221547,200,87,0.435,0.434986606486758
smc,SMC,3.0,0.6,119.99907713256947,43.80296627901414,200,73,0.365,0.3650275262585781
smc,SMC,3.0,0.625,125.0060659110216,40.00374561768319,200,64,0.32,0.3200144355087341
smc,SMC,3.0,0.65,130.0006764929461,34.45229874187468,200,53,0.265,0.2650163035401133
smc,SMC,3.0,0.675,135.00444729401696,37.80631401966118,200,56,0.28,0.28003754526193786
smc,SMC,3.0,0.7,140.0035028138311,28.004129556585664,200,40,0.2,0.20002449220019877
smc,SMC,3.0,0.725,144.998637909348,21.021696253866907,200,29,0.145,0.14497857743332393
smc,SMC,3.0,0.75,150.00536855654758,22.498014762175075,200,30,0.15,0.14998139719042114
smc,SMC,3.0,0.775,155.00112023646506,15.500295893768618,200,20,0.1,0.10000118625027891
smc,SMC,3.0,0.8,159.99744508654936,13.602588955260389,200,17,0.085,0.08501753854820729
smc,SMC,3.0,0.825,165.0103768614829,17.327108701450143,200,21,0.105,0.10500617616306211
smc,SMC,3.0,0.85,169.99625782129976,16.150941110527686,200,19,0.095,0.09500762732968847
smc,SMC,3.0,0.875,175.0030044729032,11.37423508560886,200,13,0.065,0.06499451320774326
smc,SMC,3.0,0.9,180.00596097418997,6.298502427776517,200,7,0.035,0.03499052138989788
smc,SMC,3.0,0.925,185.0079567482784,3.7014510813433246,200,4,0.02,0.020006983193590504
smc,SMC,3.0,0.95,189.99802098378183,0.9504612567574332,200,1,0.005,0.005002479772347546
smc,SMC,3.0,0.975,194.99633348294967,0.0,200,0,0.0,0.0
smc,SMC,3.5,0.025,5.124474402775881,5.124474402775881,200,200,1.0,1.0
smc,SMC,3.5,0.05,10.075352360185155,10.075352360185155,200,200,1.0,1.0
smc,SMC,3.5,0.075,15.051404590515094,15.051404590515094,200,200,1.0,1.0
smc,SMC,3.5,0.1,20.046714447844685,20.046714447844685,200,200,1.0,1.0
smc,SMC,3.5,0.125,25.022651254851105,25.022651254851105,200,200,1.0,1.0
smc,SMC,3.5,0.15,30.028692419812756,30.028692419812756,200,200,1.0,1.0
smc,SMC,3.5,0.175,35.03076998229275,35.03076998229275,200,200,1.0,1.0
smc,SMC,3.5,0.2,40.03677878359392,40.03677878359392,200,200,1.0,1.0
smc,SMC,3.5,0.225,45.024463834604646,45.024463834604646,200,200,1.0,1.0
smc,SMC,3.5,0.25,50.00736092592127,50.00736092592127,200,200,1.0,1.0
smc,SMC,3.5,0.275,55.01789998073636,55.01789998073636,200,200,1.0,1.0
smc,SMC,3.5,0.3,60.011900875433284,60.011900875433284,200,200,1.0,1.0
smc,SMC,3.5,0.325,65.0226227580917,64.04629129817546,200,197,0.985,0.9849847419482208
smc,SMC,3.5,0.35,70.01954450428609,63.3699545695405,200,181,0.905,0.9050323737204754
smc,SMC,3.5,0.375,75.01086873459089,66.010898851162,200,176,0.88,0.880017788951715
smc,SMC,3.5,0.4,80.01962019299215,61.613904487170544,200,154,0.77,0.7699849654193496
smc,SMC,3.5,0.425,85.00102844070145,60.35125226220159,200,142,0.71,0.7100061419174937
smc,SMC,3.5,0.45,90.01945575110848,58.96089080003881,200,131,0.655,0.6549794187054144
smc,SMC,3.5,0.475,94.99549426052512,50.344644921097654,200,106,0.53,0.5299687665504164
smc,SMC,3.5,0.5,100.01137297827644,46.00744041756425,200,92,0.46,0.460022085963739
smc,SMC,3.5,0.525,105.00408148415423,40.427463278638534,200,77,0.385,0.38500849402448506
smc,SMC,3.5,0.55,110.00416822567213,35.20366338287614,200,64,0.32,0.3200211769308257
smc,SMC,3.5,0.575,115.01208734700818,31.62548679070451,200,55,0.275,0.27497533103008404
smc,SMC,3.5,0.6,120.00189427074436,28.203502613612955,200,47,0.235,0.23502547843104152
smc,SMC,3.5,0.625,125.0009304695697,33.12583231613169,200,53,0.265,0.2650046858986851
smc,SMC,3.5,0.65,130.00517924267677,21.447710004135814,200,33,0.165,0.16497581195669148
smc,SMC,3.5,0.675,135.0023642112327,18.900141159311257,200,28,0.14,0.13999859387454117
smc,SMC,3.5,0.7,140.0088109011809,20.303896042739506,200,29,0.145,0.14501870212346937
smc,SMC,3.5,0.725,145.0023504964728,13.053636906350974,200,18,0.09,0.09002362280098698
smc,SMC,3.5,0.75,150.00804894368488,12.748682779095022,200,17,0.085,0.08498665817512936
smc,SMC,3.5,0.775,155.0033784669971,8.525453200877962,200,11,0.055,0.05500172502816239
smc,SMC,3.5,0.8,160.00840630247492,7.2040951047722075,200,9,0.045,0.04502322891182236
smc,SMC,3.5,0.825,165.010690271622,12.374167182688467,200,15,0.075,0.07499009404978252
smc,SMC,3.5,0.85,170.00668072466885,8.501646141502095,200,10,0.05,0.05000771796298274
smc,SMC,3.5,0.875,174.99210120215812,9.62563445752655,200,11,0.055,0.05500610822660286
smc,SMC,3.5,0.9,180.0054526991952,3.601209455196055,200,4,0.02,0.02000611315488309
smc,SMC,3.5,0.925,185.0101386266575,0.9238254099528734,200,1,0.005,0.004993377210624729
smc,SMC,3.5,0.95,190.00536075974048,0.0,200,0,0.0,0.0
smc,SMC,3.5,0.975,195.00515038158056,0.0,200,0,0.0,0.0
smc,SMC,4.0,0.025,5.134452592646109,5.134452592646109,200,200,1.0,1.0
smc,SMC,4.0,0.05,10.057287425516948,10.057287425516948,200,200,1.0,1.0
smc,SMC,4.0,0.075,15.058381625752313,15.058381625752313,200,200,1.0,1.0
smc,SMC,4.0,0.1,20.031013702646447,20.031013702646447,200,200,1.0,1.0
smc,SMC,4.0,0.125,25.03150854858651,25.03150854858651,200,200,1.0,1.0
smc,SMC,4.0,0.15,30.035612526129125,30.035612526129125,200,200,1.0,1.0
smc,SMC,4.0,0.175,35.016415465709876,35.016415465709876,200,200,1.0,1.0
smc,SMC,4.0,0.2,40.026863233060546,40.026863233060546,200,200,1.0,1.0
smc,SMC,4.0,0.225,45.01326276709878,45.01326276709878,200,200,1.0,1.0
smc,SMC,4.0,0.25,50.012048786003525,50.012048786003525,200,200,1.0,1.0
smc,SMC,4.0,0.275,55.009208984565205,54.458131817739115,200,198,0.99,0.9899820925078069
smc,SMC,4.0,0.3,60.01246620859997,58.21236328142967,200,194,0.97,0.9700045167130236
smc,SMC,4.0,0.325,65.00671464422862,59.482254570356716,200,183,0.915,0.9150170854794555
smc,SMC,4.0,0.35,70.0326404833891,55.674743490989904,200,159,0.795,0.7949827838377062
smc,SMC,4.0,0.375,75.00550312322389,55.13201305353226,200,147,0.735,0.7350395738691043
smc,SMC,4.0,0.4,80.01577383118969,49.20667227955601,200,123,0.615,0.6149621496302462
smc,SMC,4.0,0.425,85.00695184333205,46.326141138732126,200,109,0.545,0.544968854125146
smc,SMC,4.0,0.45,90.00821883745884,46.81085262522524,200,104,0.52,0.5200730914335558
smc,SMC,4.0,0.475,95.00853512080742,35.15281631725148,200,74,0.37,0.369996403718394
smc,SMC,4.0,0.5,100.01679873687624,37.002589643461896,200,74,0.37,0.36996374719818964
smc,SMC,4.0,0.525,105.00651451426326,28.349583601679928,200,54,0.27,0.26997928397889204
smc,SMC,4.0,0.55,110.00876850113785,21.449075170752867,200,39,0.195,0.19497605020940684
smc,SMC,4.0,0.575,115.0165729348894,21.851362072828586,200,38,0.19,0.18998446497965635
smc,SMC,4.0,0.6,120.00905562133616,24.6017633410997,200,41,0.205,0.2049992245478999
smc,SMC,4.0,0.625,125.01073330284729,18.129721155682592,200,29,0.145,0.1450253164403257
smc,SMC,4.0,0.65,130.00467712888099,11.05146878409486,200,17,0.085,0.08500823992000622
smc,SMC,4.0,0.675,135.01145824527242,11.475476123351637,200,17,0.085,0.0849963127018774
smc,SMC,4.0,0.7,139.999249680852,8.402689786233823,200,12,0.06,0.06001953442885543
smc,SMC,4.0,0.725,145.00051270253743,9.425853888442115,200,13,0.065,0.06500565903362607
smc,SMC,4.0,0.75,149.9986545531746,8.251205015904597,200,11,0.055,0.05500852684634942
smc,SMC,4.0,0.775,155.01264538842332,3.8746685973334647,200,5,0.025,0.024995822680301365
smc,SMC,4.0,0.8,160.00295715920288,3.999002920546102,200,5,0.025,0.024993306321001902
smc,SMC,4.0,0.825,165.00545395123868,7.424726697750017,200,9,0.045,0.04499685628539359
smc,SMC,4.0,0.85,170.0075455487177,5.952348588146961,200,7,0.035,0.03501226118484985
smc,SMC,4.0,0.875,175.00915497057053,7.0003803793207044,200,8,0.04,0.04000008102717761
smc,SMC,4.0,0.9,180.004382727982,1.7995608414162894,200,2,0.01,0.009997316810534215
smc,SMC,4.0,0.925,185.00487003790084,3.7008896908312225,200,4,0.02,0.020004282536308603
smc,SMC,4.0,0.95,190.0007660120894,0.0,200,0,0.0,0.0
smc,SMC,4.0,0.975,194.991032586332,0.0,200,0,0.0,0.0
smc,SMC,4.5,0.025,5.138373648231289,5.138373648231289,200,200,1.0,1.0
smc,SMC,4.5,0.05,10.075334648598474,10.075334648598474,200,200,1.0,1.0
smc,SMC,4.5,0.075,15.035916775257727,15.035916775257727,200,200,1.0,1.0
smc,SMC,4.5,0.1,20.037829572537902,20.037829572537902,200,200,1.0,1.0
smc,SMC,4.5,0.125,25.039632328693976,25.039632328693976,200,200,1.0,1.0
smc,SMC,4.5,0.15,30.033260265541394,30.033260265541394,200,200,1.0,1.0
smc,SMC,4.5,0.175,35.016746311651254,35.016746311651254,200,200,1.0,1.0
smc,SMC,4.5,0.2,40.02253205137834,40.02253205137834,200,200,1.0,1.0
smc,SMC,4.5,0.225,45.00906016193033,45.00906016193033,200,200,1.0,1.0
smc,SMC,4.5,0.25,50.019641059211686,48.51898095796736,200,194,0.97,0.9699985831672023
smc,SMC,4.5,0.275,55.01708138057265,51.71511767737293,200,188,0.94,0.9399829358384378
smc,SMC,4.5,0.3,60.023040823659876,52.22232660542564,200,174,0.87,0.8700380035534729
smc,SMC,4.5,0.325,65.01500880278859,48.7656440960024,200,150,0.75,0.7500674843238777
smc,SMC,4.5,0.35,70.01551293640281,44.1094198320935,200,126,0.63,0.6299949537206049
smc,SMC,4.5,0.375,75.01851704748707,45.38812740142473,200,121,0.605,0.6050256548352434
smc,SMC,4.5,0.4,80.00882033477313,39.20520521183265,200,98,0.49,0.4900110393802848
smc,SMC,4.5,0.425,85.00933691886799,31.024813266438613,200,73,0.365,0.36495771395144944
smc,SMC,4.5,0.45,90.01886704088695,29.706910344712423,200,66,0.33,0.33000760086459896
smc,SMC,4.5,0.475,95.00132014225218,27.070603216741645,200,57,0.285,0.28494975834237796
smc,SMC,4.5,0.5,100.00718352558071,24.499968708509048,200,49,0.245,0.2449820887340781
smc,SMC,4.5,0.525,105.00536339889901,24.675660940194685,200,47,0.235,0.2349942911625923
smc,SMC,4.5,0.55,110.00820671740343,19.251175960587926,200,35,0.175,0.174997634585951
smc,SMC,4.5,0.575,115.00871900624622,17.249817413470982,200,30,0.15,0.14998704065675342
smc,SMC,4.5,0.6,120.02210942566845,14.400555134358033,200,24,0.12,0.1199825199146039
smc,SMC,4.5,0.625,125.01499618034613,13.12375642210988,200,21,0.105,0.10497745728982466
smc,SMC,4.5,0.65,130.0128927752081,11.697889101262634,200,18,0.09,0.08997483904529568
smc,SMC,4.5,0.675,135.0099351214667,8.100011827427027,200,12,0.06,0.05999567231951893
smc,SMC,4.5,0.7,140.00646644264674,5.600350310578325,200,8,0.04,0.040000654633137914
smc,SMC,4.5,0.725,145.00853159324353,10.15357358683139,200,14,0.07,0.07002052551854461
smc,SMC,4.5,0.75,150.0068395137838,6.750104852135926,200,9,0.045,0.04499864722178667
smc,SMC,4.5,0.775,155.00060462706108,6.19629589293057,200,8,0.04,0.03997594659607397
smc,SMC,4.5,0.8,160.00756175183426,5.60143410325813,200,7,0.035,0.03500730866673504
smc,SMC,4.5,0.825,164.9983607222085,4.126940736727452,200,5,0.025,0.02501201053552026
smc,SMC,4.5,0.85,170.01241724908198,5.950164486603218,200,7,0.035,0.03499841119184691
smc,SMC,4.5,0.875,175.00225113255732,2.6264003189002656,200,3,0.015,0.015007808767619056
smc,SMC,4.5,0.9,180.00105704030204,0.9002615193258033,200,1,0.005,0.005001423514553227
smc,SMC,4.5,0.925,184.99106269923914,0.924765047395698,200,1,0.005,0.0049989714849046135
smc,SMC,4.5,0.95,190.00567191697283,0.0,200,0,0.0,0.0
smc,SMC,4.5,0.975,195.00256202639815,0.0,200,0,0.0,0.0
smc,SMC,5.0,0.025,5.13928599962228,5.13928599962228,200,200,1.0,1.0
smc,SMC,5.0,0.05,10.069983846104202,10.069983846104202,200,200,1.0,1.0
smc,SMC,5.0,0.075,15.044098391390154,15.044098391390154,200,200,1.0,1.0
smc,SMC,5.0,0.1,20.03954204735892,20.03954204735892,200,200,1.0,1.0
smc,SMC,5.0,0.125,25.026874226062308,25.026874226062308,200,200,1.0,1.0
smc,SMC,5.0,0.15,30.029731091413485,30.029731091413485,200,200,1.0,1.0
smc,SMC,5.0,0.175,35.026906739627,35.026906739627,200,200,1.0,1.0
smc,SMC,5.0,0.2,40.02155451971718,40.02155451971718,200,200,1.0,1.0
smc,SMC,5.0,0.225,45.01972009054702,44.3453237596768,200,197,0.985,0.9850199794775751
smc,SMC,5.0,0.25,50.00568378224259,47.5067635241712,200,190,0.95,0.9500272755202523
smc,SMC,5.0,0.275,55.01696463368136,45.66212327343626,200,166,0.83,0.8299644223825814
smc,SMC,5.0,0.3,60.016361502398375,44.41073066521921,200,148,0.74,0.7399770588132782
smc,SMC,5.0,0.325,65.0013929991261,42.25027069731534,200,130,0.65,0.6499902347920969
smc,SMC,5.0,0.35,70.01645307862583,31.15732015993209,200,89,0.445,0.4449999791469528
smc,SMC,5.0,0.375,75.01842557551983,36.76628605626605,200,98,0.49,0.49009674322282365
smc,SMC,5.0,0.4,79.99853754629332,30.397693292448885,200,76,0.38,0.379978112410598
smc,SMC,5.0,0.425,85.01478467420462,22.954273171411845,200,54,0.27,0.27000330894652824
smc,SMC,5.0,0.45,90.00197485973466,21.601875568118707,200,48,0.24,0.24001557301142085
smc,SMC,5.0,0.475,95.00426231755634,17.576166210416453,200,37,0.185,0.18500397541814775
smc,SMC,5.0,0.5,100.01331017374903,15.501450476422347,200,31,0.155,0.15499387481018587
smc,SMC,5.0,0.525,105.00472466850594,15.749925819591567,200,30,0.15,0.14999254432896428
smc,SMC,5.0,0.55,110.0070064521141,14.298418531817093,200,26,0.13,0.12997734410708808
smc,SMC,5.0,0.575,114.99593396972632,11.499262373720818,200,20,0.1,0.09999712143516394
smc,SMC,5.0,0.6,119.99956098087642,12.002385269640762,200,20,0.1,0.10002024317033549
smc,SMC,5.0,0.625,125.00488554577936,6.877043884712146,200,11,0.055,0.055014200882521756
smc,SMC,5.0,0.65,129.99939239619394,8.450451319104623,200,13,0.065,0.06500377550496944
smc,SMC,5.0,0.675,135.00998452721964,5.400590099161515,200,8,0.04,0.0400014126219879
smc,SMC,5.0,0.7,139.99887975420077,2.1004001432364654,200,3,0.015,0.015002978216141343
smc,SMC,5.0,0.725,145.01298486506562,2.9000276241986187,200,4,0.02,0.019998399639157075
smc,SMC,5.0,0.75,149.99579265224355,2.9999281409397622,200,4,0.02,0.020000081921597093
smc,SMC,5.0,0.775,154.99910127693283,4.6498942413317765,200,6,0.03,0.029999491629463918
smc,SMC,5.0,0.8,160.0097664650848,1.599804122973929,200,2,0.01,0.009998165476499317
smc,SMC,5.0,0.825,165.00155844435173,2.4758896626640556,200,3,0.015,0.015005250168585964
smc,SMC,5.0,0.85,170.0056007051013,3.3995382110331205,200,4,0.02,0.019996624799027057
smc,SMC,5.0,0.875,175.00905603113486,2.6256682283929047,200,3,0.015,0.01500304205929656
smc,SMC,5.0,0.9,180.00272165484137,4.500993670248142,200,5,0.025,0.02500514230489738
smc,SMC,5.0,0.925,185.00539039181373,0.0,200,0,0.0,0.0
smc,SMC,5.0,0.95,190.01041283334737,0.0,200,0,0.0,0.0
smc,SMC,5.0,0.975,195.01055103857462,0.9749972558026708,200,1,0.005,0.004999715403141488
smc_no,SMC-NO,1.0,0.025,5.150775154323688,5.150775154323688,200,200,1.0,1.0
smc_no,SMC-NO,1.0,0.05,10.07356157320267,10.07356157320267,200,200,1.0,1.0
smc_no,SMC-NO,1.0,0.075,15.0434043963246,15.0434043963246,200,200,1.0,1.0
smc_no,SMC-NO,1.0,0.1,20.033434849724042,20.033434849724042,200,200,1.0,1.0
smc_no,SMC-NO,1.0,0.125,25.028879158423397,25.028879158423397,200,200,1.0,1.0
smc_no,SMC-NO,1.0,0.15,30.03550192819835,30.03550192819835,200,200,1.0,1.0
smc_no,SMC-NO,1.0,0.175,35.0207482666908,35.0207482666908,200,200,1.0,1.0
smc_no,SMC-NO,1.0,0.2,40.01291481185509,40.01291481185509,200,200,1.0,1.0
smc_no,SMC-NO,1.0,0.225,45.01771047158208,45.01771047158208,200,200,1.0,1.0
smc_no,SMC-NO,1.0,0.25,50.01110616187902,50.01110616187902,200,200,1.0,1.0
smc_no,SMC-NO,1.0,0.275,55.01374912511959,55.01374912511959,200,200,1.0,1.0
smc_no,SMC-NO,1.0,0.3,60.01498862925155,60.01498862925155,200,200,1.0,1.0
smc_no,SMC-NO,1.0,0.325,65.0155689397196,65.0155689397196,200,200,1.0,1.0
smc_no,SMC-NO,1.0,0.35,70.01916245631176,70.01916245631176,200,200,1.0,1.0
smc_no,SMC-NO,1.0,0.375,75.01429470481146,75.01429470481146,200,200,1.0,1.0
smc_no,SMC-NO,1.0,0.4,80.01035417787244,80.01035417787244,200,200,1.0,1.0
smc_no,SMC-NO,1.0,0.425,85.00718233545614,85.00718233545614,200,200,1.0,1.0
smc_no,SMC-NO,1.0,0.45,90.01395769955089,90.01395769955089,200,200,1.0,1.0
smc_no,SMC-NO,1.0,0.475,95.00575932667381,95.00575932667381,200,200,1.0,1.0
smc_no,SMC-NO,1.0,0.5,100.01498087861673,100.01498087861673,200,200,1.0,1.0
smc_no,SMC-NO,1.0,0.525,105.01841577701121,105.01841577701121,200,200,1.0,1.0
smc_no,SMC-NO,1.0,0.55,110.00496092811977,110.00496092811977,200,200,1.0,1.0
smc_no,SMC-NO,1.0,0.575,115.00983799283794,115.00983799283794,200,200,1.0,1.0
smc_no,SMC-NO,1.0,0.6,120.01179642897297,120.01179642897297,200,200,1.0,1.0
smc_no,SMC-NO,1.0,0.625,125.01201884481794,125.01201884481794,200,200,1.0,1.0
smc_no,SMC-NO,1.0,0.65,129.99880651097772,129.99880651097772,200,200,1.0,1.0
smc_no,SMC-NO,1.0,0.675,135.00566887028583,135.00566887028583,200,200,1.0,1.0
smc_no,SMC-NO,1.0,0.7,140.01085780267155,140.01085780267155,200,200,1.0,1.0
smc_no,SMC-NO,1.0,0.725,145.00330748260743,145.00330748260743,200,200,1.0,1.0
smc_no,SMC-NO,1.0,0.75,149.99880840634685,149.99880840634685,200,200,1.0,1.0
smc_no,SMC-NO,1.0,0.775,155.00410862662332,155.00410862662332,200,200,1.0,1.0
smc_no,SMC-NO,1.0,0.8,159.9963870813707,159.9963870813707,200,200,1.0,1.0
smc_no,SMC-NO,1.0,0.825,165.0089074783576,165.0089074783576,200,200,1.0,1.0
smc_no,SMC-NO,1.0,0.85,170.00517541628386,170.00517541628386,200,200,1.0,1.0
smc_no,SMC-NO,1.0,0.875,175.01398167579455,168.0138438154824,200,192,0.96,0.9600024078460223
smc_no,SMC-NO,1.0,0.9,180.0008036048297,161.10157179233377,200,179,0.895,0.8950047364566941
smc_no,SMC-NO,1.0,0.925,185.0008705874767,106.373179883997,200,115,0.575,0.5749874557141557
smc_no,SMC-NO,1.0,0.95,189.99766182501563,40.84304286672657,200,43,0.215,0.21496602892062044
smc_no,SMC-NO,1.0,0.975,194.99701792278387,3.9010083097132116,200,4,0.02,0.02000547675686998
smc_no,SMC-NO,1.5,0.025,5.133075019022422,5.133075019022422,200,200,1.0,1.0
smc_no,SMC-NO,1.5,0.05,10.064032423590758,10.064032423590758,200,200,1.0,1.0
smc_no,SMC-NO,1.5,0.075,15.043832593327416,15.043832593327416,200,200,1.0,1.0
smc_no,SMC-NO,1.5,0.1,20.04896671567419,20.04896671567419,200,200,1.0,1.0
smc_no,SMC-NO,1.5,0.125,25.034283799570023,25.034283799570023,200,200,1.0,1.0
smc_no,SMC-NO,1.5,0.15,30.026106068640118,30.026106068640118,200,200,1.0,1.0
smc_no,SMC-NO,1.5,0.175,35.01678966234951,35.01678966234951,200,200,1.0,1.0
smc_no,SMC-NO,1.5,0.2,40.01427295929859,40.01427295929859,200,200,1.0,1.0
smc_no,SMC-NO,1.5,0.225,45.008695167739,45.008695167739,200,200,1.0,1.0
smc_no,SMC-NO,1.5,0.25,50.02157952417979,50.02157952417979,200,200,1.0,1.0
smc_no,SMC-NO,1.5,0.275,55.001586640933056,55.001586640933056,200,200,1.0,1.0
smc_no,SMC-NO,1.5,0.3,60.0105721754941,60.0105721754941,200,200,1.0,1.0
smc_no,SMC-NO,1.5,0.325,65.00865875556394,65.00865875556394,200,200,1.0,1.0
smc_no,SMC-NO,1.5,0.35,70.02134275002804,70.02134275002804,200,200,1.0,1.0
smc_no,SMC-NO,1.5,0.375,75.0068434500792,75.0068434500792,200,200,1.0,1.0
smc_no,SMC-NO,1.5,0.4,79.99985223088021,79.99985223088021,200,200,1.0,1.0
smc_no,SMC-NO,1.5,0.425,85.01396523835977,85.01396523835977,200,200,1.0,1.0
smc_no,SMC-NO,1.5,0.45,90.00369872569703,90.00369872569703,200,200,1.0,1.0
smc_no,SMC-NO,1.5,0.475,95.01131444738856,95.01131444738856,200,200,1.0,1.0
smc_no,SMC-NO,1.5,0.5,99.99539908242073,99.99539908242073,200,200,1.0,1.0
smc_no,SMC-NO,1.5,0.525,105.01238711880423,105.01238711880423,200,200,1.0,1.0
smc_no,SMC-NO,1.5,0.55,110.00778426632338,110.00778426632338,200,200,1.0,1.0
smc_no,SMC-NO,1.5,0.575,115.00905854506904,115.00905854506904,200,200,1.0,1.0
smc_no,SMC-NO,1.5,0.6,119.99622963446068,119.99622963446068,200,200,1.0,1.0
smc_no,SMC-NO,1.5,0.625,125.00826252404102,123.75818690210595,200,198,0.99,0.9900000560227397
smc_no,SMC-NO,1.5,0.65,130.00988743741223,123.50971803715832,200,190,0.95,0.950002499591555
smc_no,SMC-NO,1.5,0.675,135.00577853861085,122.852685292653,200,182,0.91,0.9099809402418865
smc_no,SMC-NO,1.5,0.7,140.00391398281565,112.7028944779319,200,161,0.805,0.8049981694923564
smc_no,SMC-NO,1.5,0.725,145.00152034732412,100.05425877803812,200,138,0.69,0.6900221358946912
smc_no,SMC-NO,1.5,0.75,150.01220687200035,83.25539779576226,200,111,0.555,0.5549908206256902
smc_no,SMC-NO,1.5,0.775,155.0019814655053,99.19994663765104,200,128,0.64,0.6399914743007807
smc_no,SMC-NO,1.5,0.8,160.01021129713106,62.40244952894325,200,78,0.39,0.3899904201305314
smc_no,SMC-NO,1.5,0.825,165.00429107495765,66.00193941850296,200,80,0.4,0.40000135141042964
smc_no,SMC-NO,1.5,0.85,170.0092104679443,62.90549989734425,200,74,0.37,0.3700123053580397
smc_no,SMC-NO,1.5,0.875,175.00963666037407,47.251468464913984,200,54,0.27,0.2699935235944223
smc_no,SMC-NO,1.5,0.9,180.01119035103036,32.40281222898734,200,36,0.18,0.18000443286775847
smc_no,SMC-NO,1.5,0.925,185.001385115156,11.099533610682563,200,12,0.06,0.05999702977236384
smc_no,SMC-NO,1.5,0.95,189.99050705014633,2.850852803994238,200,3,0.015,0.01500523814719743
smc_no,SMC-NO,1.5,0.975,195.00609973849208,0.0,200,0,0.0,0.0
smc_no,SMC-NO,2.0,0.025,5.1322712080672455,5.1322712080672455,200,200,1.0,1.0
smc_no,SMC-NO,2.0,0.05,10.071514649778374,10.071514649778374,200,200,1.0,1.0
smc_no,SMC-NO,2.0,0.075,15.045002782388526,15.045002782388526,200,200,1.0,1.0
smc_no,SMC-NO,2.0,0.1,20.022201245791617,20.022201245791617,200,200,1.0,1.0
smc_no,SMC-NO,2.0,0.125,25.03017249781412,25.03017249781412,200,200,1.0,1.0
smc_no,SMC-NO,2.0,0.15,30.021263333263633,30.021263333263633,200,200,1.0,1.0
smc_no,SMC-NO,2.0,0.175,35.01151134600201,35.01151134600201,200,200,1.0,1.0
smc_no,SMC-NO,2.0,0.2,40.02693585497304,40.02693585497304,200,200,1.0,1.0
smc_no,SMC-NO,2.0,0.225,45.01656476839699,45.01656476839699,200,200,1.0,1.0
smc_no,SMC-NO,2.0,0.25,50.01928028438367,50.01928028438367,200,200,1.0,1.0
smc_no,SMC-NO,2.0,0.275,55.00885528028769,55.00885528028769,200,200,1.0,1.0
smc_no,SMC-NO,2.0,0.3,60.0158736473339,60.0158736473339,200,200,1.0,1.0
smc_no,SMC-NO,2.0,0.325,65.01640693405453,65.01640693405453,200,200,1.0,1.0
smc_no,SMC-NO,2.0,0.35,70.00620176135585,70.00620176135585,200,200,1.0,1.0
smc_no,SMC-NO,2.0,0.375,75.02164626155816,75.02164626155816,200,200,1.0,1.0
smc_no,SMC-NO,2.0,0.4,80.01148416633471,80.01148416633471,200,200,1.0,1.0
smc_no,SMC-NO,2.0,0.425,85.00793804439452,85.00793804439452,200,200,1.0,1.0
smc_no,SMC-NO,2.0,0.45,90.01854956692674,90.01854956692674,200,200,1.0,1.0
smc_no,SMC-NO,2.0,0.475,95.0066191984433,94.0561231450804,200,198,0.99,0.9899954754586355
smc_no,SMC-NO,2.0,0.5,100.00816184135975,96.50697344079937,200,193,0.965,0.9649909733756109
smc_no,SMC-NO,2.0,0.525,105.00111211090709,88.73223886455588,200,169,0.845,0.8450599910868823
smc_no,SMC-NO,2.0,0.55,110.00336420461748,86.90546067492255,200,158,0.79,0.7900254806141158
smc_no,SMC-NO,2.0,0.575,115.00689301199115,82.22991521515844,200,143,0.715,0.7149998844554889
smc_no,SMC-NO,2.0,0.6,120.01025171539915,64.20503172832677,200,107,0.535,0.5349962258273331
smc_no,SMC-NO,2.0,0.625,125.00035860001758,65.62549472913992,200,105,0.525,0.525002451706012
smc_no,SMC-NO,2.0,0.65,130.00776760397898,59.159633192776695,200,91,0.455,0.4550469120659378
smc_no,SMC-NO,2.0,0.675,135.00960278567936,57.37503522136157,200,85,0.425,0.42497003203869443
smc_no,SMC-NO,2.0,0.7,140.00309804117296,44.80166475487102,200,64,0.32,0.3200048097628202
smc_no,SMC-NO,2.0,0.725,145.00529227886912,31.173079609028825,200,43,0.215,0.21497890952199072
smc_no,SMC-NO,2.0,0.75,150.00466425500338,34.503052435393556,200,46,0.23,0.230013197301248
smc_no,SMC-NO,2.0,0.775,155.00909580401375,34.100712703334004,200,44,0.22,0.21999168840033329
smc_no,SMC-NO,2.0,0.8,160.01232576670694,28.00509340331033,200,35,0.175,0.17501835104966162
smc_no,SMC-NO,2.0,0.825,165.00066882247498,19.79923899910461,200,24,0.12,0.11999490147768253
smc_no,SMC-NO,2.0,0.85,169.99530903468138,16.999575326101624,200,20,0.1,0.1000002613168195
smc_no,SMC-NO,2.0,0.875,174.99284691511403,13.126407218179342,200,15,0.075,0.07501110730855606
smc_no,SMC-NO,2.0,0.9,179.9981223988979,8.999411509435564,200,10,0.05,0.04999725213517375
smc_no,SMC-NO,2.0,0.925,185.002013321288,7.399478190766316,200,8,0.04,0.03999674413226975
smc_no,SMC-NO,2.0,0.95,190.0220848347882,0.950176857114076,200,1,0.005,0.005000349606416501
smc_no,SMC-NO,2.0,0.975,195.01091945254603,0.974788093415791,200,1,0.005,0.004998633390131756
smc_no,SMC-NO,2.5,0.025,5.1338077926639,5.1338077926639,200,200,1.0,1.0
smc_no,SMC-NO,2.5,0.05,10.073996898137175,10.073996898137175,200,200,1.0,1.0
smc_no,SMC-NO,2.5,0.075,15.04803964022425,15.04803964022425,200,200,1.0,1.0
smc_no,SMC-NO,2.5,0.1,20.051669754515828,20.051669754515828,200,200,1.0,1.0
smc_no,SMC-NO,2.5,0.125,25.022964409667374,25.022964409667374,200,200,1.0,1.0
smc_no,SMC-NO,2.5,0.15,30.03361905068292,30.03361905068292,200,200,1.0,1.0
smc_no,SMC-NO,2.5,0.175,35.02166270972706,35.02166270972706,200,200,1.0,1.0
smc_no,SMC-NO,2.5,0.2,40.03079116364508,40.03079116364508,200,200,1.0,1.0
smc_no,SMC-NO,2.5,0.225,45.01430797406431,45.01430797406431,200,200,1.0,1.0
smc_no,SMC-NO,2.5,0.25,50.01834550149353,50.01834550149353,200,200,1.0,1.0
smc_no,SMC-NO,2.5,0.275,55.013989240599976,55.013989240599976,200,200,1.0,1.0
smc_no,SMC-NO,2.5,0.3,60.016379429851696,60.016379429851696,200,200,1.0,1.0
smc_no,SMC-NO,2.5,0.325,65.00530574168677,65.00530574168677,200,200,1.0,1.0
smc_no,SMC-NO,2.5,0.35,70.01075008388545,70.01075008388545,200,200,1.0,1.0
smc_no,SMC-NO,2.5,0.375,75.02295907306234,75.02295907306234,200,200,1.0,1.0
smc_no,SMC-NO,2.5,0.4,80.00435515003136,77.60600512789476,200,194,0.97,0.9700222566929139
smc_no,SMC-NO,2.5,0.425,85.01019220914327,74.81215124019722,200,176,0.88,0.8800374319369061
smc_no,SMC-NO,2.5,0.45,90.00828740211077,72.455710254329,200,161,0.805,0.8049893220458038
smc_no,SMC-NO,2.5,0.475,95.00070784166263,62.218939420040066,200,131,0.655,0.654931324551183
smc_no,SMC-NO,2.5,0.5,100.00983934614776,61.00375467961417,200,122,0.61,0.6099775289956403
smc_no,SMC-NO,2.5,0.525,105.00276639868564,54.60344236097128,200,104,0.52,0.5200190836272555
smc_no,SMC-NO,2.5,0.55,110.00586062634527,56.099744627085606,200,102,0.51,0.5099705080044644
smc_no,SMC-NO,2.5,0.575,115.01585594718905,47.159552140832226,200,82,0.41,0.4100265285378228
smc_no,SMC-NO,2.5,0.6,120.00650364631618,37.19935097179569,200,62,0.31,0.30997779154894656
smc_no,SMC-NO,2.5,0.625,125.00962477163866,41.24924822813181,200,66,0.33,0.3299685788472998
smc_no,SMC-NO,2.5,0.65,130.01314400407838,26.64981263628649,200,41,0.205,0.20497783389847501
smc_no,SMC-NO,2.5,0.675,134.9977535060828,29.024048490229713,200,43,0.215,0.21499652947129919
smc_no,SMC-NO,2.5,0.7,140.0085840075407,21.70299510526329,200,31,0.155,0.15501188915741335
smc_no,SMC-NO,2.5,0.725,144.99935044206734,19.578557573132517,200,27,0.135,0.13502513986057396
smc_no,SMC-NO,2.5,0.75,150.00285301367725,17.999658188447427,200,24,0.12,0.1199954389321263
smc_no,SMC-NO,2.5,0.775,155.00190074107897,14.725679101803715,200,19,0.095,0.09500321629217984
smc_no,SMC-NO,2.5,0.8,159.99999489046215,11.200264129866612,200,14,0.07,0.07000165304714193
smc_no,SMC-NO,2.5,0.825,165.01275368398288,10.72662889667483,200,13,0.065,0.0650048475478294
smc_no,SMC-NO,2.5,0.85,170.00131419950827,7.650231190469749,200,9,0.045,0.04500101205977546
smc_no,SMC-NO,2.5,0.875,175.00007754549546,9.624457525974034,200,11,0.055,0.05499687577836602
smc_no,SMC-NO,2.5,0.9,180.0023913474589,6.29935336958196,200,7,0.035,0.03499594267846313
smc_no,SMC-NO,2.5,0.925,184.99566351692567,1.8501047072560668,200,2,0.01,0.010000800408420366
smc_no,SMC-NO,2.5,0.95,189.9930718296149,0.0,200,0,0.0,0.0
smc_no,SMC-NO,2.5,0.975,194.99496080417416,0.0,200,0,0.0,0.0
smc_no,SMC-NO,3.0,0.025,5.126553775785154,5.126553775785154,200,200,1.0,1.0
smc_no,SMC-NO,3.0,0.05,10.069362581783587,10.069362581783587,200,200,1.0,1.0
smc_no,SMC-NO,3.0,0.075,15.035342264829888,15.035342264829888,200,200,1.0,1.0
smc_no,SMC-NO,3.0,0.1,20.03390054937,20.03390054937,200,200,1.0,1.0
smc_no,SMC-NO,3.0,0.125,25.033559070227792,25.033559070227792,200,200,1.0,1.0
smc_no,SMC-NO,3.0,0.15,30.01854175508846,30.01854175508846,200,200,1.0,1.0
smc_no,SMC-NO,3.0,0.175,35.012552708644726,35.012552708644726,200,200,1.0,1.0
smc_no,SMC-NO,3.0,0.2,40.01175033713646,40.01175033713646,200,200,1.0,1.0
smc_no,SMC-NO,3.0,0.225,45.00652457335122,45.00652457335122,200,200,1.0,1.0
smc_no,SMC-NO,3.0,0.25,50.01913004584269,50.01913004584269,200,200,1.0,1.0
smc_no,SMC-NO,3.0,0.275,55.01699618297141,55.01699618297141,200,200,1.0,1.0
smc_no,SMC-NO,3.0,0.3,60.022957959605286,60.022957959605286,200,200,1.0,1.0
smc_no,SMC-NO,3.0,0.325,65.00450508259031,64.02860574972617,200,197,0.985,0.98498720463106
smc_no,SMC-NO,3.0,0.35,70.00645988915613,66.50570839918967,200,190,0.95,0.9499938792004433
smc_no,SMC-NO,3.0,0.375,75.01302637759639,66.01228105209017,200,176,0.88,0.8800109026371131
smc_no,SMC-NO,3.0,0.4,80.01267422173012,56.012296344480504,200,140,0.7,0.7000427980854624
smc_no,SMC-NO,3.0,0.425,85.00913911318607,59.080834298160326,200,139,0.695,0.6949939137661034
smc_no,SMC-NO,3.0,0.45,90.0093000378136,45.9049685600098,200,102,0.51,0.5100025057491255
smc_no,SMC-NO,3.0,0.475,95.01862818229374,42.765456052962506,200,90,0.45,0.450074441939077
smc_no,SMC-NO,3.0,0.5,100.00626476286882,39.500098745107294,200,79,0.395,0.3949762431260529
smc_no,SMC-NO,3.0,0.525,105.01014699825596,37.27876217836973,200,71,0.355,0.3550015236050366
smc_no,SMC-NO,3.0,0.55,109.99747987746603,27.5010845994464,200,50,0.25,0.2500155879033029
smc_no,SMC-NO,3.0,0.575,115.00285624021468,21.276980816395348,200,37,0.185,0.18501262935550572
smc_no,SMC-NO,3.0,0.6,119.99907713256947,19.800342475396093,200,33,0.165,0.1650041229360588
smc_no,SMC-NO,3.0,0.625,125.0060659110216,18.75111924793548,200,30,0.15,0.150001674808984
smc_no,SMC-NO,3.0,0.65,130.0006764929461,16.902104313742598,200,26,0.13,0.13001551045512993
smc_no,SMC-NO,3.0,0.675,135.00444729401696,14.852380657687041,200,22,0.11,0.11001401031879385
smc_no,SMC-NO,3.0,0.7,140.0035028138311,13.300361896438224,200,19,0.095,0.09500020805996767
smc_no,SMC-NO,3.0,0.725,144.998637909348,8.698223394328446,200,12,0.06,0.05998831106100808
smc_no,SMC-NO,3.0,0.75,150.00536855654758,8.99784827423221,200,12,0.06,0.059983508329172146
smc_no,SMC-NO,3.0,0.775,155.00112023646506,8.525963020175848,200,11,0.055,0.05500581548810031
smc_no,SMC-NO,3.0,0.8,159.99744508654936,6.400775859009624,200,8,0.04,0.040005487934805295
smc_no,SMC-NO,3.0,0.825,165.0103768614829,8.251526161679921,200,10,0.05,0.05000610457732983
smc_no,SMC-NO,3.0,0.85,169.99625782129976,9.351480285693878,200,11,0.055,0.05500991848611258
smc_no,SMC-NO,3.0,0.875,175.0030044729032,6.9990343559806965,200,8,0.04,0.03999379540403491
smc_no,SMC-NO,3.0,0.9,180.00596097418997,4.498945800391043,200,5,0.025,0.02499331564378649
smc_no,SMC-NO,3.0,0.925,185.0079567482784,1.8506785328582414,200,2,0.01,0.010003237511434561
smc_no,SMC-NO,3.0,0.95,189.99802098378183,0.0,200,0,0.0,0.0
smc_no,SMC-NO,3.0,0.975,194.99633348294967,0.0,200,0,0.0,0.0
smc_no,SMC-NO,3.5,0.025,5.124474402775881,5.124474402775881,200,200,1.0,1.0
smc_no,SMC-NO,3.5,0.05,10.075352360185155,10.075352360185155,200,200,1.0,1.0
smc_no,SMC-NO,3.5,0.075,15.051404590515094,15.051404590515094,200,200,1.0,1.0
smc_no,SMC-NO,3.5,0.1,20.046714447844685,20.046714447844685,200,200,1.0,1.0
smc_no,SMC-NO,3.5,0.125,25.022651254851105,25.022651254851105,200,200,1.0,1.0
smc_no,SMC-NO,3.5,0.15,30.028692419812756,30.028692419812756,200,200,1.0,1.0
smc_no,SMC-NO,3.5,0.175,35.03076998229275,35.03076998229275,200,200,1.0,1.0
smc_no,SMC-NO,3.5,0.2,40.03677878359392,40.03677878359392,200,200,1.0,1.0
smc_no,SMC-NO,3.5,0.225,45.024463834604646,45.024463834604646,200,200,1.0,1.0
smc_no,SMC-NO,3.5,0.25,50.00736092592127,50.00736092592127,200,200,1.0,1.0
smc_no,SMC-NO,3.5,0.275,55.01789998073636,55.01789998073636,200,200,1.0,1.0
smc_no,SMC-NO,3.5,0.3,60.011900875433284,56.71264475766345,200,189,0.945,0.9450233025509707
smc_no,SMC-NO,3.5,0.325,65.0226227580917,55.9175085318625,200,172,0.86,0.8599700559587761
smc_no,SMC-NO,3.5,0.35,70.01954450428609,51.11584848646636,200,146,0.73,0.7300225793862086
smc_no,SMC-NO,3.5,0.375,75.01086873459089,48.75652951061237,200,130,0.65,0.6499928654756205
smc_no,SMC-NO,3.5,0.4,80.01962019299215,40.40658965443337,200,101,0.505,0.5049585283831682
smc_no,SMC-NO,3.5,0.425,85.00102844070145,40.37245754787349,200,95,0.475,0.4749643420613221
smc_no,SMC-NO,3.5,0.45,90.01945575110848,31.05447687571413,200,69,0.345,0.3449751680522878
smc_no,SMC-NO,3.5,0.475,94.99549426052512,23.748652114522635,200,50,0.25,0.24999766883039698
smc_no,SMC-NO,3.5,0.5,100.01137297827644,25.00683206561234,200,50,0.25,0.25003988367447066
smc_no,SMC-NO,3.5,0.525,105.00408148415423,15.750678065931343,200,30,0.15,0.15000062705475137
smc_no,SMC-NO,3.5,0.55,110.00416822567213,17.60127596229762,200,32,0.16,0.160005536573749
smc_no,SMC-NO,3.5,0.575,115.01208734700818,15.525357744921202,200,27,0.135,0.13498892249541514
smc_no,SMC-NO,3.5,0.6,120.00189427074436,10.801176550677495,200,18,0.09,0.09000838375357836
smc_no,SMC-NO,3.5,0.625,125.0009304695697,15.62743009736245,200,25,0.125,0.1250185101715447
smc_no,SMC-NO,3.5,0.65,130.00517924267677,10.400400565517572,200,16,0.08,0.0799998940511705
smc_no,SMC-NO,3.5,0.675,135.0023642112327,13.50066632969735,200,20,0.1,0.10000318445218787
smc_no,SMC-NO,3.5,0.7,140.0088109011809,9.799319471194373,200,14,0.07,0.06999073421251177
smc_no,SMC-NO,3.5,0.725,145.0023504964728,4.351463039276583,200,6,0.03,0.030009603460755162
smc_no,SMC-NO,3.5,0.75,150.00804894368488,6.74998222264251,200,9,0.045,0.04499746693710114
smc_no,SMC-NO,3.5,0.775,155.0033784669971,3.8750501493866225,200,5,0.025,0.024999778635223024
smc_no,SMC-NO,3.5,0.8,160.00840630247492,3.2022646435922,200,4,0.02,0.02001310254624209
smc_no,SMC-NO,3.5,0.825,165.010690271622,6.598565298624844,200,8,0.04,0.0399887139903665
smc_no,SMC-NO,3.5,0.85,170.00668072466885,4.251068870762485,200,5,0.025,0.02500530480709299
smc_no,SMC-NO,3.5,0.875,174.99210120215812,5.250410862197039,200,6,0.03,0.030003702030707926
smc_no,SMC-NO,3.5,0.9,180.0054526991952,2.7008242087923406,200,3,0.015,0.01500412442119547
smc_no,SMC-NO,3.5,0.925,185.0101386266575,0.9238254099528734,200,1,0.005,0.004993377210624729
smc_no,SMC-NO,3.5,0.95,190.00536075974048,0.0,200,0,0.0,0.0
smc_no,SMC-NO,3.5,0.975,195.00515038158056,0.0,200,0,0.0,0.0
smc_no,SMC-NO,4.0,0.025,5.134452592646109,5.134452592646109,200,200,1.0,1.0
smc_no,SMC-NO,4.0,0.05,10.057287425516948,10.057287425516948,200,200,1.0,1.0
smc_no,SMC-NO,4.0,0.075,15.058381625752313,15.058381625752313,200,200,1.0,1.0
smc_no,SMC-NO,4.0,0.1,20.031013702646447,20.031013702646447,200,200,1.0,1.0
smc_no,SMC-NO,4.0,0.125,25.03150854858651,25.03150854858651,200,200,1.0,1.0
smc_no,SMC-NO,4.0,0.15,30.035612526129125,30.035612526129125,200,200,1.0,1.0
smc_no,SMC-NO,4.0,0.175,35.016415465709876,35.016415465709876,200,200,1.0,1.0
smc_no,SMC-NO,4.0,0.2,40.026863233060546,40.026863233060546,200,200,1.0,1.0
smc_no,SMC-NO,4.0,0.225,45.01326276709878,45.01326276709878,200,200,1.0,1.0
smc_no,SMC-NO,4.0,0.25,50.012048786003525,49.26066858663822,200,197,0.985,0.9849760164279534
smc_no,SMC-NO,4.0,0.275,55.009208984565205,52.25700498210092,200,190,0.95,0.9499683043390696
smc_no,SMC-NO,4.0,0.3,60.01246620859997,49.81081518631604,200,166,0.83,0.8300078022652234
smc_no,SMC-NO,4.0,0.325,65.00671464422862,49.081139929627874,200,151,0.755,0.7550164655796116
smc_no,SMC-NO,4.0,0.35,70.0326404833891,40.61493306403069,200,116,0.58,0.5799429063889724
smc_no,SMC-NO,4.0,0.375,75.00550312322389,35.626145598706415,200,95,0.475,0.47498042297213156
smc_no,SMC-NO,4.0,0.4,80.01577383118969,30.799564110673657,200,77,0.385,0.38491865585967955
smc_no,SMC-NO,4.0,0.425,85.00695184333205,26.348759697818227,200,62,0.31,0.3099600576947993
smc_no,SMC-NO,4.0,0.45,90.00821883745884,23.84758256057014,200,53,0.265,0.26494894431402144
smc_no,SMC-NO,4.0,0.475,95.00853512080742,17.57737178664479,200,37,0.185,0.18500834440078892
smc_no,SMC-NO,4.0,0.5,100.01679873687624,17.501334635440287,200,35,0.175,0.17498395126085492
smc_no,SMC-NO,4.0,0.525,105.00651451426326,13.650165914694936,200,26,0.13,0.12999351495321565
smc_no,SMC-NO,4.0,0.55,110.00876850113785,10.999724495475753,200,20,0.1,0.09998952488375489
smc_no,SMC-NO,4.0,0.575,115.0165729348894,9.20120474354761,200,16,0.08,0.07999894718438871
smc_no,SMC-NO,4.0,0.6,120.00905562133616,11.999966281892029,200,20,0.1,0.09999217325528707
smc_no,SMC-NO,4.0,0.625,125.01073330284729,6.873734772735837,200,11,0.055,0.0549851568031661
smc_no,SMC-NO,4.0,0.65,130.00467712888099,2.5999597391231943,200,4,0.02,0.019998970779687465
smc_no,SMC-NO,4.0,0.675,135.01145824527242,7.425584233045487,200,11,0.055,0.05499965950708855
smc_no,SMC-NO,4.0,0.7,139.999249680852,3.502884052491588,200,5,0.025,0.02502073447162685
smc_no,SMC-NO,4.0,0.725,145.00051270253743,5.800571055522223,200,8,0.04,0.040003796865338365
smc_no,SMC-NO,4.0,0.75,149.9986545531746,1.500785041286596,200,2,0.01,0.01000532335278092
smc_no,SMC-NO,4.0,0.775,155.01264538842332,2.324505839074613,200,3,0.015,0.014995588477636627
smc_no,SMC-NO,4.0,0.8,160.00295715920288,3.999002920546102,200,5,0.025,0.024993306321001902
smc_no,SMC-NO,4.0,0.825,165.00545395123868,4.123902313238179,200,5,0.025,0.024992521243915048
smc_no,SMC-NO,4.0,0.85,170.0075455487177,3.4006090337197614,200,4,0.02,0.020002694720072153
smc_no,SMC-NO,4.0,0.875,175.00915497057053,3.5004019777972584,200,4,0.02,0.020001250668205812
smc_no,SMC-NO,4.0,0.9,180.004382727982,1.7995608414162894,200,2,0.01,0.009997316810534215
smc_no,SMC-NO,4.0,0.925,185.00487003790084,2.775165361361827,200,3,0.015,0.015000498964126164
smc_no,SMC-NO,4.0,0.95,190.0007660120894,0.0,200,0,0.0,0.0
smc_no,SMC-NO,4.0,0.975,194.991032586332,0.0,200,0,0.0,0.0
smc_no,SMC-NO,4.5,0.025,5.138373648231289,5.138373648231289,200,200,1.0,1.0
smc_no,SMC-NO,4.5,0.05,10.075334648598474,10.075334648598474,200,200,1.0,1.0
smc_no,SMC-NO,4.5,0.075,15.035916775257727,15.035916775257727,200,200,1.0,1.0
smc_no,SMC-NO,4.5,0.1,20.037829572537902,20.037829572537902,200,200,1.0,1.0
smc_no,SMC-NO,4.5,0.125,25.039632328693976,25.039632328693976,200,200,1.0,1.0
smc_no,SMC-NO,4.5,0.15,30.033260265541394,30.033260265541394,200,200,1.0,1.0
smc_no,SMC-NO,4.5,0.175,35.016746311651254,35.016746311651254,200,200,1.0,1.0
smc_no,SMC-NO,4.5,0.2,40.02253205137834,40.02253205137834,200,200,1.0,1.0
smc_no,SMC-NO,4.5,0.225,45.00906016193033,44.1085335479265,200,196,0.98,0.9799923257503271
smc_no,SMC-NO,4.5,0.25,50.019641059211686,45.01895987920818,200,180,0.9,0.9000256484431015
smc_no,SMC-NO,4.5,0.275,55.01708138057265,44.00979418785379,200,160,0.8,0.7999296415493663
smc_no,SMC-NO,4.5,0.3,60.023040823659876,40.81840690613686,200,136,0.68,0.6800456349097039
smc_no,SMC-NO,4.5,0.325,65.01500880278859,37.714868272450516,200,116,0.58,0.5800947960624266
smc_no,SMC-NO,4.5,0.35,70.01551293640281,23.807220067340115,200,68,0.34,0.3400277891124632
smc_no,SMC-NO,4.5,0.375,75.01851704748707,25.131703896925416,200,67,0.335,0.3350066741657521
smc_no,SMC-NO,4.5,0.4,80.00882033477313,23.205526590684688,200,58,0.29,0.2900371045790709
smc_no,SMC-NO,4.5,0.425,85.00933691886799,18.275109990849156,200,43,0.215,0.21497767954937383
smc_no,SMC-NO,4.5,0.45,90.01886704088695,16.65052145035627,200,37,0.185,0.18496701855616038
smc_no,SMC-NO,4.5,0.475,95.00132014225218,14.248346256548809,200,30,0.15,0.1499805080099282
smc_no,SMC-NO,4.5,0.5,100.00718352558071,13.001918733600835,200,26,0.13,0.13000984804531657
smc_no,SMC-NO,4.5,0.525,105.00536339889901,11.551943553218518,200,22,0.11,0.11001289057335562
smc_no,SMC-NO,4.5,0.55,110.00820671740343,9.899887532884437,200,18,0.09,0.089992263561899
smc_no,SMC-NO,4.5,0.575,115.00871900624622,8.05194943854648,200,14,0.07,0.07001164353555812
smc_no,SMC-NO,4.5,0.6,120.02210942566845,6.001382589518588,200,10,0.05,0.05000230889322386
smc_no,SMC-NO,4.5,0.625,125.01499618034613,6.249168770702625,200,10,0.05,0.049987353210710815
smc_no,SMC-NO,4.5,0.65,130.0128927752081,8.449415693821178,200,13,0.065,0.06498906003445515
smc_no,SMC-NO,4.5,0.675,135.0099351214667,4.725204703434086,200,7,0.035,0.03499894062746479
smc_no,SMC-NO,4.5,0.7,140.00646644264674,2.100322835677078,200,3,0.015,0.015001613061475768
smc_no,SMC-NO,4.5,0.725,145.00853159324353,2.900951587300465,200,4,0.02,0.020005385582675818
smc_no,SMC-NO,4.5,0.75,150.0068395137838,3.7509454942447573,200,5,0.025,0.025005163140578608
smc_no,SMC-NO,4.5,0.775,155.00060462706108,3.098147187355247,200,4,0.02,0.019987968400571973
smc_no,SMC-NO,4.5,0.8,160.00756175183426,2.399552770584424,200,3,0.015,0.014996496067517363
smc_no,SMC-NO,4.5,0.825,164.9983607222085,1.6509170607748767,200,2,0.01,0.010005657350465215
smc_no,SMC-NO,4.5,0.85,170.01241724908198,2.5495277979109603,200,3,0.015,0.014996126983923153
smc_no,SMC-NO,4.5,0.875,175.00225113255732,0.0,200,0,0.0,0.0
smc_no,SMC-NO,4.5,0.9,180.00105704030204,0.9002615193258033,200,1,0.005,0.005001423514553227
smc_no,SMC-NO,4.5,0.925,184.99106269923914,0.0,200,0,0.0,0.0
smc_no,SMC-NO,4.5,0.95,190.00567191697283,0.0,200,0,0.0,0.0
smc_no,SMC-NO,4.5,0.975,195.00256202639815,0.0,200,0,0.0,0.0
smc_no,SMC-NO,5.0,0.025,5.13928599962228,5.13928599962228,200,200,1.0,1.0
smc_no,SMC-NO,5.0,0.05,10.069983846104202,10.069983846104202,200,200,1.0,1.0
smc_no,SMC-NO,5.0,0.075,15.044098391390154,15.044098391390154,200,200,1.0,1.0
smc_no,SMC-NO,5.0,0.1,20.03954204735892,20.03954204735892,200,200,1.0,1.0
smc_no,SMC-NO,5.0,0.125,25.026874226062308,25.026874226062308,200,200,1.0,1.0
smc_no,SMC-NO,5.0,0.15,30.029731091413485,30.029731091413485,200,200,1.0,1.0
smc_no,SMC-NO,5.0,0.175,35.026906739627,35.026906739627,200,200,1.0,1.0
smc_no,SMC-NO,5.0,0.2,40.02155451971718,39.621299489580814,200,198,0.99,0.989999013408158
smc_no,SMC-NO,5.0,0.225,45.01972009054702,41.64352794323911,200,185,0.925,0.9250063718628756
smc_no,SMC-NO,5.0,0.25,50.00568378224259,41.004153790130665,200,164,0.82,0.8199898629261732
smc_no,SMC-NO,5.0,0.275,55.01696463368136,33.833253271264915,200,123,0.615,0.6149603762500596
smc_no,SMC-NO,5.0,0.3,60.016361502398375,30.007045703410274,200,100,0.5,0.4999810876940804
smc_no,SMC-NO,5.0,0.325,65.0013929991261,26.650527691682665,200,82,0.41,0.40999933173802855
smc_no,SMC-NO,5.0,0.35,70.01645307862583,20.30420646011642,200,58,0.29,0.28999193142953933
smc_no,SMC-NO,5.0,0.375,75.01842557551983,21.38720947666149,200,57,0.285,0.2850927530481339
smc_no,SMC-NO,5.0,0.4,79.99853754629332,17.199868946660036,200,43,0.215,0.21500229221949047
smc_no,SMC-NO,5.0,0.425,85.01478467420462,14.026446436085786,200,33,0.165,0.16498831926515156
smc_no,SMC-NO,5.0,0.45,90.00197485973466,9.898864789603358,200,22,0.11,0.10998497316342712
smc_no,SMC-NO,5.0,0.475,95.00426231755634,8.074540059566553,200,17,0.085,0.08499134525751079
smc_no,SMC-NO,5.0,0.5,100.01331017374903,7.501064538816732,200,15,0.075,0.07500066266965306
smc_no,SMC-NO,5.0,0.525,105.00472466850594,6.298919089980074,200,12,0.06,0.05998700639295432
smc_no,SMC-NO,5.0,0.55,110.0070064521141,5.50059048692122,200,10,0.05,0.05000218317290198
smc_no,SMC-NO,5.0,0.575,114.99593396972632,5.749990522764019,200,10,0.05,0.05000168548809521
smc_no,SMC-NO,5.0,0.6,119.99956098087642,4.800815256009411,200,8,0.04,0.04000694016517683
smc_no,SMC-NO,5.0,0.625,125.00488554577936,2.5006701359036265,200,4,0.02,0.020004579220928367
smc_no,SMC-NO,5.0,0.65,129.99939239619394,4.55063444511103,200,7,0.035,0.035005043956222844
smc_no,SMC-NO,5.0,0.675,135.00998452721964,1.3507210724026493,200,2,0.01,0.010004601342135015
smc_no,SMC-NO,5.0,0.7,139.99887975420077,1.399900626824985,200,2,0.01,0.00999937020412465
smc_no,SMC-NO,5.0,0.725,145.01298486506562,1.4501590180842725,200,2,0.01,0.010000201150494513
smc_no,SMC-NO,5.0,0.75,149.99579265224355,1.500153654033128,200,2,0.01,0.01000130488667203
smc_no,SMC-NO,5.0,0.775,154.99910127693283,1.550281674755655,200,2,0.01,0.010001875249494559
smc_no,SMC-NO,5.0,0.8,160.0097664650848,1.599804122973929,200,2,0.01,0.009998165476499317
smc_no,SMC-NO,5.0,0.825,165.00155844435173,1.6499103756978764,200,2,0.01,0.009999362377260962
smc_no,SMC-NO,5.0,0.85,170.0056007051013,2.5493403156098187,200,3,0.015,0.014995625467845669
smc_no,SMC-NO,5.0,0.875,175.00905603113486,2.6256682283929047,200,3,0.015,0.01500304205929656
smc_no,SMC-NO,5.0,0.9,180.00272165484137,1.8004132920966536,200,2,0.01,0.01000214483172638
smc_no,SMC-NO,5.0,0.925,185.00539039181373,0.0,200,0,0.0,0.0
smc_no,SMC-NO,5.0,0.95,190.01041283334737,0.0,200,0,0.0,0.0
smc_no,SMC-NO,5.0,0.975,195.01055103857462,0.9749972558026708,200,1,0.005,0.004999715403141488
ub_hl,UB-H&L,1.0,0.025,5.150775154323688,5.150775154323688,200,200,1.0,1.0
ub_hl,UB-H&L,1.0,0.05,10.07356157320267,10.07356157320267,200,200,1.0,1.0
ub_hl,UB-H&L,1.0,0.075,15.0434043963246,15.0434043963246,200,200,1.0,1.0
ub_hl,UB-H&L,1.0,0.1,20.033434849724042,20.033434849724042,200,200,1.0,1.0
ub_hl,UB-H&L,1.0,0.125,25.028879158423397,25.028879158423397,200,200,1.0,1.0
ub_hl,UB-H&L,1.0,0.15,30.03550192819835,30.03550192819835,200,200,1.0,1.0
ub_hl,UB-H&L,1.0,0.175,35.0207482666908,35.0207482666908,200,200,1.0,1.0
ub_hl,UB-H&L,1.0,0.2,40.01291481185509,40.01291481185509,200,200,1.0,1.0
ub_hl,UB-H&L,1.0,0.225,45.01771047158208,45.01771047158208,200,200,1.0,1.0
ub_hl,UB-H&L,1.0,0.25,50.01110616187902,50.01110616187902,200,200,1.0,1.0
ub_hl,UB-H&L,1.0,0.275,55.01374912511959,55.01374912511959,200,200,1.0,1.0
ub_hl,UB-H&L,1.0,0.3,60.01498862925155,60.01498862925155,200,200,1.0,1.0
ub_hl,UB-H&L,1.0,0.325,65.0155689397196,65.0155689397196,200,200,1.0,1.0
ub_hl,UB-H&L,1.0,0.35,70.01916245631176,70.01916245631176,200,200,1.0,1.0
ub_hl,UB-H&L,1.0,0.375,75.01429470481146,75.01429470481146,200,200,1.0,1.0
ub_hl,UB-H&L,1.0,0.4,80.01035417787244,80.01035417787244,200,200,1.0,1.0
ub_hl,UB-H&L,1.0,0.425,85.00718233545614,85.00718233545614,200,200,1.0,1.0
ub_hl,UB-H&L,1.0,0.45,90.01395769955089,90.01395769955089,200,200,1.0,1.0
ub_hl,UB-H&L,1.0,0.475,95.00575932667381,95.00575932667381,200,200,1.0,1.0
ub_hl,UB-H&L,1.0,0.5,100.01498087861673,100.01498087861673,200,200,1.0,1.0
ub_hl,UB-H&L,1.0,0.525,105.01841577701121,105.01841577701121,200,200,1.0,1.0
ub_hl,UB-H&L,1.0,0.55,110.00496092811977,110.00496092811977,200,200,1.0,1.0
ub_hl,UB-H&L,1.0,0.575,115.00983799283794,115.00983799283794,200,200,1.0,1.0
ub_hl,UB-H&L,1.0,0.6,120.01179642897297,120.01179642897297,200,200,1.0,1.0
ub_hl,UB-H&L,1.0,0.625,125.01201884481794,125.01201884481794,200,200,1.0,1.0
ub_hl,UB-H&L,1.0,0.65,129.99880651097772,129.99880651097772,200,200,1.0,1.0
ub_hl,UB-H&L,1.0,0.675,135.00566887028583,135.00566887028583,200,200,1.0,1.0
ub_hl,UB-H&L,1.0,0.7,140.01085780267155,140.01085780267155,200,200,1.0,1.0
ub_hl,UB-H&L,1.0,0.725,145.00330748260743,145.00330748260743,200,200,1.0,1.0
ub_hl,UB-H&L,1.0,0.75,149.99880840634685,149.99880840634685,200,200,1.0,1.0
ub_hl,UB-H&L,1.0,0.775,155.00410862662332,155.00410862662332,200,200,1.0,1.0
ub_hl,UB-H&L,1.0,0.8,159.9963870813707,159.9963870813707,200,200,1.0,1.0
ub_hl,UB-H&L,1.0,0.825,165.0089074783576,165.0089074783576,200,200,1.0,1.0
ub_hl,UB-H&L,1.0,0.85,170.00517541628386,170.00517541628386,200,200,1.0,1.0
ub_hl,UB-H&L,1.0,0.875,175.01398167579455,168.0138438154824,200,192,0.96,0.9600024078460223
ub_hl,UB-H&L,1.0,0.9,180.0008036048297,161.10157179233377,200,179,0.895,0.8950047364566941
ub_hl,UB-H&L,1.0,0.925,185.0008705874767,106.373179883997,200,115,0.575,0.5749874557141557
ub_hl,UB-H&L,1.0,0.95,189.99766182501563,40.84304286672657,200,43,0.215,0.21496602892062044
ub_hl,UB-H&L,1.0,0.975,194.99701792278387,3.9010083097132116,200,4,0.02,0.02000547675686998
ub_hl,UB-H&L,1.5,0.025,5.133075019022422,5.133075019022422,200,200,1.0,1.0
ub_hl,UB-H&L,1.5,0.05,10.064032423590758,10.064032423590758,200,200,1.0,1.0
ub_hl,UB-H&L,1.5,0.075,15.043832593327416,15.043832593327416,200,200,1.0,1.0
ub_hl,UB-H&L,1.5,0.1,20.04896671567419,20.04896671567419,200,200,1.0,1.0
ub_hl,UB-H&L,1.5,0.125,25.034283799570023,25.034283799570023,200,200,1.0,1.0
ub_hl,UB-H&L,1.5,0.15,30.026106068640118,30.026106068640118,200,200,1.0,1.0
ub_hl,UB-H&L,1.5,0.175,35.01678966234951,35.01678966234951,200,200,1.0,1.0
ub_hl,UB-H&L,1.5,0.2,40.01427295929859,40.01427295929859,200,200,1.0,1.0
ub_hl,UB-H&L,1.5,0.225,45.008695167739,45.008695167739,200,200,1.0,1.0
ub_hl,UB-H&L,1.5,0.25,50.02157952417979,50.02157952417979,200,200,1.0,1.0
ub_hl,UB-H&L,1.5,0.275,55.001586640933056,55.001586640933056,200,200,1.0,1.0
ub_hl,UB-H&L,1.5,0.3,60.0105721754941,60.0105721754941,200,200,1.0,1.0
ub_hl,UB-H&L,1.5,0.325,65.00865875556394,65.00865875556394,200,200,1.0,1.0
ub_hl,UB-H&L,1.5,0.35,70.02134275002804,70.02134275002804,200,200,1.0,1.0
ub_hl,UB-H&L,1.5,0.375,75.0068434500792,75.0068434500792,200,200,1.0,1.0
ub_hl,UB-H&L,1.5,0.4,79.99985223088021,79.99985223088021,200,200,1.0,1.0
ub_hl,UB-H&L,1.5,0.425,85.01396523835977,85.01396523835977,200,200,1.0,1.0
ub_hl,UB-H&L,1.5,0.45,90.00369872569703,90.00369872569703,200,200,1.0,1.0
ub_hl,UB-H&L,1.5,0.475,95.01131444738856,95.01131444738856,200,200,1.0,1.0
ub_hl,UB-H&L,1.5,0.5,99.99539908242073,99.99539908242073,200,200,1.0,1.0
ub_hl,UB-H&L,1.5,0.525,105.01238711880423,105.01238711880423,200,200,1.0,1.0
ub_hl,UB-H&L,1.5,0.55,110.00778426632338,110.00778426632338,200,200,1.0,1.0
ub_hl,UB-H&L,1.5,0.575,115.00905854506904,115.00905854506904,200,200,1.0,1.0
ub_hl,UB-H&L,1.5,0.6,119.99622963446068,119.99622963446068,200,200,1.0,1.0
ub_hl,UB-H&L,1.5,0.625,125.00826252404102,125.00826252404102,200,200,1.0,1.0
ub_hl,UB-H&L,1.5,0.65,130.00988743741223,130.00988743741223,200,200,1.0,1.0
ub_hl,UB-H&L,1.5,0.675,135.00577853861085,135.00577853861085,200,200,1.0,1.0
ub_hl,UB-H&L,1.5,0.7,140.00391398281565,140.00391398281565,200,200,1.0,1.0
ub_hl,UB-H&L,1.5,0.725,145.00152034732412,143.55134195762167,200,198,0.99,0.9899988745895297
ub_hl,UB-H&L,1.5,0.75,150.01220687200035,147.76235261080137,200,197,0.985,0.9850021921008155
ub_hl,UB-H&L,1.5,0.775,155.0019814655053,151.9015963156879,200,196,0.98,0.9799977708639332
ub_hl,UB-H&L,1.5,0.8,160.01021129713106,156.80996730302806,200,196,0.98,0.9799997514648593
ub_hl,UB-H&L,1.5,0.825,165.00429107495765,157.5785220346908,200,191,0.955,0.954996509533843
ub_hl,UB-H&L,1.5,0.85,170.0092104679443,156.40986019956568,200,184,0.92,0.9200081558466927
ub_hl,UB-H&L,1.5,0.875,175.00963666037407,149.63471049076045,200,171,0.855,0.8550084060864801
ub_hl,UB-H&L,1.5,0.9,180.01119035103036,143.1067147270164,200,159,0.795,0.7949878807420334
ub_hl,UB-H&L,1.5,0.925,185.001385115156,98.97166082656729,200,107,0.535,0.5349779449757166
ub_hl,UB-H&L,1.5,0.95,189.99050705014633,27.547208810993492,200,29,0.145,0.1449925537791351
ub_hl,UB-H&L,1.5,0.975,195.00609973849208,0.0,200,0,0.0,0.0
ub_hl,UB-H&L,2.0,0.025,5.1322712080672455,5.1322712080672455,200,200,1.0,1.0
ub_hl,UB-H&L,2.0,0.05,10.071514649778374,10.071514649778374,200,200,1.0,1.0
ub_hl,UB-H&L,2.0,0.075,15.045002782388526,15.045002782388526,200,200,1.0,1.0
ub_hl,UB-H&L,2.0,0.1,20.022201245791617,20.022201245791617,200,200,1.0,1.0
ub_hl,UB-H&L,2.0,0.125,25.03017249781412,25.03017249781412,200,200,1.0,1.0
ub_hl,UB-H&L,2.0,0.15,30.021263333263633,30.021263333263633,200,200,1.0,1.0
ub_hl,UB-H&L,2.0,0.175,35.01151134600201,35.01151134600201,200,200,1.0,1.0
ub_hl,UB-H&L,2.0,0.2,40.02693585497304,40.02693585497304,200,200,1.0,1.0
ub_hl,UB-H&L,2.0,0.225,45.01656476839699,45.01656476839699,200,200,1.0,1.0
ub_hl,UB-H&L,2.0,0.25,50.01928028438367,50.01928028438367,200,200,1.0,1.0
ub_hl,UB-H&L,2.0,0.275,55.00885528028769,55.00885528028769,200,200,1.0,1.0
ub_hl,UB-H&L,2.0,0.3,60.0158736473339,60.0158736473339,200,200,1.0,1.0
ub_hl,UB-H&L,2.0,0.325,65.01640693405453,65.01640693405453,200,200,1.0,1.0
ub_hl,UB-H&L,2.0,0.35,70.00620176135585,70.00620176135585,200,200,1.0,1.0
ub_hl,UB-H&L,2.0,0.375,75.02164626155816,75.02164626155816,200,200,1.0,1.0
ub_hl,UB-H&L,2.0,0.4,80.01148416633471,80.01148416633471,200,200,1.0,1.0
ub_hl,UB-H&L,2.0,0.425,85.00793804439452,85.00793804439452,200,200,1.0,1.0
ub_hl,UB-H&L,2.0,0.45,90.01854956692674,90.01854956692674,200,200,1.0,1.0
ub_hl,UB-H&L,2.0,0.475,95.0066191984433,95.0066191984433,200,200,1.0,1.0
ub_hl,UB-H&L,2.0,0.5,100.00816184135975,100.00816184135975,200,200,1.0,1.0
ub_hl,UB-H&L,2.0,0.525,105.00111211090709,103.42732155150382,200,197,0.985,0.9850116772311807
ub_hl,UB-H&L,2.0,0.55,110.00336420461748,108.3525259089028,200,197,0.985,0.9849928381040788
ub_hl,UB-H&L,2.0,0.575,115.00689301199115,112.70671287311046,200,196,0.98,0.9799996323816794
ub_hl,UB-H&L,2.0,0.6,120.01025171539915,117.01166676119827,200,195,0.975,0.9750139266326019
ub_hl,UB-H&L,2.0,0.625,125.00035860001758,117.49957887793062,200,188,0.94,0.9399939343687138
ub_hl,UB-H&L,2.0,0.65,130.00776760397898,118.95679776505553,200,183,0.915,0.914997618660862
ub_hl,UB-H&L,2.0,0.675,135.00960278567936,121.50626957242542,200,180,0.9,0.8999824239562443
ub_hl,UB-H&L,2.0,0.7,140.00309804117296,119.70229647494583,200,171,0.855,0.8549974832681421
ub_hl,UB-H&L,2.0,0.725,145.00529227886912,114.55063987986547,200,158,0.79,0.789975580060662
ub_hl,UB-H&L,2.0,0.75,150.00466425500338,115.50198013356284,200,154,0.77,0.7699892580487563
ub_hl,UB-H&L,2.0,0.775,155.00909580401375,115.47956816999418,200,149,0.745,0.7449857543585774
ub_hl,UB-H&L,2.0,0.8,160.01232576670694,108.81135207939565,200,136,0.68,0.6800185645575783
ub_hl,UB-H&L,2.0,0.825,165.00066882247498,106.42163300231195,200,129,0.645,0.6449769795588617
ub_hl,UB-H&L,2.0,0.85,169.99530903468138,107.94428396916936,200,127,0.635,0.6349838979800745
ub_hl,UB-H&L,2.0,0.875,174.99284691511403,108.49855796703542,200,124,0.62,0.6200171028685886
ub_hl,UB-H&L,2.0,0.9,179.9981223988979,71.10274355589647,200,79,0.395,0.3950193624704822
ub_hl,UB-H&L,2.0,0.925,185.002013321288,57.34562836581981,200,62,0.31,0.3099729961653402
ub_hl,UB-H&L,2.0,0.95,190.0220848347882,17.10390902297393,200,18,0.09,0.09001011139228718
ub_hl,UB-H&L,2.0,0.975,195.01091945254603,0.974788093415791,200,1,0.005,0.004998633390131756
ub_hl,UB-H&L,2.5,0.025,5.1338077926639,5.1338077926639,200,200,1.0,1.0
ub_hl,UB-H&L,2.5,0.05,10.073996898137175,10.073996898137175,200,200,1.0,1.0
ub_hl,UB-H&L,2.5,0.075,15.04803964022425,15.04803964022425,200,200,1.0,1.0
ub_hl,UB-H&L,2.5,0.1,20.051669754515828,20.051669754515828,200,200,1.0,1.0
ub_hl,UB-H&L,2.5,0.125,25.022964409667374,25.022964409667374,200,200,1.0,1.0
ub_hl,UB-H&L,2.5,0.15,30.03361905068292,30.03361905068292,200,200,1.0,1.0
ub_hl,UB-H&L,2.5,0.175,35.02166270972706,35.02166270972706,200,200,1.0,1.0
ub_hl,UB-H&L,2.5,0.2,40.03079116364508,40.03079116364508,200,200,1.0,1.0
ub_hl,UB-H&L,2.5,0.225,45.01430797406431,45.01430797406431,200,200,1.0,1.0
ub_hl,UB-H&L,2.5,0.25,50.01834550149353,50.01834550149353,200,200,1.0,1.0
ub_hl,UB-H&L,2.5,0.275,55.013989240599976,55.013989240599976,200,200,1.0,1.0
ub_hl,UB-H&L,2.5,0.3,60.016379429851696,60.016379429851696,200,200,1.0,1.0
ub_hl,UB-H&L,2.5,0.325,65.00530574168677,65.00530574168677,200,200,1.0,1.0
ub_hl,UB-H&L,2.5,0.35,70.01075008388545,70.01075008388545,200,200,1.0,1.0
ub_hl,UB-H&L,2.5,0.375,75.02295907306234,75.02295907306234,200,200,1.0,1.0
ub_hl,UB-H&L,2.5,0.4,80.00435515003136,80.00435515003136,200,200,1.0,1.0
ub_hl,UB-H&L,2.5,0.425,85.01019220914327,84.16000375004118,200,198,0.99,0.9899989820395837
ub_hl,UB-H&L,2.5,0.45,90.00828740211077,89.10707170010402,200,198,0.99,0.9899874141813122
ub_hl,UB-H&L,2.5,0.475,95.00070784166263,91.19748400598671,200,192,0.96,0.9599663631768435
ub_hl,UB-H&L,2.5,0.5,100.00983934614776,93.50860929655812,200,187,0.935,0.9349940956600481
ub_hl,UB-H&L,2.5,0.525,105.00276639868564,95.02668165105891,200,181,0.905,0.9049921722086018
ub_hl,UB-H&L,2.5,0.55,110.00586062634527,97.35568400092595,200,177,0.885,0.885004521091945
ub_hl,UB-H&L,2.5,0.575,115.01585594718905,92.58757843693306,200,161,0.805,0.8049983863046307
ub_hl,UB-H&L,2.5,0.6,120.00650364631618,91.80724878665461,200,153,0.765,0.765018944783438
ub_hl,UB-H&L,2.5,0.625,125.00962477163866,95.00527212017005,200,152,0.76,0.7599836596079776
ub_hl,UB-H&L,2.5,0.65,130.01314400407838,86.45728811080086,200,133,0.665,0.664988826884217
ub_hl,UB-H&L,2.5,0.675,134.9977535060828,82.35004889841777,200,122,0.61,0.6100105132098157
ub_hl,UB-H&L,2.5,0.7,140.0085840075407,87.5061160678532,200,125,0.625,0.6250053644078011
ub_hl,UB-H&L,2.5,0.725,144.99935044206734,84.82241626241144,200,117,0.585,0.5849848016822748
ub_hl,UB-H&L,2.5,0.75,150.00285301367725,74.25086442657464,200,99,0.495,0.49499634796815795
ub_hl,UB-H&L,2.5,0.775,155.00190074107897,62.778896906624965,200,81,0.405,0.4050201746331692
ub_hl,UB-H&L,2.5,0.8,159.99999489046215,66.40262669587977,200,83,0.415,0.4150164301026371
ub_hl,UB-H&L,2.5,0.825,165.01275368398288,66.83350430947513,200,81,0.405,0.40502023520841585
ub_hl,UB-H&L,2.5,0.85,170.00131419950827,62.90095991693352,200,74,0.37,0.37000278623208116
ub_hl,UB-H&L,2.5,0.875,175.00007754549546,57.746546508165345,200,66,0.33,0.3299801195411056
ub_hl,UB-H&L,2.5,0.9,180.0023913474589,48.59971005920576,200,54,0.27,0.2699948022656747
ub_hl,UB-H&L,2.5,0.925,184.99566351692567,34.22576498172289,200,37,0.185,0.18500847171799514
ub_hl,UB-H&L,2.5,0.95,189.9930718296149,9.500817300404918,200,10,0.05,0.05000612500715403
ub_hl,UB-H&L,2.5,0.975,194.99496080417416,0.9747428124550255,200,1,0.005,0.004998810268917265
ub_hl,UB-H&L,3.0,0.025,5.126553775785154,5.126553775785154,200,200,1.0,1.0
ub_hl,UB-H&L,3.0,0.05,10.069362581783587,10.069362581783587,200,200,1.0,1.0
ub_hl,UB-H&L,3.0,0.075,15.035342264829888,15.035342264829888,200,200,1.0,1.0
ub_hl,UB-H&L,3.0,0.1,20.03390054937,20.03390054937,200,200,1.0,1.0
ub_hl,UB-H&L,3.0,0.125,25.033559070227792,25.033559070227792,200,200,1.0,1.0
ub_hl,UB-H&L,3.0,0.15,30.01854175508846,30.01854175508846,200,200,1.0,1.0
ub_hl,UB-H&L,3.0,0.175,35.012552708644726,35.012552708644726,200,200,1.0,1.0
ub_hl,UB-H&L,3.0,0.2,40.01175033713646,40.01175033713646,200,200,1.0,1.0
ub_hl,UB-H&L,3.0,0.225,45.00652457335122,45.00652457335122,200,200,1.0,1.0
ub_hl,UB-H&L,3.0,0.25,50.01913004584269,50.01913004584269,200,200,1.0,1.0
ub_hl,UB-H&L,3.0,0.275,55.01699618297141,55.01699618297141,200,200,1.0,1.0
ub_hl,UB-H&L,3.0,0.3,60.022957959605286,60.022957959605286,200,200,1.0,1.0
ub_hl,UB-H&L,3.0,0.325,65.00450508259031,65.00450508259031,200,200,1.0,1.0
ub_hl,UB-H&L,3.0,0.35,70.00645988915613,70.00645988915613,200,200,1.0,1.0
ub_hl,UB-H&L,3.0,0.375,75.01302637759639,73.51260081769773,200,196,0.98,0.9799977999508259
ub_hl,UB-H&L,3.0,0.4,80.01267422173012,78.41262051332993,200,196,0.98,0.9800024968048668
ub_hl,UB-H&L,3.0,0.425,85.00913911318607,80.75658849495122,200,190,0.95,0.949975371323632
ub_hl,UB-H&L,3.0,0.45,90.0093000378136,78.30506296068933,200,174,0.87,0.8699663582295692
ub_hl,UB-H&L,3.0,0.475,95.01862818229374,76.96647954467504,200,162,0.81,0.810014636256529
ub_hl,UB-H&L,3.0,0.5,100.00626476286882,78.00638508681779,200,156,0.78,0.7800149847790402
ub_hl,UB-H&L,3.0,0.525,105.01014699825596,77.70589729185609,200,148,0.74,0.7399846539891678
ub_hl,UB-H&L,3.0,0.55,109.99747987746603,74.24653983842269,200,135,0.675,0.6749840080075576
ub_hl,UB-H&L,3.0,0.575,115.00285624021468,71.87812227787393,200,125,0.625,0.625011626908961
ub_hl,UB-H&L,3.0,0.6,119.99907713256947,65.39847696568579,200,109,0.545,0.5449914993382537
ub_hl,UB-H&L,3.0,0.625,125.0060659110216,66.87588951365954,200,107,0.535,0.5349811549246043
ub_hl,UB-H&L,3.0,0.65,130.0006764929461,61.75180972294001,200,95,0.475,0.4750114490849645
ub_hl,UB-H&L,3.0,0.675,135.00444729401696,62.78239891843188,200,93,0.465,0.4650394870452111
ub_hl,UB-H&L,3.0,0.7,140.0035028138311,53.204655198959635,200,76,0.38,0.3800237431895418
ub_hl,UB-H&L,3.0,0.725,144.998637909348,63.072056018091246,200,87,0.435,0.4349837827961074
ub_hl,UB-H&L,3.0,0.75,150.00536855654758,46.500323973858826,200,62,0.31,0.30999106512864294
ub_hl,UB-H&L,3.0,0.775,155.00112023646506,42.62520364840851,200,55,0.275,0.2749993263492598
ub_hl,UB-H&L,3.0,0.8,159.99744508654936,29.603887174548078,200,37,0.185,0.1850272493947268
ub_hl,UB-H&L,3.0,0.825,165.0103768614829,44.55277490974062,200,54,0.27,0.269999837326232
ub_hl,UB-H&L,3.0,0.85,169.99625782129976,40.80589661575821,200,48,0.24,0.2400399699307111
ub_hl,UB-H&L,3.0,0.875,175.0030044729032,34.998881579163154,200,40,0.2,0.19999017550914247
ub_hl,UB-H&L,3.0,0.9,180.00596097418997,23.399078802031323,200,26,0.13,0.1299905773975251
ub_hl,UB-H&L,3.0,0.925,185.0079567482784,16.652243288718687,200,18,0.09,0.09000825467942283
ub_hl,UB-H&L,3.0,0.95,189.99802098378183,7.600427047111064,200,8,0.04,0.04000266427911812
ub_hl,UB-H&L,3.0,0.975,194.99633348294967,0.9748050539026808,200,1,0.005,0.0049990942726516295
ub_hl,UB-H&L,3.5,0.025,5.124474402775881,5.124474402775881,200,200,1.0,1.0
ub_hl,UB-H&L,3.5,0.05,10.075352360185155,10.075352360185155,200,200,1.0,1.0
ub_hl,UB-H&L,3.5,0.075,15.051404590515094,15.051404590515094,200,200,1.0,1.0
ub_hl,UB-H&L,3.5,0.1,20.046714447844685,20.046714447844685,200,200,1.0,1.0
ub_hl,UB-H&L,3.5,0.125,25.022651254851105,25.022651254851105,200,200,1.0,1.0
ub_hl,UB-H&L,3.5,0.15,30.028692419812756,30.028692419812756,200,200,1.0,1.0
ub_hl,UB-H&L,3.5,0.175,35.03076998229275,35.03076998229275,200,200,1.0,1.0
ub_hl,UB-H&L,3.5,0.2,40.03677878359392,40.03677878359392,200,200,1.0,1.0
ub_hl,UB-H&L,3.5,0.225,45.024463834604646,45.024463834604646,200,200,1.0,1.0
ub_hl,UB-H&L,3.5,0.25,50.00736092592127,50.00736092592127,200,200,1.0,1.0
ub_hl,UB-H&L,3.5,0.275,55.01789998073636,55.01789998073636,200,200,1.0,1.0
ub_hl,UB-H&L,3.5,0.3,60.011900875433284,60.011900875433284,200,200,1.0,1.0
ub_hl,UB-H&L,3.5,0.325,65.0226227580917,64.6978352183118,200,199,0.995,0.9950050070882525
ub_hl,UB-H&L,3.5,0.35,70.01954450428609,65.8207978954382,200,188,0.94,0.9400346483460648
ub_hl,UB-H&L,3.5,0.375,75.01086873459089,70.51043528387599,200,188,0.94,0.9400029152223438
ub_hl,UB-H&L,3.5,0.4,80.01962019299215,68.41705035569272,200,171,0.855,0.8550034377904291
ub_hl,UB-H&L,3.5,0.425,85.00102844070145,65.02607571637063,200,153,0.765,0.7650033994792689
ub_hl,UB-H&L,3.5,0.45,90.01945575110848,67.51351988040955,200,150,0.75,0.749988092208369
ub_hl,UB-H&L,3.5,0.475,94.99549426052512,62.21703392961358,200,131,0.655,0.654947210011702
ub_hl,UB-H&L,3.5,0.5,100.01137297827644,61.01048106914081,200,122,0.61,0.6100354314943056
ub_hl,UB-H&L,3.5,0.525,105.00408148415423,55.65642867859854,200,106,0.53,0.5300406221542678
ub_hl,UB-H&L,3.5,0.55,110.00416822567213,51.70406007075491,200,94,0.47,0.4700190993188976
ub_hl,UB-H&L,3.5,0.575,115.01208734700818,47.15291651307417,200,82,0.41,0.4099822688271622
ub_hl,UB-H&L,3.5,0.6,120.00189427074436,46.801190286313336,200,78,0.39,0.3900037626132969
ub_hl,UB-H&L,3.5,0.625,125.0009304695697,53.125913854200654,200,85,0.425,0.42500414720619745
ub_hl,UB-H&L,3.5,0.65,130.00517924267677,41.59307739696669,200,64,0.32,0.3199340029317304
ub_hl,UB-H&L,3.5,0.675,135.0023642112327,36.44818371260865,200,54,0.27,0.2699818179152749
ub_hl,UB-H&L,3.5,0.7,140.0088109011809,39.905245537012036,200,57,0.285,0.2850195304149637
ub_hl,UB-H&L,3.5,0.725,145.0023504964728,29.00217478271303,200,40,0.2,0.20001175624679626
ub_hl,UB-H&L,3.5,0.75,150.00804894368488,26.99951768023324,200,36,0.18,0.17998712649325393
ub_hl,UB-H&L,3.5,0.775,155.0033784669971,25.573777218237225,200,33,0.165,0.16498851490312724
ub_hl,UB-H&L,3.5,0.8,160.00840630247492,21.606279766548134,200,27,0.135,0.1350321540338593
ub_hl,UB-H&L,3.5,0.825,165.010690271622,28.052290794062564,200,34,0.17,0.17000286919523847
ub_hl,UB-H&L,3.5,0.85,170.00668072466885,18.702225079482368,200,22,0.11,0.11000876553652152
ub_hl,UB-H&L,3.5,0.875,174.99210120215812,21.000405043778766,200,24,0.12,0.12000773120335431
ub_hl,UB-H&L,3.5,0.9,180.0054526991952,11.702695849683034,200,13,0.065,0.06501300751838479
ub_hl,UB-H&L,3.5,0.925,185.0101386266575,6.475143622486878,200,7,0.035,0.034998858281780114
ub_hl,UB-H&L,3.5,0.95,190.00536075974048,0.0,200,0,0.0,0.0
ub_hl,UB-H&L,3.5,0.975,195.00515038158056,0.0,200,0,0.0,0.0
ub_hl,UB-H&L,4.0,0.025,5.134452592646109,5.134452592646109,200,200,1.0,1.0
ub_hl,UB-H&L,4.0,0.05,10.057287425516948,10.057287425516948,200,200,1.0,1.0
ub_hl,UB-H&L,4.0,0.075,15.058381625752313,15.058381625752313,200,200,1.0,1.0
ub_hl,UB-H&L,4.0,0.1,20.031013702646447,20.031013702646447,200,200,1.0,1.0
ub_hl,UB-H&L,4.0,0.125,25.03150854858651,25.03150854858651,200,200,1.0,1.0
ub_hl,UB-H&L,4.0,0.15,30.035612526129125,30.035612526129125,200,200,1.0,1.0
ub_hl,UB-H&L,4.0,0.175,35.016415465709876,35.016415465709876,200,200,1.0,1.0
ub_hl,UB-H&L,4.0,0.2,40.026863233060546,40.026863233060546,200,200,1.0,1.0
ub_hl,UB-H&L,4.0,0.225,45.01326276709878,45.01326276709878,200,200,1.0,1.0
ub_hl,UB-H&L,4.0,0.25,50.012048786003525,50.012048786003525,200,200,1.0,1.0
ub_hl,UB-H&L,4.0,0.275,55.009208984565205,54.73335938649398,200,199,0.995,0.9949853923885976
ub_hl,UB-H&L,4.0,0.3,60.01246620859997,58.512804110142206,200,195,0.975,0.9750108236971129
ub_hl,UB-H&L,4.0,0.325,65.00671464422862,61.756223209693246,200,190,0.95,0.9499976048270583
ub_hl,UB-H&L,4.0,0.35,70.0326404833891,59.17760987489677,200,169,0.845,0.8450004093296037
ub_hl,UB-H&L,4.0,0.375,75.00550312322389,60.757275961041394,200,162,0.81,0.8100375763259052
ub_hl,UB-H&L,4.0,0.4,80.01577383118969,55.207790130551246,200,138,0.69,0.6899613349615769
ub_hl,UB-H&L,4.0,0.425,85.00695184333205,54.82838628979176,200,129,0.645,0.6449870875365649
ub_hl,UB-H&L,4.0,0.45,90.00821883745884,54.91079342915076,200,122,0.61,0.6100642156724744
ub_hl,UB-H&L,4.0,0.475,95.00853512080742,45.60172819107923,200,96,0.48,0.4799750689040167
ub_hl,UB-H&L,4.0,0.5,100.01679873687624,46.50341054929447,200,93,0.465,0.46495599875812305
ub_hl,UB-H&L,4.0,0.525,105.00651451426326,37.80280145085487,200,72,0.36,0.3600043447372976
ub_hl,UB-H&L,4.0,0.55,110.00876850113785,40.14898180223397,200,73,0.365,0.3649616512325442
ub_hl,UB-H&L,4.0,0.575,115.0165729348894,37.381060618610846,200,65,0.325,0.325005863631254
ub_hl,UB-H&L,4.0,0.6,120.00905562133616,40.20286588527681,200,67,0.335,0.334998602206559
ub_hl,UB-H&L,4.0,0.625,125.01073330284729,28.75633237442043,200,46,0.23,0.2300309070642454
ub_hl,UB-H&L,4.0,0.65,130.00467712888099,26.652070339612926,200,41,0.205,0.20500854990925613
ub_hl,UB-H&L,4.0,0.675,135.01145824527242,20.25122862304234,200,30,0.15,0.14999636983590214
ub_hl,UB-H&L,4.0,0.7,139.999249680852,13.302376756694235,200,19,0.095,0.09501748607238165
ub_hl,UB-H&L,4.0,0.725,145.00051270253743,23.20076776321622,200,32,0.16,0.16000472916127984
ub_hl,UB-H&L,4.0,0.75,149.9986545531746,18.750825224018296,200,25,0.125,0.12500662275854696
ub_hl,UB-H&L,4.0,0.775,155.01264538842332,10.075078687849661,200,13,0.065,0.0649952051499025
ub_hl,UB-H&L,4.0,0.8,160.00295715920288,13.597566204524128,200,17,0.085,0.0849832180976165
ub_hl,UB-H&L,4.0,0.825,165.00545395123868,14.851122080659446,200,18,0.09,0.09000382547990293
ub_hl,UB-H&L,4.0,0.85,170.0075455487177,13.602871565881617,200,16,0.08,0.0800133401254449
ub_hl,UB-H&L,4.0,0.875,175.00915497057053,14.001987648600567,200,16,0.08,0.08000717248737722
ub_hl,UB-H&L,4.0,0.9,180.004382727982,5.4001305366090255,200,6,0.03,0.029999994748847666
ub_hl,UB-H&L,4.0,0.925,185.00487003790084,11.099945570316017,200,12,0.06,0.05999812636306297
ub_hl,UB-H&L,4.0,0.95,190.0007660120894,1.8993174657910281,200,2,0.01,0.009996367412909157
ub_hl,UB-H&L,4.0,0.975,194.991032586332,0.0,200,0,0.0,0.0
ub_hl,UB-H&L,4.5,0.025,5.138373648231289,5.138373648231289,200,200,1.0,1.0
ub_hl,UB-H&L,4.5,0.05,10.075334648598474,10.075334648598474,200,200,1.0,1.0
ub_hl,UB-H&L,4.5,0.075,15.035916775257727,15.035916775257727,200,200,1.0,1.0
ub_hl,UB-H&L,4.5,0.1,20.037829572537902,20.037829572537902,200,200,1.0,1.0
ub_hl,UB-H&L,4.5,0.125,25.039632328693976,25.039632328693976,200,200,1.0,1.0
ub_hl,UB-H&L,4.5,0.15,30.033260265541394,30.033260265541394,200,200,1.0,1.0
ub_hl,UB-H&L,4.5,0.175,35.016746311651254,35.016746311651254,200,200,1.0,1.0
ub_hl,UB-H&L,4.5,0.2,40.02253205137834,40.02253205137834,200,200,1.0,1.0
ub_hl,UB-H&L,4.5,0.225,45.00906016193033,45.00906016193033,200,200,1.0,1.0
ub_hl,UB-H&L,4.5,0.25,50.019641059211686,48.769074661523014,200,195,0.975,0.974998493167748
ub_hl,UB-H&L,4.5,0.275,55.01708138057265,52.26555819196071,200,190,0.95,0.9499878379665638
ub_hl,UB-H&L,4.5,0.3,60.023040823659876,54.024729996382035,200,180,0.9,0.9000665287035337
ub_hl,UB-H&L,4.5,0.325,65.01500880278859,51.367206044326004,200,158,0.79,0.7900822746965896
ub_hl,UB-H&L,4.5,0.35,70.01551293640281,49.01177724369991,200,140,0.7,0.700013114068289
ub_hl,UB-H&L,4.5,0.375,75.01851704748707,51.01275046042848,200,136,0.68,0.6800021177189782
ub_hl,UB-H&L,4.5,0.4,80.00882033477313,44.80553698087812,200,112,0.56,0.5600074690940656
ub_hl,UB-H&L,4.5,0.425,85.00933691886799,38.672607774846554,200,91,0.455,0.4549218847778484
ub_hl,UB-H&L,4.5,0.45,90.01886704088695,36.91105742350594,200,82,0.41,0.4100369026722007
ub_hl,UB-H&L,4.5,0.475,95.00132014225218,35.14742389549369,200,74,0.37,0.3699677419520589
ub_hl,UB-H&L,4.5,0.5,100.00718352558071,35.00484016110308,200,70,0.35,0.3500232576007826
ub_hl,UB-H&L,4.5,0.525,105.00536339889901,31.500233662372352,200,60,0.3,0.2999869020281171
ub_hl,UB-H&L,4.5,0.55,110.00820671740343,30.248531693983495,200,55,0.275,0.27496613749634136
ub_hl,UB-H&L,4.5,0.575,115.00871900624622,24.151696700102264,200,42,0.21,0.20999883233888175
ub_hl,UB-H&L,4.5,0.6,120.02210942566845,22.803929547766,200,38,0.19,0.18999774005712528
ub_hl,UB-H&L,4.5,0.625,125.01499618034613,16.873872841350497,200,27,0.135,0.13497478988047415
ub_hl,UB-H&L,4.5,0.65,130.0128927752081,20.148244562400066,200,31,0.155,0.1549711273422423
ub_hl,UB-H&L,4.5,0.675,135.0099351214667,16.875855320961655,200,25,0.125,0.12499713673500151
ub_hl,UB-H&L,4.5,0.7,140.00646644264674,12.599872521112589,200,18,0.09,0.08999493267172835
ub_hl,UB-H&L,4.5,0.725,145.00853159324353,14.503320677239916,200,20,0.1,0.10001701636371634
ub_hl,UB-H&L,4.5,0.75,150.0068395137838,9.000131095567756,200,12,0.06,0.059998138249827956
ub_hl,UB-H&L,4.5,0.775,155.00060462706108,10.847823716883624,200,14,0.07,0.06998568646221742
ub_hl,UB-H&L,4.5,0.8,160.00756175183426,13.599602807844958,200,17,0.085,0.08499350067553328
ub_hl,UB-H&L,4.5,0.825,164.9983607222085,12.37821755435575,200,15,0.075,0.0750202456568386
ub_hl,UB-H&L,4.5,0.85,170.01241724908198,8.501226598324706,200,10,0.05,0.050003562891937005
ub_hl,UB-H&L,4.5,0.875,175.00225113255732,8.75032112731785,200,10,0.05,0.05000119181718312
ub_hl,UB-H&L,4.5,0.9,180.00105704030204,6.301535787650468,200,7,0.035,0.0350083265691021
ub_hl,UB-H&L,4.5,0.925,184.99106269923914,1.8499668865037227,200,2,0.01,0.010000304120158619
ub_hl,UB-H&L,4.5,0.95,190.00567191697283,0.9502015571583854,200,1,0.005,0.005000911538964989
ub_hl,UB-H&L,4.5,0.975,195.00256202639815,0.0,200,0,0.0,0.0
ub_hl,UB-H&L,5.0,0.025,5.13928599962228,5.13928599962228,200,200,1.0,1.0
ub_hl,UB-H&L,5.0,0.05,10.069983846104202,10.069983846104202,200,200,1.0,1.0
ub_hl,UB-H&L,5.0,0.075,15.044098391390154,15.044098391390154,200,200,1.0,1.0
ub_hl,UB-H&L,5.0,0.1,20.03954204735892,20.03954204735892,200,200,1.0,1.0
ub_hl,UB-H&L,5.0,0.125,25.026874226062308,25.026874226062308,200,200,1.0,1.0
ub_hl,UB-H&L,5.0,0.15,30.029731091413485,30.029731091413485,200,200,1.0,1.0
ub_hl,UB-H&L,5.0,0.175,35.026906739627,35.026906739627,200,200,1.0,1.0
ub_hl,UB-H&L,5.0,0.2,40.02155451971718,40.02155451971718,200,200,1.0,1.0
ub_hl,UB-H&L,5.0,0.225,45.01972009054702,44.57008957726775,200,198,0.99,0.990012587542194
ub_hl,UB-H&L,5.0,0.25,50.00568378224259,48.005485900502734,200,192,0.96,0.9600005893240051
ub_hl,UB-H&L,5.0,0.275,55.01696463368136,47.31442791247781,200,172,0.86,0.8599970614066181
ub_hl,UB-H&L,5.0,0.3,60.016361502398375,47.41174538160625,200,158,0.79,0.7899803352742666
ub_hl,UB-H&L,5.0,0.325,65.0013929991261,48.42486132356958,200,149,0.745,0.7449819009912698
ub_hl,UB-H&L,5.0,0.35,70.01645307862583,35.36021466718631,200,101,0.505,0.5050272202089148
ub_hl,UB-H&L,5.0,0.375,75.01842557551983,42.39316613368632,200,113,0.565,0.5651033837148424
ub_hl,UB-H&L,5.0,0.4,79.99853754629332,36.80081462898354,200,92,0.46,0.4600185923109876
ub_hl,UB-H&L,5.0,0.425,85.01478467420462,29.33133044939158,200,69,0.345,0.3450144649756592
ub_hl,UB-H&L,5.0,0.45,90.00197485973466,28.351505589565505,200,63,0.315,0.3150098165484754
ub_hl,UB-H&L,5.0,0.475,95.00426231755634,23.27460884080934,200,49,0.245,0.2449848909200814
ub_hl,UB-H&L,5.0,0.5,100.01331017374903,21.00412499339958,200,42,0.21,0.21001329679929573
ub_hl,UB-H&L,5.0,0.525,105.00472466850594,20.47508978335624,200,39,0.195,0.19499208105154273
ub_hl,UB-H&L,5.0,0.55,110.0070064521141,17.047330313727443,200,31,0.155,0.15496585957139122
ub_hl,UB-H&L,5.0,0.575,114.99593396972632,17.824587549807166,200,31,0.155,0.15500189384521754
ub_hl,UB-H&L,5.0,0.6,119.99956098087642,18.001682336349432,200,30,0.15,0.1500145682967811
ub_hl,UB-H&L,5.0,0.625,125.00488554577936,16.25432025116292,200,26,0.13,0.13002947988949
ub_hl,UB-H&L,5.0,0.65,129.99939239619394,13.650711031382517,200,21,0.105,0.10500596025695098
ub_hl,UB-H&L,5.0,0.675,135.00998452721964,10.125315906942461,200,15,0.075,0.07499679332902283
ub_hl,UB-H&L,5.0,0.7,139.99887975420077,9.102660075281566,200,13,0.065,0.06501952080804728
ub_hl,UB-H&L,5.0,0.725,145.01298486506562,10.874650497684193,200,15,0.075,0.07499087414691202
ub_hl,UB-H&L,5.0,0.75,149.99579265224355,7.499297632477221,200,10,0.05,0.04999671990709701
ub_hl,UB-H&L,5.0,0.775,154.99910127693283,6.2004180531188915,200,8,0.04,0.040002929062412866
ub_hl,UB-H&L,5.0,0.8,160.0097664650848,4.799555961418745,200,6,0.03,0.029995393827826382
ub_hl,UB-H&L,5.0,0.825,165.00155844435173,2.4758896626640556,200,3,0.015,0.015005250168585964
ub_hl,UB-H&L,5.0,0.85,170.0056007051013,5.94897994591657,200,7,0.035,0.03499284683118126
ub_hl,UB-H&L,5.0,0.875,175.00905603113486,5.2506883882188555,200,6,0.03,0.030002381061267683
ub_hl,UB-H&L,5.0,0.9,180.00272165484137,6.300733528803692,200,7,0.035,0.03500354589574189
ub_hl,UB-H&L,5.0,0.925,185.00539039181373,2.773392862537821,200,3,0.015,0.014990875977527952
ub_hl,UB-H&L,5.0,0.95,190.01041283334737,0.9506117452840512,200,1,0.005,0.005002945528663238
ub_hl,UB-H&L,5.0,0.975,195.01055103857462,0.9749972558026708,200,1,0.005,0.004999715403141488
